ISO-10303-21;
HEADER;
FILE_DESCRIPTION (( 'STEP AP214' ),
    '1' );
FILE_NAME ('Part1^asm-cams-manual-switching.STEP',
    '2026-07-26T21:55:55',
    ( '' ),
    ( '' ),
    'SwSTEP 2.0',
    'SolidWorks 2025',
    '' );
FILE_SCHEMA (( 'AUTOMOTIVE_DESIGN' ));
ENDSEC;

DATA;
#1 = CARTESIAN_POINT ( 'NONE',  ( -3.040234598929693277, 10.36067854765977003, -8.905599999999999739 ) ) ;
#2 = EDGE_CURVE ( 'NONE', #2490, #3814, #1821, .T. ) ;
#3 = ORIENTED_EDGE ( 'NONE', *, *, #7084, .T. ) ;
#4 = B_SPLINE_SURFACE_WITH_KNOTS ( 'NONE', 3, 1, ( 
 ( #7060, #2642 ),
 ( #7801, #7104 ),
 ( #5171, #3227 ),
 ( #5092, #2599 ),
 ( #1975, #6402 ),
 ( #4596, #5763 ),
 ( #1939, #693 ),
 ( #7144, #1360 ),
 ( #5215, #59 ),
 ( #1477, #4641 ),
 ( #4477, #5255 ) ),
 .UNSPECIFIED., .F., .F., .F.,
 ( 4, 1, 1, 1, 1, 1, 1, 1, 4 ),
 ( 2, 2 ),
 ( 0.5000000000000000000, 0.5312499999999995559, 0.5625000000000000000, 0.6015624999999973355, 0.6484375000000048850, 0.6953125000000000000, 0.7578125000000003331, 0.8203124999999988898, 1.000000000000000000 ),
 ( 0.000000000000000000, 1.000000000000000000 ),
 .UNSPECIFIED. ) ;
#5 =( NAMED_UNIT ( * ) PLANE_ANGLE_UNIT ( ) SI_UNIT ( $, .RADIAN. ) );
#6 = CARTESIAN_POINT ( 'NONE',  ( 8.549743160484267079, 4.159242215400512421, -5.730599999999997252 ) ) ;
#7 = CARTESIAN_POINT ( 'NONE',  ( 10.55961939193170096, 21.13540907369177546, 6.050900000000028811 ) ) ;
#8 = CARTESIAN_POINT ( 'NONE',  ( -45.75774510664813022, 21.83306024433469616, 14.98099999999996790 ) ) ;
#9 = CARTESIAN_POINT ( 'NONE',  ( 15.38185196842983693, 10.17911490700554644, 0.000000000000000000 ) ) ;
#10 = AXIS2_PLACEMENT_3D ( 'NONE', #1365, #102, #2649 ) ;
#11 = ORIENTED_EDGE ( 'NONE', *, *, #385, .F. ) ;
#12 = CARTESIAN_POINT ( 'NONE',  ( 5.089656768021824540, -10.74103297613638830, 10.60799819143153044 ) ) ;
#13 = ORIENTED_EDGE ( 'NONE', *, *, #3968, .T. ) ;
#14 = VECTOR ( 'NONE', #3415, 1000.000000000000000 ) ;
#15 = CARTESIAN_POINT ( 'NONE',  ( -15.88733970060773615, -7.341554013162784997, -15.44909999999999961 ) ) ;
#16 = LINE ( 'NONE', #687, #5838 ) ;
#17 = ADVANCED_FACE ( 'NONE', ( #4934 ), #7528, .T. ) ;
#18 = CARTESIAN_POINT ( 'NONE',  ( 15.95516603052824323, -16.41534318459394726, 11.80600000000025140 ) ) ;
#19 = CARTESIAN_POINT ( 'NONE',  ( -8.317659564491716395, -17.05880492909819068, 0.000000000000000000 ) ) ;
#20 = EDGE_CURVE ( 'NONE', #6204, #189, #3808, .T. ) ;
#21 = CARTESIAN_POINT ( 'NONE',  ( 11.48444867788076529, 27.70592705193344329, 11.80599999999999383 ) ) ;
#22 = VECTOR ( 'NONE', #1510, 1000.000000000000000 ) ;
#23 = CARTESIAN_POINT ( 'NONE',  ( 3.921873612374227047, 5.955510431782846226, -3.004644416924617811 ) ) ;
#24 = CARTESIAN_POINT ( 'NONE',  ( -3.852868218153464586, -10.51820357379661353, 9.416435412949244466 ) ) ;
#25 = ORIENTED_EDGE ( 'NONE', *, *, #3820, .T. ) ;
#26 = DIRECTION ( 'NONE',  ( 0.9371590407833585434, -0.3489024681454910848, 0.000000000000000000 ) ) ;
#27 = CARTESIAN_POINT ( 'NONE',  ( -3.359818025705341160, 8.954186106762795916, -8.021761577418176969 ) ) ;
#28 = CARTESIAN_POINT ( 'NONE',  ( -9.311884644446443815, 8.519060930577696311, -8.248035969732711692 ) ) ;
#29 = CARTESIAN_POINT ( 'NONE',  ( 5.064153689679296910, 3.218449703477864965, 6.920007442449983337 ) ) ;
#30 = CARTESIAN_POINT ( 'NONE',  ( 3.494810448767633027, 1.525968837006749235, -11.33491199411533934 ) ) ;
#31 = CARTESIAN_POINT ( 'NONE',  ( 6.413479309935919304, 12.07589783516330684, -0.7483119302613030488 ) ) ;
#32 = ORIENTED_EDGE ( 'NONE', *, *, #8159, .T. ) ;
#33 = ORIENTED_EDGE ( 'NONE', *, *, #7803, .T. ) ;
#34 = ORIENTED_EDGE ( 'NONE', *, *, #637, .T. ) ;
#35 = CARTESIAN_POINT ( 'NONE',  ( 11.39328584945233125, 14.30841822104198613, 3.174999999999999822 ) ) ;
#36 = CARTESIAN_POINT ( 'NONE',  ( -6.000000000000000888, 0.000000000000000000, 8.631000000000000227 ) ) ;
#37 = CARTESIAN_POINT ( 'NONE',  ( -12.11951503877241976, -12.55095085116516529, 0.000000000000000000 ) ) ;
#38 = LINE ( 'NONE', #3828, #552 ) ;
#39 = VECTOR ( 'NONE', #2717, 999.9999999999998863 ) ;
#40 = CARTESIAN_POINT ( 'NONE',  ( -30.54033267322048317, 35.95643332430390871, 8.630999999999989569 ) ) ;
#41 = CYLINDRICAL_SURFACE ( 'NONE', #3213, 0.6499999999999995781 ) ;
#42 = CARTESIAN_POINT ( 'NONE',  ( 10.92614210560905263, 12.78862863666391370, 0.000000000000000000 ) ) ;
#43 = CARTESIAN_POINT ( 'NONE',  ( 8.110213314787003469, -12.05396096807256434, 8.631000000000000227 ) ) ;
#44 = EDGE_CURVE ( 'NONE', #394, #1672, #3892, .T. ) ;
#45 = ORIENTED_EDGE ( 'NONE', *, *, #3280, .T. ) ;
#46 = CARTESIAN_POINT ( 'NONE',  ( 1.197557735325730288, -3.631649095538019623, -11.34610336454494117 ) ) ;
#47 = DIRECTION ( 'NONE',  ( -0.3489024681454917509, -0.9371590407833582104, -0.000000000000000000 ) ) ;
#48 = CARTESIAN_POINT ( 'NONE',  ( -30.03296512515854388, -3.575746509924240810E-06, 13.39349952342820060 ) ) ;
#49 = CARTESIAN_POINT ( 'NONE',  ( -45.42288820622445655, 18.78351911223738213, 14.98100000000005494 ) ) ;
#50 = CARTESIAN_POINT ( 'NONE',  ( 18.19480658804355144, 6.235042085864936467, 0.000000000000000000 ) ) ;
#51 = DIRECTION ( 'NONE',  ( -0.3805874007937319892, 0.9247449542209307261, -0.000000000000000000 ) ) ;
#52 = EDGE_CURVE ( 'NONE', #8194, #7074, #4253, .T. ) ;
#53 = VERTEX_POINT ( 'NONE', #2063 ) ;
#54 = CARTESIAN_POINT ( 'NONE',  ( -8.011171145965343854, -17.92228013239219209, 3.174999999999999822 ) ) ;
#55 = DIRECTION ( 'NONE',  ( -0.3489024681454918064, -0.9371590407833582104, -0.000000000000000000 ) ) ;
#56 = CARTESIAN_POINT ( 'NONE',  ( -15.06145482489957566, -2.740503098923020353, -7.318099999999999383 ) ) ;
#57 = CARTESIAN_POINT ( 'NONE',  ( -8.998819715029162225, -16.66378078452587630, 0.000000000000000000 ) ) ;
#58 = DIRECTION ( 'NONE',  ( 0.000000000000000000, 0.000000000000000000, -1.000000000000000000 ) ) ;
#59 = CARTESIAN_POINT ( 'NONE',  ( -56.07189761964543351, 23.61786509392923961, 14.98099999999999810 ) ) ;
#60 = CARTESIAN_POINT ( 'NONE',  ( -17.80778387332761170, -6.266522890202998575, 14.98100000000000698 ) ) ;
#61 = ORIENTED_EDGE ( 'NONE', *, *, #846, .F. ) ;
#62 = CARTESIAN_POINT ( 'NONE',  ( -8.834550332455144428, -27.80497700742809641, 7.043499999999998984 ) ) ;
#63 = AXIS2_PLACEMENT_3D ( 'NONE', #754, #6382, #4919 ) ;
#64 = DIRECTION ( 'NONE',  ( -1.000000000000000000, 0.000000000000000000, 0.000000000000000000 ) ) ;
#65 = CARTESIAN_POINT ( 'NONE',  ( -15.60243516928465013, 0.5021545418235163760, -8.905600000000001515 ) ) ;
#66 = CARTESIAN_POINT ( 'NONE',  ( 0.000000000000000000, 0.000000000000000000, -15.44909999999999961 ) ) ;
#67 = FACE_OUTER_BOUND ( 'NONE', #795, .T. ) ;
#68 = CARTESIAN_POINT ( 'NONE',  ( 16.28144015722066129, 1.158382521813879240, -8.248035969732711692 ) ) ;
#69 = VERTEX_POINT ( 'NONE', #3310 ) ;
#70 = VERTEX_POINT ( 'NONE', #1316 ) ;
#71 = ADVANCED_FACE ( 'NONE', ( #5849 ), #4, .T. ) ;
#72 = EDGE_LOOP ( 'NONE', ( #6478, #1372 ) ) ;
#73 = CARTESIAN_POINT ( 'NONE',  ( 14.81005248432374088, 11.52463471231441616, 3.174999999999999822 ) ) ;
#74 = CARTESIAN_POINT ( 'NONE',  ( 9.169603263354870748, -13.98518257472503379, 8.631000000000003780 ) ) ;
#75 = CARTESIAN_POINT ( 'NONE',  ( 25.33973514159382034, 8.069949888297896834, 10.21850059711604786 ) ) ;
#76 = CARTESIAN_POINT ( 'NONE',  ( 3.034299951601164391, -10.69440557877959286, 8.631000000000000227 ) ) ;
#77 = DIRECTION ( 'NONE',  ( 0.000000000000000000, 0.000000000000000000, -1.000000000000000000 ) ) ;
#78 = CARTESIAN_POINT ( 'NONE',  ( 9.194136917260884445, 13.16614395657154546, 1.587499999999999911 ) ) ;
#79 = CARTESIAN_POINT ( 'NONE',  ( -7.765330261643532239, 31.60045012614736493, 8.630999999999989569 ) ) ;
#80 = PLANE ( 'NONE',  #5112 ) ;
#81 = VERTEX_POINT ( 'NONE', #97 ) ;
#82 = CARTESIAN_POINT ( 'NONE',  ( 3.473566403802851532, -0.4775933603375603353, -11.02173797828230661 ) ) ;
#83 = VECTOR ( 'NONE', #4843, 999.9999999999998863 ) ;
#84 = CARTESIAN_POINT ( 'NONE',  ( 3.925000000000011813, 0.000000000000000000, 3.756000000000000671 ) ) ;
#85 = FACE_OUTER_BOUND ( 'NONE', #4486, .T. ) ;
#86 = CARTESIAN_POINT ( 'NONE',  ( 25.57639578305569472, -2.453975412024805181, 14.98100000000001764 ) ) ;
#87 = CARTESIAN_POINT ( 'NONE',  ( -15.07311084845917648, -1.246108911772247696, -5.730599999999999916 ) ) ;
#88 = CARTESIAN_POINT ( 'NONE',  ( 21.40792010887400920, -14.11408924160253342, 14.98100000000000342 ) ) ;
#89 = CARTESIAN_POINT ( 'NONE',  ( -7.523516826610324948, -17.40178589657775987, -5.730599999999999028 ) ) ;
#90 = ORIENTED_EDGE ( 'NONE', *, *, #1459, .T. ) ;
#91 = DIRECTION ( 'NONE',  ( 0.3489024681454918064, 0.9371590407833583214, -0.000000000000000000 ) ) ;
#92 = CARTESIAN_POINT ( 'NONE',  ( -12.22002286999542697, -8.303848861734207887, 2.517435969732711776 ) ) ;
#93 = CARTESIAN_POINT ( 'NONE',  ( -30.03296279907226207, 0.000000000000000000, 8.631000000000000227 ) ) ;
#94 = CARTESIAN_POINT ( 'NONE',  ( -12.69611107861289589, 5.860204217221870238, 0.000000000000000000 ) ) ;
#95 = DIRECTION ( 'NONE',  ( 0.000000000000000000, 0.000000000000000000, -1.000000000000000000 ) ) ;
#96 = DIRECTION ( 'NONE',  ( 1.000000000000000000, 0.000000000000000000, 0.000000000000000000 ) ) ;
#97 = CARTESIAN_POINT ( 'NONE',  ( -3.930252202945376361, -14.63193367759294716, -12.77409999999999712 ) ) ;
#98 = CARTESIAN_POINT ( 'NONE',  ( -1.169984487269735141, -11.23817251630137015, 13.39349904687932025 ) ) ;
#99 = VERTEX_POINT ( 'NONE', #5131 ) ;
#100 = DIRECTION ( 'NONE',  ( -1.000000000000000000, 0.000000000000000000, 0.000000000000000000 ) ) ;
#101 = CARTESIAN_POINT ( 'NONE',  ( -14.98520256183425303, -3.731293133095732184, -8.248035969732711692 ) ) ;
#102 = DIRECTION ( 'NONE',  ( -0.3489024681454918064, -0.9371590407833583214, 0.000000000000000000 ) ) ;
#103 = CARTESIAN_POINT ( 'NONE',  ( -9.853225687248782450, -3.809484351455107554, 4.818676322192284402E-17 ) ) ;
#104 = CARTESIAN_POINT ( 'NONE',  ( 16.79998062674977533, 2.659348279935443760, -8.905600000000001515 ) ) ;
#105 = ORIENTED_EDGE ( 'NONE', *, *, #6823, .T. ) ;
#106 = ORIENTED_EDGE ( 'NONE', *, *, #4192, .T. ) ;
#107 = ORIENTED_EDGE ( 'NONE', *, *, #2426, .T. ) ;
#108 = CARTESIAN_POINT ( 'NONE',  ( 7.155640179074393536, 13.88972764029216833, 3.174999999999999822 ) ) ;
#109 = CARTESIAN_POINT ( 'NONE',  ( 7.405198071745214605, 16.09484173988329658, -9.197566503707864882 ) ) ;
#110 = AXIS2_PLACEMENT_3D ( 'NONE', #569, #1155, #3183 ) ;
#111 = CARTESIAN_POINT ( 'NONE',  ( -11.98739699550838900, -12.91531502102366602, 0.000000000000000000 ) ) ;
#112 = CARTESIAN_POINT ( 'NONE',  ( -8.184316070316237202, -9.429466381432716204, 11.05600000209201994 ) ) ;
#113 = CARTESIAN_POINT ( 'NONE',  ( 5.860127906673534781, 30.35954048764050484, 8.630999999999989569 ) ) ;
#114 = CARTESIAN_POINT ( 'NONE',  ( -1.447615242865005314, -21.14772114095298150, -8.905599999999997962 ) ) ;
#115 = CARTESIAN_POINT ( 'NONE',  ( 11.49377828653153699, 12.59704495981061712, 0.000000000000000000 ) ) ;
#116 = EDGE_CURVE ( 'NONE', #7206, #6845, #857, .T. ) ;
#117 = CARTESIAN_POINT ( 'NONE',  ( -23.76691292083733131, -2.182336403359665056, 8.630999999999998451 ) ) ;
#118 = EDGE_CURVE ( 'NONE', #2936, #1119, #326, .T. ) ;
#119 = DIRECTION ( 'NONE',  ( -0.3489024681454917509, -0.9371590407833582104, -0.000000000000000000 ) ) ;
#120 = EDGE_LOOP ( 'NONE', ( #3861, #4856, #1232, #612 ) ) ;
#121 = DIRECTION ( 'NONE',  ( -0.3489024681454918064, -0.9371590407833582104, -0.000000000000000000 ) ) ;
#122 = CARTESIAN_POINT ( 'NONE',  ( -14.25499395715389817, -8.437296829633794459, -8.367102895869310331 ) ) ;
#123 = CARTESIAN_POINT ( 'NONE',  ( 6.015323178879639521, 8.459436078435425443, -3.343957395873971450 ) ) ;
#124 = CARTESIAN_POINT ( 'NONE',  ( 26.70411030644963191, 0.5000000000000003331, 14.48099999999999987 ) ) ;
#125 = CARTESIAN_POINT ( 'NONE',  ( -7.829001583366465233, -11.15330637801602798, 14.98100000000000520 ) ) ;
#126 = CARTESIAN_POINT ( 'NONE',  ( -1.375052671953276517, -20.95281661730812672, 3.175000000000000711 ) ) ;
#127 = CARTESIAN_POINT ( 'NONE',  ( 1.298463506524899280, -11.88093877015635158, 14.98100000000000165 ) ) ;
#128 = PLANE ( 'NONE',  #1775 ) ;
#129 = ORIENTED_EDGE ( 'NONE', *, *, #6139, .T. ) ;
#130 = CARTESIAN_POINT ( 'NONE',  ( -10.78989663589483605, -16.06557369388256973, 3.174999999999999822 ) ) ;
#131 = DIRECTION ( 'NONE',  ( -1.000000000000000000, 0.000000000000000000, 0.000000000000000000 ) ) ;
#132 = CARTESIAN_POINT ( 'NONE',  ( -14.29269913100855405, -7.137698134232686620, -7.318099999999999383 ) ) ;
#133 = CARTESIAN_POINT ( 'NONE',  ( -11.98739699550838544, -12.91531502102366602, -5.730600000000000804 ) ) ;
#134 = FACE_OUTER_BOUND ( 'NONE', #6273, .T. ) ;
#135 = CARTESIAN_POINT ( 'NONE',  ( 20.93663917186206547, -0.9952720431907278176, -15.44909999999999961 ) ) ;
#136 = VECTOR ( 'NONE', #4550, 1000.000000000000000 ) ;
#137 = EDGE_LOOP ( 'NONE', ( #1254, #4234, #6495, #6731, #3271, #4618, #6614 ) ) ;
#138 = CARTESIAN_POINT ( 'NONE',  ( 26.35318203560210648, -11.46868643948620203, 11.80600000000000271 ) ) ;
#139 = CARTESIAN_POINT ( 'NONE',  ( -13.62314715647193530, 5.725193554782126881, -8.905600000000001515 ) ) ;
#140 = CARTESIAN_POINT ( 'NONE',  ( -12.22002286999543053, -8.303848861734207887, 1.587499999999999911 ) ) ;
#141 = CARTESIAN_POINT ( 'NONE',  ( 2.347091425993408809, 2.283544519625509750, -10.79867921865542257 ) ) ;
#142 = CARTESIAN_POINT ( 'NONE',  ( 16.82040236356620611, 2.675678003774724978, -8.905600000000001515 ) ) ;
#143 = VECTOR ( 'NONE', #7977, 1000.000000000000000 ) ;
#144 = EDGE_CURVE ( 'NONE', #1073, #5590, #7489, .T. ) ;
#145 = VERTEX_POINT ( 'NONE', #2146 ) ;
#146 = ORIENTED_EDGE ( 'NONE', *, *, #1131, .F. ) ;
#147 = EDGE_CURVE ( 'NONE', #5555, #911, #5576, .T. ) ;
#148 = ORIENTED_EDGE ( 'NONE', *, *, #5698, .F. ) ;
#149 = AXIS2_PLACEMENT_3D ( 'NONE', #6422, #155, #1418 ) ;
#150 = CARTESIAN_POINT ( 'NONE',  ( 18.79349584936624495, 6.530421575636944809, 3.174999999999999822 ) ) ;
#151 = CARTESIAN_POINT ( 'NONE',  ( -1.243516477137997622, -12.43103587449749092, 6.050900000000025258 ) ) ;
#152 = CARTESIAN_POINT ( 'NONE',  ( 26.55051723955111598, -9.162243075185559249, 8.631000000000002004 ) ) ;
#153 = CARTESIAN_POINT ( 'NONE',  ( -9.476301957370496964, -8.304153293431365768, 12.24536584716177146 ) ) ;
#154 = CARTESIAN_POINT ( 'NONE',  ( -36.57734624587926930, 34.39605359592100342, 8.630999999999989569 ) ) ;
#155 = DIRECTION ( 'NONE',  ( 0.9885385202538172766, -0.1509688510070652523, 3.352181887784972504E-17 ) ) ;
#156 = CARTESIAN_POINT ( 'NONE',  ( 1.970410211338649020, -0.2727353500599602465, -0.6747424434470139509 ) ) ;
#157 = CARTESIAN_POINT ( 'NONE',  ( 19.74102292354263710, -15.78402317582674108, 8.631000000000000227 ) ) ;
#158 = ORIENTED_EDGE ( 'NONE', *, *, #7607, .T. ) ;
#159 = CARTESIAN_POINT ( 'NONE',  ( 1.074296017472837095, -3.656641387662979970, -11.33346742515840688 ) ) ;
#160 = CARTESIAN_POINT ( 'NONE',  ( -14.19269071343514810, -8.412649603948610277, -8.285416260551826895 ) ) ;
#161 = LINE ( 'NONE', #7665, #3613 ) ;
#162 = LINE ( 'NONE', #5362, #6216 ) ;
#163 = CARTESIAN_POINT ( 'NONE',  ( 25.48526637672581430, -1.669644062140321239, 14.98099999999999987 ) ) ;
#164 = CARTESIAN_POINT ( 'NONE',  ( 1.622441699901653545, 1.142552874507448912, -2.027997583798498482 ) ) ;
#165 = CARTESIAN_POINT ( 'NONE',  ( 23.15220087576790675, 9.544644554831304362, 14.98099999999999987 ) ) ;
#166 = EDGE_CURVE ( 'NONE', #6784, #70, #259, .T. ) ;
#167 = B_SPLINE_CURVE_WITH_KNOTS ( 'NONE', 3,
 ( #2045, #7827, #2709, #5239, #2128 ),
 .UNSPECIFIED., .F., .F.,
 ( 4, 1, 4 ),
 ( 0.8409330947970671266, 0.9381560045431773798, 0.9591136850555620486 ),
 .UNSPECIFIED. ) ;
#168 = CARTESIAN_POINT ( 'NONE',  ( 26.77142327610766870, 0.1670420277487636440, 14.48099999999999987 ) ) ;
#169 = ORIENTED_EDGE ( 'NONE', *, *, #8183, .F. ) ;
#170 = CARTESIAN_POINT ( 'NONE',  ( -13.50439131277991045, -7.101772757446992657, 3.174999999999999822 ) ) ;
#171 = CARTESIAN_POINT ( 'NONE',  ( -15.36736558150627374, -8.877658348685018908, -15.44909999999999961 ) ) ;
#172 = AXIS2_PLACEMENT_3D ( 'NONE', #2217, #3460, #6885 ) ;
#173 = CARTESIAN_POINT ( 'NONE',  ( -3.731075803028095272, 8.918831801194977871, 0.000000000000000000 ) ) ;
#174 = EDGE_CURVE ( 'NONE', #1884, #1802, #5587, .T. ) ;
#175 = CARTESIAN_POINT ( 'NONE',  ( 27.22101982593339287, 6.353276422773165955, 11.80599999999999916 ) ) ;
#176 = CARTESIAN_POINT ( 'NONE',  ( -11.89037289558351418, -13.15962468831480869, -5.730600000000001693 ) ) ;
#177 = LINE ( 'NONE', #5252, #343 ) ;
#178 = CARTESIAN_POINT ( 'NONE',  ( 3.478382830679524584, 6.127648047708921020, -1.949099999999967414 ) ) ;
#179 = CARTESIAN_POINT ( 'NONE',  ( -7.887386940873577501, -17.25889120507233798, -8.248035969732711692 ) ) ;
#180 = ORIENTED_EDGE ( 'NONE', *, *, #7150, .F. ) ;
#181 = ORIENTED_EDGE ( 'NONE', *, *, #4704, .F. ) ;
#182 = CARTESIAN_POINT ( 'NONE',  ( 19.74102292354263355, -15.78402317582673930, 11.80600000000000449 ) ) ;
#183 = CARTESIAN_POINT ( 'NONE',  ( -8.058887000673648160, 10.62427812119864257, -8.905600000000001515 ) ) ;
#184 = CARTESIAN_POINT ( 'NONE',  ( -7.761895739788752913, -17.31339749815901996, 1.587499999999999911 ) ) ;
#185 = DIRECTION ( 'NONE',  ( -0.000000000000000000, -0.000000000000000000, 1.000000000000000000 ) ) ;
#186 = CARTESIAN_POINT ( 'NONE',  ( 20.28929364769153665, 0.5399543597513165594, -8.905600000000001515 ) ) ;
#187 = ORIENTED_EDGE ( 'NONE', *, *, #1596, .T. ) ;
#188 = ORIENTED_EDGE ( 'NONE', *, *, #5154, .T. ) ;
#189 = VERTEX_POINT ( 'NONE', #2306 ) ;
#190 = CARTESIAN_POINT ( 'NONE',  ( 13.31780050810802862, 11.74001846247078440, 1.587499999999999911 ) ) ;
#191 = CARTESIAN_POINT ( 'NONE',  ( -12.12630121733048227, -12.53223546410877098, 0.000000000000000000 ) ) ;
#192 = LINE ( 'NONE', #6616, #3874 ) ;
#193 = CARTESIAN_POINT ( 'NONE',  ( -2.834902986796340674, -10.02022730372671688, 11.80600000000000271 ) ) ;
#194 = CARTESIAN_POINT ( 'NONE',  ( -43.06915103936022149, 31.30670315768118428, 11.80599999999999383 ) ) ;
#195 = CARTESIAN_POINT ( 'NONE',  ( -1.984375000000000000, 2.430158492058029047E-16, 0.2560000000000010045 ) ) ;
#196 = DIRECTION ( 'NONE',  ( -0.9166371589032085154, 0.3997203008578049110, 0.000000000000000000 ) ) ;
#197 = CARTESIAN_POINT ( 'NONE',  ( -21.91443029615336613, 36.00304555153040553, 8.630999999999989569 ) ) ;
#198 = EDGE_CURVE ( 'NONE', #1291, #4183, #1329, .T. ) ;
#199 = VERTEX_POINT ( 'NONE', #5377 ) ;
#200 = ORIENTED_EDGE ( 'NONE', *, *, #7444, .T. ) ;
#201 = CARTESIAN_POINT ( 'NONE',  ( -4.229680485269319057, 3.331080792519351519, -5.730599999999999028 ) ) ;
#202 = CARTESIAN_POINT ( 'NONE',  ( -1.852669853647183729, -12.20424927020292216, -9.949099999999974742 ) ) ;
#203 = LINE ( 'NONE', #841, #3865 ) ;
#204 = DIRECTION ( 'NONE',  ( 6.550624015266702829E-15, -1.000000000000000000, 0.000000000000000000 ) ) ;
#205 = CARTESIAN_POINT ( 'NONE',  ( 19.50871581554208234, 16.82698967804242329, 11.80599999999899730 ) ) ;
#206 = CARTESIAN_POINT ( 'NONE',  ( 11.16877276844088662, 20.90862246939721203, -9.949099999999974742 ) ) ;
#207 = CARTESIAN_POINT ( 'NONE',  ( 25.48526637672581430, -1.669644062140321239, 14.98099999999999987 ) ) ;
#208 = AXIS2_PLACEMENT_3D ( 'NONE', #6072, #3652, #1156 ) ;
#209 = CARTESIAN_POINT ( 'NONE',  ( 4.565458974024221739, -12.74065372858485290, 11.05600000000000271 ) ) ;
#210 = CARTESIAN_POINT ( 'NONE',  ( 9.543015444505245526, 15.33020031549514428, -9.044226422378825347 ) ) ;
#211 = EDGE_LOOP ( 'NONE', ( #363, #4460, #5048, #4318, #8024, #3261 ) ) ;
#212 = CARTESIAN_POINT ( 'NONE',  ( -10.69595452903848809, -15.18652511254911097, 1.587499999999999911 ) ) ;
#213 = LINE ( 'NONE', #171, #7332 ) ;
#215 = CARTESIAN_POINT ( 'NONE',  ( -14.92656653629867591, -4.225130301441974545, -7.318099999999999383 ) ) ;
#214 = AXIS2_PLACEMENT_3D ( 'NONE', #2366, #2903, #6701 ) ;
#216 = CARTESIAN_POINT ( 'NONE',  ( -48.07305788143924019, 25.91494184313012994, 11.80599999999999383 ) ) ;
#217 = CARTESIAN_POINT ( 'NONE',  ( 5.124088785646113031, 5.488880827933936501, -0.5851251034704852971 ) ) ;
#218 = CARTESIAN_POINT ( 'NONE',  ( 8.930047175742528154, -24.22562656024742012, -8.905600000000001515 ) ) ;
#219 = EDGE_CURVE ( 'NONE', #3052, #7062, #2767, .T. ) ;
#220 = DIRECTION ( 'NONE',  ( 0.9322266122048775694, -0.3618750385105569678, 0.000000000000000000 ) ) ;
#221 = CARTESIAN_POINT ( 'NONE',  ( 19.29152760595173532, 7.651697877912195800, 3.174999999999999822 ) ) ;
#222 = VERTEX_POINT ( 'NONE', #980 ) ;
#223 = CARTESIAN_POINT ( 'NONE',  ( -27.11334437784210394, 35.98304491953225437, 11.80599999999999206 ) ) ;
#224 = CARTESIAN_POINT ( 'NONE',  ( -15.36714506674115555, -8.877574376443865489, -8.905600000000001515 ) ) ;
#225 = CARTESIAN_POINT ( 'NONE',  ( -11.73792050015868682, -13.58042259290912313, 1.587499999999999911 ) ) ;
#226 = DIRECTION ( 'NONE',  ( -1.000000000000000000, 0.000000000000000000, 0.000000000000000000 ) ) ;
#227 = CARTESIAN_POINT ( 'NONE',  ( 17.21994782483925235, 8.021164140500950168, 1.587499999999999911 ) ) ;
#228 = ORIENTED_EDGE ( 'NONE', *, *, #356, .T. ) ;
#229 = ORIENTED_EDGE ( 'NONE', *, *, #1074, .F. ) ;
#230 = CARTESIAN_POINT ( 'NONE',  ( 12.40679276214818039, -12.98949776494603903, 11.59837415392490989 ) ) ;
#231 = CARTESIAN_POINT ( 'NONE',  ( 0.000000000000000000, 0.000000000000000000, 8.631000000000000227 ) ) ;
#232 = CARTESIAN_POINT ( 'NONE',  ( -3.852868218153464586, -10.51820357379661175, 11.05600000209201994 ) ) ;
#233 = CARTESIAN_POINT ( 'NONE',  ( 18.95516000675702628, 22.39092315294194435, 11.80600000000099215 ) ) ;
#234 = B_SPLINE_CURVE_WITH_KNOTS ( 'NONE', 3,
 ( #4067, #7817, #320, #7198, #873, #3406, #2779, #5309, #2864, #5388, #7855, #5992, #277, #2199 ),
 .UNSPECIFIED., .F., .F.,
 ( 4, 2, 2, 2, 2, 2, 4 ),
 ( -4.648180648468722370E-05, 0.0005794887615922489745, 0.001205459329669185051, 0.001518444613707654444, 0.001831429897746123837, 0.002144415181784593664, 0.002457400465823063491 ),
 .UNSPECIFIED. ) ;
#235 = CARTESIAN_POINT ( 'NONE',  ( -12.42588405310696231, -15.52700169928261786, -15.44910000000000139 ) ) ;
#236 = CARTESIAN_POINT ( 'NONE',  ( 4.566370287237146108, -12.73717740565215628, 12.55600000000000094 ) ) ;
#237 = CARTESIAN_POINT ( 'NONE',  ( -19.71033619879224119, -7.218401743463203957, 8.631000000000181416 ) ) ;
#238 = AXIS2_PLACEMENT_3D ( 'NONE', #3221, #2401, #6859 ) ;
#239 = VERTEX_POINT ( 'NONE', #6062 ) ;
#240 = FACE_OUTER_BOUND ( 'NONE', #353, .T. ) ;
#241 = CARTESIAN_POINT ( 'NONE',  ( -13.93794969624515900, -8.311891924939731169, -7.728808671434757471 ) ) ;
#242 = CARTESIAN_POINT ( 'NONE',  ( -8.998819715029162225, -16.66378078452587630, -7.318099999999999383 ) ) ;
#243 = DIRECTION ( 'NONE',  ( -1.000000000000000000, 0.000000000000000000, 0.000000000000000000 ) ) ;
#244 = CARTESIAN_POINT ( 'NONE',  ( 23.80368188292203513, -9.445347389392313886, 11.80600000000000271 ) ) ;
#245 = CARTESIAN_POINT ( 'NONE',  ( 1.965931871066889824, 0.3068316662531677674, -3.111821353558002379 ) ) ;
#246 = CARTESIAN_POINT ( 'NONE',  ( -44.43695755569756756, 16.47538348345661419, 14.98099999999999632 ) ) ;
#247 = ADVANCED_FACE ( 'NONE', ( #4010 ), #2186, .F. ) ;
#248 = CARTESIAN_POINT ( 'NONE',  ( 0.3806793846580737162, -16.23688503106220438, 7.043499999999998984 ) ) ;
#249 = VERTEX_POINT ( 'NONE', #4845 ) ;
#250 = EDGE_LOOP ( 'NONE', ( #5307, #780, #7488, #5950 ) ) ;
#251 = CARTESIAN_POINT ( 'NONE',  ( -33.50011498293680745, 34.60976076831700254, 8.630999999999993122 ) ) ;
#252 = DIRECTION ( 'NONE',  ( -0.9371590407833582104, 0.3489024681454918064, 0.000000000000000000 ) ) ;
#253 = CARTESIAN_POINT ( 'NONE',  ( 20.71589103574353885, 0.1336993513426159297, -8.905599999999999739 ) ) ;
#254 = EDGE_CURVE ( 'NONE', #1293, #6373, #7589, .T. ) ;
#255 = CARTESIAN_POINT ( 'NONE',  ( 0.5043338357426740970, -1.919845386660239406, -2.224584065358719887 ) ) ;
#256 = CARTESIAN_POINT ( 'NONE',  ( -47.26318507213461118, 14.98993600145355209, 11.80599999999999739 ) ) ;
#257 = CARTESIAN_POINT ( 'NONE',  ( -0.8871288235855981918, -19.64224335555378076, -7.318099999999999383 ) ) ;
#258 = FACE_BOUND ( 'NONE', #7661, .T. ) ;
#259 = LINE ( 'NONE', #859, #6390 ) ;
#260 = CARTESIAN_POINT ( 'NONE',  ( 1.956374180208166891, 13.06181625979752248, 3.174999999999999822 ) ) ;
#261 = B_SPLINE_CURVE_WITH_KNOTS ( 'NONE', 3,
 ( #4126, #4792, #6052, #339, #6632, #2880, #4671, #7216, #4000, #5405, #7950, #7871, #1511, #6592, #890, #1631 ),
 .UNSPECIFIED., .F., .F.,
 ( 4, 2, 2, 2, 2, 2, 2, 4 ),
 ( 0.000000000000000000, 0.0009326630297076876153, 0.001865326059415375231, 0.002331657574269218984, 0.002797989089123062954, 0.003264320603976906925, 0.003497486361403832813, 0.003730652118830759569 ),
 .UNSPECIFIED. ) ;
#262 = EDGE_LOOP ( 'NONE', ( #7114, #273 ) ) ;
#263 = CARTESIAN_POINT ( 'NONE',  ( 24.42985965046503338, -13.43782222754919609, 11.80600000000000271 ) ) ;
#264 = CARTESIAN_POINT ( 'NONE',  ( -15.55426807168943704, -8.370299957909173472, -8.905600000000001515 ) ) ;
#265 = CARTESIAN_POINT ( 'NONE',  ( -12.05308680556425749, 6.613262751431646436, -5.730599999999998140 ) ) ;
#266 = EDGE_CURVE ( 'NONE', #5315, #7302, #3562, .T. ) ;
#267 = FACE_OUTER_BOUND ( 'NONE', #7549, .T. ) ;
#268 = CARTESIAN_POINT ( 'NONE',  ( 9.776788755915752915, 13.07298447920190831, -5.730599999999999028 ) ) ;
#269 = EDGE_CURVE ( 'NONE', #7417, #5460, #392, .T. ) ;
#270 = B_SPLINE_SURFACE_WITH_KNOTS ( 'NONE', 1, 3, ( 
 ( #8121, #4330, #542, #5481, #1356, #808, #4591, #3349, #3427, #7675, #854, #5937, #2723, #6482, #3965, #7223, #6559, #2057, #2638, #6600, #94, #2139, #3887, #7180, #1971, #7141, #1517, #5167, #6518, #5126, #6442, #5891, #4048, #7797, #173, #5249, #2098, #769 ),
 ( #4636, #1472, #4005, #132, #898, #4677, #3389, #215, #7714, #56, #2762, #3264, #1435, #728, #3305, #5846, #3922, #5802, #5293, #7837, #2594, #4510, #2679, #2014, #7100, #4551, #7056, #1396, #5210, #7758, #7919, #1593, #2971, #4133, #8006, #4218, #2928, #7432 ) ),
 .UNSPECIFIED., .F., .F., .F.,
 ( 2, 2 ),
 ( 4, 2, 2, 2, 2, 2, 2, 2, 2, 2, 2, 2, 2, 2, 2, 2, 2, 2, 4 ),
 ( 0.000000000000000000, 1.000000000000000000 ),
 ( 0.000000000000000000, 0.02808819211426436327, 0.08426457634238720962, 0.1404409605716402665, 0.1966173448001218016, 0.2527937290287314287, 0.3089701132573929865, 0.3862126415716793937, 0.4423890258002889930, 0.5196315541150443584, 0.5968740824289655578, 0.6530504666575751571, 0.7232709469433443727, 0.7934914272290993775, 0.8637119075149536362, 0.9339323878006233759, 0.9655316039292052288, 0.9971308200577869707, 1.000000000000000000 ),
 .UNSPECIFIED. ) ;
#271 = VECTOR ( 'NONE', #1786, 1000.000000000000000 ) ;
#272 = ORIENTED_EDGE ( 'NONE', *, *, #174, .T. ) ;
#273 = ORIENTED_EDGE ( 'NONE', *, *, #1383, .T. ) ;
#274 = CARTESIAN_POINT ( 'NONE',  ( 12.35929905906710147, -13.30048479738332645, 10.83847878319010327 ) ) ;
#275 = AXIS2_PLACEMENT_3D ( 'NONE', #1036, #5270, #6038 ) ;
#276 = COLOUR_RGB ( '',0.7921568627450980005, 0.8196078431372548767, 0.9333333333333333481 ) ;
#277 = CARTESIAN_POINT ( 'NONE',  ( -9.853225687247002540, -3.809484351456507767, 1.692312019992262773 ) ) ;
#278 = CARTESIAN_POINT ( 'NONE',  ( -9.476301957370498741, -8.304153293431365768, 11.80600000000000094 ) ) ;
#279 = CARTESIAN_POINT ( 'NONE',  ( 17.23119601743744411, -16.31721190939495614, 11.80600000000000449 ) ) ;
#280 = CARTESIAN_POINT ( 'NONE',  ( -0.7382928528652022981, 7.764312843947696940, 0.000000000000000000 ) ) ;
#281 = LINE ( 'NONE', #4740, #5257 ) ;
#282 = EDGE_CURVE ( 'NONE', #340, #4149, #940, .T. ) ;
#283 = CARTESIAN_POINT ( 'NONE',  ( -5.273267697204471638, -11.77842311985290813, 8.631000000000000227 ) ) ;
#284 = CIRCLE ( 'NONE', #6016, 1.587500000000001021 ) ;
#285 = ORIENTED_EDGE ( 'NONE', *, *, #1855, .F. ) ;
#286 = CARTESIAN_POINT ( 'NONE',  ( -10.56307900257251831, 7.806917484286215903, -5.730599999999999028 ) ) ;
#287 = CARTESIAN_POINT ( 'NONE',  ( 7.994405301151203957, 14.82092193741682529, 7.447889546301439623 ) ) ;
#288 = CARTESIAN_POINT ( 'NONE',  ( 5.161269494609314279, 3.059993123793900871, 5.408715719840909486 ) ) ;
#289 = CARTESIAN_POINT ( 'NONE',  ( 0.000000000000000000, 0.000000000000000000, -7.949100000000000499 ) ) ;
#290 = CARTESIAN_POINT ( 'NONE',  ( -18.57456196277276916, -4.252665149888141372, 11.80600000000000094 ) ) ;
#291 = CARTESIAN_POINT ( 'NONE',  ( -3.392520309642245380, 4.394075141335002321, 0.000000000000000000 ) ) ;
#292 = VECTOR ( 'NONE', #58, 1000.000000000000000 ) ;
#293 = CARTESIAN_POINT ( 'NONE',  ( -23.76691292083733131, -2.182336403359665056, 14.98099999999999987 ) ) ;
#294 = B_SPLINE_CURVE_WITH_KNOTS ( 'NONE', 3,
 ( #315, #2192, #4017, #1485, #5948 ),
 .UNSPECIFIED., .F., .F.,
 ( 4, 1, 4 ),
 ( 0.000000000000000000, 0.02264027115345147029, 0.04136035097827933660 ),
 .UNSPECIFIED. ) ;
#295 = EDGE_CURVE ( 'NONE', #249, #5503, #1521, .T. ) ;
#296 = DIRECTION ( 'NONE',  ( -6.550624015266702829E-15, 1.000000000000000000, -0.000000000000000000 ) ) ;
#297 = VERTEX_POINT ( 'NONE', #902 ) ;
#298 = EDGE_LOOP ( 'NONE', ( #3976, #3822 ) ) ;
#299 = FACE_OUTER_BOUND ( 'NONE', #7702, .T. ) ;
#300 = CARTESIAN_POINT ( 'NONE',  ( 10.67358602712828919, -14.28111569867593111, 13.39349999983388528 ) ) ;
#301 = CARTESIAN_POINT ( 'NONE',  ( 18.50843989411413304, -0.03957266067920056640, -5.730599999999996363 ) ) ;
#302 = CARTESIAN_POINT ( 'NONE',  ( -8.075756382246241927, -18.89114725270801642, -13.94910000000000139 ) ) ;
#303 = LINE ( 'NONE', #4841, #4052 ) ;
#304 = CIRCLE ( 'NONE', #1377, 2.500000000000000000 ) ;
#305 = CARTESIAN_POINT ( 'NONE',  ( -19.71033619878698318, -7.218401743463203957, 11.80600000000000271 ) ) ;
#306 = CARTESIAN_POINT ( 'NONE',  ( -13.56412546648184758, -13.53969029448506944, 8.631000000000000227 ) ) ;
#307 = DIRECTION ( 'NONE',  ( 0.000000000000000000, 0.000000000000000000, 1.000000000000000000 ) ) ;
#308 = EDGE_CURVE ( 'NONE', #1279, #340, #2833, .T. ) ;
#309 = CARTESIAN_POINT ( 'NONE',  ( 3.643245679523996472, 6.063657494305577877, -2.654500514518073562 ) ) ;
#310 = CARTESIAN_POINT ( 'NONE',  ( 20.56924315454807228, 4.233520841936097234, 3.174999999999999822 ) ) ;
#311 = ORIENTED_EDGE ( 'NONE', *, *, #4404, .T. ) ;
#312 = CARTESIAN_POINT ( 'NONE',  ( -12.27556252960572714, -9.873853818606887600, 11.80600000000000271 ) ) ;
#313 = CARTESIAN_POINT ( 'NONE',  ( -15.49555201357002865, 4.325809552604403585, -8.905600000000001515 ) ) ;
#314 = DIRECTION ( 'NONE',  ( 0.000000000000000000, 0.000000000000000000, -1.000000000000000000 ) ) ;
#315 = CARTESIAN_POINT ( 'NONE',  ( 4.565458968152779740, -12.74065375098223285, 13.39349999983421569 ) ) ;
#316 = CARTESIAN_POINT ( 'NONE',  ( -16.66621222466899965, -2.277838253446197392, -8.905600000000001515 ) ) ;
#317 = VERTEX_POINT ( 'NONE', #2351 ) ;
#318 = ORIENTED_EDGE ( 'NONE', *, *, #786, .T. ) ;
#319 = LINE ( 'NONE', #1735, #5006 ) ;
#320 = CARTESIAN_POINT ( 'NONE',  ( -10.78280863254044064, -3.099868419903956784, 3.132815071775330473 ) ) ;
#321 = CARTESIAN_POINT ( 'NONE',  ( -0.2226428146512756945, -5.996460135044123341, 7.300429748774908134 ) ) ;
#322 = CARTESIAN_POINT ( 'NONE',  ( 11.48444867788076529, 27.70592705193344329, 11.80599999999999383 ) ) ;
#323 = CARTESIAN_POINT ( 'NONE',  ( 16.54097260834418748, 1.057728570440593208, 0.000000000000000000 ) ) ;
#324 = DIRECTION ( 'NONE',  ( -2.511846452725837918E-09, -9.581763245431260629E-09, 0.9999999999999998890 ) ) ;
#325 = CARTESIAN_POINT ( 'NONE',  ( 23.45242983988415375, 16.68862540272189676, 8.630999999999994898 ) ) ;
#326 = B_SPLINE_CURVE_WITH_KNOTS ( 'NONE', 3,
 ( #135, #1439, #1400, #4514 ),
 .UNSPECIFIED., .F., .F.,
 ( 4, 4 ),
 ( 0.000000000000000000, 1.000000000000000000 ),
 .UNSPECIFIED. ) ;
#327 = EDGE_CURVE ( 'NONE', #373, #735, #1147, .T. ) ;
#328 = B_SPLINE_CURVE_WITH_KNOTS ( 'NONE', 3,
 ( #7532, #6828, #4858, #4236, #6949, #4985 ),
 .UNSPECIFIED., .F., .F.,
 ( 4, 2, 4 ),
 ( 0.000000000000000000, 0.0003976610810315387920, 0.0007953221620630775840 ),
 .UNSPECIFIED. ) ;
#329 = ORIENTED_EDGE ( 'NONE', *, *, #916, .F. ) ;
#330 = CARTESIAN_POINT ( 'NONE',  ( -18.90414476090749574, 34.44591281815267791, 10.21850029855801623 ) ) ;
#331 = CARTESIAN_POINT ( 'NONE',  ( 19.34913917186174359, 1.726690403594009160, 0.000000000000000000 ) ) ;
#332 = CARTESIAN_POINT ( 'NONE',  ( 3.287476096505638878, 5.019543646089891453, 5.310867960167081847 ) ) ;
#333 = DIRECTION ( 'NONE',  ( 0.9371590407833582104, -0.3489024681454918064, 0.000000000000000000 ) ) ;
#334 = CARTESIAN_POINT ( 'NONE',  ( 25.57639578305569117, -2.453975412025189762, 11.80600000000000094 ) ) ;
#335 = CARTESIAN_POINT ( 'NONE',  ( 0.4049585579045917316, -3.149907225284180434, -9.011345956356658249 ) ) ;
#336 = CARTESIAN_POINT ( 'NONE',  ( -14.69498572060141584, 32.80257204133727100, 14.98099999999996257 ) ) ;
#337 = EDGE_CURVE ( 'NONE', #5816, #7062, #5123, .T. ) ;
#338 =( NAMED_UNIT ( * ) PLANE_ANGLE_UNIT ( ) SI_UNIT ( $, .RADIAN. ) );
#339 = CARTESIAN_POINT ( 'NONE',  ( -8.695350172873592243, -16.85356404126410368, -7.312125416864858174 ) ) ;
#340 = VERTEX_POINT ( 'NONE', #5047 ) ;
#341 = VERTEX_POINT ( 'NONE', #4922 ) ;
#342 = CARTESIAN_POINT ( 'NONE',  ( 2.914358635773569794, 29.94036153015169432, 8.630999999999993122 ) ) ;
#343 = VECTOR ( 'NONE', #7799, 1000.000000000000000 ) ;
#344 = FACE_OUTER_BOUND ( 'NONE', #2407, .T. ) ;
#345 = LINE ( 'NONE', #2885, #4741 ) ;
#346 = DIRECTION ( 'NONE',  ( 0.9598357249907945032, -0.2805626151706527849, 6.229741504230120528E-17 ) ) ;
#347 = CARTESIAN_POINT ( 'NONE',  ( -44.97519480863827113, 29.96679013402548364, 11.80599999999999383 ) ) ;
#348 = DIRECTION ( 'NONE',  ( -0.3489024681454918064, -0.9371590407833582104, 3.148715000291715367E-16 ) ) ;
#349 = LINE ( 'NONE', #2889, #1150 ) ;
#350 = CARTESIAN_POINT ( 'NONE',  ( 3.486919636562856084, 6.124334117833656776, -2.133274357754657569 ) ) ;
#351 = CARTESIAN_POINT ( 'NONE',  ( -10.77377632720185474, -15.06705754985555679, -8.248035969732711692 ) ) ;
#352 = CARTESIAN_POINT ( 'NONE',  ( 27.51580630283823936, -2.931758095046658852, 13.39349904687931847 ) ) ;
#353 = EDGE_LOOP ( 'NONE', ( #5237, #7721, #7011, #2881, #6932, #146, #5358, #2729 ) ) ;
#354 = AXIS2_PLACEMENT_3D ( 'NONE', #289, #1584, #1426 ) ;
#355 = CARTESIAN_POINT ( 'NONE',  ( 3.766291807603092678, 12.28644048611850437, 1.587499999999999911 ) ) ;
#356 = EDGE_CURVE ( 'NONE', #4608, #4731, #2444, .T. ) ;
#357 = CARTESIAN_POINT ( 'NONE',  ( 11.48444867787988066, 27.70592705193343974, 14.98099999999994303 ) ) ;
#358 = CARTESIAN_POINT ( 'NONE',  ( -16.56466924330963408, -3.896695309435733279, -8.905600000000001515 ) ) ;
#359 = CARTESIAN_POINT ( 'NONE',  ( 2.980599591960609640, 0.5000000000000018874, 14.48099999999999987 ) ) ;
#360 = CARTESIAN_POINT ( 'NONE',  ( -8.646547152135115155, -18.66200526755969236, 3.174999999999999822 ) ) ;
#361 = CARTESIAN_POINT ( 'NONE',  ( 0.000000000000000000, 0.000000000000000000, -8.949100000000001387 ) ) ;
#362 = EDGE_LOOP ( 'NONE', ( #404, #7793, #3161, #1409 ) ) ;
#363 = ORIENTED_EDGE ( 'NONE', *, *, #7851, .F. ) ;
#364 = CARTESIAN_POINT ( 'NONE',  ( -14.31223003941308214, 6.325317429439778927, -8.905599999999999739 ) ) ;
#365 = CARTESIAN_POINT ( 'NONE',  ( -56.07189761964543351, 23.61786509392923961, 13.39349904687931492 ) ) ;
#366 = CARTESIAN_POINT ( 'NONE',  ( -0.8444018768741302639, -5.940422713363323837, 6.707082279637571531 ) ) ;
#367 = CARTESIAN_POINT ( 'NONE',  ( -36.57734624587926930, 34.39605359592100342, 11.80599999999999206 ) ) ;
#368 = CARTESIAN_POINT ( 'NONE',  ( -9.578135136534109861, -18.18592566192090487, -8.905599999999997962 ) ) ;
#369 = CARTESIAN_POINT ( 'NONE',  ( -8.940015150338160410, -9.243803669068363149, 14.19556458705075919 ) ) ;
#370 = DIRECTION ( 'NONE',  ( -0.000000000000000000, -0.000000000000000000, -1.000000000000000000 ) ) ;
#371 = ADVANCED_FACE ( 'NONE', ( #5499 ), #6599, .T. ) ;
#372 = B_SPLINE_CURVE_WITH_KNOTS ( 'NONE', 3,
 ( #5755, #680, #168, #804 ),
 .UNSPECIFIED., .F., .F.,
 ( 4, 4 ),
 ( 0.3539047919239681206, 0.3591133529189384221 ),
 .UNSPECIFIED. ) ;
#373 = VERTEX_POINT ( 'NONE', #2977 ) ;
#374 = CARTESIAN_POINT ( 'NONE',  ( -14.04790815498809486, 3.666967612582114455, -5.730599999999999028 ) ) ;
#375 = CARTESIAN_POINT ( 'NONE',  ( 12.81996575128325766, 13.82652937203813792, 8.631000000000000227 ) ) ;
#376 = CARTESIAN_POINT ( 'NONE',  ( 0.2511782605620902498, -3.165048890841333673, -10.69909999999913630 ) ) ;
#377 = CARTESIAN_POINT ( 'NONE',  ( -3.893894945604445823, 3.757448579079405437, 0.000000000000000000 ) ) ;
#378 = CARTESIAN_POINT ( 'NONE',  ( 19.73284292453422850, -12.40441390036500025, 11.80600000000000271 ) ) ;
#379 = DIRECTION ( 'NONE',  ( -0.000000000000000000, -0.000000000000000000, -1.000000000000000000 ) ) ;
#380 = EDGE_CURVE ( 'NONE', #1843, #4876, #6772, .T. ) ;
#381 = CARTESIAN_POINT ( 'NONE',  ( 0.2044901992181947792, 29.16016385193016802, 11.80599999999999383 ) ) ;
#382 = CYLINDRICAL_SURFACE ( 'NONE', #4167, 0.6499999999999995781 ) ;
#383 = ORIENTED_EDGE ( 'NONE', *, *, #1781, .T. ) ;
#384 = ORIENTED_EDGE ( 'NONE', *, *, #6189, .F. ) ;
#385 = EDGE_CURVE ( 'NONE', #7850, #4765, #1770, .T. ) ;
#386 = DIRECTION ( 'NONE',  ( -0.9371590407833582104, 0.3489024681454918064, -0.000000000000000000 ) ) ;
#387 = DIRECTION ( 'NONE',  ( 1.000000000000000000, 0.000000000000000000, 0.000000000000000000 ) ) ;
#388 = DIRECTION ( 'NONE',  ( -0.9371590407833582104, 0.3489024681454918064, -0.000000000000000000 ) ) ;
#389 = CARTESIAN_POINT ( 'NONE',  ( -25.19530689742510177, -5.040814917066635203, 11.80600000000000094 ) ) ;
#390 = CARTESIAN_POINT ( 'NONE',  ( -12.27122387953898652, -4.524822891209272058, 8.631000000000000227 ) ) ;
#391 = CARTESIAN_POINT ( 'NONE',  ( -4.043855511564062866, -20.41490915679964147, -8.905600000000001515 ) ) ;
#392 = LINE ( 'NONE', #6022, #2397 ) ;
#393 = CARTESIAN_POINT ( 'NONE',  ( -10.89039974437582536, -15.93569784044046678, -8.905600000000001515 ) ) ;
#394 = VERTEX_POINT ( 'NONE', #5795 ) ;
#395 = CARTESIAN_POINT ( 'NONE',  ( 25.33973514159382034, 8.069949888297896834, 14.98100000000000342 ) ) ;
#396 = VERTEX_POINT ( 'NONE', #723 ) ;
#397 = CARTESIAN_POINT ( 'NONE',  ( 15.85082825701369380, 9.731027992418976424, 2.517435969732711776 ) ) ;
#398 = CARTESIAN_POINT ( 'NONE',  ( 2.522652101162978777, 6.498606346870404060, 0.000000000000000000 ) ) ;
#399 = CARTESIAN_POINT ( 'NONE',  ( 0.9824406811445084431, 12.37296896113690536, 8.631000000000000227 ) ) ;
#400 = CARTESIAN_POINT ( 'NONE',  ( -9.901329239701590623, -8.960905357864465515, 14.48100000000000165 ) ) ;
#401 = B_SPLINE_CURVE_WITH_KNOTS ( 'NONE', 3,
 ( #1205, #5607, #2454, #1827, #5027, #5650, #1869, #7149, #2110, #6452, #5813, #265, #777, #3358, #5302, #4646, #6489, #4561, #1443, #1405, #6568 ),
 .UNSPECIFIED., .F., .F.,
 ( 4, 1, 1, 1, 1, 1, 1, 1, 1, 1, 1, 1, 1, 1, 1, 1, 1, 1, 4 ),
 ( 0.000000000000000000, 0.05550813849229568886, 0.1110162769845913777, 0.1665244154768870666, 0.2220325539691827554, 0.2775406924614784998, 0.3330488309537741332, 0.3885569694460698220, 0.4440651079383655109, 0.4995732464306613108, 0.5550813849229569996, 0.6105895234152525219, 0.6660976619075482663, 0.7216058003998443438, 0.7771139388921396440, 0.8048680081382872942, 0.8326220773844352774, 0.8603761466305834826, 0.8881302158767311328 ),
 .UNSPECIFIED. ) ;
#402 = EDGE_LOOP ( 'NONE', ( #311, #2028 ) ) ;
#403 = CARTESIAN_POINT ( 'NONE',  ( 16.34252431190608590, 22.72080760079752793, 14.98100000000000165 ) ) ;
#404 = ORIENTED_EDGE ( 'NONE', *, *, #3111, .T. ) ;
#405 = ORIENTED_EDGE ( 'NONE', *, *, #3836, .T. ) ;
#406 = CARTESIAN_POINT ( 'NONE',  ( -11.51771529507020553, 9.069168351872384903, -8.905599999999996186 ) ) ;
#407 = CARTESIAN_POINT ( 'NONE',  ( -6.772800442731750969, -28.57256243734818213, -13.94910000000000139 ) ) ;
#408 = CARTESIAN_POINT ( 'NONE',  ( 2.500000000000000000, 3.061616997868383141E-16, -7.949100000000000499 ) ) ;
#409 = CARTESIAN_POINT ( 'NONE',  ( -1.622867371715112528, -12.76438399408419500, 11.80600000000000271 ) ) ;
#410 = ADVANCED_FACE ( 'NONE', ( #3344 ), #6976, .T. ) ;
#411 = CARTESIAN_POINT ( 'NONE',  ( 9.397506038622308822, 3.830190264867828098, 0.000000000000000000 ) ) ;
#412 = FACE_OUTER_BOUND ( 'NONE', #1480, .T. ) ;
#413 = EDGE_CURVE ( 'NONE', #6325, #6298, #7627, .T. ) ;
#414 = CARTESIAN_POINT ( 'NONE',  ( 7.209815938886828590, 16.15035236110072958, -9.949099999999969413 ) ) ;
#415 = ORIENTED_EDGE ( 'NONE', *, *, #337, .F. ) ;
#416 = AXIS2_PLACEMENT_3D ( 'NONE', #3336, #4581, #7745 ) ;
#417 = DIRECTION ( 'NONE',  ( 0.9371590407833582104, -0.3489024681454918064, 0.000000000000000000 ) ) ;
#418 = CARTESIAN_POINT ( 'NONE',  ( 8.592382235092802745, 14.87245495631250769, 3.174999999999999822 ) ) ;
#419 = DIRECTION ( 'NONE',  ( -1.000000000000000000, 0.000000000000000000, 0.000000000000000000 ) ) ;
#420 = CARTESIAN_POINT ( 'NONE',  ( -10.85745331887101450, 7.643518400254407652, -5.730600000000000804 ) ) ;
#421 = CARTESIAN_POINT ( 'NONE',  ( 23.15220087576790675, 9.544644554831304362, 8.630999999999994898 ) ) ;
#422 = CARTESIAN_POINT ( 'NONE',  ( -0.8385945378856853871, 7.636953555415630035, -0.000000000000000000 ) ) ;
#423 = CARTESIAN_POINT ( 'NONE',  ( 3.579375667900573266, -10.83729641830301382, 8.631000000000000227 ) ) ;
#424 = VECTOR ( 'NONE', #1069, 999.9999999999998863 ) ;
#425 = CARTESIAN_POINT ( 'NONE',  ( -12.35487886906233790, -11.65554741675927808, 1.587499999999999911 ) ) ;
#426 = ORIENTED_EDGE ( 'NONE', *, *, #7288, .F. ) ;
#427 = VERTEX_POINT ( 'NONE', #2632 ) ;
#428 = CARTESIAN_POINT ( 'NONE',  ( -3.930252202945376361, -14.63193367759294716, 8.631000000000000227 ) ) ;
#429 = CARTESIAN_POINT ( 'NONE',  ( 5.462736354394249538, -12.97593693034882811, 11.05600000000000271 ) ) ;
#430 = DIRECTION ( 'NONE',  ( 0.000000000000000000, 0.000000000000000000, 1.000000000000000000 ) ) ;
#431 = EDGE_CURVE ( 'NONE', #2861, #4438, #5713, .T. ) ;
#432 = DIRECTION ( 'NONE',  ( 0.000000000000000000, -1.000000000000000000, 0.000000000000000000 ) ) ;
#433 = CARTESIAN_POINT ( 'NONE',  ( 6.400655110004744408, -11.58547895595570765, 14.98099999999981335 ) ) ;
#434 = LINE ( 'NONE', #4881, #3412 ) ;
#435 = CARTESIAN_POINT ( 'NONE',  ( 19.34913917186174359, 1.726690403718858402, 0.000000000000000000 ) ) ;
#436 = CARTESIAN_POINT ( 'NONE',  ( -16.11478866409229127, 2.572347371091437296, -8.905599999999997962 ) ) ;
#437 = CARTESIAN_POINT ( 'NONE',  ( -10.57535302520171427, -17.48856966650146916, -8.905600000000001515 ) ) ;
#438 = ORIENTED_EDGE ( 'NONE', *, *, #3539, .T. ) ;
#439 = CARTESIAN_POINT ( 'NONE',  ( 0.000000000000000000, 0.000000000000000000, 3.756000000000000671 ) ) ;
#440 = ORIENTED_EDGE ( 'NONE', *, *, #7403, .T. ) ;
#441 = CARTESIAN_POINT ( 'NONE',  ( 19.34913917186174004, 1.726690403717615618, 1.587499999999999911 ) ) ;
#442 = EDGE_CURVE ( 'NONE', #5406, #6977, #7878, .T. ) ;
#443 = CARTESIAN_POINT ( 'NONE',  ( -3.416773536149415591, 8.803941065497687291, -5.730599999999999028 ) ) ;
#444 = CARTESIAN_POINT ( 'NONE',  ( -13.38702346194937398, -13.68884079140869581, -8.905599999999999739 ) ) ;
#445 = CARTESIAN_POINT ( 'NONE',  ( 14.89387173257746255, 10.61803224443205629, -5.730599999999999028 ) ) ;
#446 = ORIENTED_EDGE ( 'NONE', *, *, #7607, .F. ) ;
#447 = ORIENTED_EDGE ( 'NONE', *, *, #4147, .F. ) ;
#448 = ORIENTED_EDGE ( 'NONE', *, *, #4192, .F. ) ;
#449 = CARTESIAN_POINT ( 'NONE',  ( -14.01081225731631186, -8.662863822892155952, 8.631000000000000227 ) ) ;
#450 = CARTESIAN_POINT ( 'NONE',  ( -14.76875028746298035, -5.206464281081048640, -7.318099999999999383 ) ) ;
#451 = CARTESIAN_POINT ( 'NONE',  ( -0.6811437393566632803, -5.961489805948892773, 6.946641502456486705 ) ) ;
#452 = DIRECTION ( 'NONE',  ( -0.000000000000000000, -0.000000000000000000, -1.000000000000000000 ) ) ;
#453 = DIRECTION ( 'NONE',  ( 0.9371590407833580993, -0.3489024681454918064, 0.000000000000000000 ) ) ;
#454 = CARTESIAN_POINT ( 'NONE',  ( -6.974196657649877729, -9.719714757477259326, 12.55599999790798371 ) ) ;
#455 = CARTESIAN_POINT ( 'NONE',  ( 5.845321746761171333, -11.52554606551525751, 11.05600000000000271 ) ) ;
#456 = ORIENTED_EDGE ( 'NONE', *, *, #2923, .T. ) ;
#457 = CARTESIAN_POINT ( 'NONE',  ( -6.772800442731756299, -28.57256243734818213, 8.631000000000000227 ) ) ;
#458 = DIRECTION ( 'NONE',  ( -1.000000000000000000, 0.000000000000000000, 0.000000000000000000 ) ) ;
#459 = CARTESIAN_POINT ( 'NONE',  ( -8.298964704755110944, -18.80810310304169164, -15.44909999999999961 ) ) ;
#460 = CARTESIAN_POINT ( 'NONE',  ( -4.893531080939470534, 2.488148397741977824, 0.000000000000000000 ) ) ;
#461 = CARTESIAN_POINT ( 'NONE',  ( -45.75774510664813022, 21.83306024433469616, 8.631000000000021544 ) ) ;
#462 = FACE_OUTER_BOUND ( 'NONE', #4398, .T. ) ;
#463 = CARTESIAN_POINT ( 'NONE',  ( 25.29135330922542479, -6.357112028259214398, 11.80600000000000094 ) ) ;
#464 = B_SPLINE_CURVE_WITH_KNOTS ( 'NONE', 3,
 ( #6865, #1825, #3072, #6246, #2491, #533, #2452, #4984, #5024, #6947, #1245 ),
 .UNSPECIFIED., .F., .F.,
 ( 4, 1, 1, 1, 1, 1, 1, 1, 4 ),
 ( 0.5000000000000000000, 0.5312499999999995559, 0.5625000000000000000, 0.6015624999999973355, 0.6484375000000048850, 0.6953125000000000000, 0.7578125000000003331, 0.8203124999999988898, 1.000000000000000000 ),
 .UNSPECIFIED. ) ;
#465 = CARTESIAN_POINT ( 'NONE',  ( -7.473746886824763180, -17.42024006774747491, 1.587499999999999911 ) ) ;
#466 = EDGE_LOOP ( 'NONE', ( #1109, #7804, #2329, #4661, #1622, #6946 ) ) ;
#467 = ORIENTED_EDGE ( 'NONE', *, *, #6093, .T. ) ;
#468 = CARTESIAN_POINT ( 'NONE',  ( -6.023209881023760204, 9.282090537204314984, -7.318099999999999383 ) ) ;
#469 = VECTOR ( 'NONE', #432, 1000.000000000000000 ) ;
#470 = CARTESIAN_POINT ( 'NONE',  ( 18.95789852809761555, 3.994098913387808647, 0.000000000000000000 ) ) ;
#471 = FACE_OUTER_BOUND ( 'NONE', #6244, .T. ) ;
#472 = CARTESIAN_POINT ( 'NONE',  ( 12.69427714116425321, 12.08191484158582796, 1.587499999999999911 ) ) ;
#473 = CARTESIAN_POINT ( 'NONE',  ( 1.226780418669875639, 32.16946954534166281, 14.98099999999999454 ) ) ;
#474 = CARTESIAN_POINT ( 'NONE',  ( 9.809810833247528450, 15.21378615520714028, -10.31594702126581531 ) ) ;
#475 = CARTESIAN_POINT ( 'NONE',  ( -16.61196196253316160, -3.358108760128377668, -15.44909999999999961 ) ) ;
#476 = CARTESIAN_POINT ( 'NONE',  ( -11.64005917701988935, -13.71557504678705719, -8.248035969732711692 ) ) ;
#477 = ORIENTED_EDGE ( 'NONE', *, *, #7035, .T. ) ;
#478 = PRODUCT_DEFINITION_FORMATION_WITH_SPECIFIED_SOURCE ( 'ANY', '', #559, .NOT_KNOWN. ) ;
#479 = FACE_BOUND ( 'NONE', #1563, .T. ) ;
#480 = CARTESIAN_POINT ( 'NONE',  ( 7.202779167234850455, 13.23207438965887839, 1.587499999999999911 ) ) ;
#481 = CYLINDRICAL_SURFACE ( 'NONE', #7600, 1.587499999457717248 ) ;
#482 = CARTESIAN_POINT ( 'NONE',  ( 1.622441699901652878, 1.142552874507448468, -1.791663257218725658 ) ) ;
#483 = CARTESIAN_POINT ( 'NONE',  ( -16.22134418876958861, -6.031798788467400918, -8.905600000000001515 ) ) ;
#484 = EDGE_CURVE ( 'NONE', #5216, #6357, #6513, .T. ) ;
#485 = CARTESIAN_POINT ( 'NONE',  ( 28.39358412624508432, -7.233045574204664874, 11.80600000000000094 ) ) ;
#486 = EDGE_CURVE ( 'NONE', #1411, #4276, #7710, .T. ) ;
#487 = ORIENTED_EDGE ( 'NONE', *, *, #516, .F. ) ;
#488 = ORIENTED_EDGE ( 'NONE', *, *, #4958, .F. ) ;
#489 = AXIS2_PLACEMENT_3D ( 'NONE', #202, #6507, #884 ) ;
#490 = ORIENTED_EDGE ( 'NONE', *, *, #4755, .T. ) ;
#491 = CARTESIAN_POINT ( 'NONE',  ( -15.43594011345871486, 4.490451669732795636, -8.905599999999999739 ) ) ;
#492 = CARTESIAN_POINT ( 'NONE',  ( -14.04790815498809664, 3.666967612582114455, -7.318099999999999383 ) ) ;
#493 = LINE ( 'NONE', #6208, #3343 ) ;
#494 = CARTESIAN_POINT ( 'NONE',  ( -18.90414476090749574, 34.44591281815267791, 10.21850029855801623 ) ) ;
#495 = CARTESIAN_POINT ( 'NONE',  ( 19.34203546604461721, -0.8955104327634397787, -5.730600000000013239 ) ) ;
#496 = CARTESIAN_POINT ( 'NONE',  ( -3.852868218153464586, -10.51820357379661353, 14.19556458705075919 ) ) ;
#497 = B_SPLINE_CURVE_WITH_KNOTS ( 'NONE', 3,
 ( #7266, #1557, #4091, #2262, #6638, #4800, #936, #1638, #1336, #5110, #7699, #7619, #5191, #42, #115, #3204, #7082, #1765, #4574, #2038, #2659, #4495, #7041, #6964, #1956, #1300, #3871, #1261 ),
 .UNSPECIFIED., .F., .F.,
 ( 4, 2, 2, 2, 2, 2, 2, 2, 2, 2, 2, 2, 2, 4 ),
 ( 0.000000000000000000, 0.001750107574899808843, 0.003159638135337940711, 0.004921551335879559112, 0.006683464536418873801, 0.008797760377067356460, 0.01055967357760742749, 0.01232158677814709259, 0.01443588261880308747, 0.01619779581933529500, 0.01831209165998326852, 0.02042638750063108591, 0.02218830070117135123, 0.02560078766129416164 ),
 .UNSPECIFIED. ) ;
#498 = DIRECTION ( 'NONE',  ( -1.000000000000000000, 0.000000000000000000, 0.000000000000000000 ) ) ;
#499 = ORIENTED_EDGE ( 'NONE', *, *, #6139, .F. ) ;
#500 = DIRECTION ( 'NONE',  ( 0.9322399881385086129, -0.3618405788679777690, 0.000000000000000000 ) ) ;
#501 = CARTESIAN_POINT ( 'NONE',  ( -2.555409098860968342, -1.491539187694883584, 14.48099999999999987 ) ) ;
#502 = CARTESIAN_POINT ( 'NONE',  ( 2.087658458310429843, 2.392134436323571922, -9.949099999999891253 ) ) ;
#503 = CARTESIAN_POINT ( 'NONE',  ( 5.259699972728243189, 2.887136331537275336, 6.050900000000028811 ) ) ;
#504 = CARTESIAN_POINT ( 'NONE',  ( 25.29135330922542479, -6.357112028259214398, 8.631000000000000227 ) ) ;
#505 = CARTESIAN_POINT ( 'NONE',  ( 1.590095104038094176, -19.94836994353698856, 0.8519913076797305251 ) ) ;
#506 = CARTESIAN_POINT ( 'NONE',  ( -35.53768265111549596, 31.38543395455020146, 11.80599999999999383 ) ) ;
#507 = CARTESIAN_POINT ( 'NONE',  ( -11.11513831576380973, -2.846000725366038431, 8.631000000000000227 ) ) ;
#508 = ORIENTED_EDGE ( 'NONE', *, *, #1307, .T. ) ;
#509 = ORIENTED_EDGE ( 'NONE', *, *, #3934, .T. ) ;
#510 = CARTESIAN_POINT ( 'NONE',  ( -14.44633099061022108, 2.625710786495084381, -7.318099999999999383 ) ) ;
#511 = VECTOR ( 'NONE', #4780, 1000.000000000000114 ) ;
#512 = CARTESIAN_POINT ( 'NONE',  ( 1.112602405612829193, 7.045904472419902476, -5.730599999999991923 ) ) ;
#513 = CARTESIAN_POINT ( 'NONE',  ( 20.93640320978964198, -0.9952133531469468108, -8.905599999457717075 ) ) ;
#514 = CARTESIAN_POINT ( 'NONE',  ( -27.11334437784210039, 35.98304491953225437, 14.98099999999999454 ) ) ;
#515 = CARTESIAN_POINT ( 'NONE',  ( 7.753788007555675321, 29.50962372097942321, 14.98100000000004783 ) ) ;
#516 = EDGE_CURVE ( 'NONE', #2842, #3451, #5842, .T. ) ;
#517 = LINE ( 'NONE', #4386, #3803 ) ;
#518 = DIRECTION ( 'NONE',  ( -1.000000000000000000, 0.000000000000000000, 0.000000000000000000 ) ) ;
#519 = EDGE_CURVE ( 'NONE', #5830, #3152, #372, .T. ) ;
#520 = CARTESIAN_POINT ( 'NONE',  ( -12.21903357802425028, -15.79436762346981737, -8.905600000000001515 ) ) ;
#521 = EDGE_LOOP ( 'NONE', ( #2843, #2979, #3030, #2235, #882, #7146, #3673, #5427, #642, #2775, #4194, #8076, #1326, #6053, #661, #499, #5567, #1673 ) ) ;
#522 = CARTESIAN_POINT ( 'NONE',  ( 26.55051723955111598, -9.162243075185559249, 14.98100000000000698 ) ) ;
#523 = ADVANCED_FACE ( 'NONE', ( #7752 ), #6437, .T. ) ;
#524 = CARTESIAN_POINT ( 'NONE',  ( 23.33091368197174020, 13.91566868371786825, 8.630999999999996675 ) ) ;
#525 = CARTESIAN_POINT ( 'NONE',  ( 0.000000000000000000, 0.000000000000000000, 0.2560000000000005604 ) ) ;
#526 = CARTESIAN_POINT ( 'NONE',  ( 18.86402282299834710, -0.9952720431907391418, 0.000000000000000000 ) ) ;
#527 = CARTESIAN_POINT ( 'NONE',  ( 7.753399127545217873, -13.58281355568365889, 11.05600000000000271 ) ) ;
#528 = CARTESIAN_POINT ( 'NONE',  ( -8.998819715029162225, -16.66378078452587630, -7.318099999999999383 ) ) ;
#529 = CARTESIAN_POINT ( 'NONE',  ( -9.669967158881936697, 35.40818001634448819, 11.80599999999999206 ) ) ;
#530 = CARTESIAN_POINT ( 'NONE',  ( 8.251932405013249650, -13.70983171862235572, 10.21850000016612192 ) ) ;
#531 = ORIENTED_EDGE ( 'NONE', *, *, #7366, .F. ) ;
#532 = ORIENTED_EDGE ( 'NONE', *, *, #5670, .T. ) ;
#533 = CARTESIAN_POINT ( 'NONE',  ( -12.64633658977693997, 34.64295991251769635, 14.98099999999999099 ) ) ;
#534 = CARTESIAN_POINT ( 'NONE',  ( -5.462015592765184557, 9.269133915182884209, -7.318099999999999383 ) ) ;
#535 = CARTESIAN_POINT ( 'NONE',  ( 3.107845478578088905, 5.132377273864647371, 6.050899999998653023 ) ) ;
#536 = CARTESIAN_POINT ( 'NONE',  ( 2.500000000000000000, 3.217335817602823185E-16, -8.560583766206715239 ) ) ;
#537 = DIRECTION ( 'NONE',  ( 0.9371590407833582104, -0.3489024681454918064, 0.000000000000000000 ) ) ;
#538 = CARTESIAN_POINT ( 'NONE',  ( -10.14600942829567920, -15.74874252963808274, 1.282542980225543916 ) ) ;
#539 = EDGE_CURVE ( 'NONE', #7193, #5817, #3216, .T. ) ;
#540 = CARTESIAN_POINT ( 'NONE',  ( 8.613511381537119149, -12.25033864721264543, 12.55600000000000094 ) ) ;
#541 = EDGE_LOOP ( 'NONE', ( #5643, #3302, #25, #6255 ) ) ;
#542 = CARTESIAN_POINT ( 'NONE',  ( -14.05551371346926892, -7.846525016573305145, 0.000000000000000000 ) ) ;
#543 = DIRECTION ( 'NONE',  ( -0.000000000000000000, 0.000000000000000000, -1.000000000000000000 ) ) ;
#544 = FILL_AREA_STYLE ('',( #1835 ) ) ;
#545 = CARTESIAN_POINT ( 'NONE',  ( -13.24549356546004653, -14.03251783857460744, -15.44909999999999961 ) ) ;
#546 = CARTESIAN_POINT ( 'NONE',  ( -3.172073786110751303, 8.711167989954001101, -5.730599999999999028 ) ) ;
#547 = EDGE_CURVE ( 'NONE', #4631, #706, #5120, .T. ) ;
#548 = CARTESIAN_POINT ( 'NONE',  ( -10.34038013285051782, 32.29016240817401240, 8.630999999999938055 ) ) ;
#549 = DIRECTION ( 'NONE',  ( -0.000000000000000000, -0.000000000000000000, -1.000000000000000000 ) ) ;
#550 = CARTESIAN_POINT ( 'NONE',  ( -9.599430291588571862, -7.402616337826811055, 11.80600000000000094 ) ) ;
#551 = AXIS2_PLACEMENT_3D ( 'NONE', #3747, #2998, #1875 ) ;
#552 = VECTOR ( 'NONE', #2578, 1000.000000000000000 ) ;
#553 = CARTESIAN_POINT ( 'NONE',  ( 5.015044247429129243, 10.25515149296784401, -1.949099999999965416 ) ) ;
#554 = ORIENTED_EDGE ( 'NONE', *, *, #5777, .F. ) ;
#555 = CARTESIAN_POINT ( 'NONE',  ( -0.6151563994231412646, 7.920666858332094051, -0.000000000000000000 ) ) ;
#556 = CARTESIAN_POINT ( 'NONE',  ( -9.330482351295767529, -7.805288299499504312, 10.82954454563496327 ) ) ;
#557 = CARTESIAN_POINT ( 'NONE',  ( -14.51444827867037546, 35.97823366288712776, 14.98099999999996257 ) ) ;
#558 = VECTOR ( 'NONE', #4529, 1000.000000000000000 ) ;
#559 = PRODUCT ( 'Part1^asm-cams-manual-switching', 'Part1^asm-cams-manual-switching', '', ( #6591 ) ) ;
#560 = CARTESIAN_POINT ( 'NONE',  ( -36.57734624587926930, 34.39605359592100342, 14.98099999999999454 ) ) ;
#561 = DIRECTION ( 'NONE',  ( 0.6187123756285676235, 0.7856175890622957292, 0.000000000000000000 ) ) ;
#562 = CARTESIAN_POINT ( 'NONE',  ( -16.65746720359356559, -2.548208754440649315, -15.44909999999999961 ) ) ;
#563 = CARTESIAN_POINT ( 'NONE',  ( -13.18165214297908427, -14.16836483496589416, -8.905600000000001515 ) ) ;
#564 = EDGE_LOOP ( 'NONE', ( #5066, #2749, #2590, #5463 ) ) ;
#565 = VECTOR ( 'NONE', #8020, 1000.000000000000000 ) ;
#566 = CARTESIAN_POINT ( 'NONE',  ( 2.522652101162977889, 6.498606346870407613, -7.318099999999999383 ) ) ;
#567 = CARTESIAN_POINT ( 'NONE',  ( 19.67346976719853657, 19.47390449463422968, 10.21850059711604608 ) ) ;
#568 = DIRECTION ( 'NONE',  ( 0.9673143870489526730, -0.2535801187161745851, 5.630609727717553539E-17 ) ) ;
#569 = CARTESIAN_POINT ( 'NONE',  ( 10.55961939193170096, 21.13540907369177546, 6.050900000000028811 ) ) ;
#570 = EDGE_CURVE ( 'NONE', #6666, #4359, #4041, .T. ) ;
#571 = DIRECTION ( 'NONE',  ( 0.9371590407833580993, -0.3489024681454918064, 0.000000000000000000 ) ) ;
#572 = CARTESIAN_POINT ( 'NONE',  ( -14.51444827866959209, 35.97823366288712776, 11.80599999999999206 ) ) ;
#573 = CARTESIAN_POINT ( 'NONE',  ( 6.357654243826428520, -13.22022808459496623, 10.21850000016612192 ) ) ;
#574 = VERTEX_POINT ( 'NONE', #1932 ) ;
#575 = EDGE_LOOP ( 'NONE', ( #4397, #5348, #7862, #6863, #2695 ) ) ;
#576 = DIRECTION ( 'NONE',  ( -0.3489024681454918619, -0.9371590407833583214, 0.000000000000000000 ) ) ;
#577 = CARTESIAN_POINT ( 'NONE',  ( 2.119437214976699124, 2.365380606137254205, -9.570723089064593125 ) ) ;
#578 = CARTESIAN_POINT ( 'NONE',  ( -3.953988504193371334, 8.990941570122322091, -7.318099999999999383 ) ) ;
#579 = CARTESIAN_POINT ( 'NONE',  ( 3.614087646174328317, 4.791611945152357777, 7.210910773900096160 ) ) ;
#580 = CARTESIAN_POINT ( 'NONE',  ( 2.149188432386630154, -1.284203849232990358, -8.550264916187705566 ) ) ;
#581 = CARTESIAN_POINT ( 'NONE',  ( 19.34890321087594245, -0.9952133674238702321, 0.000000000000000000 ) ) ;
#582 = CARTESIAN_POINT ( 'NONE',  ( -9.901329239701597729, -8.960905357864469067, 14.98100000000000165 ) ) ;
#583 = VERTEX_POINT ( 'NONE', #3301 ) ;
#584 = FACE_OUTER_BOUND ( 'NONE', #6045, .T. ) ;
#585 = AXIS2_PLACEMENT_3D ( 'NONE', #6467, #3291, #1960 ) ;
#586 = CARTESIAN_POINT ( 'NONE',  ( -9.578135136534109861, -18.18592566192090487, -15.44909999999999961 ) ) ;
#587 = CARTESIAN_POINT ( 'NONE',  ( 21.40792010887400920, -14.11408924160253342, 10.21850059711605319 ) ) ;
#588 = CARTESIAN_POINT ( 'NONE',  ( -37.63074280117568549, 30.59158252159165770, 8.630999999999875882 ) ) ;
#589 = CARTESIAN_POINT ( 'NONE',  ( 20.92266734777798476, -0.7550195714615781650, -8.905600000000001515 ) ) ;
#590 = CARTESIAN_POINT ( 'NONE',  ( 25.59606568476176136, -4.805342444249469658, 8.631000000000032202 ) ) ;
#591 = ADVANCED_FACE ( 'NONE', ( #2008, #4428 ), #128, .F. ) ;
#592 = CARTESIAN_POINT ( 'NONE',  ( 6.357654237966711364, -13.22022810699509598, 12.55600000000000094 ) ) ;
#593 = ORIENTED_EDGE ( 'NONE', *, *, #7510, .F. ) ;
#594 = CARTESIAN_POINT ( 'NONE',  ( 14.75978777145519594, 10.72079452680215184, 0.000000000000000000 ) ) ;
#595 = CARTESIAN_POINT ( 'NONE',  ( -9.688377483212308405, -3.600166332747714915, 0.000000000000000000 ) ) ;
#596 = EDGE_CURVE ( 'NONE', #6115, #2071, #304, .T. ) ;
#597 = CARTESIAN_POINT ( 'NONE',  ( -16.41965974405983175, 36.03076986445130103, 14.98099999999999454 ) ) ;
#598 = CARTESIAN_POINT ( 'NONE',  ( 0.3071816777607070392, -13.26177876956085733, 14.98100000000000520 ) ) ;
#599 = CARTESIAN_POINT ( 'NONE',  ( -2.517015674973626993, -10.87939893623051013, 10.21850059711605141 ) ) ;
#600 = ORIENTED_EDGE ( 'NONE', *, *, #3891, .T. ) ;
#601 = CARTESIAN_POINT ( 'NONE',  ( -5.140174604103816769, -10.17574938492209569, 12.55599999790798371 ) ) ;
#602 = VERTEX_POINT ( 'NONE', #1430 ) ;
#603 = CARTESIAN_POINT ( 'NONE',  ( -0.2653667188429583712, 10.93062915889860953, 3.175000000000000266 ) ) ;
#604 = CARTESIAN_POINT ( 'NONE',  ( 16.34252431176008002, 22.72080760093984608, 10.21850059711604608 ) ) ;
#605 = CARTESIAN_POINT ( 'NONE',  ( 0.9736327287355986959, 9.938051241704723537, 1.692303815141587009 ) ) ;
#606 = CARTESIAN_POINT ( 'NONE',  ( 26.05945939585308224, 3.527067444167494514, 14.98099999999999810 ) ) ;
#607 = CARTESIAN_POINT ( 'NONE',  ( 8.252796624617600330, -13.70634334510367580, 12.55600000000000271 ) ) ;
#608 = CARTESIAN_POINT ( 'NONE',  ( 15.95516603052824323, -16.41534318459394726, 11.80600000000025140 ) ) ;
#609 = ORIENTED_EDGE ( 'NONE', *, *, #3364, .F. ) ;
#610 = B_SPLINE_CURVE_WITH_KNOTS ( 'NONE', 3,
 ( #3037, #5562, #618, #3157, #6165, #3075, #5611, #7453, #4988, #4283, #4326, #2456, #2993, #5692, #8237, #7535, #5063, #1697, #4239, #6251, #6911, #8073, #4900 ),
 .UNSPECIFIED., .F., .F.,
 ( 4, 2, 2, 1, 1, 1, 2, 2, 1, 1, 1, 2, 2, 1, 4 ),
 ( 0.4110738197813463279, 0.4846895923086783076, 0.5030935354405111637, 0.5214974785723439643, 0.5583053648360095655, 0.7055369098906718595, 0.7423447961543376827, 0.7515467677202541941, 0.7607487392861705944, 0.7791526824180036170, 0.8527684549453358187, 0.8711723980771688414, 0.8895763412090018640, 0.9263842274726679094, 1.000000000000000000 ),
 .UNSPECIFIED. ) ;
#611 = CARTESIAN_POINT ( 'NONE',  ( 4.759815703703596412, -12.78599078537129863, 14.98100000000000875 ) ) ;
#612 = ORIENTED_EDGE ( 'NONE', *, *, #6644, .T. ) ;
#613 = EDGE_CURVE ( 'NONE', #8194, #2737, #1873, .T. ) ;
#614 = ORIENTED_EDGE ( 'NONE', *, *, #4833, .F. ) ;
#615 = CARTESIAN_POINT ( 'NONE',  ( 9.247596734834997889, 21.62387252909546476, -1.949099999999967414 ) ) ;
#616 = CARTESIAN_POINT ( 'NONE',  ( -13.88357108138302642, -8.312627936532434703, -8.248035969732711692 ) ) ;
#617 = CARTESIAN_POINT ( 'NONE',  ( 3.877830721581886575, -19.94431696524402398, -5.730599999999999916 ) ) ;
#618 = CARTESIAN_POINT ( 'NONE',  ( -12.22416177624211109, -12.17370143561820761, -5.730599999999999028 ) ) ;
#619 = CARTESIAN_POINT ( 'NONE',  ( 5.200199130184060436, 10.68001947348517788, -1.646799054653323546 ) ) ;
#620 = VECTOR ( 'NONE', #95, 1000.000000000000000 ) ;
#621 = EDGE_CURVE ( 'NONE', #6699, #3646, #5969, .T. ) ;
#622 = ORIENTED_EDGE ( 'NONE', *, *, #4943, .F. ) ;
#623 = CARTESIAN_POINT ( 'NONE',  ( 18.53098685648581423, 8.919767864509516642, 3.174999999999999822 ) ) ;
#624 = SURFACE_SIDE_STYLE ('',( #4371 ) ) ;
#625 = CARTESIAN_POINT ( 'NONE',  ( 8.826724387004768246, 14.78346201189047449, 4.779051357549764845 ) ) ;
#626 = LINE ( 'NONE', #7696, #7333 ) ;
#627 = CARTESIAN_POINT ( 'NONE',  ( -48.07305788143925440, 25.91494184312912097, 8.630999999999954042 ) ) ;
#628 = CARTESIAN_POINT ( 'NONE',  ( 1.659424173100458422, -5.766453011389789829, 5.115550220445619800 ) ) ;
#629 = CARTESIAN_POINT ( 'NONE',  ( 17.21994782483924880, 8.021164140500950168, 1.587499999999999911 ) ) ;
#630 = CARTESIAN_POINT ( 'NONE',  ( -14.69498572059985442, 32.80257204133727100, 8.631000000000025096 ) ) ;
#631 = EDGE_CURVE ( 'NONE', #3008, #8194, #6679, .T. ) ;
#632 = CARTESIAN_POINT ( 'NONE',  ( 9.538187996804463609, -14.02390434678332554, 12.55600000000000271 ) ) ;
#633 = ORIENTED_EDGE ( 'NONE', *, *, #3820, .F. ) ;
#634 = EDGE_CURVE ( 'NONE', #3970, #4607, #6031, .T. ) ;
#635 = CARTESIAN_POINT ( 'NONE',  ( -11.60894294004579130, 6.993843075523475505, -7.318099999999999383 ) ) ;
#636 = CARTESIAN_POINT ( 'NONE',  ( 13.88089062061624190, 11.38620787283660007, 0.000000000000000000 ) ) ;
#637 = EDGE_CURVE ( 'NONE', #5810, #4186, #2255, .T. ) ;
#638 = CARTESIAN_POINT ( 'NONE',  ( 20.93663917186206547, -0.9952720431907278176, -15.44909999999999961 ) ) ;
#639 = CARTESIAN_POINT ( 'NONE',  ( 15.95516603052774940, -16.41534318459394726, 14.98100000000015974 ) ) ;
#640 =( NAMED_UNIT ( * ) PLANE_ANGLE_UNIT ( ) SI_UNIT ( $, .RADIAN. ) );
#641 = VECTOR ( 'NONE', #7409, 1000.000000000000114 ) ;
#642 = ORIENTED_EDGE ( 'NONE', *, *, #1739, .F. ) ;
#643 = DIRECTION ( 'NONE',  ( 0.9322399881385087239, -0.3618405788679776580, 0.000000000000000000 ) ) ;
#644 = ORIENTED_EDGE ( 'NONE', *, *, #2393, .T. ) ;
#645 = CARTESIAN_POINT ( 'NONE',  ( -11.03479504990174931, -8.606588811822936336, 14.48100000000000165 ) ) ;
#646 = DIRECTION ( 'NONE',  ( 0.9371590407833580993, -0.3489024681454918064, 0.000000000000000000 ) ) ;
#647 =( BOUNDED_CURVE ( )  B_SPLINE_CURVE ( 3, ( #7210, #6005, #2209, #5361 ),
 .UNSPECIFIED., .F., .T. ) 
 B_SPLINE_CURVE_WITH_KNOTS ( ( 4, 4 ),
 ( 0.000000000000000000, 3.141592653589793116 ),
 .UNSPECIFIED. ) 
 CURVE ( )  GEOMETRIC_REPRESENTATION_ITEM ( )  RATIONAL_B_SPLINE_CURVE ( ( 1.000000000000000000, 0.3333333333333333703, 0.3333333333333333703, 1.000000000000000000 ) ) 
 REPRESENTATION_ITEM ( '' )  );
#648 = CARTESIAN_POINT ( 'NONE',  ( 10.55961939193169918, 21.13540907369177546, -1.949099999999967636 ) ) ;
#649 = CARTESIAN_POINT ( 'NONE',  ( -25.19530689742510177, -5.040814917066635203, 11.80600000000000094 ) ) ;
#650 = CARTESIAN_POINT ( 'NONE',  ( 5.440307791095294832, 5.366143107122104183, -3.172694413960010174 ) ) ;
#651 = CARTESIAN_POINT ( 'NONE',  ( -3.030030175635520795, -10.74447544034259749, 9.416435412949244466 ) ) ;
#652 = VERTEX_POINT ( 'NONE', #7343 ) ;
#653 = CARTESIAN_POINT ( 'NONE',  ( -11.07401879615060025, 9.353238989535521242, -8.905599999999999739 ) ) ;
#654 = CARTESIAN_POINT ( 'NONE',  ( -3.416773536141994416, 8.803941065494843343, -7.422930806097530976 ) ) ;
#655 = CARTESIAN_POINT ( 'NONE',  ( -15.57866434210753859, -4.311652408230320255, -8.905600000000001515 ) ) ;
#656 = CARTESIAN_POINT ( 'NONE',  ( 4.445937123713863848, 4.033770071999042806, 7.441733250730065308 ) ) ;
#657 = CARTESIAN_POINT ( 'NONE',  ( -8.075426939930995474, -18.89025876392011583, 1.587499999999999689 ) ) ;
#658 = LINE ( 'NONE', #4444, #1018 ) ;
#659 = VERTEX_POINT ( 'NONE', #1588 ) ;
#660 = EDGE_LOOP ( 'NONE', ( #5513, #6783, #2353, #5735, #3862 ) ) ;
#661 = ORIENTED_EDGE ( 'NONE', *, *, #6427, .F. ) ;
#662 = CARTESIAN_POINT ( 'NONE',  ( 1.759916674635157552, 10.85446673156586783, 2.517435969732711776 ) ) ;
#663 = CARTESIAN_POINT ( 'NONE',  ( 0.1640667450604296196, 11.45798181693728246, 8.631000000000000227 ) ) ;
#664 = CARTESIAN_POINT ( 'NONE',  ( 4.565458976127893642, -12.74065372056012357, 10.21850000016612192 ) ) ;
#665 = CARTESIAN_POINT ( 'NONE',  ( -5.603345093216948847, -10.05485579300198928, 12.55599999790798549 ) ) ;
#666 = CARTESIAN_POINT ( 'NONE',  ( -21.91443029615336613, 36.00304555153040553, 8.630999999999989569 ) ) ;
#667 = CARTESIAN_POINT ( 'NONE',  ( 5.841581505879230640, 6.239454952369886342, -8.779733529586435381 ) ) ;
#668 = CARTESIAN_POINT ( 'NONE',  ( -11.11513831576380973, -2.846000725366038431, 8.631000000000000227 ) ) ;
#669 = CARTESIAN_POINT ( 'NONE',  ( -4.453473749772172141, -8.710837770988907991, 8.631000000000000227 ) ) ;
#670 = EDGE_CURVE ( 'NONE', #4893, #3319, #971, .T. ) ;
#671 = ORIENTED_EDGE ( 'NONE', *, *, #4112, .T. ) ;
#672 = CARTESIAN_POINT ( 'NONE',  ( -10.21135826824090209, -4.292784631358305347, -5.730599999999999028 ) ) ;
#673 = EDGE_LOOP ( 'NONE', ( #129, #4649, #1264, #5079 ) ) ;
#674 = DIRECTION ( 'NONE',  ( 0.9371590407833585434, -0.3489024681454908627, 0.000000000000000000 ) ) ;
#675 = CARTESIAN_POINT ( 'NONE',  ( 5.189308681815778534, 8.702572947308812701, -3.170147308041299183 ) ) ;
#676 = CARTESIAN_POINT ( 'NONE',  ( -9.311884644447030013, 8.519060930577110113, -5.730599999999998140 ) ) ;
#677 = CARTESIAN_POINT ( 'NONE',  ( 13.16981931603524814, -13.16666720972293803, 14.98099999999976539 ) ) ;
#678 = CARTESIAN_POINT ( 'NONE',  ( 16.99088427316201333, 8.327515528459253247, 0.000000000000000000 ) ) ;
#679 = AXIS2_PLACEMENT_3D ( 'NONE', #800, #333, #5282 ) ;
#680 = CARTESIAN_POINT ( 'NONE',  ( 26.83599368920614125, -0.1661615928965727573, 14.48099999999999987 ) ) ;
#681 = VERTEX_POINT ( 'NONE', #2134 ) ;
#682 = CARTESIAN_POINT ( 'NONE',  ( -12.45260510950008559, -9.618601123487151128, 1.587499999999999911 ) ) ;
#683 = APPLICATION_CONTEXT ( 'automotive_design' ) ;
#684 = AXIS2_PLACEMENT_3D ( 'NONE', #1676, #6138, #387 ) ;
#685 = AXIS2_PLACEMENT_3D ( 'NONE', #908, #6029, #226 ) ;
#686 = CARTESIAN_POINT ( 'NONE',  ( 4.759815703703596412, -12.78599078537129863, 10.21850059711605319 ) ) ;
#687 = CARTESIAN_POINT ( 'NONE',  ( 0.3806793846580737162, -16.23688503106220438, 3.174999999999998934 ) ) ;
#688 = CARTESIAN_POINT ( 'NONE',  ( 25.48455371229664124, 12.54643094582652729, 11.80599999999999739 ) ) ;
#689 = CARTESIAN_POINT ( 'NONE',  ( -8.317659564491716395, -17.05880492909819068, -7.318099999999999383 ) ) ;
#690 = CARTESIAN_POINT ( 'NONE',  ( 0.000000000000000000, 0.000000000000000000, 3.756000000000000671 ) ) ;
#691 = EDGE_CURVE ( 'NONE', #6449, #53, #261, .T. ) ;
#692 = AXIS2_PLACEMENT_3D ( 'NONE', #3203, #5825, #7738 ) ;
#693 = CARTESIAN_POINT ( 'NONE',  ( -23.43310772915992146, 34.30224345088092974, 14.98099999999999632 ) ) ;
#694 = CARTESIAN_POINT ( 'NONE',  ( 2.500000000000000000, 3.217335817602823185E-16, -8.560583766206715239 ) ) ;
#695 = ORIENTED_EDGE ( 'NONE', *, *, #5916, .F. ) ;
#696 = CARTESIAN_POINT ( 'NONE',  ( -7.112245950766992841, 10.77304874619616193, -8.905599999999999739 ) ) ;
#697 = CARTESIAN_POINT ( 'NONE',  ( -15.07311084845964899, -1.246108911772130901, -8.248035969732711692 ) ) ;
#698 = DIRECTION ( 'NONE',  ( -0.000000000000000000, -0.000000000000000000, -1.000000000000000000 ) ) ;
#699 = CIRCLE ( 'NONE', #3625, 0.6499999999999991340 ) ;
#700 = FACE_OUTER_BOUND ( 'NONE', #2572, .T. ) ;
#701 = CARTESIAN_POINT ( 'NONE',  ( 16.26006794873448769, 1.166378918243364371, -8.248035969732711692 ) ) ;
#702 = CARTESIAN_POINT ( 'NONE',  ( 0.000000000000000000, 0.000000000000000000, -8.949100000000001387 ) ) ;
#703 = ORIENTED_EDGE ( 'NONE', *, *, #1230, .F. ) ;
#704 = VECTOR ( 'NONE', #4215, 999.9999999999998863 ) ;
#705 = ORIENTED_EDGE ( 'NONE', *, *, #4702, .T. ) ;
#706 = VERTEX_POINT ( 'NONE', #4168 ) ;
#707 = CARTESIAN_POINT ( 'NONE',  ( 2.103104905580117201, 12.02092821337582329, 3.174999999999999822 ) ) ;
#708 = FACE_BOUND ( 'NONE', #5142, .T. ) ;
#709 = CARTESIAN_POINT ( 'NONE',  ( -23.43310772915992146, 34.30224345088092974, 8.630999999999993122 ) ) ;
#710 = FACE_OUTER_BOUND ( 'NONE', #5447, .T. ) ;
#711 = VECTOR ( 'NONE', #3918, 1000.000000000000114 ) ;
#712 = CARTESIAN_POINT ( 'NONE',  ( -9.599430291588570086, -7.402616337826811055, 8.631000000000000227 ) ) ;
#713 = PLANE ( 'NONE',  #3092 ) ;
#714 = CARTESIAN_POINT ( 'NONE',  ( -7.798979200892635077, -18.14620677803258886, 2.962316083380589937 ) ) ;
#715 = CARTESIAN_POINT ( 'NONE',  ( -16.48266611867316556, 32.85587203522655386, 8.630999999999989569 ) ) ;
#716 = CARTESIAN_POINT ( 'NONE',  ( -8.075920189769499657, -18.89007583987516981, 3.174999999999999822 ) ) ;
#717 = ORIENTED_EDGE ( 'NONE', *, *, #3741, .T. ) ;
#718 = CYLINDRICAL_SURFACE ( 'NONE', #416, 1.399999999999999911 ) ;
#719 = CARTESIAN_POINT ( 'NONE',  ( -8.864050803140843371, -2.553467471521255305, 0.000000000000000000 ) ) ;
#720 = CARTESIAN_POINT ( 'NONE',  ( 8.110213314787003469, -12.05396096807256434, 14.98100000000000520 ) ) ;
#721 = CARTESIAN_POINT ( 'NONE',  ( 14.75978777145523679, 10.72079452680211809, 0.000000000000000000 ) ) ;
#722 = CARTESIAN_POINT ( 'NONE',  ( 6.357654243826428520, -13.22022808459496623, 10.21850000016612192 ) ) ;
#723 = CARTESIAN_POINT ( 'NONE',  ( -9.853225687246998987, -3.809484351456501994, 1.587499999999999911 ) ) ;
#724 = ORIENTED_EDGE ( 'NONE', *, *, #2926, .T. ) ;
#725 = CARTESIAN_POINT ( 'NONE',  ( -4.229680485270201906, 3.331080792520063838, -8.392798589917475082E-26 ) ) ;
#726 = CARTESIAN_POINT ( 'NONE',  ( -12.33374862152254714, -13.86486266932845446, 3.174999999999999822 ) ) ;
#727 = DIRECTION ( 'NONE',  ( 0.9371590407833585434, -0.3489024681454908627, 0.000000000000000000 ) ) ;
#728 = CARTESIAN_POINT ( 'NONE',  ( -14.94984990498404542, 0.4166052085571269048, -7.318099999999999383 ) ) ;
#729 = CARTESIAN_POINT ( 'NONE',  ( 18.95516000675702628, 22.39092315294194435, 11.80600000000099215 ) ) ;
#730 = CARTESIAN_POINT ( 'NONE',  ( 23.33091368197174020, 13.91566868371786825, 13.39349904687931669 ) ) ;
#731 = DIRECTION ( 'NONE',  ( 0.000000000000000000, 0.000000000000000000, 1.000000000000000000 ) ) ;
#732 = CARTESIAN_POINT ( 'NONE',  ( 5.916536652522055739, 5.181298920567252608, -2.650422098884566591 ) ) ;
#733 = PLANE ( 'NONE',  #1897 ) ;
#734 = B_SPLINE_CURVE_WITH_KNOTS ( 'NONE', 3,
 ( #2049, #1466, #245, #4541, #4626, #1428, #5880, #7831, #7091, #5966, #164, #4669 ),
 .UNSPECIFIED., .F., .F.,
 ( 4, 2, 2, 2, 2, 4 ),
 ( 0.000000000000000000, 0.0004714275234690049163, 0.0009428550469380098326, 0.001414282570407014803, 0.001649996332141517559, 0.001885710093876020533 ),
 .UNSPECIFIED. ) ;
#735 = VERTEX_POINT ( 'NONE', #3422 ) ;
#736 = EDGE_CURVE ( 'NONE', #3319, #4186, #2841, .T. ) ;
#737 = CARTESIAN_POINT ( 'NONE',  ( 20.95137045697978451, -0.4062286305607774040, -8.905599999999999739 ) ) ;
#738 = CARTESIAN_POINT ( 'NONE',  ( -6.023209881023759316, 9.282090537204314984, -8.248035969732711692 ) ) ;
#739 = CARTESIAN_POINT ( 'NONE',  ( 9.144517133130040776, -13.92961174789073020, 11.05600000000000271 ) ) ;
#740 = ADVANCED_FACE ( 'NONE', ( #4629 ), #6707, .F. ) ;
#741 = ADVANCED_FACE ( 'NONE', ( #6094 ), #382, .F. ) ;
#742 = DIRECTION ( 'NONE',  ( -0.9371590407833582104, 0.3489024681454916954, -0.000000000000000000 ) ) ;
#743 = CARTESIAN_POINT ( 'NONE',  ( 8.149522080654088896, 11.78569929451374065, -0.9680207134903850985 ) ) ;
#744 = ORIENTED_EDGE ( 'NONE', *, *, #2040, .F. ) ;
#745 = ORIENTED_EDGE ( 'NONE', *, *, #4597, .F. ) ;
#746 = ORIENTED_EDGE ( 'NONE', *, *, #2854, .F. ) ;
#747 = CIRCLE ( 'NONE', #6866, 18.51621113172978639 ) ;
#748 = CARTESIAN_POINT ( 'NONE',  ( 18.20106254745319418, 7.719823251914442963, 3.174999999999999822 ) ) ;
#749 = CARTESIAN_POINT ( 'NONE',  ( -12.47744904881246519, -10.52474516614557665, 0.000000000000000000 ) ) ;
#750 = DIRECTION ( 'NONE',  ( 6.453308069673872516E-17, 1.000000000000000000, -2.220446049250313574E-16 ) ) ;
#751 = CARTESIAN_POINT ( 'NONE',  ( 0.000000000000000000, 0.000000000000000000, 8.631000000000000227 ) ) ;
#752 = CARTESIAN_POINT ( 'NONE',  ( 27.22101982593339287, 6.353276422773165066, 8.630999999999994898 ) ) ;
#753 = FACE_BOUND ( 'NONE', #1833, .T. ) ;
#754 = CARTESIAN_POINT ( 'NONE',  ( 0.3806793846580737162, -16.23688503106220438, 7.043499999999998984 ) ) ;
#755 = CARTESIAN_POINT ( 'NONE',  ( 20.73429099352363991, 15.02051468739542806, 8.630999999999994898 ) ) ;
#756 = VERTEX_POINT ( 'NONE', #7913 ) ;
#757 = AXIS2_PLACEMENT_3D ( 'NONE', #7492, #1164, #1784 ) ;
#758 = CARTESIAN_POINT ( 'NONE',  ( -3.436661080088561526, 8.811300223595567971, -7.318099999999999383 ) ) ;
#759 = CARTESIAN_POINT ( 'NONE',  ( 9.078515298931414179, 14.76105214605738603, 7.189058203406307079 ) ) ;
#760 = DIRECTION ( 'NONE',  ( -0.000000000000000000, -0.000000000000000000, -1.000000000000000000 ) ) ;
#761 = CARTESIAN_POINT ( 'NONE',  ( -6.023209881023760204, 9.282090537204314984, -5.730599999999998140 ) ) ;
#762 = CARTESIAN_POINT ( 'NONE',  ( 25.59606568476176136, -4.805342444251015088, 14.98099999999996790 ) ) ;
#763 = DIRECTION ( 'NONE',  ( 0.000000000000000000, 0.000000000000000000, -1.000000000000000000 ) ) ;
#764 = CARTESIAN_POINT ( 'NONE',  ( 6.271079697599684089, 13.14024467270543894, 0.000000000000000000 ) ) ;
#765 = DIRECTION ( 'NONE',  ( 0.000000000000000000, 0.000000000000000000, -1.000000000000000000 ) ) ;
#766 = VERTEX_POINT ( 'NONE', #4084 ) ;
#767 = CARTESIAN_POINT ( 'NONE',  ( -11.77593238460976011, -5.576231961186020492, 3.174999999999999822 ) ) ;
#768 = FACE_OUTER_BOUND ( 'NONE', #5426, .T. ) ;
#769 = CARTESIAN_POINT ( 'NONE',  ( -3.405855749582381797, 8.799896514024602823, 0.000000000000000000 ) ) ;
#770 = CARTESIAN_POINT ( 'NONE',  ( 4.129204452618851384, 5.875036728751322102, -0.7343303215799467099 ) ) ;
#771 = PLANE ( 'NONE',  #7650 ) ;
#772 = EDGE_CURVE ( 'NONE', #5981, #7322, #931, .T. ) ;
#773 = CARTESIAN_POINT ( 'NONE',  ( 5.126141493742269795, 5.488084086723207022, -3.312297676371089850 ) ) ;
#774 = ORIENTED_EDGE ( 'NONE', *, *, #2270, .T. ) ;
#775 = CARTESIAN_POINT ( 'NONE',  ( 17.23119601743744411, -16.31721190939495614, 11.80600000000000449 ) ) ;
#776 = CARTESIAN_POINT ( 'NONE',  ( -5.462015592765184557, 9.269133915182298011, -8.248035969732711692 ) ) ;
#777 = CARTESIAN_POINT ( 'NONE',  ( -10.85745331887101450, 7.643518400254407652, -5.730600000000000804 ) ) ;
#778 = CARTESIAN_POINT ( 'NONE',  ( -1.447615242865005314, -21.14772114095298150, -12.77410000000000068 ) ) ;
#779 = CARTESIAN_POINT ( 'NONE',  ( 16.80517172185174601, 2.673386434691257918, -8.905600000000001515 ) ) ;
#780 = ORIENTED_EDGE ( 'NONE', *, *, #2600, .T. ) ;
#781 = ORIENTED_EDGE ( 'NONE', *, *, #7126, .T. ) ;
#782 = VERTEX_POINT ( 'NONE', #6555 ) ;
#783 = CARTESIAN_POINT ( 'NONE',  ( 7.088975582700504319, 14.81978978667507896, 3.174999999999999822 ) ) ;
#784 = CYLINDRICAL_SURFACE ( 'NONE', #4228, 2.500000000000000000 ) ;
#785 = CIRCLE ( 'NONE', #6253, 1.399999999999999689 ) ;
#786 = EDGE_CURVE ( 'NONE', #1140, #7302, #3774, .T. ) ;
#787 = CARTESIAN_POINT ( 'NONE',  ( -12.32826802965615087, -11.79569405646802771, 0.000000000000000000 ) ) ;
#788 = CARTESIAN_POINT ( 'NONE',  ( -8.940015150338160410, -9.243803669068361373, 12.55599999790798371 ) ) ;
#789 = CARTESIAN_POINT ( 'NONE',  ( -14.51444827866881049, 35.97823366288712776, 8.631000000000025096 ) ) ;
#790 = CARTESIAN_POINT ( 'NONE',  ( 5.240589813683824261, 6.095271215499771245, -8.568318753245284469 ) ) ;
#791 = CARTESIAN_POINT ( 'NONE',  ( -4.229680485269870616, 3.331080792519784506, 1.587499999999999911 ) ) ;
#792 = CARTESIAN_POINT ( 'NONE',  ( -20.13484170071160761, 36.03706295988247632, 8.630999999999989569 ) ) ;
#793 = B_SPLINE_CURVE_WITH_KNOTS ( 'NONE', 3,
 ( #4880, #1103, #255, #2803, #2302, #4176, #6768, #6058, #7350, #3467, #1059, #2182, #3599, #8051, #5411, #4718 ),
 .UNSPECIFIED., .F., .F.,
 ( 4, 2, 2, 2, 2, 2, 2, 4 ),
 ( 0.007065772967428272586, 0.007477014182383481290, 0.007888255397338689995, 0.008299496612293897832, 0.008710737827249107404, 0.009121979042204315241, 0.009533220257159524813, 0.01035570268706994222 ),
 .UNSPECIFIED. ) ;
#794 = ORIENTED_EDGE ( 'NONE', *, *, #2026, .F. ) ;
#795 = EDGE_LOOP ( 'NONE', ( #6533, #4213, #1460, #4020 ) ) ;
#796 = EDGE_CURVE ( 'NONE', #3178, #5646, #4834, .T. ) ;
#797 = CARTESIAN_POINT ( 'NONE',  ( 2.966305151781300609, -1.859610857965932285, -11.01671850008084697 ) ) ;
#798 = CARTESIAN_POINT ( 'NONE',  ( 9.576030397964620633, 14.69880528022394373, 6.515617926179522179 ) ) ;
#799 = LINE ( 'NONE', #2753, #7197 ) ;
#800 = CARTESIAN_POINT ( 'NONE',  ( -7.522720095244588734, -17.40266146616515641, -6.524349999968759306 ) ) ;
#801 = CARTESIAN_POINT ( 'NONE',  ( 2.229183074677309140, -13.76562875766001959, 14.98100000000000520 ) ) ;
#802 = CARTESIAN_POINT ( 'NONE',  ( -1.167964022931912371, -20.39657234450162093, 2.966865243761839910 ) ) ;
#803 = CARTESIAN_POINT ( 'NONE',  ( 27.37904200591419723, -3.814507035455043216, 14.98100000000000165 ) ) ;
#804 = CARTESIAN_POINT ( 'NONE',  ( 26.70411030644963191, 0.5000000000000003331, 14.48099999999999987 ) ) ;
#805 = ORIENTED_EDGE ( 'NONE', *, *, #5235, .F. ) ;
#806 = CARTESIAN_POINT ( 'NONE',  ( -14.04148291109211222, -9.487055400407484740, 3.174999999999999822 ) ) ;
#807 = CARTESIAN_POINT ( 'NONE',  ( 20.92266734777798476, -0.7550195714615781650, -8.905600000000001515 ) ) ;
#808 = CARTESIAN_POINT ( 'NONE',  ( -14.66956674034015862, -5.694116509850370988, 0.000000000000000000 ) ) ;
#809 = CARTESIAN_POINT ( 'NONE',  ( 4.565458968152779740, -12.74065375098221331, 14.19749340560390038 ) ) ;
#810 = CYLINDRICAL_SURFACE ( 'NONE', #1366, 1.587499999457718136 ) ;
#811 = CARTESIAN_POINT ( 'NONE',  ( 12.16856079579352645, -14.54943197970156454, 10.21850029855793807 ) ) ;
#812 = DIRECTION ( 'NONE',  ( 0.000000000000000000, 0.000000000000000000, -1.000000000000000000 ) ) ;
#813 = VERTEX_POINT ( 'NONE', #553 ) ;
#814 = AXIS2_PLACEMENT_3D ( 'NONE', #457, #8035, #1043 ) ;
#815 = ORIENTED_EDGE ( 'NONE', *, *, #5539, .F. ) ;
#816 = EDGE_CURVE ( 'NONE', #8233, #6804, #2042, .T. ) ;
#817 = CARTESIAN_POINT ( 'NONE',  ( -43.06915103936022149, 31.30670315768118428, 11.80599999999999383 ) ) ;
#818 = CARTESIAN_POINT ( 'NONE',  ( -1.868502313221984235, -15.39951910751302577, -12.77410000000000068 ) ) ;
#819 = CARTESIAN_POINT ( 'NONE',  ( -12.45260510950008559, -9.618601123487151128, 1.587499999999999911 ) ) ;
#820 = CARTESIAN_POINT ( 'NONE',  ( 19.19388020385667204, -0.6398805656839486877, 0.000000000000000000 ) ) ;
#821 = CARTESIAN_POINT ( 'NONE',  ( 19.34913917186174004, 1.726690403717615174, 1.587499999999999911 ) ) ;
#822 = AXIS2_PLACEMENT_3D ( 'NONE', #6660, #4197, #4654 ) ;
#823 = EDGE_LOOP ( 'NONE', ( #932, #4774, #4098, #3195, #6263, #4558 ) ) ;
#824 = ORIENTED_EDGE ( 'NONE', *, *, #6434, .T. ) ;
#825 = VERTEX_POINT ( 'NONE', #3756 ) ;
#826 = CIRCLE ( 'NONE', #2018, 1.984375000000000000 ) ;
#827 = FACE_OUTER_BOUND ( 'NONE', #4507, .T. ) ;
#828 = CARTESIAN_POINT ( 'NONE',  ( -12.41715518630598503, -9.300817427404961535, -5.730599999999991923 ) ) ;
#829 = CARTESIAN_POINT ( 'NONE',  ( 2.980599591960609640, 0.5000000000000018874, 14.48099999999999987 ) ) ;
#830 = CARTESIAN_POINT ( 'NONE',  ( -5.418058252156181531, -9.328021996280893902, 11.80600000000000271 ) ) ;
#831 = CARTESIAN_POINT ( 'NONE',  ( -48.86279541950757732, 23.23735313982344408, 11.80599999999999383 ) ) ;
#832 = DIRECTION ( 'NONE',  ( 0.3504656481681979741, 0.9365755866207727820, 0.000000000000000000 ) ) ;
#833 = CARTESIAN_POINT ( 'NONE',  ( 2.522652101162977889, 6.498606346870407613, -7.318099999999999383 ) ) ;
#834 = CARTESIAN_POINT ( 'NONE',  ( 28.77451289708931981, -5.204147292516262624, 8.631000000000032202 ) ) ;
#835 = CARTESIAN_POINT ( 'NONE',  ( 11.41814862264508257, -14.43180207524542702, 12.55600000000000271 ) ) ;
#836 = ORIENTED_EDGE ( 'NONE', *, *, #5572, .T. ) ;
#837 = B_SPLINE_CURVE_WITH_KNOTS ( 'NONE', 3,
 ( #1088, #6794, #2421, #4951, #7503, #3629, #1705, #4869, #5525, #8079, #1214, #1796, #3125, #625, #8208, #1257, #3164, #8243, #4334, #4248, #6172, #3000 ),
 .UNSPECIFIED., .F., .F.,
 ( 4, 2, 2, 2, 2, 2, 2, 2, 2, 2, 4 ),
 ( 0.004512892513447936196, 0.005076374935678322833, 0.005358116146793517019, 0.005639857357908710338, 0.006766822202369485346, 0.007048563413484680400, 0.007330304624599875453, 0.007612045835715070506, 0.007893787046830264692, 0.008457269469060653064, 0.009020751891291041435 ),
 .UNSPECIFIED. ) ;
#838 = ORIENTED_EDGE ( 'NONE', *, *, #3131, .T. ) ;
#839 = CARTESIAN_POINT ( 'NONE',  ( 0.8315909071397578067, -3.658920278073854337, -11.27448438654862706 ) ) ;
#840 = CARTESIAN_POINT ( 'NONE',  ( 7.009179143205034102, 14.78474063595335330, 6.921120147528398547 ) ) ;
#841 = CARTESIAN_POINT ( 'NONE',  ( 5.874447809818361677, -21.54342603156560898, 0.7937499999999999556 ) ) ;
#842 = CARTESIAN_POINT ( 'NONE',  ( 19.34913917186174359, 1.726690403594009160, 1.587499999999999911 ) ) ;
#843 = CARTESIAN_POINT ( 'NONE',  ( -45.15773347201726295, 24.57605692322762181, 11.80599999999999383 ) ) ;
#845 = ADVANCED_FACE ( 'NONE', ( #1138 ), #2428, .F. ) ;
#844 = CARTESIAN_POINT ( 'NONE',  ( 0.9341915172622992092, 9.969659235883677084, 1.998107442306573223 ) ) ;
#846 = EDGE_CURVE ( 'NONE', #1371, #7825, #4212, .T. ) ;
#847 = CARTESIAN_POINT ( 'NONE',  ( -3.585675646931240301, -8.948570147269911956, 14.98099999999999454 ) ) ;
#848 = CARTESIAN_POINT ( 'NONE',  ( 8.251932405013249650, -13.70983171862235572, 10.21850000016612192 ) ) ;
#849 = DIRECTION ( 'NONE',  ( -5.463695987328524465E-16, -0.000000000000000000, -1.000000000000000000 ) ) ;
#850 = ORIENTED_EDGE ( 'NONE', *, *, #670, .F. ) ;
#851 = CARTESIAN_POINT ( 'NONE',  ( -8.825214408935632804, -16.80551438950678289, 1.587499999999999911 ) ) ;
#852 = FACE_OUTER_BOUND ( 'NONE', #7272, .T. ) ;
#853 =( BOUNDED_SURFACE ( )  B_SPLINE_SURFACE ( 3, 3, ( 
 ( #7538, #1834, #1212, #1255, #6496, #6418, #1916, #5738, #4450, #783, #4525, #6994, #5183, #35, #1294, #5227, #7076, #5780, #2614, #2696, #3162, #623, #2575, #1951, #5104, #5696, #3282, #3785 ),
 ( #5819, #3321, #1412, #707, #3904, #1373, #7772, #3941, #7651, #108, #7692, #2074, #8240, #6336, #5861, #2536, #6459, #73, #3824, #3197, #7115, #3243, #748, #150, #6375, #7733, #6957, #2032 ),
 ( #4568, #5069, #662, #7033, #1990, #7613, #4489, #5143, #1330, #3863, #5909, #8019, #4021, #2117, #4811, #1068, #6573, #2739, #5418, #397, #3523, #6194, #7815, #7195, #984, #6534, #3649, #3566 ),
 ( #6778, #6066, #4652, #6111, #6732, #355, #1491, #3607, #1027, #480, #2938, #5464, #2312, #2894, #4850, #1451, #190, #7398, #2358, #1687, #4227, #6153, #1647, #7968, #1111, #5547, #2269, #441 ) ),
 .UNSPECIFIED., .F., .F., .T. ) 
 B_SPLINE_SURFACE_WITH_KNOTS ( ( 4, 4 ),
 ( 4, 2, 2, 2, 2, 2, 2, 2, 2, 2, 2, 2, 2, 4 ),
 ( 0.000000000000000000, 1.000000000000000000 ),
 ( 0.000000000000000000, 0.06879089441601586585, 0.1238236099496764914, 0.1926145043665161705, 0.2614053987832659631, 0.3439544720834166180, 0.4127453665001959426, 0.4815362609169593910, 0.5640853342174033669, 0.6328762286338756038, 0.7154253019340063302, 0.7979743752341311724, 0.8667652696509180466, 1.000000000000000000 ),
 .UNSPECIFIED. ) 
 GEOMETRIC_REPRESENTATION_ITEM ( )  RATIONAL_B_SPLINE_SURFACE ( (
 ( 1.000000000000000000, 1.000000000000000000, 1.000000000000000000, 1.000000000000000000, 1.000000000000000000, 1.000000000000000000, 1.000000000000000000, 1.000000000000000000, 1.000000000000000000, 1.000000000000000000, 1.000000000000000000, 1.000000000000000000, 1.000000000000000000, 1.000000000000000000, 1.000000000000000000, 1.000000000000000000, 1.000000000000000000, 1.000000000000000000, 1.000000000000000000, 1.000000000000000000, 1.000000000000000000, 1.000000000000000000, 1.000000000000000000, 1.000000000000000000, 1.000000000000000000, 1.000000000000000000, 1.000000000000000000, 1.000000000000000000),
 ( 0.8047378541243649375, 0.8047378541243649375, 0.8047378541243649375, 0.8047378541243649375, 0.8047378541243649375, 0.8047378541243649375, 0.8047378541243649375, 0.8047378541243649375, 0.8047378541243649375, 0.8047378541243649375, 0.8047378541243649375, 0.8047378541243649375, 0.8047378541243649375, 0.8047378541243649375, 0.8047378541243649375, 0.8047378541243649375, 0.8047378541243649375, 0.8047378541243649375, 0.8047378541243649375, 0.8047378541243649375, 0.8047378541243649375, 0.8047378541243649375, 0.8047378541243649375, 0.8047378541243649375, 0.8047378541243649375, 0.8047378541243649375, 0.8047378541243649375, 0.8047378541243649375),
 ( 0.8047378541243649375, 0.8047378541243649375, 0.8047378541243649375, 0.8047378541243649375, 0.8047378541243649375, 0.8047378541243649375, 0.8047378541243649375, 0.8047378541243649375, 0.8047378541243649375, 0.8047378541243649375, 0.8047378541243649375, 0.8047378541243649375, 0.8047378541243649375, 0.8047378541243649375, 0.8047378541243649375, 0.8047378541243649375, 0.8047378541243649375, 0.8047378541243649375, 0.8047378541243649375, 0.8047378541243649375, 0.8047378541243649375, 0.8047378541243649375, 0.8047378541243649375, 0.8047378541243649375, 0.8047378541243649375, 0.8047378541243649375, 0.8047378541243649375, 0.8047378541243649375),
 ( 1.000000000000000000, 1.000000000000000000, 1.000000000000000000, 1.000000000000000000, 1.000000000000000000, 1.000000000000000000, 1.000000000000000000, 1.000000000000000000, 1.000000000000000000, 1.000000000000000000, 1.000000000000000000, 1.000000000000000000, 1.000000000000000000, 1.000000000000000000, 1.000000000000000000, 1.000000000000000000, 1.000000000000000000, 1.000000000000000000, 1.000000000000000000, 1.000000000000000000, 1.000000000000000000, 1.000000000000000000, 1.000000000000000000, 1.000000000000000000, 1.000000000000000000, 1.000000000000000000, 1.000000000000000000, 1.000000000000000000) ) ) 
 REPRESENTATION_ITEM ( '' )  SURFACE ( )  );
#854 = CARTESIAN_POINT ( 'NONE',  ( -15.07851313103464896, -2.245596035779637401, 0.000000000000000000 ) ) ;
#855 = CARTESIAN_POINT ( 'NONE',  ( -14.51444827866959209, 35.97823366288712776, 11.80599999999999206 ) ) ;
#856 = CARTESIAN_POINT ( 'NONE',  ( -5.827231276178006070, -19.72725758890293690, 8.631000000000000227 ) ) ;
#857 =( BOUNDED_CURVE ( )  B_SPLINE_CURVE ( 3, ( #178, #7635, #7762, #5721 ),
 .UNSPECIFIED., .F., .T. ) 
 B_SPLINE_CURVE_WITH_KNOTS ( ( 4, 4 ),
 ( 3.141592653589793116, 6.283185307179586232 ),
 .UNSPECIFIED. ) 
 CURVE ( )  GEOMETRIC_REPRESENTATION_ITEM ( )  RATIONAL_B_SPLINE_CURVE ( ( 1.000000000000000000, 0.3333333333333333703, 0.3333333333333333703, 1.000000000000000000 ) ) 
 REPRESENTATION_ITEM ( '' )  );
#858 = DIRECTION ( 'NONE',  ( 0.3618405788679777690, 0.9322399881385087239, 0.000000000000000000 ) ) ;
#859 = CARTESIAN_POINT ( 'NONE',  ( 9.950466015422522403, 21.36219567798634955, -1.949099999999974520 ) ) ;
#860 = CARTESIAN_POINT ( 'NONE',  ( 4.730527432293561318, 14.43189337509942582, 3.174999999999999822 ) ) ;
#861 = ORIENTED_EDGE ( 'NONE', *, *, #198, .F. ) ;
#862 = ORIENTED_EDGE ( 'NONE', *, *, #1819, .T. ) ;
#863 = CARTESIAN_POINT ( 'NONE',  ( -20.13484170071160406, 36.03706295988247632, 11.80599999999999206 ) ) ;
#864 = CARTESIAN_POINT ( 'NONE',  ( -3.768694984131208514, 9.622365505332130198, -8.905600000000001515 ) ) ;
#865 = CARTESIAN_POINT ( 'NONE',  ( -7.995319230445503855, -17.21320990794778538, 1.587499999999999911 ) ) ;
#866 = CARTESIAN_POINT ( 'NONE',  ( -8.363699806147399940, -18.78337021161932086, 3.174999999999999822 ) ) ;
#867 = CARTESIAN_POINT ( 'NONE',  ( 4.289051226172818865, 12.53125708338927602, -5.730599999999999028 ) ) ;
#868 = VERTEX_POINT ( 'NONE', #6802 ) ;
#869 = VECTOR ( 'NONE', #3910, 1000.000000000000114 ) ;
#870 = ORIENTED_EDGE ( 'NONE', *, *, #6855, .T. ) ;
#871 = B_SPLINE_CURVE_WITH_KNOTS ( 'NONE', 3,
 ( #3870, #1456, #5190, #5914, #667, #2079, #6540, #790, #3909, #7081, #7698, #4615, #3287, #2701, #1497, #5784, #5868, #2658 ),
 .UNSPECIFIED., .F., .F.,
 ( 4, 2, 2, 2, 2, 2, 2, 2, 4 ),
 ( 1.490785147395119139E-05, 0.0004123920753832845533, 0.0008098762992926179880, 0.001207360523201951369, 0.001604844747111284749, 0.002002328971020617913, 0.002399813194929951293, 0.002797297418839284674, 0.003194781642748618054 ),
 .UNSPECIFIED. ) ;
#872 = CARTESIAN_POINT ( 'NONE',  ( 7.658851284321145592, 16.01893760240809783, -8.905599999999997962 ) ) ;
#873 = CARTESIAN_POINT ( 'NONE',  ( -10.33883036024820257, -3.438875992665115344, 2.855986165758856998 ) ) ;
#874 = CARTESIAN_POINT ( 'NONE',  ( -8.008001248791451587, -8.700422693099609361, 11.80600000000000094 ) ) ;
#875 = CARTESIAN_POINT ( 'NONE',  ( -21.91443029615336613, 36.00304555153040553, 11.80599999999999206 ) ) ;
#876 = CARTESIAN_POINT ( 'NONE',  ( -8.830975650700645829, -18.58588475161199938, -15.44910000000000139 ) ) ;
#877 = CARTESIAN_POINT ( 'NONE',  ( 4.565458968152779740, -12.74065375098223285, 13.39349999983421569 ) ) ;
#878 = EDGE_CURVE ( 'NONE', #4351, #2429, #6973, .T. ) ;
#879 = CARTESIAN_POINT ( 'NONE',  ( 7.290481762829307044, -15.12270843337942949, 8.631000000000000227 ) ) ;
#880 = VECTOR ( 'NONE', #2394, 1000.000000000000000 ) ;
#881 = ADVANCED_FACE ( 'NONE', ( #1712 ), #4063, .F. ) ;
#882 = ORIENTED_EDGE ( 'NONE', *, *, #519, .F. ) ;
#883 = CARTESIAN_POINT ( 'NONE',  ( 19.34890321087421583, -0.9952133531469556926, -7.318099999999999383 ) ) ;
#884 = DIRECTION ( 'NONE',  ( 0.9371590407833577663, -0.3489024681454928611, 0.000000000000000000 ) ) ;
#885 = CARTESIAN_POINT ( 'NONE',  ( 5.131829236383177673, 3.109410244755814290, 5.328636384751267663 ) ) ;
#886 = FACE_BOUND ( 'NONE', #6486, .T. ) ;
#887 = CARTESIAN_POINT ( 'NONE',  ( -14.69498572060063601, 32.80257204133727100, 11.80599999999999206 ) ) ;
#888 = LINE ( 'NONE', #3997, #6544 ) ;
#889 = CARTESIAN_POINT ( 'NONE',  ( -45.15773347201727006, 24.57605692322762181, 14.98100000000003718 ) ) ;
#890 = CARTESIAN_POINT ( 'NONE',  ( -10.40649636497277619, -15.48206306363775653, -6.604287508491481162 ) ) ;
#891 = VECTOR ( 'NONE', #2184, 1000.000000000000000 ) ;
#892 = ORIENTED_EDGE ( 'NONE', *, *, #7134, .T. ) ;
#893 = EDGE_CURVE ( 'NONE', #8214, #2633, #3912, .T. ) ;
#894 = CARTESIAN_POINT ( 'NONE',  ( -4.229680485269870616, 3.331080792519784506, -5.730599999999999028 ) ) ;
#895 = CYLINDRICAL_SURFACE ( 'NONE', #7595, 2.500000000000000000 ) ;
#896 = CYLINDRICAL_SURFACE ( 'NONE', #5801, 3.174999999999999822 ) ;
#897 = EDGE_CURVE ( 'NONE', #6680, #199, #4420, .T. ) ;
#898 = CARTESIAN_POINT ( 'NONE',  ( -14.43158449124798004, -6.659646363897024912, -7.318099999999999383 ) ) ;
#899 = CARTESIAN_POINT ( 'NONE',  ( -9.615768839047845518, -10.70413264034995748, 11.80600000000000271 ) ) ;
#900 = CARTESIAN_POINT ( 'NONE',  ( -6.179433900825434200, -13.79456775404376145, -8.905599999999999739 ) ) ;
#901 = CARTESIAN_POINT ( 'NONE',  ( 20.95885385007698076, -3.040035311528854312, -8.905600000000001515 ) ) ;
#902 = CARTESIAN_POINT ( 'NONE',  ( -30.03296512924009320, -3.582020856791692498E-06, 10.21850029856952702 ) ) ;
#903 = CARTESIAN_POINT ( 'NONE',  ( -11.64005917702012383, -13.71557504678705719, -7.318099999999999383 ) ) ;
#904 = ORIENTED_EDGE ( 'NONE', *, *, #266, .T. ) ;
#905 = CARTESIAN_POINT ( 'NONE',  ( -48.86279541950757732, 23.23735313982344408, 11.80599999999999383 ) ) ;
#906 = CARTESIAN_POINT ( 'NONE',  ( -3.177179841625663581, 9.416417221723486719, -8.905600000000001515 ) ) ;
#907 = CARTESIAN_POINT ( 'NONE',  ( -7.522362553998433121, -17.40279457806805397, -7.318099999999999383 ) ) ;
#908 = CARTESIAN_POINT ( 'NONE',  ( 0.000000000000000000, 0.000000000000000000, -8.949100000000001387 ) ) ;
#909 = CARTESIAN_POINT ( 'NONE',  ( 9.194136917260884445, 13.16614395657154546, -5.730599999999999028 ) ) ;
#910 = ORIENTED_EDGE ( 'NONE', *, *, #2261, .F. ) ;
#911 = VERTEX_POINT ( 'NONE', #6967 ) ;
#912 = CARTESIAN_POINT ( 'NONE',  ( -12.34059455832055896, -11.74322359752068934, 0.000000000000000000 ) ) ;
#913 = DIRECTION ( 'NONE',  ( -0.3489024681454917509, -0.9371590407833582104, -0.000000000000000000 ) ) ;
#914 = CARTESIAN_POINT ( 'NONE',  ( -8.829461512901504605, -8.818367714275568758, 12.55603281448345143 ) ) ;
#915 = CARTESIAN_POINT ( 'NONE',  ( 27.54192536631284938, 4.318195128450602382, 11.80599999999999916 ) ) ;
#916 = EDGE_CURVE ( 'NONE', #2429, #1531, #5631, .T. ) ;
#917 = CARTESIAN_POINT ( 'NONE',  ( -9.578135136534109861, -18.18592566192090487, -15.44910000000000139 ) ) ;
#918 = LINE ( 'NONE', #236, #2634 ) ;
#919 = CARTESIAN_POINT ( 'NONE',  ( -6.967105568256432235, -11.34794501770343977, 8.631000000000000227 ) ) ;
#920 = ORIENTED_EDGE ( 'NONE', *, *, #948, .T. ) ;
#921 = CARTESIAN_POINT ( 'NONE',  ( -10.91684312022551673, 7.557568703148160871, -5.730599999999999028 ) ) ;
#922 = CARTESIAN_POINT ( 'NONE',  ( 6.773319571362534042, 14.76263257460602318, 6.512846258112706899 ) ) ;
#923 = CARTESIAN_POINT ( 'NONE',  ( -8.317659564491716395, -17.05880492909819068, -7.318099999999999383 ) ) ;
#924 = DIRECTION ( 'NONE',  ( 0.000000000000000000, -0.8730714619388894038, -0.4875922705990021200 ) ) ;
#925 = EDGE_CURVE ( 'NONE', #4044, #8192, #5828, .T. ) ;
#926 = CARTESIAN_POINT ( 'NONE',  ( -34.34269062145453688, 4.697388634174216371, 11.80599999999999916 ) ) ;
#927 = CARTESIAN_POINT ( 'NONE',  ( 0.8989289897955758946, -19.90133012332180229, -7.057922225528736604 ) ) ;
#928 = CARTESIAN_POINT ( 'NONE',  ( 10.04801900769776779, 24.87379885554349102, 14.98099999999994303 ) ) ;
#929 = APPLICATION_PROTOCOL_DEFINITION ( 'draft international standard', 'automotive_design', 1998, #683 ) ;
#930 =( LENGTH_UNIT ( ) NAMED_UNIT ( * ) SI_UNIT ( .MILLI., .METRE. ) );
#931 = LINE ( 'NONE', #2094, #983 ) ;
#932 = ORIENTED_EDGE ( 'NONE', *, *, #3224, .F. ) ;
#933 = DIRECTION ( 'NONE',  ( -0.000000000000000000, -0.000000000000000000, -1.000000000000000000 ) ) ;
#934 = DIRECTION ( 'NONE',  ( -0.1509688510070652245, -0.9885385202538171656, 2.194996451829339418E-16 ) ) ;
#935 = CARTESIAN_POINT ( 'NONE',  ( 19.34888664869855646, -0.8583813857253443924, -7.318099999999998495 ) ) ;
#936 = CARTESIAN_POINT ( 'NONE',  ( 4.289051226172818865, 12.53125708338927602, 0.000000000000000000 ) ) ;
#937 = CARTESIAN_POINT ( 'NONE',  ( 26.35318203560210648, -11.46868643948620203, 14.98100000000000520 ) ) ;
#938 = CARTESIAN_POINT ( 'NONE',  ( 6.088904321202407210, 5.114395874755501836, -1.949099999999967636 ) ) ;
#939 = PLANE ( 'NONE',  #5935 ) ;
#940 = LINE ( 'NONE', #2933, #8110 ) ;
#941 = CARTESIAN_POINT ( 'NONE',  ( -10.94507972258166895, -14.84553058644204881, -7.318099999999999383 ) ) ;
#942 = ORIENTED_EDGE ( 'NONE', *, *, #8230, .T. ) ;
#943 = CARTESIAN_POINT ( 'NONE',  ( 23.45242983988415375, 16.68862540272189676, 11.80599999999999561 ) ) ;
#944 = CARTESIAN_POINT ( 'NONE',  ( -3.518222732870045721, 9.541138692796112153, -8.905600000000001515 ) ) ;
#945 = LINE ( 'NONE', #6027, #5424 ) ;
#946 = DIRECTION ( 'NONE',  ( 0.9372357249148136615, -0.3486964237605598149, 0.000000000000000000 ) ) ;
#947 = CARTESIAN_POINT ( 'NONE',  ( 7.202779167234852231, 13.23207438966029592, 1.587499999999999911 ) ) ;
#948 = EDGE_CURVE ( 'NONE', #222, #1371, #3795, .T. ) ;
#949 = VECTOR ( 'NONE', #6048, 1000.000000000000000 ) ;
#950 = AXIS2_PLACEMENT_3D ( 'NONE', #7606, #5097, #1323 ) ;
#951 = EDGE_LOOP ( 'NONE', ( #6469, #2644, #992, #1181 ) ) ;
#952 = EDGE_LOOP ( 'NONE', ( #609, #3194, #5182, #4127, #5057, #4817, #862, #5959, #148, #5179, #8144, #2115, #3029, #5635, #4311 ) ) ;
#953 = CARTESIAN_POINT ( 'NONE',  ( -12.01876752162932149, 8.715952146062260653, -8.905599999999997962 ) ) ;
#954 = VECTOR ( 'NONE', #7367, 1000.000000000000000 ) ;
#955 = CIRCLE ( 'NONE', #1106, 3.174999999999999822 ) ;
#956 = CARTESIAN_POINT ( 'NONE',  ( -2.204894577754121787, -10.96236130471560521, 14.18724952343966272 ) ) ;
#957 = CARTESIAN_POINT ( 'NONE',  ( -9.563470004575247430, -8.602364820059431594, 11.05596718551655400 ) ) ;
#958 = CARTESIAN_POINT ( 'NONE',  ( 23.45242983988415375, 16.68862540272189676, 11.80599999999999561 ) ) ;
#959 = CARTESIAN_POINT ( 'NONE',  ( -8.298964699385155797, -18.80810310528469387, -8.905599999999997962 ) ) ;
#960 = CARTESIAN_POINT ( 'NONE',  ( 2.914358635773569794, 29.94036153015169432, 13.39349904687931314 ) ) ;
#961 = CARTESIAN_POINT ( 'NONE',  ( -25.19530689742510177, -5.040814917066635203, 8.631000000000000227 ) ) ;
#962 = VECTOR ( 'NONE', #6278, 1000.000000000000000 ) ;
#963 = EDGE_LOOP ( 'NONE', ( #3217, #4904, #1410, #7998, #6700, #7032, #3031, #1551, #6385, #3240, #1095, #5417 ) ) ;
#964 = CARTESIAN_POINT ( 'NONE',  ( 8.979344066455420048, -13.88878415613313955, 12.55600000000000271 ) ) ;
#965 = FACE_OUTER_BOUND ( 'NONE', #4342, .T. ) ;
#966 = DIRECTION ( 'NONE',  ( -0.000000000000000000, -0.000000000000000000, -1.000000000000000000 ) ) ;
#967 = DIRECTION ( 'NONE',  ( -0.3489024681454917509, -0.9371590407833582104, -0.000000000000000000 ) ) ;
#968 = CARTESIAN_POINT ( 'NONE',  ( 22.51648795791860991, 11.38776055877447924, 11.80599999999999739 ) ) ;
#969 = CARTESIAN_POINT ( 'NONE',  ( -14.29269913100855405, -7.137698134232686620, -5.730599999999999916 ) ) ;
#970 = CARTESIAN_POINT ( 'NONE',  ( -44.69879262735814507, 25.43413383263218464, 14.98099999999999454 ) ) ;
#971 = LINE ( 'NONE', #4752, #7757 ) ;
#972 = ORIENTED_EDGE ( 'NONE', *, *, #6297, .F. ) ;
#973 = CARTESIAN_POINT ( 'NONE',  ( 12.58662062826657291, 25.34497970708189030, 8.630999999999994898 ) ) ;
#974 = CARTESIAN_POINT ( 'NONE',  ( 19.34913917186175425, 0.5347141825353777245, 0.000000000000000000 ) ) ;
#975 = CARTESIAN_POINT ( 'NONE',  ( -8.076229456461835099, -18.89090830555811706, -8.905599999999999739 ) ) ;
#976 = CARTESIAN_POINT ( 'NONE',  ( -6.000000000000000888, 7.347880794884120722E-16, 3.756000000000000671 ) ) ;
#977 = CARTESIAN_POINT ( 'NONE',  ( -48.49935445207390217, 17.71237818181344537, 11.80599999999999561 ) ) ;
#978 = CARTESIAN_POINT ( 'NONE',  ( -2.277130133557175196, 8.361598714017540956, -5.730599999999999028 ) ) ;
#979 = CARTESIAN_POINT ( 'NONE',  ( -3.174999999999999822, 0.000000000000000000, -10.69910000000001737 ) ) ;
#980 = CARTESIAN_POINT ( 'NONE',  ( -0.2653667188482610184, 10.93062915889242070, 8.631000000000000227 ) ) ;
#981 = CARTESIAN_POINT ( 'NONE',  ( -9.801959106896958929, -16.06714690621811314, -8.248035969732711692 ) ) ;
#982 = ORIENTED_EDGE ( 'NONE', *, *, #994, .F. ) ;
#983 = VECTOR ( 'NONE', #7792, 1000.000000000000000 ) ;
#984 = CARTESIAN_POINT ( 'NONE',  ( 18.38123042735837132, 5.752224782637088474, 2.517435969732711776 ) ) ;
#985 = CARTESIAN_POINT ( 'NONE',  ( 5.860127906673534781, 30.35954048764050484, 14.98099999999999454 ) ) ;
#986 = CARTESIAN_POINT ( 'NONE',  ( -3.506650375039585654, 10.51533379811330704, -8.905600000000001515 ) ) ;
#987 = CARTESIAN_POINT ( 'NONE',  ( 14.72044767618559291, 12.78361513899634794, 8.631000000000000227 ) ) ;
#988 = CARTESIAN_POINT ( 'NONE',  ( -4.036108563097339896, -20.39408905309382547, -15.44909999999999961 ) ) ;
#989 = CARTESIAN_POINT ( 'NONE',  ( -16.18088814886603544, 2.327014119050123231, -8.905600000000001515 ) ) ;
#990 = ORIENTED_EDGE ( 'NONE', *, *, #295, .T. ) ;
#991 = EDGE_CURVE ( 'NONE', #2375, #5555, #1924, .T. ) ;
#992 = ORIENTED_EDGE ( 'NONE', *, *, #5432, .F. ) ;
#993 = ORIENTED_EDGE ( 'NONE', *, *, #5253, .T. ) ;
#994 = EDGE_CURVE ( 'NONE', #825, #2386, #5113, .T. ) ;
#995 = CARTESIAN_POINT ( 'NONE',  ( -9.853225687251137899, -3.809484351453405360, -5.730599999999998140 ) ) ;
#996 = CARTESIAN_POINT ( 'NONE',  ( -5.827377880173139069, -19.72765137017993453, -12.77409999999999712 ) ) ;
#997 = CARTESIAN_POINT ( 'NONE',  ( -3.925000000000011813, 4.806738686653375470E-16, 3.756000000000000671 ) ) ;
#998 = CARTESIAN_POINT ( 'NONE',  ( 28.39358412624508432, -7.233045574204664874, 11.80600000000000094 ) ) ;
#999 = CARTESIAN_POINT ( 'NONE',  ( -11.09693763935134214, -17.05757083585742961, -15.44910000000000139 ) ) ;
#1000 = CARTESIAN_POINT ( 'NONE',  ( -10.28357528074951865, -15.61079359174505399, 1.140574133838918147 ) ) ;
#1001 = ORIENTED_EDGE ( 'NONE', *, *, #2854, .T. ) ;
#1002 = CARTESIAN_POINT ( 'NONE',  ( -14.44633099061022108, 2.625710786495084381, -5.730599999999999028 ) ) ;
#1003 = CARTESIAN_POINT ( 'NONE',  ( 0.000000000000000000, 0.000000000000000000, 8.631000000000000227 ) ) ;
#1004 = CARTESIAN_POINT ( 'NONE',  ( 4.173220692008678512, 4.312013710972469660, 4.652786747077287011 ) ) ;
#1005 = CARTESIAN_POINT ( 'NONE',  ( -0.9524063718781458077, 7.847419083380536620, -5.730599999999999028 ) ) ;
#1006 = CARTESIAN_POINT ( 'NONE',  ( -0.8187890121281545808, -9.692814478654938171, 14.98100000000002119 ) ) ;
#1007 = CARTESIAN_POINT ( 'NONE',  ( -2.133564132269718083, 5.992650110515425510, 0.000000000000000000 ) ) ;
#1008 = DIRECTION ( 'NONE',  ( -0.9371590407833582104, 0.3489024681454917509, -0.000000000000000000 ) ) ;
#1009 = VERTEX_POINT ( 'NONE', #716 ) ;
#1010 = ORIENTED_EDGE ( 'NONE', *, *, #52, .F. ) ;
#1011 = DIRECTION ( 'NONE',  ( 1.000000000000000000, 0.000000000000000000, 0.000000000000000000 ) ) ;
#1012 = AXIS2_PLACEMENT_3D ( 'NONE', #5632, #2514, #4426 ) ;
#1013 = FACE_OUTER_BOUND ( 'NONE', #2053, .T. ) ;
#1014 = CARTESIAN_POINT ( 'NONE',  ( -8.297322412244787060, -9.417808785434420571, 13.39349904687932202 ) ) ;
#1015 = CARTESIAN_POINT ( 'NONE',  ( -13.38700112857751456, -13.68889505666523121, -7.318099999999996719 ) ) ;
#1016 = CARTESIAN_POINT ( 'NONE',  ( 17.17154391907870092, 24.07817789789695340, 14.98099999999999454 ) ) ;
#1017 = CARTESIAN_POINT ( 'NONE',  ( 1.589364074341676369, -19.94809778261844357, -6.524354979597465132 ) ) ;
#1018 = VECTOR ( 'NONE', #1369, 1000.000000000000000 ) ;
#1019 = CARTESIAN_POINT ( 'NONE',  ( 19.34890321087421228, -3.039975800327521238, -8.248035969732711692 ) ) ;
#1020 = DIRECTION ( 'NONE',  ( 0.9371590407833577663, -0.3489024681454929722, 0.000000000000000000 ) ) ;
#1021 = CARTESIAN_POINT ( 'NONE',  ( -10.08501403709840005, -17.84847424247017855, -8.905600000000001515 ) ) ;
#1022 = ORIENTED_EDGE ( 'NONE', *, *, #1203, .F. ) ;
#1023 = CARTESIAN_POINT ( 'NONE',  ( 21.40792010887400920, -14.11408924160253342, 13.39349904687932202 ) ) ;
#1024 = EDGE_CURVE ( 'NONE', #1772, #911, #7660, .T. ) ;
#1025 = ORIENTED_EDGE ( 'NONE', *, *, #4152, .F. ) ;
#1026 = AXIS2_PLACEMENT_3D ( 'NONE', #4463, #3296, #5158 ) ;
#1027 = CARTESIAN_POINT ( 'NONE',  ( 5.934055386172462754, 13.04683675044269719, 1.587499999999999911 ) ) ;
#1028 = CARTESIAN_POINT ( 'NONE',  ( -6.908491289137257851, 34.65822918375732087, 14.98099999999999454 ) ) ;
#1029 = DIRECTION ( 'NONE',  ( -1.000000000000000000, 0.000000000000000000, 0.000000000000000000 ) ) ;
#1030 = CARTESIAN_POINT ( 'NONE',  ( 12.81996575128325766, 13.82652937203813792, 8.631000000000000227 ) ) ;
#1031 = ADVANCED_FACE ( 'NONE', ( #7043 ), #2041, .F. ) ;
#1032 = CARTESIAN_POINT ( 'NONE',  ( -16.66036468884557209, -1.196578931002857393, -8.905600000000001515 ) ) ;
#1033 = ORIENTED_EDGE ( 'NONE', *, *, #308, .F. ) ;
#1034 = ORIENTED_EDGE ( 'NONE', *, *, #4445, .F. ) ;
#1035 = CARTESIAN_POINT ( 'NONE',  ( -3.174999999999999822, 0.000000000000000000, -8.949100000000001387 ) ) ;
#1036 = CARTESIAN_POINT ( 'NONE',  ( -1.852669853647183729, -12.20424927020292216, -9.949099999999974742 ) ) ;
#1037 = CARTESIAN_POINT ( 'NONE',  ( -0.1321083293820746185, -5.999246894909095573, 7.340511535623229555 ) ) ;
#1038 = CARTESIAN_POINT ( 'NONE',  ( -11.09693763935134214, -17.05757083585742961, -8.905599999999997962 ) ) ;
#1039 = CARTESIAN_POINT ( 'NONE',  ( -2.204894577754120455, -10.96236130471560699, 14.19556458705075919 ) ) ;
#1040 =( GEOMETRIC_REPRESENTATION_CONTEXT ( 3 ) GLOBAL_UNCERTAINTY_ASSIGNED_CONTEXT ( ( #5855 ) ) GLOBAL_UNIT_ASSIGNED_CONTEXT ( ( #3124, #8168, #1876 ) ) REPRESENTATION_CONTEXT ( 'NONE', 'WORKASPACE' ) );
#1041 = ADVANCED_FACE ( 'NONE', ( #4459 ), #80, .T. ) ;
#1042 = ORIENTED_EDGE ( 'NONE', *, *, #4179, .F. ) ;
#1043 = DIRECTION ( 'NONE',  ( -0.3489024681454918064, -0.9371590407833582104, 0.000000000000000000 ) ) ;
#1044 = CARTESIAN_POINT ( 'NONE',  ( 20.32301685983684081, 5.076189012090685182, 8.631000000000000227 ) ) ;
#1045 = CARTESIAN_POINT ( 'NONE',  ( 4.033002931601609831, 4.443435668659647675, 4.678891681629137267 ) ) ;
#1046 = CARTESIAN_POINT ( 'NONE',  ( -14.86901515784368399, 1.049209332050098142, -5.730599999999997252 ) ) ;
#1047 = CARTESIAN_POINT ( 'NONE',  ( -39.73768208424983328, 9.451145619418197086, 8.630999999999994898 ) ) ;
#1048 = CARTESIAN_POINT ( 'NONE',  ( 1.500750888593425092, -19.94354189613925499, -6.733991694984283960 ) ) ;
#1049 = CARTESIAN_POINT ( 'NONE',  ( 25.20082822569304781, -0.01930093290845598039, 11.80600000000000094 ) ) ;
#1050 = AXIS2_PLACEMENT_3D ( 'NONE', #8163, #3661, #453 ) ;
#1051 = ADVANCED_FACE ( 'NONE', ( #6345 ), #2802, .F. ) ;
#1052 = CARTESIAN_POINT ( 'NONE',  ( -11.73792050015868682, -13.58042259290912313, 1.587499999999999911 ) ) ;
#1053 = ORIENTED_EDGE ( 'NONE', *, *, #916, .T. ) ;
#1054 = ORIENTED_EDGE ( 'NONE', *, *, #2727, .F. ) ;
#1055 = CARTESIAN_POINT ( 'NONE',  ( -12.64633658977693997, 34.64295991251769635, 10.21850059711604253 ) ) ;
#1056 = CARTESIAN_POINT ( 'NONE',  ( 19.34913917186176135, -0.9952133531469556926, 0.000000000000000000 ) ) ;
#1057 = CARTESIAN_POINT ( 'NONE',  ( -5.827231276178007846, -19.72725758890293335, 7.043499999999998984 ) ) ;
#1058 = ORIENTED_EDGE ( 'NONE', *, *, #295, .F. ) ;
#1059 = CARTESIAN_POINT ( 'NONE',  ( 1.530757438656527691, -1.270229479613630419, -3.192790019263890944 ) ) ;
#1060 = CARTESIAN_POINT ( 'NONE',  ( 3.579375667900573266, -10.83729641830301382, 14.98100000000000520 ) ) ;
#1061 = CARTESIAN_POINT ( 'NONE',  ( -8.363699806487488786, -18.78337021127079254, 3.174999999999999822 ) ) ;
#1062 = DIRECTION ( 'NONE',  ( -0.3805874007937317671, 0.9247449542209308371, 0.000000000000000000 ) ) ;
#1063 = CARTESIAN_POINT ( 'NONE',  ( -5.603345093216948847, -10.05485579300198928, 12.55599999790798371 ) ) ;
#1064 = CARTESIAN_POINT ( 'NONE',  ( -9.355401562760180312, -17.21657948229896107, -8.905600000000001515 ) ) ;
#1065 = ORIENTED_EDGE ( 'NONE', *, *, #7382, .T. ) ;
#1066 = CYLINDRICAL_SURFACE ( 'NONE', #4009, 1.984375000000000000 ) ;
#1067 = EDGE_LOOP ( 'NONE', ( #7926, #4141 ) ) ;
#1068 = CARTESIAN_POINT ( 'NONE',  ( 12.69427714116425321, 12.08191484158582796, 2.517435969732711776 ) ) ;
#1069 = DIRECTION ( 'NONE',  ( 0.9322398385716597069, -0.3618409642092587641, 0.000000000000000000 ) ) ;
#1070 = DIRECTION ( 'NONE',  ( 1.000000000000000000, 0.000000000000000000, -0.000000000000000000 ) ) ;
#1071 = CARTESIAN_POINT ( 'NONE',  ( 12.16856079880803598, -14.54943195631387631, 11.05600000000000271 ) ) ;
#1072 = CARTESIAN_POINT ( 'NONE',  ( 14.41385967686997027, 10.99875499969034820, -5.730599999999999028 ) ) ;
#1073 = VERTEX_POINT ( 'NONE', #1284 ) ;
#1074 = EDGE_CURVE ( 'NONE', #8214, #6298, #6367, .T. ) ;
#1075 = ORIENTED_EDGE ( 'NONE', *, *, #1307, .F. ) ;
#1076 = LINE ( 'NONE', #7976, #5022 ) ;
#1077 = CARTESIAN_POINT ( 'NONE',  ( -0.7954637868157458103, -5.947314928937435852, 6.790932039832977551 ) ) ;
#1078 = CARTESIAN_POINT ( 'NONE',  ( 2.455928995070440379, -0.5388513462204652660, -8.549442462949450317 ) ) ;
#1079 = FACE_OUTER_BOUND ( 'NONE', #6118, .T. ) ;
#1080 = CARTESIAN_POINT ( 'NONE',  ( 19.34889918805120601, -0.9619779378219285304, -5.730599999999999028 ) ) ;
#1081 = CARTESIAN_POINT ( 'NONE',  ( 1.140945136020679929, -1.628019882165622878, -0.8592143467233337439 ) ) ;
#1082 = VECTOR ( 'NONE', #204, 1000.000000000000000 ) ;
#1083 = CARTESIAN_POINT ( 'NONE',  ( 2.420428040132278191, -3.040034490371304798, 1.587499999999999689 ) ) ;
#1084 = ORIENTED_EDGE ( 'NONE', *, *, #3159, .F. ) ;
#1085 = CIRCLE ( 'NONE', #684, 6.000000000000000888 ) ;
#1086 = CARTESIAN_POINT ( 'NONE',  ( 6.000000000000000888, -7.347880794884120722E-16, 8.631000000000000227 ) ) ;
#1087 = CARTESIAN_POINT ( 'NONE',  ( -12.03545191396669800, -12.93443972541283138, -7.728641457671634463 ) ) ;
#1088 = CARTESIAN_POINT ( 'NONE',  ( 6.689891647896245352, 14.75382526739852196, 6.050900000022147118 ) ) ;
#1089 = CARTESIAN_POINT ( 'NONE',  ( -8.864050803140843371, -2.553467471521255305, 0.000000000000000000 ) ) ;
#1090 = CARTESIAN_POINT ( 'NONE',  ( 24.41231104288262443, 3.775411083464547790, 8.630999999999927397 ) ) ;
#1091 = PLANE ( 'NONE',  #1621 ) ;
#1092 = CARTESIAN_POINT ( 'NONE',  ( -45.75774510664813022, 21.83306024433469616, 11.80599999999999561 ) ) ;
#1093 = VECTOR ( 'NONE', #5364, 1000.000000000000114 ) ;
#1094 = CARTESIAN_POINT ( 'NONE',  ( -12.00749707126931298, -7.639939279345855816, 1.587499999999999911 ) ) ;
#1095 = ORIENTED_EDGE ( 'NONE', *, *, #670, .T. ) ;
#1096 = ORIENTED_EDGE ( 'NONE', *, *, #6799, .T. ) ;
#1097 = CARTESIAN_POINT ( 'NONE',  ( 19.34913917186176846, -0.6893138875857017789, 0.000000000000000000 ) ) ;
#1098 = EDGE_CURVE ( 'NONE', #3664, #1772, #2776, .T. ) ;
#1099 = AXIS2_PLACEMENT_3D ( 'NONE', #4942, #3737, #5517 ) ;
#1100 = CARTESIAN_POINT ( 'NONE',  ( -9.241033564324109051, -7.499274109974485292, 11.90848697772249665 ) ) ;
#1101 = ORIENTED_EDGE ( 'NONE', *, *, #5663, .T. ) ;
#1102 = ADVANCED_FACE ( 'NONE', ( #4481, #3234 ), #1321, .F. ) ;
#1103 = CARTESIAN_POINT ( 'NONE',  ( 0.4802552723118779232, -1.925382822724260867, -2.087914829906924563 ) ) ;
#1104 = CARTESIAN_POINT ( 'NONE',  ( 16.84548851959756277, -13.15329702478594598, 14.98100000000000520 ) ) ;
#1105 = CARTESIAN_POINT ( 'NONE',  ( 0.000000000000000000, 0.000000000000000000, -10.69910000000001737 ) ) ;
#1106 = AXIS2_PLACEMENT_3D ( 'NONE', #6506, #5789, #5196 ) ;
#1107 = CARTESIAN_POINT ( 'NONE',  ( -16.59678491889878060, -0.1168331933133186645, -15.44909999999999961 ) ) ;
#1108 = CARTESIAN_POINT ( 'NONE',  ( -18.90414476090728968, 34.44591281791365134, 13.39349952343965278 ) ) ;
#1109 = ORIENTED_EDGE ( 'NONE', *, *, #2755, .T. ) ;
#1110 = CARTESIAN_POINT ( 'NONE',  ( -6.179433900825434200, -13.79456775404376145, -12.77410000000000068 ) ) ;
#1111 = CARTESIAN_POINT ( 'NONE',  ( 18.38123042735837132, 5.752224782637089362, 1.587499999999999911 ) ) ;
#1112 = VECTOR ( 'NONE', #643, 1000.000000000000000 ) ;
#1113 = CARTESIAN_POINT ( 'NONE',  ( 19.34902119136798504, -0.9952133531469556926, 0.000000000000000000 ) ) ;
#1114 = CARTESIAN_POINT ( 'NONE',  ( 20.30373448117742896, 5.128436356754933811, 8.631000000000000227 ) ) ;
#1115 = CARTESIAN_POINT ( 'NONE',  ( 1.984375000000000444, -3.309531665495734841E-16, -0.7155972584079256515 ) ) ;
#1116 = CARTESIAN_POINT ( 'NONE',  ( 0.3071816777607088156, -13.26177876956085733, 8.631000000000000227 ) ) ;
#1117 = CARTESIAN_POINT ( 'NONE',  ( 0.000000000000000000, 0.000000000000000000, 14.98099999999999987 ) ) ;
#1118 = ORIENTED_EDGE ( 'NONE', *, *, #878, .T. ) ;
#1119 = VERTEX_POINT ( 'NONE', #2603 ) ;
#1120 = CARTESIAN_POINT ( 'NONE',  ( -14.10282422150180537, -11.13543855904509705, 8.631000000000000227 ) ) ;
#1121 = CARTESIAN_POINT ( 'NONE',  ( -14.98520256183425481, -3.731293133095732184, -7.318099999999999383 ) ) ;
#1122 = CARTESIAN_POINT ( 'NONE',  ( -0.3909924244371993929, -5.987840086218230162, 7.204251663690212304 ) ) ;
#1123 = CARTESIAN_POINT ( 'NONE',  ( 3.107845478578088905, 5.132377273864647371, 6.050899999998653023 ) ) ;
#1124 = CARTESIAN_POINT ( 'NONE',  ( -4.419640609211103133, -12.01210068695334776, 11.80600000000000271 ) ) ;
#1125 = CYLINDRICAL_SURFACE ( 'NONE', #1050, 1.399999999999999911 ) ;
#1126 = CARTESIAN_POINT ( 'NONE',  ( -9.813004997324076939, -16.05316353831616638, 1.440506756641278363 ) ) ;
#1127 = CARTESIAN_POINT ( 'NONE',  ( 12.16910334886818568, -14.54587935834384460, 11.05600000000000271 ) ) ;
#1128 = ORIENTED_EDGE ( 'NONE', *, *, #6494, .F. ) ;
#1129 = CARTESIAN_POINT ( 'NONE',  ( -12.35431845283325636, -8.700216048916015410, 0.000000000000000000 ) ) ;
#1130 = CARTESIAN_POINT ( 'NONE',  ( 18.06285638181418207, 9.636161558233819591, 3.174999999999999822 ) ) ;
#1131 = EDGE_CURVE ( 'NONE', #4835, #3242, #6589, .T. ) ;
#1132 = CARTESIAN_POINT ( 'NONE',  ( -13.46335915016357454, -13.50398159669038911, -15.44909999999999961 ) ) ;
#1133 = CARTESIAN_POINT ( 'NONE',  ( -14.77590818043406173, -5.254463951042885661, -5.730599999999997252 ) ) ;
#1134 = CARTESIAN_POINT ( 'NONE',  ( -7.106860689915234452, -8.061057165503743960, 11.80600000000000094 ) ) ;
#1135 = DIRECTION ( 'NONE',  ( 1.000000000000000000, 4.302205379782582088E-17, -9.552814938601679897E-33 ) ) ;
#1136 = CARTESIAN_POINT ( 'NONE',  ( 25.57639578305569117, -2.453975412025189762, 11.80600000000000094 ) ) ;
#1137 = EDGE_CURVE ( 'NONE', #6136, #6116, #7550, .T. ) ;
#1138 = FACE_OUTER_BOUND ( 'NONE', #2510, .T. ) ;
#1139 = ORIENTED_EDGE ( 'NONE', *, *, #6254, .T. ) ;
#1140 = VERTEX_POINT ( 'NONE', #7764 ) ;
#1141 = FILL_AREA_STYLE ('',( #8135 ) ) ;
#1142 = AXIS2_PLACEMENT_3D ( 'NONE', #8029, #3119, #6745 ) ;
#1143 = CARTESIAN_POINT ( 'NONE',  ( 2.006911092020114751, 11.08409681377694334, 0.000000000000000000 ) ) ;
#1144 = DIRECTION ( 'NONE',  ( -0.000000000000000000, -0.000000000000000000, 1.000000000000000000 ) ) ;
#1145 = CARTESIAN_POINT ( 'NONE',  ( 0.000000000000000000, 0.000000000000000000, 0.2560000000000010045 ) ) ;
#1146 = ADVANCED_FACE ( 'NONE', ( #1564 ), #6168, .T. ) ;
#1147 = LINE ( 'NONE', #5541, #7498 ) ;
#1148 = CARTESIAN_POINT ( 'NONE',  ( -13.53520020899183329, -13.31732974308160067, -8.905600000000001515 ) ) ;
#1149 = ORIENTED_EDGE ( 'NONE', *, *, #4685, .F. ) ;
#1150 = VECTOR ( 'NONE', #5414, 1000.000000000000000 ) ;
#1151 = CARTESIAN_POINT ( 'NONE',  ( -12.60347368593724227, -15.23862778233871040, -8.905600000000001515 ) ) ;
#1152 = ADVANCED_FACE ( 'NONE', ( #5561 ), #1829, .F. ) ;
#1153 = CARTESIAN_POINT ( 'NONE',  ( -1.852669853647179732, -12.20424927020292216, 6.050900000000028811 ) ) ;
#1154 = CARTESIAN_POINT ( 'NONE',  ( -11.03479505870750366, -8.606588819211841823, 14.18724952343966095 ) ) ;
#1155 = DIRECTION ( 'NONE',  ( -0.3489024681454917509, -0.9371590407833582104, -0.000000000000000000 ) ) ;
#1156 = DIRECTION ( 'NONE',  ( 1.000000000000000000, 6.556435184794237246E-15, 0.000000000000000000 ) ) ;
#1157 = CARTESIAN_POINT ( 'NONE',  ( 7.290481762829306156, -15.12270843337942949, 11.80600000000000449 ) ) ;
#1158 = ORIENTED_EDGE ( 'NONE', *, *, #5011, .F. ) ;
#1159 = AXIS2_PLACEMENT_3D ( 'NONE', #1717, #4258, #3915 ) ;
#1160 = ADVANCED_FACE ( 'NONE', ( #1079 ), #270, .F. ) ;
#1161 = ORIENTED_EDGE ( 'NONE', *, *, #144, .F. ) ;
#1162 = AXIS2_PLACEMENT_3D ( 'NONE', #4664, #3416, #4707 ) ;
#1163 = ORIENTED_EDGE ( 'NONE', *, *, #4702, .F. ) ;
#1164 = DIRECTION ( 'NONE',  ( -0.000000000000000000, -0.000000000000000000, -1.000000000000000000 ) ) ;
#1165 = DIRECTION ( 'NONE',  ( -0.000000000000000000, -0.000000000000000000, -1.000000000000000000 ) ) ;
#1166 = CARTESIAN_POINT ( 'NONE',  ( 16.97260119644572995, -11.76431354338510360, -5.730599999999999028 ) ) ;
#1167 = LINE ( 'NONE', #3700, #4548 ) ;
#1168 = CARTESIAN_POINT ( 'NONE',  ( -7.522550948116204950, -17.40220713357922833, 0.7937499999999999556 ) ) ;
#1169 = CARTESIAN_POINT ( 'NONE',  ( 0.5048057675391195431, -1.919718867057461198, -1.671941086667679821 ) ) ;
#1170 = CARTESIAN_POINT ( 'NONE',  ( 4.946740465311407320, -11.28620582507872960, 12.55600000000000094 ) ) ;
#1171 = ORIENTED_EDGE ( 'NONE', *, *, #4304, .T. ) ;
#1172 = CARTESIAN_POINT ( 'NONE',  ( -11.29123090822148967, -6.046089971324324353, 0.000000000000000000 ) ) ;
#1173 = CARTESIAN_POINT ( 'NONE',  ( -3.764673518677132069, -20.49267306973825242, -13.94910000000000139 ) ) ;
#1174 = ADVANCED_FACE ( 'NONE', ( #6685 ), #7877, .F. ) ;
#1175 = CARTESIAN_POINT ( 'NONE',  ( -11.93380714760685102, -13.05735525345597914, -7.318099999999999383 ) ) ;
#1176 = CARTESIAN_POINT ( 'NONE',  ( -7.378787030429424298, -0.6675356715421755238, 0.000000000000000000 ) ) ;
#1177 = CARTESIAN_POINT ( 'NONE',  ( 20.73429099352363991, 15.02051468739542806, 8.630999999999994898 ) ) ;
#1178 = CARTESIAN_POINT ( 'NONE',  ( 0.6788157370528190571, -19.88041689294486858, 1.379675475112783323 ) ) ;
#1179 = CARTESIAN_POINT ( 'NONE',  ( -10.34038013284929036, 32.29016240817401240, 11.80599999999999206 ) ) ;
#1180 = DIRECTION ( 'NONE',  ( 0.000000000000000000, 0.000000000000000000, -1.000000000000000000 ) ) ;
#1181 = ORIENTED_EDGE ( 'NONE', *, *, #7750, .F. ) ;
#1182 = CARTESIAN_POINT ( 'NONE',  ( -15.05170216074766110, -0.7453076699464327159, -7.318099999999999383 ) ) ;
#1183 = ADVANCED_FACE ( 'NONE', ( #6723 ), #5332, .F. ) ;
#1184 = CARTESIAN_POINT ( 'NONE',  ( 0.2080665626032929538, 7.396991936169377446, -5.730600000000006133 ) ) ;
#1185 = LINE ( 'NONE', #6228, #5393 ) ;
#1186 = CARTESIAN_POINT ( 'NONE',  ( -48.49935445207389506, 17.71237818181343826, 14.98100000000005494 ) ) ;
#1187 = CARTESIAN_POINT ( 'NONE',  ( -12.27556252960572714, -9.873853818606887600, 14.98100000000000520 ) ) ;
#1188 = DIRECTION ( 'NONE',  ( 1.000000000000000000, 0.000000000000000000, 0.000000000000000000 ) ) ;
#1189 = CARTESIAN_POINT ( 'NONE',  ( -16.43012180872675287, -4.901778099245506226, -8.905599999999997962 ) ) ;
#1190 = CARTESIAN_POINT ( 'NONE',  ( -9.859684447917651084, -17.99835489795132659, -8.905600000000001515 ) ) ;
#1191 = ORIENTED_EDGE ( 'NONE', *, *, #5889, .F. ) ;
#1192 = LINE ( 'NONE', #8015, #7348 ) ;
#1193 = TOROIDAL_SURFACE ( 'NONE', #2383, 18.51621113172949507, 1.587499999999999911 ) ;
#1194 = CARTESIAN_POINT ( 'NONE',  ( 16.34252431176008002, 22.72080760093984608, 8.630999999999996675 ) ) ;
#1195 = LINE ( 'NONE', #3024, #8003 ) ;
#1196 = CARTESIAN_POINT ( 'NONE',  ( 19.77701458318540162, 0.9852306060390499942, -8.905599999999999739 ) ) ;
#1197 = CARTESIAN_POINT ( 'NONE',  ( -10.41031883446054884, -15.48565035781322230, 0.000000000000000000 ) ) ;
#1198 = CARTESIAN_POINT ( 'NONE',  ( 17.17154391907870448, 24.07817789789695340, 11.80599999999999383 ) ) ;
#1199 = VERTEX_POINT ( 'NONE', #6101 ) ;
#1200 = ORIENTED_EDGE ( 'NONE', *, *, #2703, .T. ) ;
#1201 = ORIENTED_EDGE ( 'NONE', *, *, #380, .T. ) ;
#1202 = CARTESIAN_POINT ( 'NONE',  ( -4.731127180615533945, 10.77136104311253639, -8.905599999999997962 ) ) ;
#1203 = EDGE_CURVE ( 'NONE', #7331, #53, #303, .T. ) ;
#1204 = CARTESIAN_POINT ( 'NONE',  ( -14.66956674034063113, -5.694116509850372765, -7.318099999999999383 ) ) ;
#1205 = CARTESIAN_POINT ( 'NONE',  ( -13.89092137571474161, -8.293294202557374817, -5.730600000000000804 ) ) ;
#1206 = FACE_BOUND ( 'NONE', #1402, .T. ) ;
#1207 = CARTESIAN_POINT ( 'NONE',  ( -19.71033619878698318, -7.218401743463203957, 11.80600000000000271 ) ) ;
#1208 = CARTESIAN_POINT ( 'NONE',  ( -15.36736558150627374, -8.877658348685018908, -15.44909999999999961 ) ) ;
#1209 = CARTESIAN_POINT ( 'NONE',  ( 16.82781012460436187, 2.656925900956573994, -8.905600000000001515 ) ) ;
#1210 = EDGE_CURVE ( 'NONE', #2429, #3312, #5454, .T. ) ;
#1211 = ORIENTED_EDGE ( 'NONE', *, *, #6178, .F. ) ;
#1212 = CARTESIAN_POINT ( 'NONE',  ( 0.6187189317805591449, 11.96630800963223784, 3.174999999999999822 ) ) ;
#1213 = CARTESIAN_POINT ( 'NONE',  ( 5.979130371550700040, -0.5000000000000017764, 3.756000000000000671 ) ) ;
#1214 = CARTESIAN_POINT ( 'NONE',  ( 8.372938308134541430, 14.81074913078177246, 4.656897852775309765 ) ) ;
#1215 = CARTESIAN_POINT ( 'NONE',  ( -8.184316070315901470, -9.429466381432716204, 12.55599999790764798 ) ) ;
#1216 = CARTESIAN_POINT ( 'NONE',  ( -16.48266611867316556, 32.85587203522655386, 8.630999999999989569 ) ) ;
#1217 = CARTESIAN_POINT ( 'NONE',  ( 1.726486417016479757, -5.746591662748171458, 5.181792557550078726 ) ) ;
#1218 = CARTESIAN_POINT ( 'NONE',  ( -45.75774510664813022, 21.83306024433469616, 8.631000000000021544 ) ) ;
#1219 = VECTOR ( 'NONE', #3921, 1000.000000000000000 ) ;
#1220 = CIRCLE ( 'NONE', #7719, 8.827043914571909511 ) ;
#1221 = CARTESIAN_POINT ( 'NONE',  ( -7.995319230445771197, -17.21320990794778538, -5.730599999999999028 ) ) ;
#1222 = ORIENTED_EDGE ( 'NONE', *, *, #5928, .T. ) ;
#1223 = LINE ( 'NONE', #3134, #1769 ) ;
#1224 = CARTESIAN_POINT ( 'NONE',  ( 14.03603795153367884, 2.029783555737203038, -5.730599999999999028 ) ) ;
#1225 = DIRECTION ( 'NONE',  ( -0.000000000000000000, -0.000000000000000000, -1.000000000000000000 ) ) ;
#1226 = CARTESIAN_POINT ( 'NONE',  ( 22.08385952095340699, 18.69922293381420886, 14.98099999999938703 ) ) ;
#1227 = AXIS2_PLACEMENT_3D ( 'NONE', #6078, #1573, #1614 ) ;
#1228 = CARTESIAN_POINT ( 'NONE',  ( -48.49935445207389506, 17.71237818181343826, 14.98100000000005494 ) ) ;
#1229 = CARTESIAN_POINT ( 'NONE',  ( 7.209815938886828590, 16.15035236110072958, -9.949099999999969413 ) ) ;
#1230 = EDGE_CURVE ( 'NONE', #4468, #1948, #3557, .T. ) ;
#1231 = CARTESIAN_POINT ( 'NONE',  ( -15.64541451096443048, -8.115698774879472666, -8.905599999999997962 ) ) ;
#1232 = ORIENTED_EDGE ( 'NONE', *, *, #282, .T. ) ;
#1233 = VECTOR ( 'NONE', #3753, 1000.000000000000114 ) ;
#1234 = CARTESIAN_POINT ( 'NONE',  ( 26.21613685041451092, 2.538123062335156721, 10.21850059711604963 ) ) ;
#1235 = EDGE_CURVE ( 'NONE', #4835, #1783, #7387, .T. ) ;
#1236 = CARTESIAN_POINT ( 'NONE',  ( -0.1024048808154837398, 10.80012014467228809, 3.174999999999999378 ) ) ;
#1237 = DIRECTION ( 'NONE',  ( -0.3489024681454918064, -0.9371590407833583214, 0.000000000000000000 ) ) ;
#1238 = CARTESIAN_POINT ( 'NONE',  ( 6.357654241726757860, -13.22022809262043097, 11.05600000000000271 ) ) ;
#1239 = CARTESIAN_POINT ( 'NONE',  ( 7.754278138792708219, -13.57932890675671800, 12.55600000000000094 ) ) ;
#1240 = CARTESIAN_POINT ( 'NONE',  ( 5.571559769077778945, -14.65035004269344832, 11.80599999999961547 ) ) ;
#1241 = VERTEX_POINT ( 'NONE', #5496 ) ;
#1242 = CARTESIAN_POINT ( 'NONE',  ( -17.80778387332761170, -6.266522890202998575, 13.39349904687932025 ) ) ;
#1243 = ORIENTED_EDGE ( 'NONE', *, *, #6980, .T. ) ;
#1244 = EDGE_LOOP ( 'NONE', ( #5386, #1392, #1272, #2610, #8045 ) ) ;
#1245 = CARTESIAN_POINT ( 'NONE',  ( -30.03296279907226207, 0.000000000000000000, 14.98099999999999810 ) ) ;
#1246 = CARTESIAN_POINT ( 'NONE',  ( -3.001983482687978100, 9.897739491000404399, -8.863537051433402425 ) ) ;
#1247 = CYLINDRICAL_SURFACE ( 'NONE', #7069, 1.984375000000000000 ) ;
#1248 = CARTESIAN_POINT ( 'NONE',  ( 4.033170797719717982, 4.446120231074099038, 7.432261946855457602 ) ) ;
#1249 = EDGE_CURVE ( 'NONE', #7246, #6874, #7251, .T. ) ;
#1250 = CARTESIAN_POINT ( 'NONE',  ( -9.686739635327779041, -9.024083855329820381, 11.05600000209201994 ) ) ;
#1251 = CARTESIAN_POINT ( 'NONE',  ( 20.27911000909863759, 0.5289858870272710067, -8.905600000000001515 ) ) ;
#1252 = DIRECTION ( 'NONE',  ( 0.000000000000000000, 0.000000000000000000, 1.000000000000000000 ) ) ;
#1253 = ADVANCED_FACE ( 'NONE', ( #1678 ), #6809, .F. ) ;
#1254 = ORIENTED_EDGE ( 'NONE', *, *, #772, .F. ) ;
#1255 = CARTESIAN_POINT ( 'NONE',  ( 1.542671963794308043, 12.76572984885058659, 3.174999999999999822 ) ) ;
#1256 = PLANE ( 'NONE',  #7153 ) ;
#1257 = CARTESIAN_POINT ( 'NONE',  ( 9.070402915894108631, 14.76133759193015926, 4.918496729558916591 ) ) ;
#1258 = CARTESIAN_POINT ( 'NONE',  ( -16.04143873714866686, 2.813959658475184700, -15.44909999999999961 ) ) ;
#1259 = CARTESIAN_POINT ( 'NONE',  ( 24.42985965046503694, -13.43782222754919786, 8.631000000000000227 ) ) ;
#1260 = DIRECTION ( 'NONE',  ( -1.000000000000000000, 0.000000000000000000, 0.000000000000000000 ) ) ;
#1261 = CARTESIAN_POINT ( 'NONE',  ( 19.34913917186174004, 1.726690403717615174, 0.000000000000000000 ) ) ;
#1262 = CARTESIAN_POINT ( 'NONE',  ( -34.34269062145452267, 4.697388634174215483, 8.630999999999994898 ) ) ;
#1263 = CARTESIAN_POINT ( 'NONE',  ( -3.764673518677131625, -20.49267306973825242, -15.44909999999999961 ) ) ;
#1264 = ORIENTED_EDGE ( 'NONE', *, *, #1502, .F. ) ;
#1265 = CARTESIAN_POINT ( 'NONE',  ( -14.76875028746344931, -5.206464281081047751, -7.318099999999999383 ) ) ;
#1266 = CARTESIAN_POINT ( 'NONE',  ( 16.99088427316198135, 8.327515528459276339, 0.000000000000000000 ) ) ;
#1267 = CARTESIAN_POINT ( 'NONE',  ( -6.882952926972548902, -0.03794426804597871017, 0.000000000000000000 ) ) ;
#1268 = CARTESIAN_POINT ( 'NONE',  ( 17.23119601743744411, -16.31721190939495614, 14.98100000000000520 ) ) ;
#1269 = CARTESIAN_POINT ( 'NONE',  ( 9.843267471655178014, 15.19869074240752660, -9.949099999999967636 ) ) ;
#1270 = EDGE_LOOP ( 'NONE', ( #3595, #4233, #4825, #6457, #7742, #1654, #633 ) ) ;
#1271 = CARTESIAN_POINT ( 'NONE',  ( -5.476848407906265592, 4.313286688830134885, 1.587499999999999689 ) ) ;
#1272 = ORIENTED_EDGE ( 'NONE', *, *, #1757, .F. ) ;
#1273 = CARTESIAN_POINT ( 'NONE',  ( 25.33973514159382034, 8.069949888297896834, 8.630999999999998451 ) ) ;
#1274 = CARTESIAN_POINT ( 'NONE',  ( 5.089656768021824540, -10.74103297613638830, 13.00400180856847321 ) ) ;
#1275 = CARTESIAN_POINT ( 'NONE',  ( 28.39358412624508432, -7.233045574204664874, 11.80600000000000094 ) ) ;
#1276 = CARTESIAN_POINT ( 'NONE',  ( 9.538996994740129409, -14.02040265969844945, 12.55600000000000271 ) ) ;
#1277 = CARTESIAN_POINT ( 'NONE',  ( -9.615768839047845518, -10.70413264034995748, 11.80600000000000271 ) ) ;
#1278 = AXIS2_PLACEMENT_3D ( 'NONE', #3177, #1931, #3385 ) ;
#1279 = VERTEX_POINT ( 'NONE', #7308 ) ;
#1280 = EDGE_CURVE ( 'NONE', #2458, #659, #793, .T. ) ;
#1281 = ORIENTED_EDGE ( 'NONE', *, *, #4804, .T. ) ;
#1282 = CARTESIAN_POINT ( 'NONE',  ( -0.7382928528652021871, 7.764312843947696940, -2.865299999999999514 ) ) ;
#1283 = EDGE_CURVE ( 'NONE', #3451, #4744, #497, .T. ) ;
#1284 = CARTESIAN_POINT ( 'NONE',  ( 6.088904321202407210, 5.114395874755501836, -1.949099999999967636 ) ) ;
#1285 = CARTESIAN_POINT ( 'NONE',  ( -15.41510563248869126, -5.328703355297290223, -8.905600000000001515 ) ) ;
#1286 = CARTESIAN_POINT ( 'NONE',  ( 5.161055484780419533, 3.060354233314660721, 6.693704725584156634 ) ) ;
#1287 = UNCERTAINTY_MEASURE_WITH_UNIT (LENGTH_MEASURE( 1.000000000000000082E-05 ), #8046, 'distance_accuracy_value', 'NONE');
#1288 = DIRECTION ( 'NONE',  ( -0.9371590407833582104, 0.3489024681454918064, -0.000000000000000000 ) ) ;
#1289 = CARTESIAN_POINT ( 'NONE',  ( 16.24938184449140266, 1.170377116458106936, -8.248035969732711692 ) ) ;
#1290 = VECTOR ( 'NONE', #5384, 1000.000000000000227 ) ;
#1291 = VERTEX_POINT ( 'NONE', #2391 ) ;
#1292 = EDGE_LOOP ( 'NONE', ( #5788, #7842, #106, #7356, #1010 ) ) ;
#1293 = VERTEX_POINT ( 'NONE', #714 ) ;
#1294 = CARTESIAN_POINT ( 'NONE',  ( 12.04177671483134660, 14.08937783454801007, 3.174999999999999822 ) ) ;
#1295 = CARTESIAN_POINT ( 'NONE',  ( -11.03479504990174398, -8.606588811822932783, 14.98100000000000165 ) ) ;
#1296 = CARTESIAN_POINT ( 'NONE',  ( -33.50011498293680745, 34.60976076831700254, 8.630999999999993122 ) ) ;
#1297 = DIRECTION ( 'NONE',  ( 0.000000000000000000, 0.000000000000000000, 1.000000000000000000 ) ) ;
#1298 = CARTESIAN_POINT ( 'NONE',  ( 19.74102292354263710, -15.78402317582674108, 8.631000000000000227 ) ) ;
#1299 = CARTESIAN_POINT ( 'NONE',  ( 0.9032076076857801228, -19.90195147065402281, 1.326189264018258873 ) ) ;
#1300 = CARTESIAN_POINT ( 'NONE',  ( 19.00204440975599951, 3.936513636352595658, 0.000000000000000000 ) ) ;
#1301 = CARTESIAN_POINT ( 'NONE',  ( 23.80368188292203513, -9.445347389392313886, 8.631000000000000227 ) ) ;
#1302 = VERTEX_POINT ( 'NONE', #1922 ) ;
#1303 = CARTESIAN_POINT ( 'NONE',  ( -6.104195552594851470, 0.9508924111937783197, -5.730599999999998140 ) ) ;
#1304 = LINE ( 'NONE', #3835, #7854 ) ;
#1305 = DIRECTION ( 'NONE',  ( 1.000000000000000000, -5.386987605565806968E-16, 0.000000000000000000 ) ) ;
#1306 = CARTESIAN_POINT ( 'NONE',  ( 16.68600726385845689, 20.15763671921128974, 14.98100000000060916 ) ) ;
#1307 = EDGE_CURVE ( 'NONE', #5603, #6234, #4667, .T. ) ;
#1308 = B_SPLINE_CURVE_WITH_KNOTS ( 'NONE', 3,
 ( #2521, #8149, #1899, #6938, #1196, #8189 ),
 .UNSPECIFIED., .F., .F.,
 ( 4, 2, 4 ),
 ( 0.000000000000000000, 0.002029200810939026101, 0.004058401621878052201 ),
 .UNSPECIFIED. ) ;
#1309 = CARTESIAN_POINT ( 'NONE',  ( 0.000000000000000000, 0.000000000000000000, -8.949100000000001387 ) ) ;
#1310 = ORIENTED_EDGE ( 'NONE', *, *, #6727, .F. ) ;
#1311 = CARTESIAN_POINT ( 'NONE',  ( -11.11513831576357525, -2.846000725366218731, 3.174999999999999822 ) ) ;
#1312 = DIRECTION ( 'NONE',  ( 0.000000000000000000, 0.000000000000000000, 1.000000000000000000 ) ) ;
#1313 = CARTESIAN_POINT ( 'NONE',  ( -3.852868218153464586, -10.51820357379661175, 11.05600000209201994 ) ) ;
#1314 = CARTESIAN_POINT ( 'NONE',  ( -11.93380714760685102, -13.05735525345597914, 0.000000000000000000 ) ) ;
#1315 = CARTESIAN_POINT ( 'NONE',  ( 2.229183074677310028, -13.76562875766001781, 11.80600000000000094 ) ) ;
#1316 = CARTESIAN_POINT ( 'NONE',  ( -3.508530634592841757, -14.78893978825842836, -1.949099999999974520 ) ) ;
#1317 = VECTOR ( 'NONE', #6490, 1000.000000000000000 ) ;
#1318 = CARTESIAN_POINT ( 'NONE',  ( -8.940015150338160410, -9.243803669068363149, 9.416435412949244466 ) ) ;
#1319 = ORIENTED_EDGE ( 'NONE', *, *, #1553, .T. ) ;
#1320 = LINE ( 'NONE', #1282, #4348 ) ;
#1321 = PLANE ( 'NONE',  #5787 ) ;
#1322 = CARTESIAN_POINT ( 'NONE',  ( -7.139688768580557010, 9.184898826891243928, -8.248035969732711692 ) ) ;
#1323 = DIRECTION ( 'NONE',  ( 0.3504248004933557814, 0.9365908707643866293, 0.000000000000000000 ) ) ;
#1324 = LINE ( 'NONE', #6410, #6695 ) ;
#1325 = CARTESIAN_POINT ( 'NONE',  ( 17.36374231417123681, 0.7534399484217204623, -7.318099999999999383 ) ) ;
#1326 = ORIENTED_EDGE ( 'NONE', *, *, #2144, .T. ) ;
#1327 = ORIENTED_EDGE ( 'NONE', *, *, #5628, .F. ) ;
#1328 = ORIENTED_EDGE ( 'NONE', *, *, #6292, .F. ) ;
#1329 = CIRCLE ( 'NONE', #1989, 0.6500000000000005773 ) ;
#1330 = CARTESIAN_POINT ( 'NONE',  ( 5.934055386172461866, 13.04683675044269719, 2.517435969732711776 ) ) ;
#1331 = CARTESIAN_POINT ( 'NONE',  ( 0.4802552723118781453, -1.925382822724262422, -1.949099999999967636 ) ) ;
#1332 = CARTESIAN_POINT ( 'NONE',  ( -4.439039386445601032, 32.30869805997172506, 8.630999999999993122 ) ) ;
#1333 = CARTESIAN_POINT ( 'NONE',  ( 26.21613685041451092, 2.538123062335156721, 10.21850059711604963 ) ) ;
#1334 = CARTESIAN_POINT ( 'NONE',  ( 1.226780418669875639, 32.16946954534166281, 8.630999999999989569 ) ) ;
#1335 = FACE_BOUND ( 'NONE', #5676, .T. ) ;
#1336 = CARTESIAN_POINT ( 'NONE',  ( 5.934055386172464530, 13.04683675044151769, 0.000000000000000000 ) ) ;
#1337 = CARTESIAN_POINT ( 'NONE',  ( -0.8187890121333274429, -9.692814478653213328, 8.630999999999982464 ) ) ;
#1338 = B_SPLINE_CURVE_WITH_KNOTS ( 'NONE', 3,
 ( #6671, #8037, #2172, #923, #4162, #242, #7865, #6088, #4206, #3586, #2378, #3667, #4907, #3707, #6879, #6217, #7459, #6917, #1175, #3787, #6257, #2461 ),
 .UNSPECIFIED., .F., .F.,
 ( 4, 2, 2, 2, 2, 2, 2, 2, 2, 2, 4 ),
 ( 0.8599752458351550555, 0.8716853858841903113, 0.8899009454731731106, 0.9044730433523903157, 0.9226813626088121723, 0.9408997517909335473, 0.9591210407714405584, 0.9773353880055931642, 0.9918904835717163859, 1.000000000000000000, 1.000340255789086807 ),
 .UNSPECIFIED. ) ;
#1339 = VERTEX_POINT ( 'NONE', #7000 ) ;
#1340 = CARTESIAN_POINT ( 'NONE',  ( 3.562226646565246568, 4.395751585142436131E-16, -11.08632664656526678 ) ) ;
#1341 = CARTESIAN_POINT ( 'NONE',  ( -14.00047847999837813, -8.552020718259708332, 3.174999999999999822 ) ) ;
#1342 = LINE ( 'NONE', #5044, #6353 ) ;
#1343 = CARTESIAN_POINT ( 'NONE',  ( 19.73284292453422850, -12.40441390036500025, 14.98100000000000520 ) ) ;
#1344 = CARTESIAN_POINT ( 'NONE',  ( -9.627560557157826437, -9.042370154517131553, 14.98100000000000165 ) ) ;
#1345 = VECTOR ( 'NONE', #967, 1000.000000000000227 ) ;
#1346 = CARTESIAN_POINT ( 'NONE',  ( 4.565458976127893642, -12.74065372056012357, 10.21850000016612192 ) ) ;
#1347 = CARTESIAN_POINT ( 'NONE',  ( 2.364228104126512964, 0.8211114229359135486, -8.678467012990402907 ) ) ;
#1348 = ORIENTED_EDGE ( 'NONE', *, *, #634, .F. ) ;
#1349 = B_SPLINE_CURVE_WITH_KNOTS ( 'NONE', 3,
 ( #4538, #1425, #6548, #2585, #3954, #5157, #1341, #5749, #2129, #5877 ),
 .UNSPECIFIED., .F., .F.,
 ( 4, 2, 2, 2, 4 ),
 ( 2.729830862562319122E-05, 0.2500000000000000000, 0.5000000000000000000, 0.7500000000000000000, 1.000000000000000000 ),
 .UNSPECIFIED. ) ;
#1350 = EDGE_CURVE ( 'NONE', #2653, #3007, #4534, .T. ) ;
#1351 = CARTESIAN_POINT ( 'NONE',  ( -12.91007307468976961, -5.728882426130107675, 3.174999999999999822 ) ) ;
#1352 = ADVANCED_FACE ( 'NONE', ( #2581 ), #6465, .F. ) ;
#1353 = AXIS2_PLACEMENT_3D ( 'NONE', #829, #750, #2617 ) ;
#1354 = STYLED_ITEM ( 'NONE', ( #5534 ), #4999 ) ;
#1355 = CARTESIAN_POINT ( 'NONE',  ( 0.000000000000000000, 0.000000000000000000, -11.44909999999999961 ) ) ;
#1356 = CARTESIAN_POINT ( 'NONE',  ( -14.43158449124798004, -6.659646363897024912, 0.000000000000000000 ) ) ;
#1357 = CARTESIAN_POINT ( 'NONE',  ( -8.565050193019002833, -16.92647862052163177, -7.318099999999999383 ) ) ;
#1358 = CARTESIAN_POINT ( 'NONE',  ( -3.040289304004727189, 10.36069978094333344, -7.318099999999999383 ) ) ;
#1359 = VECTOR ( 'NONE', #1776, 1000.000000000000227 ) ;
#1360 = CARTESIAN_POINT ( 'NONE',  ( -33.50011498293680745, 34.60976076831700254, 14.98099999999999632 ) ) ;
#1361 = CARTESIAN_POINT ( 'NONE',  ( -9.589494263335424762, -9.130963092593336938, 14.98100000000000698 ) ) ;
#1362 = ORIENTED_EDGE ( 'NONE', *, *, #4863, .T. ) ;
#1363 = FACE_OUTER_BOUND ( 'NONE', #5010, .T. ) ;
#1364 = CARTESIAN_POINT ( 'NONE',  ( -3.405855749582381797, 8.799896514024604599, -7.318099999999999383 ) ) ;
#1365 = CARTESIAN_POINT ( 'NONE',  ( -1.852669853647181952, -12.20424927020292216, -1.949099999999967636 ) ) ;
#1366 = AXIS2_PLACEMENT_3D ( 'NONE', #1358, #5130, #858 ) ;
#1367 = UNCERTAINTY_MEASURE_WITH_UNIT (LENGTH_MEASURE( 1.000000000000000082E-05 ), #6546, 'distance_accuracy_value', 'NONE');
#1368 = CARTESIAN_POINT ( 'NONE',  ( 3.601857287445154210, 0.9740064690217337118, -11.25279773126560023 ) ) ;
#1369 = DIRECTION ( 'NONE',  ( -3.015015150373259837E-13, 2.491347241658856738E-09, -1.000000000000000000 ) ) ;
#1370 = ORIENTED_EDGE ( 'NONE', *, *, #3228, .T. ) ;
#1371 = VERTEX_POINT ( 'NONE', #668 ) ;
#1372 = ORIENTED_EDGE ( 'NONE', *, *, #2669, .F. ) ;
#1373 = CARTESIAN_POINT ( 'NONE',  ( 3.467521979636503549, 12.87373051959270320, 3.174999999999999822 ) ) ;
#1374 = CARTESIAN_POINT ( 'NONE',  ( -2.899377258083655651, -15.01572639255299357, -1.949099999999974520 ) ) ;
#1375 = LINE ( 'NONE', #7078, #6282 ) ;
#1376 = CARTESIAN_POINT ( 'NONE',  ( -2.204894577754120011, -10.96236130471560521, 12.55599999790798549 ) ) ;
#1377 = AXIS2_PLACEMENT_3D ( 'NONE', #1309, #765, #7135 ) ;
#1378 = CARTESIAN_POINT ( 'NONE',  ( 28.31198947043230518, 0.6227037764108300788, 8.630999999999998451 ) ) ;
#1379 = CARTESIAN_POINT ( 'NONE',  ( 0.01503851390308469545, -3.174964384540334361, -9.949099999999967636 ) ) ;
#1380 = CARTESIAN_POINT ( 'NONE',  ( -4.036108563097333679, -20.39408905309382547, 7.043499999999999872 ) ) ;
#1381 = CARTESIAN_POINT ( 'NONE',  ( 15.09618207182342786, 21.65501198132387373, 8.630999999999993122 ) ) ;
#1382 = CARTESIAN_POINT ( 'NONE',  ( -9.839635637251559430, -3.791119324859781425, -5.730599999999999028 ) ) ;
#1383 = EDGE_CURVE ( 'NONE', #4468, #5328, #5926, .T. ) ;
#1384 = ORIENTED_EDGE ( 'NONE', *, *, #4733, .T. ) ;
#1385 = CARTESIAN_POINT ( 'NONE',  ( -3.456395464362695069, 8.818556930000680083, -7.318099999999999383 ) ) ;
#1386 = CARTESIAN_POINT ( 'NONE',  ( 0.000000000000000000, 0.000000000000000000, 14.98099999999999987 ) ) ;
#1387 = CARTESIAN_POINT ( 'NONE',  ( -10.07051872613636156, 8.104809319957560376, -5.730599999999999028 ) ) ;
#1388 = ADVANCED_FACE ( 'NONE', ( #3328 ), #2203, .F. ) ;
#1389 = CARTESIAN_POINT ( 'NONE',  ( 6.400655110004744408, -11.58547895595570765, 14.98099999999981335 ) ) ;
#1390 = CARTESIAN_POINT ( 'NONE',  ( -1.026772229064567332, -20.01732834886435342, 2.640553475776566295 ) ) ;
#1391 = CARTESIAN_POINT ( 'NONE',  ( 2.006911092020115639, 11.08409681377691669, 0.000000000000000000 ) ) ;
#1392 = ORIENTED_EDGE ( 'NONE', *, *, #2637, .F. ) ;
#1393 = CARTESIAN_POINT ( 'NONE',  ( 0.000000000000000000, 0.000000000000000000, -7.949100000000000499 ) ) ;
#1394 = CARTESIAN_POINT ( 'NONE',  ( -7.761895739788752913, -17.31339749815901996, 1.587499999999999911 ) ) ;
#1395 = DIRECTION ( 'NONE',  ( -0.3489024681454918064, -0.9371590407833583214, 0.000000000000000000 ) ) ;
#1396 = CARTESIAN_POINT ( 'NONE',  ( -7.696762300786941680, 9.074866323787089684, -7.318099999999999383 ) ) ;
#1397 = CARTESIAN_POINT ( 'NONE',  ( 27.54192536631284938, 4.318195128450602382, 11.80599999999999916 ) ) ;
#1398 = CARTESIAN_POINT ( 'NONE',  ( 3.512569708151515702, 6.114378260837071366, -1.582251354215225669 ) ) ;
#1399 = LINE ( 'NONE', #7634, #2433 ) ;
#1400 = CARTESIAN_POINT ( 'NONE',  ( 20.93197141789683968, -0.8347430925994885342, -15.44909999999999961 ) ) ;
#1401 = EDGE_CURVE ( 'NONE', #6740, #7568, #7682, .T. ) ;
#1402 = EDGE_LOOP ( 'NONE', ( #1096, #6903 ) ) ;
#1403 = CARTESIAN_POINT ( 'NONE',  ( 25.48455371229664124, 12.54643094582652729, 11.80599999999999739 ) ) ;
#1404 = CARTESIAN_POINT ( 'NONE',  ( -14.29269913100902123, -7.137698134232686620, -8.248035969732711692 ) ) ;
#1405 = CARTESIAN_POINT ( 'NONE',  ( -3.659606356829662843, 8.896006331660975874, -5.730599999999999916 ) ) ;
#1406 = DIRECTION ( 'NONE',  ( 1.000000000000000000, 0.000000000000000000, 0.000000000000000000 ) ) ;
#1407 = CARTESIAN_POINT ( 'NONE',  ( 1.759916674635157552, 10.85446673156645758, 1.587499999999999911 ) ) ;
#1408 = EDGE_CURVE ( 'NONE', #3242, #2936, #6664, .T. ) ;
#1409 = ORIENTED_EDGE ( 'NONE', *, *, #1768, .F. ) ;
#1410 = ORIENTED_EDGE ( 'NONE', *, *, #2953, .T. ) ;
#1411 = VERTEX_POINT ( 'NONE', #6620 ) ;
#1412 = CARTESIAN_POINT ( 'NONE',  ( 1.287217092195285018, 11.31500646814698641, 3.174999999999999822 ) ) ;
#1413 = CARTESIAN_POINT ( 'NONE',  ( 12.40201071759524432, -13.02081041795105598, 12.22309585923949271 ) ) ;
#1414 = LINE ( 'NONE', #4612, #2280 ) ;
#1415 = CARTESIAN_POINT ( 'NONE',  ( -9.686739635327779041, -9.024083855329820381, 12.55599999790798371 ) ) ;
#1416 = CARTESIAN_POINT ( 'NONE',  ( 26.18805509819400257, 10.49240108418684692, 8.630999999999994898 ) ) ;
#1417 = AXIS2_PLACEMENT_3D ( 'NONE', #4232, #2274, #4890 ) ;
#1418 = DIRECTION ( 'NONE',  ( -0.1509688510070648915, -0.9885385202538171656, 0.000000000000000000 ) ) ;
#1419 = DIRECTION ( 'NONE',  ( -0.9371590407833582104, 0.3489024681454917509, -0.000000000000000000 ) ) ;
#1420 = CARTESIAN_POINT ( 'NONE',  ( 27.54192536631284938, 4.318195128451486120, 8.630999999999927397 ) ) ;
#1421 = DIRECTION ( 'NONE',  ( -0.000000000000000000, -0.000000000000000000, -1.000000000000000000 ) ) ;
#1422 = VERTEX_POINT ( 'NONE', #2828 ) ;
#1423 = CIRCLE ( 'NONE', #757, 3.925000000000011813 ) ;
#1424 = CARTESIAN_POINT ( 'NONE',  ( 9.652883928318477302, 14.68731671916626169, 6.146278632067240011 ) ) ;
#1425 = CARTESIAN_POINT ( 'NONE',  ( -9.581494475307552605, -18.33172319652106452, 3.174999999999998934 ) ) ;
#1426 = DIRECTION ( 'NONE',  ( -1.000000000000000000, 0.000000000000000000, -0.000000000000000000 ) ) ;
#1427 = CARTESIAN_POINT ( 'NONE',  ( -20.08259148370260405, 32.86196989895047693, 14.98099999999999454 ) ) ;
#1428 = CARTESIAN_POINT ( 'NONE',  ( 1.757764336591666421, 0.9281822860051538449, -2.685550785686132258 ) ) ;
#1429 = B_SPLINE_CURVE_WITH_KNOTS ( 'NONE', 3,
 ( #2212, #3590, #4750, #291, #1586, #4831, #2917, #1007, #6628, #4872, #7868, #1669, #2175, #422, #5443 ),
 .UNSPECIFIED., .F., .F.,
 ( 4, 1, 1, 1, 1, 1, 1, 2, 1, 1, 1, 4 ),
 ( 0.6288366340594742088, 0.6660976619077176863, 0.7216058004000278636, 0.7771139388923373748, 0.8048680081384921303, 0.8326220773846471079, 0.8603761466308023076, 0.8881302158769570632, 0.9160976619077177974, 0.9440651079384785316, 0.9720325539692392658, 1.000000000000000000 ),
 .UNSPECIFIED. ) ;
#1430 = CARTESIAN_POINT ( 'NONE',  ( 5.979130371550700040, -0.5000000000000017764, 14.98099999999999987 ) ) ;
#1431 = EDGE_CURVE ( 'NONE', #1915, #5779, #2080, .T. ) ;
#1432 = ORIENTED_EDGE ( 'NONE', *, *, #7636, .T. ) ;
#1433 = CARTESIAN_POINT ( 'NONE',  ( -8.265066667805676559, -17.81332059500207521, 3.174999999999999822 ) ) ;
#1434 = CARTESIAN_POINT ( 'NONE',  ( 20.86468384455686120, -0.2581779736429366534, -8.905600000000001515 ) ) ;
#1435 = CARTESIAN_POINT ( 'NONE',  ( -15.05170216074766110, -0.7453076699464327159, -7.318099999999999383 ) ) ;
#1436 = CIRCLE ( 'NONE', #214, 2.500000000000000000 ) ;
#1437 = CARTESIAN_POINT ( 'NONE',  ( 3.174999999999999822, 0.000000000000000000, 1.256000000000000671 ) ) ;
#1438 = CARTESIAN_POINT ( 'NONE',  ( 0.000000000000000000, 0.000000000000000000, 14.48099999999999987 ) ) ;
#1439 = CARTESIAN_POINT ( 'NONE',  ( 20.93663917186206547, -0.9150074461170413231, -15.44909999999999961 ) ) ;
#1440 = ORIENTED_EDGE ( 'NONE', *, *, #385, .T. ) ;
#1441 = CARTESIAN_POINT ( 'NONE',  ( 22.08385952095340699, 18.69922293381420886, 11.80599999999899730 ) ) ;
#1442 = CARTESIAN_POINT ( 'NONE',  ( -1.852669853647178400, -12.20424927020291861, 6.050900000000025258 ) ) ;
#1443 = CARTESIAN_POINT ( 'NONE',  ( -4.153975278964797901, 9.059303208367520455, -5.730599999999996363 ) ) ;
#1444 = DIRECTION ( 'NONE',  ( -0.3476599139027853336, -0.9376207038377022407, 0.000000000000000000 ) ) ;
#1445 = CARTESIAN_POINT ( 'NONE',  ( 5.368521280657216010, 12.90997370325365523, 1.587499999999999911 ) ) ;
#1446 = ORIENTED_EDGE ( 'NONE', *, *, #596, .F. ) ;
#1447 = ORIENTED_EDGE ( 'NONE', *, *, #254, .T. ) ;
#1448 = ADVANCED_FACE ( 'NONE', ( #5313 ), #5274, .T. ) ;
#1449 = VERTEX_POINT ( 'NONE', #5957 ) ;
#1450 = EDGE_CURVE ( 'NONE', #5555, #427, #3986, .T. ) ;
#1451 = CARTESIAN_POINT ( 'NONE',  ( 12.69427714116425321, 12.08191484158582796, 1.587499999999999911 ) ) ;
#1452 = CARTESIAN_POINT ( 'NONE',  ( -11.73439146106571052, -6.953776187808147213, -5.730600000000000804 ) ) ;
#1453 = CARTESIAN_POINT ( 'NONE',  ( 21.40792010887400920, -14.11408924160253342, 8.631000000000003780 ) ) ;
#1454 = CARTESIAN_POINT ( 'NONE',  ( -8.081034836857664772, -9.002409082874351043, 12.55603281448311748 ) ) ;
#1455 = CARTESIAN_POINT ( 'NONE',  ( 28.63184273261631674, -1.233121942092601619, 11.80600000000000094 ) ) ;
#1456 = CARTESIAN_POINT ( 'NONE',  ( 6.161030347456280865, 6.645660552494410567, -8.905599999457724181 ) ) ;
#1457 = DIRECTION ( 'NONE',  ( 0.9322399881385086129, -0.3618405788679777690, 0.000000000000000000 ) ) ;
#1458 = CARTESIAN_POINT ( 'NONE',  ( 12.74199028092864694, -16.33159447792379382, 8.630999999999465544 ) ) ;
#1459 = EDGE_CURVE ( 'NONE', #1734, #3655, #918, .T. ) ;
#1460 = ORIENTED_EDGE ( 'NONE', *, *, #1203, .T. ) ;
#1461 = CARTESIAN_POINT ( 'NONE',  ( 2.298329390012754381, -2.877541199685362372, -11.19906665953105218 ) ) ;
#1462 = CARTESIAN_POINT ( 'NONE',  ( 8.650074287960176633, 14.79620837500086772, 7.388805127457100497 ) ) ;
#1463 = CARTESIAN_POINT ( 'NONE',  ( 11.87164204902840048, 20.64694561828808617, -1.949099999999967636 ) ) ;
#1464 = CARTESIAN_POINT ( 'NONE',  ( -18.90414476090749574, 34.44591281815267791, 10.21850029855801623 ) ) ;
#1465 = CARTESIAN_POINT ( 'NONE',  ( 23.80368188292203513, -9.445347389392313886, 14.98100000000000520 ) ) ;
#1466 = CARTESIAN_POINT ( 'NONE',  ( 1.984375000000000000, 0.1563424682610044802, -3.153320028157435839 ) ) ;
#1467 = CARTESIAN_POINT ( 'NONE',  ( 4.608195843500102917, 27.43994001211607880, 14.98099999999999454 ) ) ;
#1468 = CARTESIAN_POINT ( 'NONE',  ( 19.34913917186177557, -3.040034490371193776, 0.000000000000000000 ) ) ;
#1469 = ORIENTED_EDGE ( 'NONE', *, *, #6698, .T. ) ;
#1470 = CARTESIAN_POINT ( 'NONE',  ( -11.41644753894031972, -14.18370272454599146, 2.517435969732711776 ) ) ;
#1471 = CARTESIAN_POINT ( 'NONE',  ( 0.000000000000000000, 0.000000000000000000, -8.949100000000001387 ) ) ;
#1472 = CARTESIAN_POINT ( 'NONE',  ( -13.97186840969304100, -8.080783377854872995, -7.318099999999999383 ) ) ;
#1473 = CARTESIAN_POINT ( 'NONE',  ( -42.00193863272111372, 7.125692526716533415, 11.80599999999999739 ) ) ;
#1474 = ADVANCED_FACE ( 'NONE', ( #7900 ), #7202, .F. ) ;
#1475 = CARTESIAN_POINT ( 'NONE',  ( 4.696492690743695242, 5.654848619763574114, -0.5491780123136895675 ) ) ;
#1476 = DIRECTION ( 'NONE',  ( 1.000000000000000000, 0.000000000000000000, 0.000000000000000000 ) ) ;
#1477 = CARTESIAN_POINT ( 'NONE',  ( -40.67401417322093948, 6.922186682037451355, 13.39349904687931669 ) ) ;
#1478 = CARTESIAN_POINT ( 'NONE',  ( -11.93380714760685279, -13.05735525345611059, -7.318099999999999383 ) ) ;
#1479 = AXIS2_PLACEMENT_3D ( 'NONE', #5268, #7357, #4610 ) ;
#1480 = EDGE_LOOP ( 'NONE', ( #3103, #5543, #415, #5379 ) ) ;
#1481 = EDGE_CURVE ( 'NONE', #574, #4983, #4964, .T. ) ;
#1482 = CARTESIAN_POINT ( 'NONE',  ( -48.49935445207390217, 17.71237818181344537, 11.80599999999999561 ) ) ;
#1483 = CARTESIAN_POINT ( 'NONE',  ( -15.46334548494149708, -8.624975958979645085, -8.905600000000001515 ) ) ;
#1484 = CARTESIAN_POINT ( 'NONE',  ( 5.461819733840949098, -12.97941186196716679, 11.05600000000000271 ) ) ;
#1485 = CARTESIAN_POINT ( 'NONE',  ( 11.00242262869093324, -14.36672734858498046, 13.39349904687932380 ) ) ;
#1486 = CARTESIAN_POINT ( 'NONE',  ( 3.766291807603387998, 12.28644048611909412, -5.730599999999999028 ) ) ;
#1487 = VECTOR ( 'NONE', #2445, 1000.000000000000000 ) ;
#1488 = ORIENTED_EDGE ( 'NONE', *, *, #4854, .F. ) ;
#1489 = ORIENTED_EDGE ( 'NONE', *, *, #5585, .F. ) ;
#1490 = VECTOR ( 'NONE', #3393, 1000.000000000000000 ) ;
#1491 = CARTESIAN_POINT ( 'NONE',  ( 4.289051226172818865, 12.53125708338927424, 1.587499999999999911 ) ) ;
#1492 = CARTESIAN_POINT ( 'NONE',  ( 12.18439622302827985, -14.44574217711871533, 13.39350000001534724 ) ) ;
#1493 = ADVANCED_FACE ( 'NONE', ( #5915 ), #7244, .F. ) ;
#1494 = CARTESIAN_POINT ( 'NONE',  ( -1.681543941320843505, -8.965972145123165760, 10.60799819143153044 ) ) ;
#1495 = CARTESIAN_POINT ( 'NONE',  ( -3.738308430127966542, -10.09402862205215889, 12.55603281448345143 ) ) ;
#1496 = CARTESIAN_POINT ( 'NONE',  ( 26.35318203560210648, -11.46868643948620203, 11.80600000000000271 ) ) ;
#1497 = CARTESIAN_POINT ( 'NONE',  ( 4.378137707384640365, 6.930900815819985183, -8.825777485622683827 ) ) ;
#1498 = DIRECTION ( 'NONE',  ( -0.000000000000000000, -0.000000000000000000, -1.000000000000000000 ) ) ;
#1499 = EDGE_CURVE ( 'NONE', #3655, #7364, #7941, .T. ) ;
#1500 = CARTESIAN_POINT ( 'NONE',  ( -48.49935445207389506, 17.71237818181343826, 8.630999999999936279 ) ) ;
#1501 =( BOUNDED_SURFACE ( )  B_SPLINE_SURFACE ( 3, 3, ( 
 ( #4278, #6162, #5026, #3735, #2990, #1204, #450, #1826, #1121, #2367, #3658, #6121, #4364, #6207, #5558, #6248, #1785, #492, #2948, #8027, #6908, #8111, #2409, #3116, #4939, #7572, #7493, #4324, #1868, #4402, #534, #3073, #6289, #578, #2566, #3816, #2065, #1364 ),
 ( #616, #2648, #3155, #1404, #3897, #1907, #3314, #7641, #101, #6330, #6451, #697, #5812, #5175, #4482, #5689, #5096, #4560, #3932, #7024, #3189, #1980, #5729, #2530, #7148, #28, #3273, #8235, #1322, #738, #776, #5061, #7724, #1944, #6368, #7605, #4601, #2022 ),
 ( #6488, #4440, #2604, #6987, #7107, #3855, #1285, #655, #7765, #7684, #6408, #3235, #5769, #65, #4518, #5853, #3780, #5136, #7065, #139, #2687, #5219, #1603, #5381, #4143, #4101, #7233, #2152, #2771, #7929, #6609, #6026, #4813, #864, #944, #5301, #2231, #906 ),
 ( #224, #1483, #264, #3437, #7844, #7189, #3476, #5983, #358, #2814, #2190, #5342, #3357, #2856, #4687, #2896, #5946, #313, #7887, #2272, #4727, #7276, #1525, #6068, #2109, #5900, #1565, #183, #6693, #7317, #6651, #4767, #4058, #986, #5420, #3525, #2731, #7970 ) ),
 .UNSPECIFIED., .F., .F., .T. ) 
 B_SPLINE_SURFACE_WITH_KNOTS ( ( 4, 4 ),
 ( 4, 2, 2, 2, 2, 2, 2, 2, 2, 2, 2, 2, 2, 2, 2, 2, 2, 2, 4 ),
 ( 0.000000000000000000, 1.000000000000000000 ),
 ( 0.000000000000000000, 0.02808819211426436327, 0.08426457634238720962, 0.1404409605716402665, 0.1966173448001218016, 0.2527937290287314287, 0.3089701132573929865, 0.3862126415716793937, 0.4423890258002889930, 0.5196315541150443584, 0.5968740824289655578, 0.6530504666575751571, 0.7232709469433443727, 0.7934914272290993775, 0.8637119075149536362, 0.9339323878006233759, 0.9655316039292052288, 0.9971308200577869707, 1.000000000000000000 ),
 .UNSPECIFIED. ) 
 GEOMETRIC_REPRESENTATION_ITEM ( )  RATIONAL_B_SPLINE_SURFACE ( (
 ( 1.000000000000000000, 1.000000000000000000, 1.000000000000000000, 1.000000000000000000, 1.000000000000000000, 1.000000000000000000, 1.000000000000000000, 1.000000000000000000, 1.000000000000000000, 1.000000000000000000, 1.000000000000000000, 1.000000000000000000, 1.000000000000000000, 1.000000000000000000, 1.000000000000000000, 1.000000000000000000, 1.000000000000000000, 1.000000000000000000, 1.000000000000000000, 1.000000000000000000, 1.000000000000000000, 1.000000000000000000, 1.000000000000000000, 1.000000000000000000, 1.000000000000000000, 1.000000000000000000, 1.000000000000000000, 1.000000000000000000, 1.000000000000000000, 1.000000000000000000, 1.000000000000000000, 1.000000000000000000, 1.000000000000000000, 1.000000000000000000, 1.000000000000000000, 1.000000000000000000, 1.000000000000000000, 1.000000000000000000),
 ( 0.8047378541243648264, 0.8047378541243648264, 0.8047378541243648264, 0.8047378541243648264, 0.8047378541243648264, 0.8047378541243648264, 0.8047378541243648264, 0.8047378541243648264, 0.8047378541243648264, 0.8047378541243648264, 0.8047378541243648264, 0.8047378541243648264, 0.8047378541243648264, 0.8047378541243648264, 0.8047378541243648264, 0.8047378541243648264, 0.8047378541243648264, 0.8047378541243648264, 0.8047378541243648264, 0.8047378541243648264, 0.8047378541243648264, 0.8047378541243648264, 0.8047378541243648264, 0.8047378541243648264, 0.8047378541243648264, 0.8047378541243648264, 0.8047378541243648264, 0.8047378541243648264, 0.8047378541243648264, 0.8047378541243648264, 0.8047378541243648264, 0.8047378541243648264, 0.8047378541243648264, 0.8047378541243648264, 0.8047378541243648264, 0.8047378541243648264, 0.8047378541243648264, 0.8047378541243648264),
 ( 0.8047378541243648264, 0.8047378541243648264, 0.8047378541243648264, 0.8047378541243648264, 0.8047378541243648264, 0.8047378541243648264, 0.8047378541243648264, 0.8047378541243648264, 0.8047378541243648264, 0.8047378541243648264, 0.8047378541243648264, 0.8047378541243648264, 0.8047378541243648264, 0.8047378541243648264, 0.8047378541243648264, 0.8047378541243648264, 0.8047378541243648264, 0.8047378541243648264, 0.8047378541243648264, 0.8047378541243648264, 0.8047378541243648264, 0.8047378541243648264, 0.8047378541243648264, 0.8047378541243648264, 0.8047378541243648264, 0.8047378541243648264, 0.8047378541243648264, 0.8047378541243648264, 0.8047378541243648264, 0.8047378541243648264, 0.8047378541243648264, 0.8047378541243648264, 0.8047378541243648264, 0.8047378541243648264, 0.8047378541243648264, 0.8047378541243648264, 0.8047378541243648264, 0.8047378541243648264),
 ( 1.000000000000000000, 1.000000000000000000, 1.000000000000000000, 1.000000000000000000, 1.000000000000000000, 1.000000000000000000, 1.000000000000000000, 1.000000000000000000, 1.000000000000000000, 1.000000000000000000, 1.000000000000000000, 1.000000000000000000, 1.000000000000000000, 1.000000000000000000, 1.000000000000000000, 1.000000000000000000, 1.000000000000000000, 1.000000000000000000, 1.000000000000000000, 1.000000000000000000, 1.000000000000000000, 1.000000000000000000, 1.000000000000000000, 1.000000000000000000, 1.000000000000000000, 1.000000000000000000, 1.000000000000000000, 1.000000000000000000, 1.000000000000000000, 1.000000000000000000, 1.000000000000000000, 1.000000000000000000, 1.000000000000000000, 1.000000000000000000, 1.000000000000000000, 1.000000000000000000, 1.000000000000000000, 1.000000000000000000) ) ) 
 REPRESENTATION_ITEM ( '' )  SURFACE ( )  );
#1502 = EDGE_CURVE ( 'NONE', #5779, #6100, #5996, .T. ) ;
#1503 = ORIENTED_EDGE ( 'NONE', *, *, #4544, .F. ) ;
#1504 = VERTEX_POINT ( 'NONE', #5233 ) ;
#1505 = DIRECTION ( 'NONE',  ( 0.000000000000000000, 0.000000000000000000, 1.000000000000000000 ) ) ;
#1506 = CARTESIAN_POINT ( 'NONE',  ( -14.62369581779174510, -8.583189037751944639, -8.705040594547677202 ) ) ;
#1507 = CARTESIAN_POINT ( 'NONE',  ( 7.191405616654445332, 9.037240745359277128, -2.870563441691821094 ) ) ;
#1508 = LINE ( 'NONE', #4035, #1345 ) ;
#1509 = CARTESIAN_POINT ( 'NONE',  ( 25.01005285694785130, 0.8374367091044628841, 11.80600000000000094 ) ) ;
#1510 = DIRECTION ( 'NONE',  ( -0.3489024681454918064, -0.9371590407833582104, -0.000000000000000000 ) ) ;
#1511 = CARTESIAN_POINT ( 'NONE',  ( -10.32655586389714131, -15.56628998925701168, -6.812714433994400132 ) ) ;
#1512 = ORIENTED_EDGE ( 'NONE', *, *, #6477, .F. ) ;
#1513 = ORIENTED_EDGE ( 'NONE', *, *, #1249, .T. ) ;
#1514 = CARTESIAN_POINT ( 'NONE',  ( -23.43310772915992146, 34.30224345088092974, 8.630999999999993122 ) ) ;
#1515 = CARTESIAN_POINT ( 'NONE',  ( -3.764673518677136510, -20.49267306973825242, 8.631000000000000227 ) ) ;
#1516 = CARTESIAN_POINT ( 'NONE',  ( 20.94388675655208587, -0.9952723110954685426, -8.905600000000001515 ) ) ;
#1517 = CARTESIAN_POINT ( 'NONE',  ( -8.782548804159709732, 8.741916582865714602, 0.000000000000000000 ) ) ;
#1518 = CARTESIAN_POINT ( 'NONE',  ( -1.501048752687703436, 33.03278635709281730, 11.80599999999999206 ) ) ;
#1519 = CARTESIAN_POINT ( 'NONE',  ( 21.40792010887400920, -14.11408924160253342, 13.39349904687932380 ) ) ;
#1520 = CARTESIAN_POINT ( 'NONE',  ( -3.711728711823626625, -19.52231067827255018, -8.905600000000001515 ) ) ;
#1521 = LINE ( 'NONE', #4053, #6817 ) ;
#1522 = CARTESIAN_POINT ( 'NONE',  ( -12.00369839893808432, -12.87642469465363604, -7.318099999999999383 ) ) ;
#1523 = ORIENTED_EDGE ( 'NONE', *, *, #6036, .T. ) ;
#1524 = CARTESIAN_POINT ( 'NONE',  ( 7.753788007554789807, 29.50962372097941966, 11.80599999999999383 ) ) ;
#1525 = CARTESIAN_POINT ( 'NONE',  ( -12.67262692073954611, 8.174926509938069685, -8.905600000000001515 ) ) ;
#1526 = DIRECTION ( 'NONE',  ( -0.9372228348463677028, 0.3487310680775922989, 0.000000000000000000 ) ) ;
#1527 = CARTESIAN_POINT ( 'NONE',  ( -11.91896851475473440, -13.08471255831795332, -7.318099999999999383 ) ) ;
#1528 = CARTESIAN_POINT ( 'NONE',  ( 5.934055386172463642, 13.04683675044151769, -5.730599999999999028 ) ) ;
#1529 = ORIENTED_EDGE ( 'NONE', *, *, #897, .F. ) ;
#1530 = EDGE_CURVE ( 'NONE', #81, #7427, #281, .T. ) ;
#1531 = VERTEX_POINT ( 'NONE', #2123 ) ;
#1532 = CARTESIAN_POINT ( 'NONE',  ( -11.98739699550838900, -12.91531502102366602, 0.000000000000000000 ) ) ;
#1533 = CARTESIAN_POINT ( 'NONE',  ( 13.18822505451070981, -7.108946224410507497, -5.730599999999999028 ) ) ;
#1534 = CARTESIAN_POINT ( 'NONE',  ( -6.802166949865572576, -8.989651380556258786, 12.24536584716177146 ) ) ;
#1535 = CARTESIAN_POINT ( 'NONE',  ( 26.18805509819400612, 10.49240108418684692, 11.80599999999999739 ) ) ;
#1536 = CARTESIAN_POINT ( 'NONE',  ( 0.07694338564184353968, 7.447886219678371944, -5.730599999999999916 ) ) ;
#1537 = CARTESIAN_POINT ( 'NONE',  ( -18.90414476090728968, 34.44591281791365134, 13.39349952343965278 ) ) ;
#1538 = CARTESIAN_POINT ( 'NONE',  ( 18.95516000675702983, 22.39092315294194080, 8.631000000001376904 ) ) ;
#1539 = VECTOR ( 'NONE', #8182, 1000.000000000000000 ) ;
#1540 = ORIENTED_EDGE ( 'NONE', *, *, #2356, .T. ) ;
#1541 = CARTESIAN_POINT ( 'NONE',  ( 0.000000000000000000, 0.000000000000000000, 3.756000000000000671 ) ) ;
#1542 = CARTESIAN_POINT ( 'NONE',  ( 8.371606936866774262, 14.81080690736785144, 7.445076933818224774 ) ) ;
#1543 = CARTESIAN_POINT ( 'NONE',  ( 3.177605087946642204, 5.089642664094115254, 5.573498484526779428 ) ) ;
#1544 = DIRECTION ( 'NONE',  ( 1.000000000000000000, 0.000000000000000000, 0.000000000000000000 ) ) ;
#1545 = CARTESIAN_POINT ( 'NONE',  ( 10.04801900769776779, 24.87379885554348746, 11.80599999999999383 ) ) ;
#1546 = DIRECTION ( 'NONE',  ( -0.3489024681454918064, -0.9371590407833583214, 0.000000000000000000 ) ) ;
#1547 = CARTESIAN_POINT ( 'NONE',  ( 3.034299951601163503, -10.69440557877959286, 14.98100000000000520 ) ) ;
#1548 = AXIS2_PLACEMENT_3D ( 'NONE', #3598, #430, #2969 ) ;
#1549 = DIRECTION ( 'NONE',  ( -0.3489024681454918064, -0.9371590407833582104, -0.000000000000000000 ) ) ;
#1550 = CIRCLE ( 'NONE', #489, 0.6500000000000007994 ) ;
#1551 = ORIENTED_EDGE ( 'NONE', *, *, #5011, .T. ) ;
#1552 = PLANE ( 'NONE',  #2012 ) ;
#1553 = EDGE_CURVE ( 'NONE', #6977, #5603, #3947, .T. ) ;
#1554 = CARTESIAN_POINT ( 'NONE',  ( 8.251932397449207812, -13.70983174914954539, 13.39349999983399364 ) ) ;
#1555 = FACE_OUTER_BOUND ( 'NONE', #4566, .T. ) ;
#1556 = CARTESIAN_POINT ( 'NONE',  ( 19.29417074208855354, -0.7329654491517949566, -7.318099999999998495 ) ) ;
#1557 = CARTESIAN_POINT ( 'NONE',  ( 1.369683003482387473, 10.42375202513078669, 0.000000000000000000 ) ) ;
#1558 = CARTESIAN_POINT ( 'NONE',  ( -16.41965974405983530, 36.03076986445130814, 11.80599999999999206 ) ) ;
#1559 = FACE_OUTER_BOUND ( 'NONE', #2524, .T. ) ;
#1560 = CARTESIAN_POINT ( 'NONE',  ( 19.34894822567507688, -16.02398278983774560, -7.318099999999999383 ) ) ;
#1561 = CARTESIAN_POINT ( 'NONE',  ( -0.8871288235855984139, -19.64224335555378786, -7.423545602162445078 ) ) ;
#1562 = CARTESIAN_POINT ( 'NONE',  ( 20.93663915456070512, 2.927722530390474365, 3.174999999999999822 ) ) ;
#1563 = EDGE_LOOP ( 'NONE', ( #1523, #2298 ) ) ;
#1564 = FACE_OUTER_BOUND ( 'NONE', #4836, .T. ) ;
#1565 = CARTESIAN_POINT ( 'NONE',  ( -9.351105338076770579, 10.22803726609829411, -8.905600000000001515 ) ) ;
#1566 = CARTESIAN_POINT ( 'NONE',  ( 0.1640667450604296196, 11.45798181693728246, 8.631000000000000227 ) ) ;
#1567 = CARTESIAN_POINT ( 'NONE',  ( -40.67401417322093948, 6.922186682037451355, 10.21850059711604786 ) ) ;
#1568 = CARTESIAN_POINT ( 'NONE',  ( 12.69427714116495842, 12.08191484158582796, -5.730599999999999028 ) ) ;
#1569 = ORIENTED_EDGE ( 'NONE', *, *, #3214, .F. ) ;
#1570 = ORIENTED_EDGE ( 'NONE', *, *, #925, .T. ) ;
#1571 = VECTOR ( 'NONE', #1457, 1000.000000000000114 ) ;
#1572 = LINE ( 'NONE', #2863, #641 ) ;
#1573 = DIRECTION ( 'NONE',  ( 0.9371590407833582104, -0.3489024681454918064, 0.000000000000000000 ) ) ;
#1574 = CARTESIAN_POINT ( 'NONE',  ( -4.950910143045011758, -9.449961203740805615, 11.80600000000000271 ) ) ;
#1575 = CARTESIAN_POINT ( 'NONE',  ( 28.77451289708931981, -5.204147292517035339, 11.80600000000000094 ) ) ;
#1576 = CARTESIAN_POINT ( 'NONE',  ( -12.92405896150109434, -14.71937780238395632, -15.44910000000000139 ) ) ;
#1577 = CARTESIAN_POINT ( 'NONE',  ( 2.420428040132277303, -3.040034490371304798, 1.587499999999999911 ) ) ;
#1578 = CARTESIAN_POINT ( 'NONE',  ( -47.26318507213461118, 14.98993600145355387, 8.630999999999994898 ) ) ;
#1579 = AXIS2_PLACEMENT_3D ( 'NONE', #4889, #7443, #1650 ) ;
#1580 = ORIENTED_EDGE ( 'NONE', *, *, #6646, .T. ) ;
#1581 = CARTESIAN_POINT ( 'NONE',  ( -10.19533238692447696, 8.029324202079092032, -5.730599999999997252 ) ) ;
#1582 = CARTESIAN_POINT ( 'NONE',  ( 9.463398235145259463, 14.71480394946645909, 6.775090681412902605 ) ) ;
#1583 = CARTESIAN_POINT ( 'NONE',  ( 7.016319591160836033, 8.883565427381293844, -2.988411476548621160 ) ) ;
#1584 = DIRECTION ( 'NONE',  ( 0.000000000000000000, 0.000000000000000000, -1.000000000000000000 ) ) ;
#1585 = CARTESIAN_POINT ( 'NONE',  ( -4.453473749772172141, -8.710837770988907991, 14.98100000000000165 ) ) ;
#1586 = CARTESIAN_POINT ( 'NONE',  ( -2.973732939658846330, 4.925835514806896853, 0.000000000000000000 ) ) ;
#1587 = CARTESIAN_POINT ( 'NONE',  ( 25.20082822569305137, -0.01930093290845598039, 14.98099999999999987 ) ) ;
#1588 = CARTESIAN_POINT ( 'NONE',  ( 1.984375000000000000, 0.000000000000000000, -3.182602741592007956 ) ) ;
#1589 = ORIENTED_EDGE ( 'NONE', *, *, #3693, .T. ) ;
#1590 = CARTESIAN_POINT ( 'NONE',  ( -2.204894577754120011, -10.96236130471560521, 12.55599999790798371 ) ) ;
#1591 = CARTESIAN_POINT ( 'NONE',  ( 9.317796226999819353, -13.96721214419391899, 11.05600000000000271 ) ) ;
#1592 = CARTESIAN_POINT ( 'NONE',  ( 19.34890321087421583, -0.9952133531469561367, -7.318099999999999383 ) ) ;
#1593 = CARTESIAN_POINT ( 'NONE',  ( -4.673023078167660493, 9.158108384588148354, -7.318099999999999383 ) ) ;
#1594 = CARTESIAN_POINT ( 'NONE',  ( -38.87205052441449737, 33.52680027512989369, 11.80599999999999206 ) ) ;
#1595 = CARTESIAN_POINT ( 'NONE',  ( -10.90883797371126640, -17.32412320556788288, 3.174999999999999822 ) ) ;
#1596 = EDGE_CURVE ( 'NONE', #1743, #2458, #4321, .T. ) ;
#1597 = CARTESIAN_POINT ( 'NONE',  ( 9.282536371662024166, -25.37296367564160704, -8.905600000000001515 ) ) ;
#1598 = EDGE_CURVE ( 'NONE', #7646, #2297, #5666, .T. ) ;
#1599 = CARTESIAN_POINT ( 'NONE',  ( -0.8871288235855981918, -19.64224335555378076, -7.318099999999999383 ) ) ;
#1600 = CARTESIAN_POINT ( 'NONE',  ( -7.706093242219578698, -17.33461775995888132, -7.318099999999999383 ) ) ;
#1601 = ORIENTED_EDGE ( 'NONE', *, *, #7028, .T. ) ;
#1602 = CARTESIAN_POINT ( 'NONE',  ( -9.615768839047843741, -10.70413264034995748, 14.98100000000000520 ) ) ;
#1603 = CARTESIAN_POINT ( 'NONE',  ( -12.04953527092789045, 7.483063852351992118, -8.905600000000001515 ) ) ;
#1604 = LINE ( 'NONE', #2984, #8098 ) ;
#1605 = EDGE_CURVE ( 'NONE', #239, #1119, #6346, .T. ) ;
#1606 = FACE_OUTER_BOUND ( 'NONE', #466, .T. ) ;
#1607 = CYLINDRICAL_SURFACE ( 'NONE', #6074, 1.399999999999999911 ) ;
#1608 = VECTOR ( 'NONE', #1297, 1000.000000000000000 ) ;
#1609 = ORIENTED_EDGE ( 'NONE', *, *, #6571, .T. ) ;
#1610 = ORIENTED_EDGE ( 'NONE', *, *, #4583, .T. ) ;
#1611 = ORIENTED_EDGE ( 'NONE', *, *, #2677, .F. ) ;
#1612 = CARTESIAN_POINT ( 'NONE',  ( -11.73439146106571052, -6.953776187808147213, -5.730600000000000804 ) ) ;
#1613 = CIRCLE ( 'NONE', #822, 3.924999999999977174 ) ;
#1614 = DIRECTION ( 'NONE',  ( 0.3489024681454918064, 0.9371590407833582104, 0.000000000000000000 ) ) ;
#1615 = CARTESIAN_POINT ( 'NONE',  ( 2.091087627872094235, -5.623820101368846913, 6.149322705384150822 ) ) ;
#1616 = CARTESIAN_POINT ( 'NONE',  ( -12.27556252960572714, -9.873853818606887600, 8.631000000000000227 ) ) ;
#1617 = CARTESIAN_POINT ( 'NONE',  ( 17.82894280211784377, 0.4163070484396844129, -5.730599999999999028 ) ) ;
#1618 = DIRECTION ( 'NONE',  ( -0.000000000000000000, 0.000000000000000000, -1.000000000000000000 ) ) ;
#1619 = CARTESIAN_POINT ( 'NONE',  ( -5.273267697204470750, -11.77842311985290813, 11.80600000000000271 ) ) ;
#1620 = CARTESIAN_POINT ( 'NONE',  ( 9.145347856306587531, -13.92611525790092841, 11.05600000000000271 ) ) ;
#1621 = AXIS2_PLACEMENT_3D ( 'NONE', #6008, #1546, #4790 ) ;
#1622 = ORIENTED_EDGE ( 'NONE', *, *, #3751, .T. ) ;
#1623 = CARTESIAN_POINT ( 'NONE',  ( -16.87260717593650483, 34.45333303647404932, 10.21850059711604253 ) ) ;
#1624 = CARTESIAN_POINT ( 'NONE',  ( 10.74479498614585538, 14.52745860629247865, 8.631000000000000227 ) ) ;
#1625 = CARTESIAN_POINT ( 'NONE',  ( 3.619974085956398913, 4.785696562789303776, 4.897548336309846206 ) ) ;
#1626 = CARTESIAN_POINT ( 'NONE',  ( -1.380634594731689591, 8.013632022126431664, -5.730600000000005245 ) ) ;
#1627 = CARTESIAN_POINT ( 'NONE',  ( 25.20082822569304781, -0.01930093290845598039, 11.80600000000000094 ) ) ;
#1628 = CARTESIAN_POINT ( 'NONE',  ( -14.76875028746344931, -5.206464281081047751, -5.730599999999999916 ) ) ;
#1629 = CARTESIAN_POINT ( 'NONE',  ( 3.034299951601164391, -10.69440557877959463, 11.80600000000000094 ) ) ;
#1630 = EDGE_CURVE ( 'NONE', #2405, #6373, #2133, .T. ) ;
#1631 = CARTESIAN_POINT ( 'NONE',  ( -10.40649713440540758, -15.48206224209363135, -6.524354979597465132 ) ) ;
#1632 = EDGE_LOOP ( 'NONE', ( #1022, #4275, #6545, #1042, #3397 ) ) ;
#1633 = ORIENTED_EDGE ( 'NONE', *, *, #2669, .T. ) ;
#1634 = DIRECTION ( 'NONE',  ( 0.9371590407833580993, -0.3489024681454918064, 0.000000000000000000 ) ) ;
#1635 = ADVANCED_FACE ( 'NONE', ( #412 ), #7265, .F. ) ;
#1636 = CARTESIAN_POINT ( 'NONE',  ( 11.59396436869949909, -14.45572386313257596, 11.05600000000000271 ) ) ;
#1637 = CARTESIAN_POINT ( 'NONE',  ( 20.28420182839508357, 0.5344701233892926728, -8.905600000000001515 ) ) ;
#1638 = CARTESIAN_POINT ( 'NONE',  ( 5.368521280657216010, 12.90997370325365701, 0.000000000000000000 ) ) ;
#1639 = CARTESIAN_POINT ( 'NONE',  ( -43.06915103936022149, 31.30670315768118428, 11.80599999999999383 ) ) ;
#1640 = CARTESIAN_POINT ( 'NONE',  ( 5.645632223529429616, 5.286448172961764058, -0.8938504578287248536 ) ) ;
#1641 = CARTESIAN_POINT ( 'NONE',  ( 9.279766625263945912, -25.36394827068869517, -8.905600000000001515 ) ) ;
#1642 = CARTESIAN_POINT ( 'NONE',  ( 3.739051408905955665, 6.026471315432575970, -2.808657909092375338 ) ) ;
#1643 = CARTESIAN_POINT ( 'NONE',  ( 10.94391356729792797, 14.66280670982954604, 3.174999999999999822 ) ) ;
#1644 = ORIENTED_EDGE ( 'NONE', *, *, #5930, .F. ) ;
#1645 = ORIENTED_EDGE ( 'NONE', *, *, #2508, .F. ) ;
#1646 = VECTOR ( 'NONE', #5155, 1000.000000000000114 ) ;
#1647 = CARTESIAN_POINT ( 'NONE',  ( 17.63675259740917411, 7.377901119531988350, 1.587499999999999911 ) ) ;
#1648 = CARTESIAN_POINT ( 'NONE',  ( -47.37347727263002639, 27.19531807602060169, 14.98099999999999454 ) ) ;
#1649 = LINE ( 'NONE', #2313, #2552 ) ;
#1650 = DIRECTION ( 'NONE',  ( -1.000000000000000000, 0.000000000000000000, 0.000000000000000000 ) ) ;
#1651 = CARTESIAN_POINT ( 'NONE',  ( -16.56466924330963408, -3.896695309435733279, -8.905600000000001515 ) ) ;
#1652 = EDGE_CURVE ( 'NONE', #5224, #813, #2830, .T. ) ;
#1653 = ORIENTED_EDGE ( 'NONE', *, *, #1502, .T. ) ;
#1654 = ORIENTED_EDGE ( 'NONE', *, *, #4955, .T. ) ;
#1655 = CARTESIAN_POINT ( 'NONE',  ( -12.16156008663168286, -8.098945298859339559, -5.730600000000005245 ) ) ;
#1656 = DIRECTION ( 'NONE',  ( 1.000000000000000000, 0.000000000000000000, 0.000000000000000000 ) ) ;
#1657 = CYLINDRICAL_SURFACE ( 'NONE', #3743, 1.587499999457717248 ) ;
#1658 = CARTESIAN_POINT ( 'NONE',  ( -7.829001583366465233, -11.15330637801602798, 11.80600000000000271 ) ) ;
#1659 = CARTESIAN_POINT ( 'NONE',  ( -0.4665474400295204771, 7.658837302524588608, 0.000000000000000000 ) ) ;
#1661 = CARTESIAN_POINT ( 'NONE',  ( 1.690047060325293060, -1.048830141720679121, -0.6706862646250885129 ) ) ;
#1660 = B_SPLINE_CURVE_WITH_KNOTS ( 'NONE', 3,
 ( #5400, #7128, #3337, #2791 ),
 .UNSPECIFIED., .F., .F.,
 ( 4, 4 ),
 ( 0.2263804655927389720, 1.000000000000000000 ),
 .UNSPECIFIED. ) ;
#1662 = EDGE_CURVE ( 'NONE', #4731, #5533, #658, .T. ) ;
#1663 = ORIENTED_EDGE ( 'NONE', *, *, #3591, .T. ) ;
#1664 = CARTESIAN_POINT ( 'NONE',  ( 11.52467475569279998, -14.44850044230454245, 12.55600000000000271 ) ) ;
#1665 = DIRECTION ( 'NONE',  ( -6.550624015266702829E-15, 1.000000000000000000, 0.000000000000000000 ) ) ;
#1666 = CARTESIAN_POINT ( 'NONE',  ( 3.752973429622949997, 4.682124988788035402, 4.801370251225151264 ) ) ;
#1667 = CARTESIAN_POINT ( 'NONE',  ( -6.745295863755812249, 9.248437319659540634, -5.730599999999990146 ) ) ;
#1668 = CARTESIAN_POINT ( 'NONE',  ( -10.34038013284929036, 32.29016240817401240, 11.80599999999999206 ) ) ;
#1669 = CARTESIAN_POINT ( 'NONE',  ( -1.336563837028515112, 7.004650961141550169, 0.000000000000000000 ) ) ;
#1670 = CARTESIAN_POINT ( 'NONE',  ( 23.15220087576790675, 9.544644554831304362, 11.80599999999999739 ) ) ;
#1671 = CARTESIAN_POINT ( 'NONE',  ( -11.48658944705459106, -6.436629345929392620, -5.730599999999999028 ) ) ;
#1672 = VERTEX_POINT ( 'NONE', #582 ) ;
#1673 = ORIENTED_EDGE ( 'NONE', *, *, #4782, .T. ) ;
#1674 = CYLINDRICAL_SURFACE ( 'NONE', #3875, 1.399999999999999911 ) ;
#1675 = AXIS2_PLACEMENT_3D ( 'NONE', #5675, #5498, #561 ) ;
#1676 = CARTESIAN_POINT ( 'NONE',  ( 0.000000000000000000, 0.000000000000000000, 14.48099999999999987 ) ) ;
#1677 = LINE ( 'NONE', #6767, #4073 ) ;
#1678 = FACE_OUTER_BOUND ( 'NONE', #2125, .T. ) ;
#1679 = CARTESIAN_POINT ( 'NONE',  ( -11.11513831576380973, -2.846000725366038431, 8.631000000000000227 ) ) ;
#1680 = AXIS2_PLACEMENT_3D ( 'NONE', #5520, #4945, #3623 ) ;
#1681 = LINE ( 'NONE', #2766, #1539 ) ;
#1682 = ADVANCED_FACE ( 'NONE', ( #4407 ), #7015, .F. ) ;
#1683 = CARTESIAN_POINT ( 'NONE',  ( -15.46356717468994901, -8.625056846427103352, -8.905599999999997962 ) ) ;
#1684 = CARTESIAN_POINT ( 'NONE',  ( -11.56933667821470912, -16.57216109408330240, -8.905600000000001515 ) ) ;
#1685 = ORIENTED_EDGE ( 'NONE', *, *, #6788, .F. ) ;
#1686 = ORIENTED_EDGE ( 'NONE', *, *, #1630, .F. ) ;
#1687 = CARTESIAN_POINT ( 'NONE',  ( 15.85082825701369202, 9.731027992418974648, 1.587499999999999911 ) ) ;
#1688 = DIRECTION ( 'NONE',  ( 0.9371590407833585434, -0.3489024681454908627, 0.000000000000000000 ) ) ;
#1689 = CARTESIAN_POINT ( 'NONE',  ( 20.93663917186206191, -0.9952720431907278176, -15.44909999999999961 ) ) ;
#1690 = CARTESIAN_POINT ( 'NONE',  ( -4.036108563097338120, -20.39408905309382547, -13.94910000000000139 ) ) ;
#1691 = ORIENTED_EDGE ( 'NONE', *, *, #6033, .F. ) ;
#1692 = ORIENTED_EDGE ( 'NONE', *, *, #5052, .F. ) ;
#1693 = CARTESIAN_POINT ( 'NONE',  ( 3.562226646565246568, 4.395751585142436131E-16, -11.08632664656526678 ) ) ;
#1694 = CARTESIAN_POINT ( 'NONE',  ( -11.87207353148176026, -6.051389277006242295, -2.865300000000002179 ) ) ;
#1695 = LINE ( 'NONE', #3534, #4927 ) ;
#1696 = CARTESIAN_POINT ( 'NONE',  ( 14.25591115432990641, 24.17868099317643171, 14.98099999999999454 ) ) ;
#1697 = CARTESIAN_POINT ( 'NONE',  ( -11.03921261904684670, -5.628595733087470521, -5.730599999999999916 ) ) ;
#1698 = CARTESIAN_POINT ( 'NONE',  ( -5.140174604103816769, -10.17574938492209569, 12.55599999790798371 ) ) ;
#1699 = B_SPLINE_CURVE_WITH_KNOTS ( 'NONE', 3,
 ( #535, #8161, #2605, #3117, #5690, #7642, #4441, #579, #6909, #1248, #3736, #656, #5730, #1945, #6950, #6290, #29, #6988, #1286, #2494, #7025, #3156 ),
 .UNSPECIFIED., .F., .F.,
 ( 4, 2, 2, 2, 2, 2, 2, 2, 2, 2, 4 ),
 ( 0.004643865954409552750, 0.005223557784552598435, 0.005513403699624120843, 0.005803249614695644119, 0.006382941444838688069, 0.006962633274981733754, 0.007542325105124779439, 0.008122016935267824256, 0.008411862850339346664, 0.008701708765410869073, 0.009281400595553910421 ),
 .UNSPECIFIED. ) ;
#1700 = AXIS2_PLACEMENT_3D ( 'NONE', #1374, #3942, #2033 ) ;
#1701 = EDGE_CURVE ( 'NONE', #341, #6159, #3805, .T. ) ;
#1702 = ORIENTED_EDGE ( 'NONE', *, *, #4943, .T. ) ;
#1703 = DIRECTION ( 'NONE',  ( 0.6187123756285676235, 0.7856175890622957292, 0.000000000000000000 ) ) ;
#1704 = CARTESIAN_POINT ( 'NONE',  ( 19.38922606354148570, 7.606379422729183659, 3.174999999999999822 ) ) ;
#1705 = CARTESIAN_POINT ( 'NONE',  ( 7.080769361632851755, 14.78954519963687986, 5.116177583401250395 ) ) ;
#1706 = CARTESIAN_POINT ( 'NONE',  ( -2.032083979822092878, 8.266486250225964838, -5.730599999999996363 ) ) ;
#1707 = CARTESIAN_POINT ( 'NONE',  ( 25.59606568476176136, -4.805342444249469658, 8.631000000000032202 ) ) ;
#1708 = CARTESIAN_POINT ( 'NONE',  ( -15.06145482489957566, -2.740503098923020353, -5.730599999999999916 ) ) ;
#1709 = CARTESIAN_POINT ( 'NONE',  ( -45.68751235600759486, 22.77985263037423636, 11.80599999999999383 ) ) ;
#1710 =( BOUNDED_SURFACE ( )  B_SPLINE_SURFACE ( 3, 3, ( 
 ( #5174, #1556, #935, #1592 ),
 ( #2260, #5371, #2138, #7918 ),
 ( #4676, #3513, #3426, #4797 ),
 ( #2222, #5974, #4757, #6722 ),
 ( #6450, #4089, #3896, #1516 ),
 ( #1637, #253, #737, #7305 ),
 ( #4517, #4047, #3233, #7222 ) ),
 .UNSPECIFIED., .F., .F., .T. ) 
 B_SPLINE_SURFACE_WITH_KNOTS ( ( 4, 3, 4 ),
 ( 4, 4 ),
 ( 0.000000000000000000, 1.000000000000000000, 1.010000000000000009 ),
 ( 0.000000000000000000, 1.000000000000000000 ),
 .UNSPECIFIED. ) 
 GEOMETRIC_REPRESENTATION_ITEM ( )  RATIONAL_B_SPLINE_SURFACE ( (
 ( 1.000000000000000000, 0.9444115773356837051, 0.9444115773356837051, 1.000000000000000000),
 ( 0.8047378541243648264, 0.7600037461553247331, 0.7600037461553247331, 0.8047378541243648264),
 ( 0.8047378541243648264, 0.7600037461553247331, 0.7600037461553247331, 0.8047378541243648264),
 ( 1.000000000000000000, 0.9444115773356837051, 0.9444115773356837051, 1.000000000000000000),
 ( 1.000000000000000000, 0.9444115773356837051, 0.9444115773356837051, 1.000000000000000000),
 ( 1.000000000000000000, 0.9444115773356837051, 0.9444115773356837051, 1.000000000000000000),
 ( 1.000000000000000000, 0.9444115773356837051, 0.9444115773356837051, 1.000000000000000000) ) ) 
 REPRESENTATION_ITEM ( '' )  SURFACE ( )  );
#1711 = CIRCLE ( 'NONE', #6377, 18.81048697705378459 ) ;
#1712 = FACE_OUTER_BOUND ( 'NONE', #4660, .T. ) ;
#1713 = ORIENTED_EDGE ( 'NONE', *, *, #7307, .F. ) ;
#1714 = VERTEX_POINT ( 'NONE', #2690 ) ;
#1715 = CARTESIAN_POINT ( 'NONE',  ( -9.311884644447030013, 8.519060930577110113, -7.318099999999999383 ) ) ;
#1716 = CARTESIAN_POINT ( 'NONE',  ( 11.02224737019086476, -14.34614541538312160, 11.05600000000000271 ) ) ;
#1717 = CARTESIAN_POINT ( 'NONE',  ( -11.26858164461518186, -3.040837264634771664, 1.587499999999999689 ) ) ;
#1718 = DIRECTION ( 'NONE',  ( 0.3489024681454918064, 0.9371590407833582104, -0.000000000000000000 ) ) ;
#1719 = CARTESIAN_POINT ( 'NONE',  ( -47.37347727263002639, 27.19531807602060169, 14.98099999999999454 ) ) ;
#1720 = CARTESIAN_POINT ( 'NONE',  ( -1.868502313221983790, -15.39951910751302933, -13.94910000000000139 ) ) ;
#1721 = CARTESIAN_POINT ( 'NONE',  ( 9.843267471655178014, 15.19869074240752660, -10.13157403801619338 ) ) ;
#1722 = CARTESIAN_POINT ( 'NONE',  ( -6.520390359068784392, -9.826977670270796494, 12.55599999790798371 ) ) ;
#1723 = CARTESIAN_POINT ( 'NONE',  ( 6.000000000000000888, 7.347880794884120722E-16, -11.44909999999999961 ) ) ;
#1724 = EDGE_LOOP ( 'NONE', ( #6984, #3913 ) ) ;
#1725 = AXIS2_PLACEMENT_3D ( 'NONE', #7487, #6862, #1780 ) ;
#1726 = DIRECTION ( 'NONE',  ( 0.000000000000000000, 0.000000000000000000, 1.000000000000000000 ) ) ;
#1727 = CARTESIAN_POINT ( 'NONE',  ( -30.03296279907226207, 0.000000000000000000, 10.21850059711604963 ) ) ;
#1728 = LINE ( 'NONE', #6818, #1487 ) ;
#1729 = PLANE ( 'NONE',  #7440 ) ;
#1730 = CARTESIAN_POINT ( 'NONE',  ( -1.447615242865005314, -21.14772114095298150, -8.905599999999999739 ) ) ;
#1731 = VERTEX_POINT ( 'NONE', #5305 ) ;
#1732 = ADVANCED_FACE ( 'NONE', ( #4018 ), #6001, .F. ) ;
#1733 = ORIENTED_EDGE ( 'NONE', *, *, #5154, .F. ) ;
#1734 = VERTEX_POINT ( 'NONE', #5507 ) ;
#1735 = CARTESIAN_POINT ( 'NONE',  ( -4.036108563097333679, -20.39408905309382547, 8.631000000000000227 ) ) ;
#1736 = CARTESIAN_POINT ( 'NONE',  ( 5.979130371550700040, 0.5000000000000016653, 14.98099999999999987 ) ) ;
#1737 = CARTESIAN_POINT ( 'NONE',  ( 2.078368367412013473, -5.628592423738028927, 6.245206282213926485 ) ) ;
#1738 = DIRECTION ( 'NONE',  ( -1.000000000000000000, 0.000000000000000000, 0.000000000000000000 ) ) ;
#1739 = EDGE_CURVE ( 'NONE', #5460, #394, #7688, .T. ) ;
#1740 = PLANE ( 'NONE',  #2114 ) ;
#1741 = CARTESIAN_POINT ( 'NONE',  ( 1.870864097031928797, -0.6756558262060884390, -0.6544222967281884129 ) ) ;
#1742 = VECTOR ( 'NONE', #2754, 1000.000000000000227 ) ;
#1743 = VERTEX_POINT ( 'NONE', #1115 ) ;
#1744 = VECTOR ( 'NONE', #5240, 1000.000000000000000 ) ;
#1745 = B_SPLINE_SURFACE_WITH_KNOTS ( 'NONE', 3, 1, ( 
 ( #1532, #4611 ),
 ( #191, #5910 ),
 ( #912, #2075 ),
 ( #749, #5820 ),
 ( #2740, #828 ),
 ( #2654, #7734 ),
 ( #6497, #1452 ),
 ( #6535, #5269 ),
 ( #2118, #5428 ),
 ( #4235, #5472 ),
 ( #3032, #7282 ) ),
 .UNSPECIFIED., .F., .F., .F.,
 ( 4, 1, 1, 1, 1, 1, 1, 1, 4 ),
 ( 2, 2 ),
 ( 0.000000000000000000, 0.1250000000000000000, 0.2500000000000000000, 0.3750000000000000000, 0.5000000000000000000, 0.6250000000000000000, 0.7500000000000000000, 0.8750000000000000000, 1.000000000000000000 ),
 ( 0.000000000000000000, 1.000000000000000000 ),
 .UNSPECIFIED. ) ;
#1746 = VECTOR ( 'NONE', #933, 1000.000000000000000 ) ;
#1747 = DIRECTION ( 'NONE',  ( -1.000000000000000000, 0.000000000000000000, 0.000000000000000000 ) ) ;
#1748 = CARTESIAN_POINT ( 'NONE',  ( -13.07430928585001340, -13.34880215144099225, -8.863290482392123693 ) ) ;
#1749 =( BOUNDED_CURVE ( )  B_SPLINE_CURVE ( 3, ( #1108, #4184, #5475, #4366, #3118, #5609, #494 ),
 .UNSPECIFIED., .F., .T. ) 
 B_SPLINE_CURVE_WITH_KNOTS ( ( 4, 3, 4 ),
 ( 0.2499999998016741720, 0.5000000000000000000, 0.7500000002359678009 ),
 .UNSPECIFIED. ) 
 CURVE ( )  GEOMETRIC_REPRESENTATION_ITEM ( )  RATIONAL_B_SPLINE_CURVE ( ( 0.5000000000000000000, 0.4999999997355656367, 0.6666666664022322664, 1.000000000000000000, 0.6666666663520429692, 0.4999999996853763395, 0.5000000000000000000 ) ) 
 REPRESENTATION_ITEM ( '' )  );
#1750 = CARTESIAN_POINT ( 'NONE',  ( -11.80572679239482881, -16.32977679705753005, -15.44909999999999961 ) ) ;
#1751 = FACE_OUTER_BOUND ( 'NONE', #3732, .T. ) ;
#1752 = CARTESIAN_POINT ( 'NONE',  ( -8.789758684990994553, -7.637995023984107235, 11.80600000000000094 ) ) ;
#1753 = CARTESIAN_POINT ( 'NONE',  ( -1.005148506366887018, -5.915207222080089089, 5.856922270944656894 ) ) ;
#1754 = ADVANCED_FACE ( 'NONE', ( #6114 ), #4191, .T. ) ;
#1755 = CARTESIAN_POINT ( 'NONE',  ( 10.04801900769776779, 24.87379885554348746, 11.80599999999999383 ) ) ;
#1756 = VECTOR ( 'NONE', #2580, 1000.000000000000227 ) ;
#1757 = EDGE_CURVE ( 'NONE', #583, #6968, #2534, .T. ) ;
#1758 = CARTESIAN_POINT ( 'NONE',  ( -11.41644753893961273, -14.18370272454598791, -5.730599999999999028 ) ) ;
#1759 = ORIENTED_EDGE ( 'NONE', *, *, #5964, .T. ) ;
#1760 = ORIENTED_EDGE ( 'NONE', *, *, #637, .F. ) ;
#1761 = CARTESIAN_POINT ( 'NONE',  ( -13.97651370051151964, -8.067762232335129013, -7.318099999999999383 ) ) ;
#1762 = CARTESIAN_POINT ( 'NONE',  ( 3.496790880902175491, 12.15276323273701919, 0.000000000000000000 ) ) ;
#1763 = AXIS2_PLACEMENT_3D ( 'NONE', #566, #4265, #2354 ) ;
#1764 = CARTESIAN_POINT ( 'NONE',  ( 20.92266734777800963, -0.7550195714617394804, -12.17735000000000056 ) ) ;
#1765 = CARTESIAN_POINT ( 'NONE',  ( 14.41385967686997027, 10.99875499969034998, 0.000000000000000000 ) ) ;
#1766 = CARTESIAN_POINT ( 'NONE',  ( -38.87205052441449737, 33.52680027512989369, 14.98100000000010823 ) ) ;
#1767 = CARTESIAN_POINT ( 'NONE',  ( 9.340583748795028285, 15.41538194939353268, -11.06274412268782115 ) ) ;
#1768 = EDGE_CURVE ( 'NONE', #4876, #6740, #8202, .T. ) ;
#1769 = VECTOR ( 'NONE', #5042, 1000.000000000000114 ) ;
#1770 = LINE ( 'NONE', #4309, #2563 ) ;
#1771 = CARTESIAN_POINT ( 'NONE',  ( -12.33600428196067966, -13.78119784011711779, -8.905600000000001515 ) ) ;
#1772 = VERTEX_POINT ( 'NONE', #7485 ) ;
#1773 = CARTESIAN_POINT ( 'NONE',  ( -10.83613325224053270, -17.27292142887492687, -8.905600000000001515 ) ) ;
#1774 = CARTESIAN_POINT ( 'NONE',  ( 26.89447618411513830, -0.5000000000000004441, 14.18724952343965917 ) ) ;
#1775 = AXIS2_PLACEMENT_3D ( 'NONE', #6476, #4467, #7010 ) ;
#1776 = DIRECTION ( 'NONE',  ( -0.3489024681454917509, -0.9371590407833582104, -0.000000000000000000 ) ) ;
#1777 = CARTESIAN_POINT ( 'NONE',  ( -10.40640954659362549, -15.48209485086373149, -2.071549999999999336 ) ) ;
#1778 = CARTESIAN_POINT ( 'NONE',  ( -15.55426807168943704, -8.370299957909173472, -8.905600000000001515 ) ) ;
#1779 = CARTESIAN_POINT ( 'NONE',  ( -1.501048752687703436, 33.03278635709281730, 11.80599999999999206 ) ) ;
#1780 = DIRECTION ( 'NONE',  ( -1.000000000000000000, 0.000000000000000000, 0.000000000000000000 ) ) ;
#1781 = EDGE_CURVE ( 'NONE', #2071, #6666, #3145, .T. ) ;
#1782 = ORIENTED_EDGE ( 'NONE', *, *, #6036, .F. ) ;
#1783 = VERTEX_POINT ( 'NONE', #1690 ) ;
#1784 = DIRECTION ( 'NONE',  ( 1.000000000000000000, 0.000000000000000000, 0.000000000000000000 ) ) ;
#1785 = CARTESIAN_POINT ( 'NONE',  ( -14.44633099061022286, 2.625710786495083937, -7.318099999999999383 ) ) ;
#1786 = DIRECTION ( 'NONE',  ( -0.000000000000000000, -0.000000000000000000, -1.000000000000000000 ) ) ;
#1787 = DIRECTION ( 'NONE',  ( -0.3489024681454916399, -0.9371590407833582104, 0.000000000000000000 ) ) ;
#1788 = CARTESIAN_POINT ( 'NONE',  ( -12.27556252960572714, -9.873853818606887600, 11.80600000000000271 ) ) ;
#1789 = CARTESIAN_POINT ( 'NONE',  ( -0.6856654756651463511, -19.10110875454716606, -6.524354979597465132 ) ) ;
#1790 = CARTESIAN_POINT ( 'NONE',  ( 8.199548868483290676, 11.55794473922043686, -1.116648141500631519 ) ) ;
#1791 = EDGE_CURVE ( 'NONE', #5276, #5533, #4868, .T. ) ;
#1792 = CARTESIAN_POINT ( 'NONE',  ( 8.613511381537568568, -12.25033864721264543, 11.05600000000000271 ) ) ;
#1793 = ORIENTED_EDGE ( 'NONE', *, *, #4480, .F. ) ;
#1794 = PLANE ( 'NONE',  #551 ) ;
#1795 = DIRECTION ( 'NONE',  ( -0.3489024681454918064, -0.9371590407833583214, 0.000000000000000000 ) ) ;
#1796 = CARTESIAN_POINT ( 'NONE',  ( 8.557809084586216031, 14.80181670612523881, 4.688326393181989182 ) ) ;
#1797 = DIRECTION ( 'NONE',  ( 0.3489024681454916399, 0.9371590407833583214, -0.000000000000000000 ) ) ;
#1798 = CARTESIAN_POINT ( 'NONE',  ( -4.453473749772172141, -8.710837770988907991, 11.80600000000000094 ) ) ;
#1799 = DIRECTION ( 'NONE',  ( 0.000000000000000000, -0.000000000000000000, 1.000000000000000000 ) ) ;
#1800 = CARTESIAN_POINT ( 'NONE',  ( -27.08947745728853462, 32.80811324254457872, 11.80599999999999206 ) ) ;
#1801 = CARTESIAN_POINT ( 'NONE',  ( -9.392557478943125204, -16.42452542160103235, 1.587499999999999911 ) ) ;
#1802 = VERTEX_POINT ( 'NONE', #1730 ) ;
#1803 = CARTESIAN_POINT ( 'NONE',  ( 2.310720785006328271, -12.14010762276945243, 9.419795200082811348 ) ) ;
#1804 = CARTESIAN_POINT ( 'NONE',  ( 2.976911314634180350, 6.322289496846918766, -5.730599999999999028 ) ) ;
#1805 = CARTESIAN_POINT ( 'NONE',  ( -9.252804964161049028, -7.539545370241127920, 11.38881967464851819 ) ) ;
#1806 = CARTESIAN_POINT ( 'NONE',  ( 28.63184273261631674, -1.233121942092602064, 14.98099999999999987 ) ) ;
#1807 = CARTESIAN_POINT ( 'NONE',  ( -48.07305788143924730, 25.91494184313114246, 14.98100000000003718 ) ) ;
#1808 = CARTESIAN_POINT ( 'NONE',  ( 7.480692339998936014, 16.07299188400813605, -10.80975601774821726 ) ) ;
#1809 = CARTESIAN_POINT ( 'NONE',  ( -16.66874587210071468, -1.737183387894205122, -15.44909999999999961 ) ) ;
#1810 = CARTESIAN_POINT ( 'NONE',  ( -8.885804400813125170, -17.50097728752401238, -8.905600000000001515 ) ) ;
#1811 = VERTEX_POINT ( 'NONE', #4270 ) ;
#1812 = EDGE_CURVE ( 'NONE', #7074, #1531, #3028, .T. ) ;
#1813 = CARTESIAN_POINT ( 'NONE',  ( -13.46324943797793239, -13.50393851900893338, -8.905599999999999739 ) ) ;
#1814 = CARTESIAN_POINT ( 'NONE',  ( -15.46356717468994901, -8.625056846427103352, -15.44909999999999961 ) ) ;
#1815 = CARTESIAN_POINT ( 'NONE',  ( 9.247596734834999666, 21.62387252909546476, 6.050900000000028811 ) ) ;
#1816 = DIRECTION ( 'NONE',  ( 0.7856175890622958402, -0.6187123756285675125, 0.000000000000000000 ) ) ;
#1817 = CARTESIAN_POINT ( 'NONE',  ( -7.706093242219577810, -17.33461775995888132, 0.000000000000000000 ) ) ;
#1818 = CARTESIAN_POINT ( 'NONE',  ( 2.229183074677309584, -13.76562875766001959, 8.631000000000000227 ) ) ;
#1819 = EDGE_CURVE ( 'NONE', #2737, #6347, #3026, .T. ) ;
#1820 = B_SPLINE_SURFACE_WITH_KNOTS ( 'NONE', 3, 1, ( 
 ( #280, #2782 ),
 ( #1659, #5312 ),
 ( #7243, #1536 ),
 ( #2827, #4070 ),
 ( #4822, #6619 ),
 ( #2867, #7899 ),
 ( #2202, #4156 ),
 ( #411, #3491 ),
 ( #4739, #2951 ),
 ( #7286, #6041 ),
 ( #323, #2241 ),
 ( #8030, #7327 ),
 ( #5477, #1617 ),
 ( #4861, #7413 ),
 ( #6705, #4026 ),
 ( #2371, #5519 ),
 ( #5652, #6294 ),
 ( #8200, #5029 ),
 ( #2496, #495 ),
 ( #6789, #1080 ),
 ( #581, #3120 ) ),
 .UNSPECIFIED., .F., .F., .F.,
 ( 4, 1, 1, 1, 1, 1, 1, 1, 2, 1, 1, 1, 2, 1, 1, 1, 4 ),
 ( 2, 2 ),
 ( 0.000000000000000000, 0.03957499999999999907, 0.07914999999999999813, 0.1187249999999999972, 0.1582999999999999963, 0.3251249999999999973, 0.4919499999999999984, 0.6587749999999999995, 0.8256000000000000005, 0.8647000000000000242, 0.9037999999999999368, 0.9428999999999999604, 0.9819999999999999840, 0.9864999999999999325, 0.9909999999999999920, 0.9955000000000000515, 1.000000000000000000 ),
 ( 0.000000000000000000, 1.000000000000000000 ),
 .UNSPECIFIED. ) ;
#1821 = LINE ( 'NONE', #5553, #3849 ) ;
#1822 = VECTOR ( 'NONE', #8137, 1000.000000000000000 ) ;
#1823 = ORIENTED_EDGE ( 'NONE', *, *, #8223, .T. ) ;
#1824 = ORIENTED_EDGE ( 'NONE', *, *, #6788, .T. ) ;
#1825 = CARTESIAN_POINT ( 'NONE',  ( 12.58662062826657291, 25.34497970708189030, 14.98099999999999454 ) ) ;
#1826 = CARTESIAN_POINT ( 'NONE',  ( -14.92656653629914487, -4.225130301441975433, -7.318099999999999383 ) ) ;
#1827 = CARTESIAN_POINT ( 'NONE',  ( -14.77590818043406173, -5.254463951042885661, -5.730599999999997252 ) ) ;
#1828 = CARTESIAN_POINT ( 'NONE',  ( 2.500000000000000000, -0.2677306558020703942, -8.548545056521300367 ) ) ;
#1829 = CYLINDRICAL_SURFACE ( 'NONE', #1142, 6.000000000000000888 ) ;
#1830 = DIRECTION ( 'NONE',  ( 0.3489024681454916399, 0.9371590407833582104, 0.000000000000000000 ) ) ;
#1831 = CARTESIAN_POINT ( 'NONE',  ( 18.11475002084548436, 2.167418292742279373, -8.905599999999997962 ) ) ;
#1832 = FACE_OUTER_BOUND ( 'NONE', #5778, .T. ) ;
#1833 = EDGE_LOOP ( 'NONE', ( #717, #892 ) ) ;
#1834 = CARTESIAN_POINT ( 'NONE',  ( 0.1640667377571253804, 11.45798182178021207, 3.174999999999999822 ) ) ;
#1835 = FILL_AREA_STYLE_COLOUR ( '', #2763 ) ;
#1836 = CARTESIAN_POINT ( 'NONE',  ( -11.09693763935134214, -17.05757083585742961, -15.44909999999999961 ) ) ;
#1837 = CARTESIAN_POINT ( 'NONE',  ( -6.520390359068784392, -9.826977670270796494, 12.55599999790798549 ) ) ;
#1838 = CARTESIAN_POINT ( 'NONE',  ( -11.24625595282668300, -6.869833192725216975, 11.80600000000000094 ) ) ;
#1839 = ADVANCED_FACE ( 'NONE', ( #7932 ), #1607, .F. ) ;
#1840 = DIRECTION ( 'NONE',  ( -0.9598357249907946143, 0.2805626151706527849, -6.229741504230120528E-17 ) ) ;
#1841 = CARTESIAN_POINT ( 'NONE',  ( 1.104215542453944376, -10.18843664028698193, 11.80600000000000271 ) ) ;
#1842 = CARTESIAN_POINT ( 'NONE',  ( -10.21135826824090209, -4.292784631358305347, 1.587499999999999911 ) ) ;
#1843 = VERTEX_POINT ( 'NONE', #1973 ) ;
#1844 = DIRECTION ( 'NONE',  ( -0.3805874007937244397, 0.9247449542209338347, 0.000000000000000000 ) ) ;
#1845 = CARTESIAN_POINT ( 'NONE',  ( 17.85576811464563107, 6.961590861296286903, 0.000000000000000000 ) ) ;
#1846 = CARTESIAN_POINT ( 'NONE',  ( -9.263683957269915226, -7.576763608428259467, 12.31634217770898587 ) ) ;
#1847 = CARTESIAN_POINT ( 'NONE',  ( 5.571559769077778945, -14.65035004269345009, 14.98099999999981335 ) ) ;
#1848 = DIRECTION ( 'NONE',  ( -0.000000000000000000, -0.000000000000000000, -1.000000000000000000 ) ) ;
#1849 = CARTESIAN_POINT ( 'NONE',  ( -16.39921938456458150, 1.356770639749712792, -8.905599999999997962 ) ) ;
#1850 = ORIENTED_EDGE ( 'NONE', *, *, #6653, .T. ) ;
#1851 = B_SPLINE_CURVE_WITH_KNOTS ( 'NONE', 3,
 ( #1581, #286, #921, #2288, #6754, #7247, #5396, #6003, #374, #1002, #4745, #4785, #2170, #2834 ),
 .UNSPECIFIED., .F., .F.,
 ( 4, 2, 2, 2, 2, 2, 4 ),
 ( 0.003147367279706034682, 0.004455391030756332763, 0.005856965947805087454, 0.007784131458736720174, 0.009711296969689166975, 0.01111287188673792080, 0.01269697496587533433 ),
 .UNSPECIFIED. ) ;
#1852 = PLANE ( 'NONE',  #7869 ) ;
#1853 = EDGE_CURVE ( 'NONE', #6784, #2937, #4205, .T. ) ;
#1854 = DIRECTION ( 'NONE',  ( 0.9322399881385087239, -0.3618405788679777690, 0.000000000000000000 ) ) ;
#1855 = EDGE_CURVE ( 'NONE', #1734, #4885, #2027, .T. ) ;
#1856 = CARTESIAN_POINT ( 'NONE',  ( -0.8872122126997832314, -19.64246734039021902, 1.587499999999999911 ) ) ;
#1857 = DIRECTION ( 'NONE',  ( -0.000000000000000000, -0.000000000000000000, -1.000000000000000000 ) ) ;
#1858 = CARTESIAN_POINT ( 'NONE',  ( -7.887386940873784447, -17.25889120507233443, 0.000000000000000000 ) ) ;
#1859 = B_SPLINE_CURVE_WITH_KNOTS ( 'NONE', 3,
 ( #6759, #6798, #7910, #1048, #2335, #2962, #5488, #927, #4165, #4083, #7423, #6674 ),
 .UNSPECIFIED., .F., .F.,
 ( 4, 2, 2, 2, 2, 4 ),
 ( 1.788112030672749005E-18, 0.0001732542267109969994, 0.0003465084534219922100, 0.0006930169068439817094, 0.001386033813687960166, 0.002772067627375919031 ),
 .UNSPECIFIED. ) ;
#1860 = EDGE_CURVE ( 'NONE', #825, #4693, #7791, .T. ) ;
#1861 = CARTESIAN_POINT ( 'NONE',  ( -43.06915103936022149, 31.30670315768118428, 11.80599999999999383 ) ) ;
#1862 = ORIENTED_EDGE ( 'NONE', *, *, #6064, .F. ) ;
#1863 = ORIENTED_EDGE ( 'NONE', *, *, #6897, .F. ) ;
#1864 = ORIENTED_EDGE ( 'NONE', *, *, #5645, .F. ) ;
#1865 = ADVANCED_FACE ( 'NONE', ( #4357 ), #5716, .F. ) ;
#1866 = CARTESIAN_POINT ( 'NONE',  ( -6.137898920528650493, 10.85949710916194455, -8.905599999999999739 ) ) ;
#1867 = CARTESIAN_POINT ( 'NONE',  ( 2.319187596216338854, 2.173259084056190282, -9.073395268770864774 ) ) ;
#1868 = CARTESIAN_POINT ( 'NONE',  ( -7.139688768580557010, 9.184898826891830126, -7.318099999999999383 ) ) ;
#1869 = CARTESIAN_POINT ( 'NONE',  ( -15.05362860479056586, -0.5226788800019546155, -5.730599999999993699 ) ) ;
#1870 = CARTESIAN_POINT ( 'NONE',  ( -2.461823230156368059, -11.97746266590835695, -9.949099999999974742 ) ) ;
#1871 = CARTESIAN_POINT ( 'NONE',  ( -5.603345093216948847, -10.05485579300198928, 11.05600000209201994 ) ) ;
#1872 = CARTESIAN_POINT ( 'NONE',  ( 18.73131658590065740, 0.6867990096285736534, -8.905600000000001515 ) ) ;
#1873 = B_SPLINE_CURVE_WITH_KNOTS ( 'NONE', 3,
 ( #3841, #5931, #210, #2177, #7301, #6012, #7175, #6717 ),
 .UNSPECIFIED., .F., .F.,
 ( 4, 2, 2, 4 ),
 ( 2.453269466693398698E-18, 0.0002930569824753978384, 0.0005861139649507932916, 0.001172227929901579211 ),
 .UNSPECIFIED. ) ;
#1874 = ORIENTED_EDGE ( 'NONE', *, *, #2316, .T. ) ;
#1875 = DIRECTION ( 'NONE',  ( 1.000000000000000000, -0.000000000000000000, 0.000000000000000000 ) ) ;
#1876 =( NAMED_UNIT ( * ) SI_UNIT ( $, .STERADIAN. ) SOLID_ANGLE_UNIT ( ) );
#1877 = CARTESIAN_POINT ( 'NONE',  ( -10.36693721385772093, -17.66121891534364252, -15.44909999999999961 ) ) ;
#1878 = CARTESIAN_POINT ( 'NONE',  ( -2.204894577754120455, -10.96236130471560699, 10.21850059711605141 ) ) ;
#1879 = CARTESIAN_POINT ( 'NONE',  ( -14.69498572059985442, 32.80257204133727100, 8.631000000000025096 ) ) ;
#1880 = CARTESIAN_POINT ( 'NONE',  ( 1.220251300716977294, -19.92648088246244598, 1.197596868464131825 ) ) ;
#1881 = CARTESIAN_POINT ( 'NONE',  ( 24.41231104288262443, 3.775411083464547790, 8.630999999999927397 ) ) ;
#1882 = VECTOR ( 'NONE', #7099, 1000.000000000000000 ) ;
#1883 = CARTESIAN_POINT ( 'NONE',  ( -11.19984111205484112, -5.893991113273186144, -5.730599999999999028 ) ) ;
#1884 = VERTEX_POINT ( 'NONE', #257 ) ;
#1885 = CARTESIAN_POINT ( 'NONE',  ( -12.69611107861289589, 5.860204217221870238, -7.318099999999999383 ) ) ;
#1886 = CARTESIAN_POINT ( 'NONE',  ( 18.19480658804355144, 6.235042085864962225, 0.000000000000000000 ) ) ;
#1887 = CARTESIAN_POINT ( 'NONE',  ( 19.19388020387351901, -0.6398805656995876223, -7.318099999999999383 ) ) ;
#1888 = CARTESIAN_POINT ( 'NONE',  ( 25.48455371229664124, 12.54643094582652729, 14.98099999999999987 ) ) ;
#1889 = AXIS2_PLACEMENT_3D ( 'NONE', #4290, #5658, #6839 ) ;
#1890 = CIRCLE ( 'NONE', #4419, 2.500000000000000000 ) ;
#1891 = EDGE_CURVE ( 'NONE', #4085, #3970, #6520, .T. ) ;
#1892 = CARTESIAN_POINT ( 'NONE',  ( 9.414472570528070960, 15.38447174124959815, -8.905599999999999739 ) ) ;
#1893 = ORIENTED_EDGE ( 'NONE', *, *, #2901, .T. ) ;
#1894 = CARTESIAN_POINT ( 'NONE',  ( 2.131702957233721385, 1.306079056612197586, -8.949100000000001387 ) ) ;
#1895 = EDGE_CURVE ( 'NONE', #4186, #7427, #4007, .T. ) ;
#1896 = EDGE_LOOP ( 'NONE', ( #1950, #2564, #7872, #4329 ) ) ;
#1897 = AXIS2_PLACEMENT_3D ( 'NONE', #2852, #812, #6647 ) ;
#1898 = CARTESIAN_POINT ( 'NONE',  ( -16.04143873714868818, 2.813959658475118975, -15.44909999999999961 ) ) ;
#1899 = CARTESIAN_POINT ( 'NONE',  ( 18.08309949357164825, 2.108785945389887395, -8.905600000000003291 ) ) ;
#1900 = CARTESIAN_POINT ( 'NONE',  ( 10.67358603180522358, -14.28111567599690090, 11.05600000000000271 ) ) ;
#1901 = CARTESIAN_POINT ( 'NONE',  ( -11.93380714760685102, -13.05735525345597914, -7.318099999999999383 ) ) ;
#1902 = CARTESIAN_POINT ( 'NONE',  ( -19.71033619878698318, -7.218401743463203957, 11.80600000000000271 ) ) ;
#1903 = ORIENTED_EDGE ( 'NONE', *, *, #6678, .T. ) ;
#1904 = CARTESIAN_POINT ( 'NONE',  ( -8.940015150338160410, -9.243803669068361373, 11.05600000209201994 ) ) ;
#1905 = EDGE_LOOP ( 'NONE', ( #5366, #6191 ) ) ;
#1906 = CARTESIAN_POINT ( 'NONE',  ( -3.208723181123211088, 10.42019794570058266, -8.905599999999999739 ) ) ;
#1907 = CARTESIAN_POINT ( 'NONE',  ( -14.66956674034016039, -5.694116509850606356, -8.248035969732711692 ) ) ;
#1908 = CARTESIAN_POINT ( 'NONE',  ( 0.000000000000000000, 0.000000000000000000, 3.005999999999991346 ) ) ;
#1909 = DIRECTION ( 'NONE',  ( -0.9376207038377022407, 0.3476599139027848340, 0.000000000000000000 ) ) ;
#1910 = CARTESIAN_POINT ( 'NONE',  ( 16.24938184449140266, 1.170377116458107158, -7.318099999999999383 ) ) ;
#1911 = ADVANCED_FACE ( 'NONE', ( #3966 ), #7880, .F. ) ;
#1912 = DIRECTION ( 'NONE',  ( -1.000000000000000000, 0.000000000000000000, -0.000000000000000000 ) ) ;
#1913 = ORIENTED_EDGE ( 'NONE', *, *, #796, .T. ) ;
#1914 = ORIENTED_EDGE ( 'NONE', *, *, #3504, .T. ) ;
#1915 = VERTEX_POINT ( 'NONE', #809 ) ;
#1916 = CARTESIAN_POINT ( 'NONE',  ( 3.662384346971497173, 13.99376479995770239, 3.174999999999999822 ) ) ;
#1917 = CARTESIAN_POINT ( 'NONE',  ( -9.853225687248782450, -3.809484351455107554, 4.818676322192284402E-17 ) ) ;
#1918 = CARTESIAN_POINT ( 'NONE',  ( -3.852868218153464586, -10.51820357379661175, 12.55599999790798549 ) ) ;
#1919 = EDGE_CURVE ( 'NONE', #7417, #340, #5977, .T. ) ;
#1920 = CARTESIAN_POINT ( 'NONE',  ( -9.669967158883164160, 35.40818001634448819, 8.630999999999938055 ) ) ;
#1921 = CARTESIAN_POINT ( 'NONE',  ( 0.1436723626231340423, -6.001150726732647378, 4.669538053144599132 ) ) ;
#1922 = CARTESIAN_POINT ( 'NONE',  ( 26.89447618733375478, -0.5000000000000008882, 14.98099999999999987 ) ) ;
#1923 = CARTESIAN_POINT ( 'NONE',  ( 6.426220926797029165, 26.62486273173800200, 8.630999999999941608 ) ) ;
#1924 = LINE ( 'NONE', #7585, #1934 ) ;
#1925 = ORIENTED_EDGE ( 'NONE', *, *, #846, .T. ) ;
#1926 = SURFACE_STYLE_FILL_AREA ( #2044 ) ;
#1927 = CARTESIAN_POINT ( 'NONE',  ( 9.382974254432054906, 3.835830653301700810, -5.730599999999997252 ) ) ;
#1928 = LINE ( 'NONE', #1887, #7796 ) ;
#1929 = CARTESIAN_POINT ( 'NONE',  ( 19.50871581554208234, 16.82698967804242329, 14.98099999999938703 ) ) ;
#1930 = B_SPLINE_CURVE_WITH_KNOTS ( 'NONE', 3,
 ( #1132, #5034, #545, #4372, #6338, #1750, #1836, #1877, #586, #2502, #459, #3086 ),
 .UNSPECIFIED., .F., .F.,
 ( 4, 1, 1, 1, 1, 1, 1, 1, 1, 4 ),
 ( 0.5757304073731220884, 0.5800781249999735767, 0.5878906250000038858, 0.5976562499999800160, 0.6074218750000000000, 0.6171874999999995559, 0.6269531250000000000, 0.6347656250000000000, 0.6445312500000000000, 0.6514132336649233190 ),
 .UNSPECIFIED. ) ;
#1931 = DIRECTION ( 'NONE',  ( 0.000000000000000000, 0.000000000000000000, 1.000000000000000000 ) ) ;
#1932 = CARTESIAN_POINT ( 'NONE',  ( 14.25591103139629823, 24.17868081722507156, 13.39349952343962435 ) ) ;
#1933 = ORIENTED_EDGE ( 'NONE', *, *, #1984, .T. ) ;
#1934 = VECTOR ( 'NONE', #2546, 1000.000000000000000 ) ;
#1935 = CARTESIAN_POINT ( 'NONE',  ( 9.169603263354870748, -13.98518257472503379, 10.21850059711605319 ) ) ;
#1936 = DIRECTION ( 'NONE',  ( 0.2535801187161744741, 0.9673143870489525620, -2.147869409105835423E-16 ) ) ;
#1937 = CARTESIAN_POINT ( 'NONE',  ( 11.41879587569348864, -14.42826545259720028, 12.55600000000000271 ) ) ;
#1938 = LINE ( 'NONE', #3309, #6737 ) ;
#1939 = CARTESIAN_POINT ( 'NONE',  ( -23.43310772915992146, 34.30224345088092974, 13.39349904687931136 ) ) ;
#1940 = CARTESIAN_POINT ( 'NONE',  ( -8.184316070316913994, -9.429466381432717981, 9.416435412949159200 ) ) ;
#1941 = ORIENTED_EDGE ( 'NONE', *, *, #442, .T. ) ;
#1942 = DIRECTION ( 'NONE',  ( 1.000000000000000000, 0.000000000000000000, -0.000000000000000000 ) ) ;
#1943 = CARTESIAN_POINT ( 'NONE',  ( -2.927133421439798600, 10.09503064186813148, -8.905600000000003291 ) ) ;
#1944 = CARTESIAN_POINT ( 'NONE',  ( -3.953988504193240328, 8.990941570122055637, -8.248035969732711692 ) ) ;
#1945 = CARTESIAN_POINT ( 'NONE',  ( 4.799637622148436478, 3.605039867689281863, 7.264472428355942313 ) ) ;
#1946 = CYLINDRICAL_SURFACE ( 'NONE', #4105, 0.7937500000312376347 ) ;
#1947 = CARTESIAN_POINT ( 'NONE',  ( 7.563856596427894097, 12.39937145236302030, -0.5681464515885045197 ) ) ;
#1948 = VERTEX_POINT ( 'NONE', #4720 ) ;
#1949 = ORIENTED_EDGE ( 'NONE', *, *, #3078, .T. ) ;
#1950 = ORIENTED_EDGE ( 'NONE', *, *, #1450, .F. ) ;
#1951 = CARTESIAN_POINT ( 'NONE',  ( 19.65450552532480799, 6.887580790040855661, 3.174999999999999822 ) ) ;
#1952 = CARTESIAN_POINT ( 'NONE',  ( -17.80778387332761170, -6.266522890202998575, 8.631000000000002004 ) ) ;
#1953 = LINE ( 'NONE', #1258, #8131 ) ;
#1954 = CARTESIAN_POINT ( 'NONE',  ( -38.87205052441449737, 33.52680027512989369, 8.630999999999875882 ) ) ;
#1955 = CARTESIAN_POINT ( 'NONE',  ( 19.34902119136799570, -3.040005145349425231, -5.730599999999999028 ) ) ;
#1956 = CARTESIAN_POINT ( 'NONE',  ( 18.38123042735837132, 5.752224782637088474, 0.000000000000000000 ) ) ;
#1957 = CARTESIAN_POINT ( 'NONE',  ( -21.90804218314094598, 32.82804663215440399, 8.630999999999989569 ) ) ;
#1958 = EDGE_CURVE ( 'NONE', #2450, #5919, #3222, .T. ) ;
#1959 = EDGE_CURVE ( 'NONE', #756, #574, #8093, .T. ) ;
#1960 = DIRECTION ( 'NONE',  ( 0.9999999993168087187, -3.696461235186523285E-05, 0.000000000000000000 ) ) ;
#1961 = ORIENTED_EDGE ( 'NONE', *, *, #2719, .F. ) ;
#1962 = CARTESIAN_POINT ( 'NONE',  ( 5.015044247429129243, 10.25515149296784401, -1.949099999999965416 ) ) ;
#1963 = CARTESIAN_POINT ( 'NONE',  ( -9.686569713148177385, -9.023495126771175379, 13.39349952335688521 ) ) ;
#1964 = CARTESIAN_POINT ( 'NONE',  ( 22.32431652841541947, -10.97356072241889713, 14.98100000000000520 ) ) ;
#1965 = CARTESIAN_POINT ( 'NONE',  ( -1.681543941320843505, -8.965972145123165760, 13.00400180856847321 ) ) ;
#1966 = DIRECTION ( 'NONE',  ( -0.7856175890622957292, 0.6187123756285676235, 0.000000000000000000 ) ) ;
#1967 = ORIENTED_EDGE ( 'NONE', *, *, #6394, .T. ) ;
#1968 = VECTOR ( 'NONE', #2242, 1000.000000000000000 ) ;
#1969 = CARTESIAN_POINT ( 'NONE',  ( -13.13876970357537033, -10.30639110097522249, 3.174999999999999822 ) ) ;
#1970 = CARTESIAN_POINT ( 'NONE',  ( -8.834550332455142652, -27.80497700742809641, 8.631000000000000227 ) ) ;
#1971 = CARTESIAN_POINT ( 'NONE',  ( -10.32067812157115760, 7.973551672692938297, 0.000000000000000000 ) ) ;
#1972 = CARTESIAN_POINT ( 'NONE',  ( 20.98205252773207263, -15.34149038294230216, 11.80600000000000449 ) ) ;
#1973 = CARTESIAN_POINT ( 'NONE',  ( 20.93663917186174217, 1.726690403594020262, 3.175000000000000266 ) ) ;
#1974 = FACE_BOUND ( 'NONE', #3860, .T. ) ;
#1975 = CARTESIAN_POINT ( 'NONE',  ( -4.439039386445601032, 32.30869805997172506, 13.39349904687931136 ) ) ;
#1976 = AXIS2_PLACEMENT_3D ( 'NONE', #3237, #5774, #3935 ) ;
#1977 = VERTEX_POINT ( 'NONE', #856 ) ;
#1978 = CARTESIAN_POINT ( 'NONE',  ( -9.657304715307414966, -8.923383739668983239, 10.21841796336329544 ) ) ;
#1979 = DIRECTION ( 'NONE',  ( -1.000000000000000000, 0.000000000000000000, 0.000000000000000000 ) ) ;
#1980 = CARTESIAN_POINT ( 'NONE',  ( -11.94963630523137255, 6.672263382977527080, -8.248035969732711692 ) ) ;
#1981 = DIRECTION ( 'NONE',  ( 0.000000000000000000, 0.000000000000000000, -1.000000000000000000 ) ) ;
#1982 = CARTESIAN_POINT ( 'NONE',  ( -3.174999999999999822, 3.888253587292846081E-16, 3.005999999999991346 ) ) ;
#1983 = CARTESIAN_POINT ( 'NONE',  ( 19.64128800687953458, -0.1579918734576028216, -8.905600000000001515 ) ) ;
#1984 = EDGE_CURVE ( 'NONE', #2601, #6458, #6602, .T. ) ;
#1985 = ORIENTED_EDGE ( 'NONE', *, *, #1530, .T. ) ;
#1986 = ORIENTED_EDGE ( 'NONE', *, *, #6782, .F. ) ;
#1987 = EDGE_CURVE ( 'NONE', #5590, #1073, #4247, .T. ) ;
#1988 = ORIENTED_EDGE ( 'NONE', *, *, #3582, .T. ) ;
#1989 = AXIS2_PLACEMENT_3D ( 'NONE', #6105, #3519, #1020 ) ;
#1990 = CARTESIAN_POINT ( 'NONE',  ( 2.870011529899069824, 11.75559239679222223, 2.517435969732711776 ) ) ;
#1991 = CARTESIAN_POINT ( 'NONE',  ( 12.36021173529845463, -13.29450862676794465, 12.78221329524948757 ) ) ;
#1992 = EDGE_CURVE ( 'NONE', #652, #427, #8008, .T. ) ;
#1993 = CARTESIAN_POINT ( 'NONE',  ( 25.33973514159382034, 8.069949888297896834, 8.630999999999998451 ) ) ;
#1994 = CARTESIAN_POINT ( 'NONE',  ( 28.39358412624508432, -7.233045574204665762, 8.631000000000000227 ) ) ;
#1995 = CARTESIAN_POINT ( 'NONE',  ( 11.87164204902840048, 20.64694561828808617, -1.949099999999967636 ) ) ;
#1996 = CARTESIAN_POINT ( 'NONE',  ( 18.38123042735837132, 5.752224782637089362, 1.587499999999999911 ) ) ;
#1997 = CARTESIAN_POINT ( 'NONE',  ( 25.20082822569305137, -0.01930093290845598039, 8.630999999999998451 ) ) ;
#1998 = DIRECTION ( 'NONE',  ( 0.9371590407833582104, -0.3489024681454918064, -5.120352090616684997E-16 ) ) ;
#1999 = ORIENTED_EDGE ( 'NONE', *, *, #6931, .F. ) ;
#2000 = CARTESIAN_POINT ( 'NONE',  ( 19.34913917186177557, -3.040034490371193776, 0.000000000000000000 ) ) ;
#2001 = CARTESIAN_POINT ( 'NONE',  ( -7.696762300786941680, 9.074866323787089684, -5.730599999999998140 ) ) ;
#2002 = CARTESIAN_POINT ( 'NONE',  ( -12.07136088887055081, -6.579286415174191660, 14.98100000000002829 ) ) ;
#2003 = CARTESIAN_POINT ( 'NONE',  ( 0.3806793846580737162, -16.23688503106220438, 7.043499999999998984 ) ) ;
#2004 = EDGE_CURVE ( 'NONE', #7427, #3684, #434, .T. ) ;
#2005 = AXIS2_PLACEMENT_3D ( 'NONE', #5440, #3417, #419 ) ;
#2006 = CONICAL_SURFACE ( 'NONE', #4801, 3.174999999999999822, 0.7853981633974500554 ) ;
#2007 = CARTESIAN_POINT ( 'NONE',  ( 9.144517135047323109, -13.92961173981961309, 10.21850000016612192 ) ) ;
#2008 = FACE_OUTER_BOUND ( 'NONE', #298, .T. ) ;
#2009 = ORIENTED_EDGE ( 'NONE', *, *, #118, .T. ) ;
#2010 = CARTESIAN_POINT ( 'NONE',  ( -13.92325797002906462, -11.93685580255732326, 3.174999999999999822 ) ) ;
#2011 = VECTOR ( 'NONE', #7615, 1000.000000000000000 ) ;
#2012 = AXIS2_PLACEMENT_3D ( 'NONE', #894, #4673, #4087 ) ;
#2013 = DIRECTION ( 'NONE',  ( 0.000000000000000000, 0.000000000000000000, -1.000000000000000000 ) ) ;
#2014 = CARTESIAN_POINT ( 'NONE',  ( -10.80344840032195819, 7.649930394072396389, -7.318099999999999383 ) ) ;
#2015 = ADVANCED_FACE ( 'NONE', ( #1559 ), #5375, .T. ) ;
#2016 = CARTESIAN_POINT ( 'NONE',  ( 12.16856079531247481, -14.54943197920268183, 13.39349999983421569 ) ) ;
#2017 = CARTESIAN_POINT ( 'NONE',  ( 0.000000000000000000, 0.000000000000000000, 1.256000000000000671 ) ) ;
#2018 = AXIS2_PLACEMENT_3D ( 'NONE', #3688, #3609, #1029 ) ;
#2019 = DIRECTION ( 'NONE',  ( 0.000000000000000000, 0.000000000000000000, 1.000000000000000000 ) ) ;
#2020 = VERTEX_POINT ( 'NONE', #1720 ) ;
#2021 = CARTESIAN_POINT ( 'NONE',  ( -9.615768839047845518, -10.70413264034995748, 11.80600000000000271 ) ) ;
#2022 = CARTESIAN_POINT ( 'NONE',  ( -3.405855749582382686, 8.799896514024602823, -8.248035969732711692 ) ) ;
#2023 = FACE_OUTER_BOUND ( 'NONE', #6095, .T. ) ;
#2024 = CARTESIAN_POINT ( 'NONE',  ( 2.666982214235784188, 2.346865541667115806, -11.07604816167494910 ) ) ;
#2025 = CARTESIAN_POINT ( 'NONE',  ( 1.759916674635157552, 10.85446673156645758, -5.730599999999999028 ) ) ;
#2026 = EDGE_CURVE ( 'NONE', #3071, #1449, #4803, .T. ) ;
#2027 = B_SPLINE_CURVE_WITH_KNOTS ( 'NONE', 3,
 ( #5090, #4434, #7633, #1239, #607, #5761, #1276, #4475, #1937, #3148 ),
 .UNSPECIFIED., .F., .F.,
 ( 4, 2, 2, 2, 4 ),
 ( 0.000000000000000000, 0.3559286171081143535, 0.5533221837525468256, 0.7086393685172394097, 1.000000000000000000 ),
 .UNSPECIFIED. ) ;
#2028 = ORIENTED_EDGE ( 'NONE', *, *, #5052, .T. ) ;
#2029 = VECTOR ( 'NONE', #2220, 1000.000000000000000 ) ;
#2030 = EDGE_LOOP ( 'NONE', ( #5511, #6416, #7529, #8185 ) ) ;
#2031 = ORIENTED_EDGE ( 'NONE', *, *, #3252, .F. ) ;
#2032 = CARTESIAN_POINT ( 'NONE',  ( 20.00670320212902809, 1.726690403666421236, 3.174999999999999822 ) ) ;
#2033 = DIRECTION ( 'NONE',  ( 0.9371590407833587655, -0.3489024681454906407, 0.000000000000000000 ) ) ;
#2034 = CARTESIAN_POINT ( 'NONE',  ( -3.174999999999999822, 3.888253587292846081E-16, 3.005999999999991346 ) ) ;
#2035 = FACE_OUTER_BOUND ( 'NONE', #4865, .T. ) ;
#2036 = CARTESIAN_POINT ( 'NONE',  ( -3.585675646928918603, -8.948570147270682895, 8.631000000000009109 ) ) ;
#2037 = CARTESIAN_POINT ( 'NONE',  ( -11.98739699550838900, -12.91531502102366602, 0.000000000000000000 ) ) ;
#2038 = CARTESIAN_POINT ( 'NONE',  ( 15.85082825701439724, 9.731027992418974648, 0.000000000000000000 ) ) ;
#2039 = CARTESIAN_POINT ( 'NONE',  ( -35.53768265111548885, 31.38543395455019791, 8.630999999999989569 ) ) ;
#2040 = EDGE_CURVE ( 'NONE', #7999, #868, #6725, .T. ) ;
#2041 = CYLINDRICAL_SURFACE ( 'NONE', #2996, 1.587500000000000355 ) ;
#2042 = CIRCLE ( 'NONE', #4564, 6.000000000000000888 ) ;
#2043 = ORIENTED_EDGE ( 'NONE', *, *, #4990, .F. ) ;
#2044 = FILL_AREA_STYLE ('',( #3992 ) ) ;
#2045 = CARTESIAN_POINT ( 'NONE',  ( -30.03296512515854388, -3.575746509924240810E-06, 13.39349952342820060 ) ) ;
#2046 = DIRECTION ( 'NONE',  ( -0.9371590407833582104, 0.3489024681454918064, -0.000000000000000000 ) ) ;
#2047 = CARTESIAN_POINT ( 'NONE',  ( -3.953988504193371334, 8.990941570122055637, -5.730599999999998140 ) ) ;
#2048 = CARTESIAN_POINT ( 'NONE',  ( 11.79159259755874167, 23.96386019914276844, 14.98099999999999454 ) ) ;
#2049 = CARTESIAN_POINT ( 'NONE',  ( 1.984375000000000000, 0.000000000000000000, -3.182602741592007956 ) ) ;
#2050 = CARTESIAN_POINT ( 'NONE',  ( -3.634024352127970925, -10.58222667935891792, 14.98100000000000165 ) ) ;
#2051 = CARTESIAN_POINT ( 'NONE',  ( 5.461819733840949098, -12.97941186196716679, 11.05600000000000271 ) ) ;
#2052 = DIRECTION ( 'NONE',  ( 0.000000000000000000, 0.000000000000000000, 1.000000000000000000 ) ) ;
#2053 = EDGE_LOOP ( 'NONE', ( #910, #6211, #3253, #5554, #7166, #4012, #3978, #6065, #3960, #5714 ) ) ;
#2054 = CARTESIAN_POINT ( 'NONE',  ( -13.75760178706634740, -7.882318291408200395, 3.174999999999999822 ) ) ;
#2055 = CARTESIAN_POINT ( 'NONE',  ( 19.34890321087421228, -0.9952133531469559147, -5.730599999999999028 ) ) ;
#2056 = B_SPLINE_CURVE_WITH_KNOTS ( 'NONE', 3,
 ( #4918, #2473, #1014, #3556, #8004, #7472, #6099 ),
 .UNSPECIFIED., .F., .F.,
 ( 4, 1, 1, 1, 4 ),
 ( 0.9591136850555620486, 0.9624617319795163439, 0.9786655502696219866, 0.9948693685597326253, 1.000000000000000000 ),
 .UNSPECIFIED. ) ;
#2057 = CARTESIAN_POINT ( 'NONE',  ( -14.04790815498809486, 3.666967612582114455, 0.000000000000000000 ) ) ;
#2058 = DIRECTION ( 'NONE',  ( -1.000000000000000000, 0.000000000000000000, 0.000000000000000000 ) ) ;
#2059 = DIRECTION ( 'NONE',  ( 0.1267900593580866819, 0.4836571935244741161, 0.8660254037844399289 ) ) ;
#2060 = CARTESIAN_POINT ( 'NONE',  ( 18.86402282299834710, -0.9952720431907391418, -15.44909999999999961 ) ) ;
#2061 = EDGE_CURVE ( 'NONE', #3903, #1884, #2973, .T. ) ;
#2062 = B_SPLINE_CURVE_WITH_KNOTS ( 'NONE', 3,
 ( #3632, #335, #2877, #5402, #7948, #6716, #6176, #2253 ),
 .UNSPECIFIED., .F., .F.,
 ( 4, 2, 2, 4 ),
 ( 0.000000000000000000, 0.0002830529412355701157, 0.0005661058824711402314, 0.001132211764942285450 ),
 .UNSPECIFIED. ) ;
#2063 = CARTESIAN_POINT ( 'NONE',  ( -10.40649713440540758, -15.48206224209363135, -6.524354979597465132 ) ) ;
#2064 = VERTEX_POINT ( 'NONE', #1017 ) ;
#2065 = CARTESIAN_POINT ( 'NONE',  ( -3.429443744414359507, 8.808644534118368341, -7.318099999999999383 ) ) ;
#2066 = CARTESIAN_POINT ( 'NONE',  ( 9.538188000149865786, -14.02390433230607059, 11.05600000000000271 ) ) ;
#2067 = ADVANCED_FACE ( 'NONE', ( #2225 ), #6073, .F. ) ;
#2068 = DIRECTION ( 'NONE',  ( 0.6187123756285676235, 0.7856175890622957292, -0.000000000000000000 ) ) ;
#2069 = CARTESIAN_POINT ( 'NONE',  ( 3.766291807603387998, 12.28644048611909412, 1.587499999999999911 ) ) ;
#2070 = ORIENTED_EDGE ( 'NONE', *, *, #621, .T. ) ;
#2071 = VERTEX_POINT ( 'NONE', #3378 ) ;
#2072 = ORIENTED_EDGE ( 'NONE', *, *, #5887, .T. ) ;
#2073 = AXIS2_PLACEMENT_3D ( 'NONE', #4008, #5170, #7761 ) ;
#2074 = CARTESIAN_POINT ( 'NONE',  ( 9.279216423871176289, 13.81933280170909306, 3.174999999999999822 ) ) ;
#2075 = CARTESIAN_POINT ( 'NONE',  ( -12.34045264662481500, -11.74362448180644591, -5.730600000000002581 ) ) ;
#2076 = CARTESIAN_POINT ( 'NONE',  ( 14.25591115432990641, 24.17868099317643171, 8.630999999999994898 ) ) ;
#2077 = CARTESIAN_POINT ( 'NONE',  ( -5.418058252156182419, -9.328021996280892125, 12.24536584716177146 ) ) ;
#2078 = CARTESIAN_POINT ( 'NONE',  ( -38.87205052441449737, 33.52680027512989369, 11.80599999999999206 ) ) ;
#2079 = CARTESIAN_POINT ( 'NONE',  ( 5.622336004263778442, 6.125803326433945983, -8.685310991819715554 ) ) ;
#2080 = LINE ( 'NONE', #4616, #1968 ) ;
#2081 = CARTESIAN_POINT ( 'NONE',  ( -44.97519480863827113, 29.96679013402548719, 8.630999999999989569 ) ) ;
#2082 = VERTEX_POINT ( 'NONE', #7293 ) ;
#2083 = VECTOR ( 'NONE', #4131, 1000.000000000000000 ) ;
#2084 = CARTESIAN_POINT ( 'NONE',  ( 10.55961939193170274, 21.13540907369178257, -9.949099999999974742 ) ) ;
#2085 = FACE_OUTER_BOUND ( 'NONE', #5041, .T. ) ;
#2086 = EDGE_CURVE ( 'NONE', #7218, #5989, #6939, .T. ) ;
#2087 = CARTESIAN_POINT ( 'NONE',  ( 5.625214813271732339, 8.482520132086396103, -3.339100890974519675 ) ) ;
#2088 = CARTESIAN_POINT ( 'NONE',  ( -4.229680485270201906, 3.331080792520063838, -8.392798589917475082E-26 ) ) ;
#2089 = CARTESIAN_POINT ( 'NONE',  ( -41.34135381484318827, 28.62881875561460632, 14.98099999999987908 ) ) ;
#2090 = CARTESIAN_POINT ( 'NONE',  ( 0.8483108465917187369, 10.03848089782430186, 2.290993301991031128 ) ) ;
#2091 = CARTESIAN_POINT ( 'NONE',  ( -45.68751235600759486, 22.77985263037423636, 14.98099999999995902 ) ) ;
#2092 = CARTESIAN_POINT ( 'NONE',  ( 18.47238313837005208, 5.489533652473714831, 0.000000000000000000 ) ) ;
#2093 = ADVANCED_FACE ( 'NONE', ( #7168 ), #4119, .F. ) ;
#2094 = CARTESIAN_POINT ( 'NONE',  ( -1.984375000000000000, 2.430158492058029047E-16, -15.47176309777416137 ) ) ;
#2095 = VERTEX_POINT ( 'NONE', #7125 ) ;
#2096 = CARTESIAN_POINT ( 'NONE',  ( -13.00452276362528359, -11.77206916536622572, 3.174999999999999822 ) ) ;
#2097 = CARTESIAN_POINT ( 'NONE',  ( 20.63813417200849187, 0.1857865252190112892, -8.905600000000001515 ) ) ;
#2098 = CARTESIAN_POINT ( 'NONE',  ( -3.429443744414331974, 8.808644534118453606, 0.000000000000000000 ) ) ;
#2099 = AXIS2_PLACEMENT_3D ( 'NONE', #3283, #2697, #5350 ) ;
#2100 = CARTESIAN_POINT ( 'NONE',  ( 12.74199028092941788, -16.33159447792379382, 11.80599999999961547 ) ) ;
#2101 = CARTESIAN_POINT ( 'NONE',  ( 4.361947481934588033, 5.784699500018987806, -0.6210115484597096280 ) ) ;
#2102 = DIRECTION ( 'NONE',  ( -1.000000000000000000, 0.000000000000000000, 0.000000000000000000 ) ) ;
#2103 = CARTESIAN_POINT ( 'NONE',  ( -9.901329246898143310, -8.960905363903089338, 14.18724952343966095 ) ) ;
#2104 = EDGE_CURVE ( 'NONE', #7577, #6075, #1550, .T. ) ;
#2105 = CARTESIAN_POINT ( 'NONE',  ( -7.522063524368013177, -17.40308485334662691, -7.318099999999999383 ) ) ;
#2106 = ORIENTED_EDGE ( 'NONE', *, *, #5905, .F. ) ;
#2107 = EDGE_CURVE ( 'NONE', #4937, #1339, #8023, .T. ) ;
#2108 = CARTESIAN_POINT ( 'NONE',  ( -9.669967158881936697, 35.40818001634448819, 11.80599999999999206 ) ) ;
#2109 = CARTESIAN_POINT ( 'NONE',  ( -11.16577977870918126, 9.321304900827064088, -8.905600000000001515 ) ) ;
#2110 = CARTESIAN_POINT ( 'NONE',  ( -14.48958093162127447, 2.586774813474206347, -5.730600000000003469 ) ) ;
#2111 = EDGE_CURVE ( 'NONE', #4276, #583, #6642, .T. ) ;
#2112 = DIRECTION ( 'NONE',  ( 0.6187123756286880827, 0.7856175890622008051, 0.000000000000000000 ) ) ;
#2113 = CARTESIAN_POINT ( 'NONE',  ( 2.499390839117278329, 11.49427392629204014, -5.730599999999999028 ) ) ;
#2114 = AXIS2_PLACEMENT_3D ( 'NONE', #8114, #2413, #4944 ) ;
#2115 = ORIENTED_EDGE ( 'NONE', *, *, #7636, .F. ) ;
#2116 = ORIENTED_EDGE ( 'NONE', *, *, #925, .F. ) ;
#2117 = CARTESIAN_POINT ( 'NONE',  ( 10.92614210560904908, 12.78862863666391014, 2.517435969732711776 ) ) ;
#2118 = CARTESIAN_POINT ( 'NONE',  ( -10.55619991177215056, -4.809835977676105934, 0.000000000000000000 ) ) ;
#2119 = DIRECTION ( 'NONE',  ( -0.000000000000000000, -0.000000000000000000, -1.000000000000000000 ) ) ;
#2120 = CARTESIAN_POINT ( 'NONE',  ( -6.873425546872645064, -9.292060148414140741, 11.05596718551655400 ) ) ;
#2121 = CARTESIAN_POINT ( 'NONE',  ( -1.501048752687703436, 33.03278635709281730, 11.80599999999999206 ) ) ;
#2122 = CARTESIAN_POINT ( 'NONE',  ( 3.478382830679524584, 6.127648047708921020, -1.949099999999967414 ) ) ;
#2123 = CARTESIAN_POINT ( 'NONE',  ( 20.93645520024646700, -0.9927811046649085425, -8.905599999999999739 ) ) ;
#2124 = CARTESIAN_POINT ( 'NONE',  ( -27.11334437784210039, 35.98304491953225437, 8.630999999999989569 ) ) ;
#2125 = EDGE_LOOP ( 'NONE', ( #6658, #2468, #774, #5944 ) ) ;
#2126 = ORIENTED_EDGE ( 'NONE', *, *, #2519, .T. ) ;
#2127 = CARTESIAN_POINT ( 'NONE',  ( 12.58662062808334170, 25.34497970717699289, 10.21850059711604430 ) ) ;
#2128 = CARTESIAN_POINT ( 'NONE',  ( -9.686569713148177385, -9.023495126771175379, 13.39349952335688521 ) ) ;
#2129 = CARTESIAN_POINT ( 'NONE',  ( -12.06671872895633690, -4.130224066751433831, 3.174999999999999822 ) ) ;
#2130 = CARTESIAN_POINT ( 'NONE',  ( 2.500000000000000000, 3.061616997868383141E-16, -7.949100000000000499 ) ) ;
#2131 = CARTESIAN_POINT ( 'NONE',  ( 24.41231104288262443, 3.775411083463663164, 11.80599999999999916 ) ) ;
#2132 = CARTESIAN_POINT ( 'NONE',  ( 0.9104089901220686620, 9.988718195922631438, 2.098851826895769435 ) ) ;
#2133 = B_SPLINE_CURVE_WITH_KNOTS ( 'NONE', 3,
 ( #4157, #5434, #7980, #7454, #1000, #538, #7370, #1126, #4241, #3537, #6747, #6210, #6706, #4327, #6872, #4862 ),
 .UNSPECIFIED., .F., .F.,
 ( 4, 2, 2, 2, 2, 2, 2, 4 ),
 ( 0.000000000000000000, 0.0002393526638461837476, 0.0004787053276923671700, 0.0009574106553847310875, 0.001436115983077095168, 0.001914821310769459356, 0.002872231966154185131, 0.003829642621538911773 ),
 .UNSPECIFIED. ) ;
#2134 = CARTESIAN_POINT ( 'NONE',  ( -2.290223881574474429, -15.24251299684757299, -1.949099999999974520 ) ) ;
#2135 = EDGE_LOOP ( 'NONE', ( #6691, #4429, #3901, #3171 ) ) ;
#2136 = LINE ( 'NONE', #4128, #1746 ) ;
#2137 = CARTESIAN_POINT ( 'NONE',  ( -2.204894577754120455, -10.96236130471560699, 9.416435412949244466 ) ) ;
#2138 = CARTESIAN_POINT ( 'NONE',  ( 19.34888664869854580, -0.8583813857253427271, -8.248035969732713468 ) ) ;
#2139 = CARTESIAN_POINT ( 'NONE',  ( -11.94963630523137255, 6.672263382977527968, 0.000000000000000000 ) ) ;
#2140 = AXIS2_PLACEMENT_3D ( 'NONE', #4335, #4952, #4249 ) ;
#2141 = CARTESIAN_POINT ( 'NONE',  ( -1.622867371715112528, -12.76438399408419500, 11.80600000000000271 ) ) ;
#2142 = CARTESIAN_POINT ( 'NONE',  ( -11.41158442011745855, -14.14504739044597592, -5.730600000000001693 ) ) ;
#2143 = CARTESIAN_POINT ( 'NONE',  ( 20.95136988566344272, -17.25312165024133648, -8.905600000000001515 ) ) ;
#2144 = EDGE_CURVE ( 'NONE', #3178, #3052, #167, .T. ) ;
#2145 = B_SPLINE_CURVE_WITH_KNOTS ( 'NONE', 3,
 ( #1898, #4975, #7014, #3105, #3804, #7482, #4430, #7561, #7523, #5637, #2399, #6358, #8187, #3182, #15, #5013, #1814, #5680 ),
 .UNSPECIFIED., .F., .F.,
 ( 4, 1, 1, 1, 1, 1, 1, 1, 1, 1, 1, 1, 1, 1, 1, 4 ),
 ( 0.4126244474606047818, 0.4199218749999998335, 0.4277343749999996669, 0.4335937499999973355, 0.4414062499999849010, 0.4492187499999991673, 0.4570312499999990008, 0.4648437499999987788, 0.4726562499999986122, 0.4804687499999984457, 0.4882812499999982236, 0.4941406249999981126, 0.5039062499999978906, 0.5117187499999976685, 0.5195312500000033307, 0.5273437499999940048 ),
 .UNSPECIFIED. ) ;
#2146 = CARTESIAN_POINT ( 'NONE',  ( 2.259821958597556080, 2.230208446634597053, -10.69910000000001737 ) ) ;
#2147 = CARTESIAN_POINT ( 'NONE',  ( 0.1247952595555764377, 11.40975566781907347, 3.174999999999999822 ) ) ;
#2148 = VECTOR ( 'NONE', #3255, 1000.000000000000227 ) ;
#2149 = EDGE_LOOP ( 'NONE', ( #990, #4609, #488, #745, #2106 ) ) ;
#2150 = CARTESIAN_POINT ( 'NONE',  ( 5.860127906673534781, 30.35954048764050128, 11.80599999999999383 ) ) ;
#2151 = B_SPLINE_CURVE_WITH_KNOTS ( 'NONE', 3,
 ( #3681, #599, #4882, #7434, #5586, #3140, #3720 ),
 .UNSPECIFIED., .F., .F.,
 ( 4, 1, 1, 1, 4 ),
 ( 0.000000000000000000, 0.005130631469040678773, 0.02133444985002242930, 0.03753826823099926102, 0.04088631517368473273 ),
 .UNSPECIFIED. ) ;
#2152 = CARTESIAN_POINT ( 'NONE',  ( -7.846759262749933406, 9.716653703975165257, -8.905600000000001515 ) ) ;
#2153 = CARTESIAN_POINT ( 'NONE',  ( 10.67358603180522358, -14.28111567599690090, 11.05600000000000271 ) ) ;
#2154 = DIRECTION ( 'NONE',  ( -0.3486964237605598149, -0.9372357249148136615, 0.000000000000000000 ) ) ;
#2155 = CARTESIAN_POINT ( 'NONE',  ( 16.83303745772967375, 2.670950495480284292, -8.905600000000001515 ) ) ;
#2156 = ORIENTED_EDGE ( 'NONE', *, *, #3431, .T. ) ;
#2157 = VERTEX_POINT ( 'NONE', #7209 ) ;
#2158 = AXIS2_PLACEMENT_3D ( 'NONE', #1393, #7137, #3961 ) ;
#2159 = CYLINDRICAL_SURFACE ( 'NONE', #2099, 1.399999999999999911 ) ;
#2160 = CYLINDRICAL_SURFACE ( 'NONE', #3473, 1.399999999999999911 ) ;
#2161 = CARTESIAN_POINT ( 'NONE',  ( -5.029307764782438461, -9.750599088799750902, 11.05596718551655400 ) ) ;
#2162 = CARTESIAN_POINT ( 'NONE',  ( -10.52473805582482669, -10.44028279238031764, 8.631000000000000227 ) ) ;
#2163 = FACE_BOUND ( 'NONE', #1067, .T. ) ;
#2164 = CARTESIAN_POINT ( 'NONE',  ( 18.86402282299834710, -0.9952720431907391418, 0.000000000000000000 ) ) ;
#2165 = CARTESIAN_POINT ( 'NONE',  ( -9.615768839047843741, -10.70413264034995748, 8.631000000000000227 ) ) ;
#2166 = VECTOR ( 'NONE', #5972, 1000.000000000000000 ) ;
#2167 = ADVANCED_FACE ( 'NONE', ( #2085 ), #4033, .F. ) ;
#2168 = ORIENTED_EDGE ( 'NONE', *, *, #6678, .F. ) ;
#2169 = AXIS2_PLACEMENT_3D ( 'NONE', #6356, #2052, #4545 ) ;
#2170 = CARTESIAN_POINT ( 'NONE',  ( -14.91218918908490920, 0.6506416893919373390, -5.730599999999999028 ) ) ;
#2171 = CARTESIAN_POINT ( 'NONE',  ( -13.96630737203476613, -8.323106516032535040, -7.829577660754925894 ) ) ;
#2172 = CARTESIAN_POINT ( 'NONE',  ( -7.902997413404010629, -17.25163199046438578, -7.318099999999999383 ) ) ;
#2173 = CARTESIAN_POINT ( 'NONE',  ( -3.930252202945362150, -14.63193367759294716, 7.043499999999998984 ) ) ;
#2174 = CARTESIAN_POINT ( 'NONE',  ( -44.43695755569756756, 16.47538348345661419, 11.80599999999999739 ) ) ;
#2175 = CARTESIAN_POINT ( 'NONE',  ( -1.040224536643662212, 7.380931404014712705, 0.000000000000000000 ) ) ;
#2176 = CARTESIAN_POINT ( 'NONE',  ( -11.24625595282668122, -6.869833192725216975, 14.98100000000000165 ) ) ;
#2177 = CARTESIAN_POINT ( 'NONE',  ( 9.649046962925632798, 15.28450427989704963, -9.202037811857845639 ) ) ;
#2178 = VERTEX_POINT ( 'NONE', #2420 ) ;
#2179 = CARTESIAN_POINT ( 'NONE',  ( -56.07189761964543351, 23.61786509392923961, 10.21850059711604430 ) ) ;
#2180 = CARTESIAN_POINT ( 'NONE',  ( 5.874447809818362565, -21.54342603156560898, -6.524354979597465132 ) ) ;
#2181 = DIRECTION ( 'NONE',  ( -0.000000000000000000, -0.000000000000000000, -1.000000000000000000 ) ) ;
#2182 = CARTESIAN_POINT ( 'NONE',  ( 1.691513243118873744, -1.046653818239476674, -3.227799127368637055 ) ) ;
#2183 = CARTESIAN_POINT ( 'NONE',  ( 20.98205252773206908, -15.34149038294230394, 14.98100000000000520 ) ) ;
#2184 = DIRECTION ( 'NONE',  ( 0.000000000000000000, 0.000000000000000000, 1.000000000000000000 ) ) ;
#2185 = CARTESIAN_POINT ( 'NONE',  ( 9.274227132467789403, -25.34591746078285723, -8.905600000000001515 ) ) ;
#2186 = PLANE ( 'NONE',  #7450 ) ;
#2187 = CARTESIAN_POINT ( 'NONE',  ( -8.565050193019001057, -16.92647862052163177, -8.248035969732711692 ) ) ;
#2188 = ORIENTED_EDGE ( 'NONE', *, *, #166, .T. ) ;
#2189 = CARTESIAN_POINT ( 'NONE',  ( 1.226780418669875417, 32.16946954534166281, 11.80599999999999383 ) ) ;
#2190 = CARTESIAN_POINT ( 'NONE',  ( -16.66621222466899965, -2.277838253446197392, -8.905600000000001515 ) ) ;
#2191 = CARTESIAN_POINT ( 'NONE',  ( -7.554344457599334817, -17.39101118090853149, -7.318099999999999383 ) ) ;
#2192 = CARTESIAN_POINT ( 'NONE',  ( 5.941298669967766344, -13.10710658889590796, 13.39349904687932202 ) ) ;
#2193 = CARTESIAN_POINT ( 'NONE',  ( 19.28795187761621577, 1.469577711013777988, -8.905599999999997962 ) ) ;
#2194 = ORIENTED_EDGE ( 'NONE', *, *, #147, .T. ) ;
#2195 = ORIENTED_EDGE ( 'NONE', *, *, #7885, .F. ) ;
#2196 = AXIS2_PLACEMENT_3D ( 'NONE', #1015, #2886, #6143 ) ;
#2197 = EDGE_LOOP ( 'NONE', ( #1328, #384 ) ) ;
#2198 = CARTESIAN_POINT ( 'NONE',  ( -14.18107549159889480, 6.503101194155323839, -8.905599999999999739 ) ) ;
#2199 = CARTESIAN_POINT ( 'NONE',  ( -9.853225687246998987, -3.809484351456501994, 1.587499999999999911 ) ) ;
#2200 = CARTESIAN_POINT ( 'NONE',  ( -2.834902986796340674, -10.02022730372671866, 12.24536584716177146 ) ) ;
#2201 = CARTESIAN_POINT ( 'NONE',  ( 20.98205252773207263, -15.34149038294230216, 11.80600000000000449 ) ) ;
#2202 = CARTESIAN_POINT ( 'NONE',  ( 5.960089870866373651, 5.164394093245153528, 0.000000000000000000 ) ) ;
#2203 = PLANE ( 'NONE',  #8048 ) ;
#2204 = CARTESIAN_POINT ( 'NONE',  ( 11.48444867788164991, 27.70592705193343974, 8.631000000000042860 ) ) ;
#2205 = ORIENTED_EDGE ( 'NONE', *, *, #2365, .F. ) ;
#2206 = CARTESIAN_POINT ( 'NONE',  ( 12.16856079656489342, -14.54943197100188534, 12.55600000000000271 ) ) ;
#2207 = CARTESIAN_POINT ( 'NONE',  ( 0.1150062573661353449, -3.173164693857542407, -10.46791863192571448 ) ) ;
#2208 = ADVANCED_FACE ( 'NONE', ( #7502 ), #2999, .F. ) ;
#2209 = CARTESIAN_POINT ( 'NONE',  ( 3.478382830679525028, 6.127648047708923684, 0.8509000000000306319 ) ) ;
#2210 = CARTESIAN_POINT ( 'NONE',  ( -30.03296512924009320, -3.582020856791692498E-06, 10.21850029856952702 ) ) ;
#2211 = CARTESIAN_POINT ( 'NONE',  ( 11.50783914886425308, -12.85637688752249552, 11.80600000000000271 ) ) ;
#2212 = CARTESIAN_POINT ( 'NONE',  ( -4.229680485270201906, 3.331080792520063838, -8.392798589917475082E-26 ) ) ;
#2213 = EDGE_CURVE ( 'NONE', #2320, #5315, #2218, .T. ) ;
#2214 = CARTESIAN_POINT ( 'NONE',  ( -30.17479237114829260, 32.77157383640863486, 14.98099999999999454 ) ) ;
#2215 = EDGE_CURVE ( 'NONE', #6347, #2157, #2609, .T. ) ;
#2216 = VECTOR ( 'NONE', #4938, 1000.000000000000000 ) ;
#2217 = CARTESIAN_POINT ( 'NONE',  ( 0.000000000000000000, 0.000000000000000000, 14.48099999999999987 ) ) ;
#2218 = CIRCLE ( 'NONE', #8066, 6.000000000000000888 ) ;
#2219 = ORIENTED_EDGE ( 'NONE', *, *, #2213, .T. ) ;
#2220 = DIRECTION ( 'NONE',  ( 2.645097801367776568E-16, 1.058039120547110627E-15, -1.000000000000000000 ) ) ;
#2221 = CARTESIAN_POINT ( 'NONE',  ( 19.19388020387351190, -0.6398805656995832924, 0.000000000000000000 ) ) ;
#2222 = CARTESIAN_POINT ( 'NONE',  ( 20.27401818980218451, 0.5235016506652473423, -8.905600000000001515 ) ) ;
#2223 = CARTESIAN_POINT ( 'NONE',  ( -11.98739699550838900, -12.91531502102366602, 0.000000000000000000 ) ) ;
#2224 = CARTESIAN_POINT ( 'NONE',  ( 28.63184273261631674, -1.233121942092602064, 14.98099999999999987 ) ) ;
#2225 = FACE_OUTER_BOUND ( 'NONE', #4810, .T. ) ;
#2226 = CARTESIAN_POINT ( 'NONE',  ( -3.482415705219109814, -18.90602665373243596, -8.248035969732711692 ) ) ;
#2227 = DIRECTION ( 'NONE',  ( -0.3489024681454918064, -0.9371590407833582104, -0.000000000000000000 ) ) ;
#2228 = CARTESIAN_POINT ( 'NONE',  ( 8.381278976049271634, 15.07987995473119014, 3.174999999999999822 ) ) ;
#2229 = ORIENTED_EDGE ( 'NONE', *, *, #282, .F. ) ;
#2230 = CARTESIAN_POINT ( 'NONE',  ( -48.95355762924555165, 21.84880566579361982, 14.98099999999996790 ) ) ;
#2231 = CARTESIAN_POINT ( 'NONE',  ( -3.201721530189434173, 9.425518979934565778, -8.905600000000001515 ) ) ;
#2232 = FACE_OUTER_BOUND ( 'NONE', #7974, .T. ) ;
#2233 = CARTESIAN_POINT ( 'NONE',  ( -9.853225687247594067, -3.809484351456040141, -3.820399999999998020 ) ) ;
#2234 = CARTESIAN_POINT ( 'NONE',  ( -16.50086990307567802, -4.434013145095823560, -8.905600000000001515 ) ) ;
#2235 = ORIENTED_EDGE ( 'NONE', *, *, #5670, .F. ) ;
#2236 = EDGE_LOOP ( 'NONE', ( #724, #5614, #7892, #6201 ) ) ;
#2237 = CARTESIAN_POINT ( 'NONE',  ( -12.46550433297840144, -15.60074589974338011, 8.631000000000000227 ) ) ;
#2238 = CARTESIAN_POINT ( 'NONE',  ( -0.5406471965504821009, -12.69271272560661146, -9.949099999999967636 ) ) ;
#2239 = CARTESIAN_POINT ( 'NONE',  ( 1.659360312700294715, -5.766475330509004849, 6.986337580963284388 ) ) ;
#2240 = CARTESIAN_POINT ( 'NONE',  ( 28.11328294592867394, 1.509902505737491074, 11.80599999999999916 ) ) ;
#2241 = CARTESIAN_POINT ( 'NONE',  ( 16.54097260834418748, 1.057728570440588767, -5.730599999999999916 ) ) ;
#2242 = DIRECTION ( 'NONE',  ( 0.2196068247028812870, 0.8377188326305671229, -0.4999999999999978351 ) ) ;
#2243 = CARTESIAN_POINT ( 'NONE',  ( 17.23119601743744411, -16.31721190939495614, 8.631000000000000227 ) ) ;
#2244 = EDGE_CURVE ( 'NONE', #2853, #4672, #5569, .T. ) ;
#2245 = CARTESIAN_POINT ( 'NONE',  ( 10.97740683689411867, -12.80835522116043812, 12.55600000000000094 ) ) ;
#2246 = CIRCLE ( 'NONE', #5564, 0.4848803914277930449 ) ;
#2247 = ORIENTED_EDGE ( 'NONE', *, *, #2616, .F. ) ;
#2248 = CARTESIAN_POINT ( 'NONE',  ( -4.439039386445601032, 32.30869805997172506, 10.21850059711604253 ) ) ;
#2249 = CARTESIAN_POINT ( 'NONE',  ( 12.81996575128325766, 13.82652937203813792, 3.174999999999999822 ) ) ;
#2250 = CARTESIAN_POINT ( 'NONE',  ( 6.612827845847567332, 8.636416981723941788, -3.186533936649050158 ) ) ;
#2251 = CARTESIAN_POINT ( 'NONE',  ( -2.973732939658846330, 4.925835514806896853, 0.000000000000000000 ) ) ;
#2252 = CARTESIAN_POINT ( 'NONE',  ( -41.34135381484318827, 28.62881875561654965, 11.80599999999999383 ) ) ;
#2253 = CARTESIAN_POINT ( 'NONE',  ( 0.01503851390308469545, -3.174964384540334361, -9.949099999999967636 ) ) ;
#2254 = CARTESIAN_POINT ( 'NONE',  ( -9.599430291588570086, -7.402616337826811055, 14.98100000000000165 ) ) ;
#2255 = LINE ( 'NONE', #7832, #6313 ) ;
#2256 = ORIENTED_EDGE ( 'NONE', *, *, #5203, .T. ) ;
#2257 = EDGE_LOOP ( 'NONE', ( #4599, #5395, #509, #2892 ) ) ;
#2258 = FACE_OUTER_BOUND ( 'NONE', #6649, .T. ) ;
#2259 = FACE_OUTER_BOUND ( 'NONE', #1632, .T. ) ;
#2260 = CARTESIAN_POINT ( 'NONE',  ( 19.19388020387350835, -0.6398805656995830704, -8.248035969732711692 ) ) ;
#2261 = EDGE_CURVE ( 'NONE', #4731, #6699, #4786, .T. ) ;
#2262 = CARTESIAN_POINT ( 'NONE',  ( 2.499390839117278773, 11.49427392629204014, 0.000000000000000000 ) ) ;
#2263 = CARTESIAN_POINT ( 'NONE',  ( -47.37347727263001929, 27.19531807602060169, 11.80599999999999383 ) ) ;
#2264 = CARTESIAN_POINT ( 'NONE',  ( -8.363699806487488786, -18.78337021127079254, 8.631000000000000227 ) ) ;
#2265 = CARTESIAN_POINT ( 'NONE',  ( 20.94388655107127306, -17.24738155224945757, -8.905600000000001515 ) ) ;
#2266 = CARTESIAN_POINT ( 'NONE',  ( -1.300934463568713895, -20.75373362015003664, -8.863998766145810393 ) ) ;
#2267 = CARTESIAN_POINT ( 'NONE',  ( -0.2653667188429583712, 10.93062915889860953, 3.175000000000000266 ) ) ;
#2268 = ORIENTED_EDGE ( 'NONE', *, *, #3493, .F. ) ;
#2269 = CARTESIAN_POINT ( 'NONE',  ( 19.34913917407838468, 2.669487341995716800, 1.587499999999999911 ) ) ;
#2270 = EDGE_CURVE ( 'NONE', #317, #1411, #5841, .T. ) ;
#2271 = CARTESIAN_POINT ( 'NONE',  ( 18.95516000675702983, 22.39092315294194080, 14.98100000000060916 ) ) ;
#2272 = CARTESIAN_POINT ( 'NONE',  ( -14.38522226906396817, 6.261142741487724095, -8.905600000000001515 ) ) ;
#2273 = DIRECTION ( 'NONE',  ( -0.3805874007937319892, 0.9247449542209307261, -0.000000000000000000 ) ) ;
#2274 = DIRECTION ( 'NONE',  ( -0.000000000000000000, -0.000000000000000000, -1.000000000000000000 ) ) ;
#2275 = AXIS2_PLACEMENT_3D ( 'NONE', #1153, #1395, #5799 ) ;
#2276 = AXIS2_PLACEMENT_3D ( 'NONE', #4870, #1797, #5526 ) ;
#2277 = ORIENTED_EDGE ( 'NONE', *, *, #2879, .T. ) ;
#2278 = ORIENTED_EDGE ( 'NONE', *, *, #5800, .T. ) ;
#2279 = DIRECTION ( 'NONE',  ( 0.000000000000000000, 0.000000000000000000, 1.000000000000000000 ) ) ;
#2280 = VECTOR ( 'NONE', #7654, 999.9999999999998863 ) ;
#2281 = CARTESIAN_POINT ( 'NONE',  ( -33.50011498293680745, 34.60976076831700254, 13.39349904687931314 ) ) ;
#2282 = CARTESIAN_POINT ( 'NONE',  ( -8.075755780217376056, -18.89013683339438288, 7.043499999999998984 ) ) ;
#2283 = LINE ( 'NONE', #5391, #4242 ) ;
#2284 = CARTESIAN_POINT ( 'NONE',  ( 1.244157620089643146, -1.551680780632460621, -0.8081335603158077419 ) ) ;
#2285 = CARTESIAN_POINT ( 'NONE',  ( 8.121165900317295794, -12.12488216542233133, 11.05600000000000271 ) ) ;
#2286 = CIRCLE ( 'NONE', #3218, 2.500000000000000000 ) ;
#2287 = ORIENTED_EDGE ( 'NONE', *, *, #948, .F. ) ;
#2288 = CARTESIAN_POINT ( 'NONE',  ( -11.60894294004579130, 6.993843075523475505, -5.730599999999999028 ) ) ;
#2289 = CARTESIAN_POINT ( 'NONE',  ( 4.279771053520975421, 14.28324554962303594, 3.174999999999999822 ) ) ;
#2290 = CARTESIAN_POINT ( 'NONE',  ( 4.243600819473040353, 4.242781085672350017, 4.648407409691955650 ) ) ;
#2291 = CARTESIAN_POINT ( 'NONE',  ( -13.06849237749033499, 5.403292115284542341, -5.730600000000001693 ) ) ;
#2292 = ADVANCED_FACE ( 'NONE', ( #2873, #965 ), #7985, .F. ) ;
#2293 = CARTESIAN_POINT ( 'NONE',  ( -6.222808689321803755, -8.261172570105257407, 14.98100000000000165 ) ) ;
#2294 = LINE ( 'NONE', #6132, #1093 ) ;
#2295 = CARTESIAN_POINT ( 'NONE',  ( 19.73284292453422850, -12.40441390036500025, 11.80600000000000271 ) ) ;
#2296 = DIRECTION ( 'NONE',  ( -0.000000000000000000, -0.000000000000000000, -1.000000000000000000 ) ) ;
#2297 = VERTEX_POINT ( 'NONE', #3786 ) ;
#2298 = ORIENTED_EDGE ( 'NONE', *, *, #116, .T. ) ;
#2299 = CARTESIAN_POINT ( 'NONE',  ( 5.874447809818362565, -21.54342603156560898, -6.524354979597465132 ) ) ;
#2300 = CARTESIAN_POINT ( 'NONE',  ( 9.034895210211852046, -13.89891862375383624, 11.05600000000000271 ) ) ;
#2301 = DIRECTION ( 'NONE',  ( 0.7660444431189816772, 0.6427876096865349220, -1.427275208435518990E-16 ) ) ;
#2302 = CARTESIAN_POINT ( 'NONE',  ( 0.6672030156136222745, -1.871103208115582062, -2.603789565644153203 ) ) ;
#2303 = CARTESIAN_POINT ( 'NONE',  ( -9.615768839047843741, -10.70413264034995748, 14.98100000000000520 ) ) ;
#2304 = CARTESIAN_POINT ( 'NONE',  ( 5.578387472258351742, 5.312548651890423912, -0.8347755911643752746 ) ) ;
#2305 = CARTESIAN_POINT ( 'NONE',  ( 20.95137030331453687, -3.040035034902448974, -8.905600000000001515 ) ) ;
#2306 = CARTESIAN_POINT ( 'NONE',  ( 12.16856079579352645, -14.54943197970156454, 10.21850029855793807 ) ) ;
#2307 = CARTESIAN_POINT ( 'NONE',  ( -11.28676967805846409, -15.47919643235905340, -8.905600000000001515 ) ) ;
#2308 = ORIENTED_EDGE ( 'NONE', *, *, #4076, .F. ) ;
#2309 = DIRECTION ( 'NONE',  ( -3.696461235719317851E-05, -0.9999999993168087187, 0.000000000000000000 ) ) ;
#2310 = ORIENTED_EDGE ( 'NONE', *, *, #1605, .F. ) ;
#2311 = AXIS2_PLACEMENT_3D ( 'NONE', #7508, #3713, #3593 ) ;
#2312 = CARTESIAN_POINT ( 'NONE',  ( 9.776788755915751139, 13.07298447920190831, 1.587499999999999911 ) ) ;
#2313 = CARTESIAN_POINT ( 'NONE',  ( 11.16877276844088840, 20.90862246939721203, -1.949099999999974520 ) ) ;
#2314 = CARTESIAN_POINT ( 'NONE',  ( -15.36736558150627374, -8.877658348685018908, -15.44909999999999961 ) ) ;
#2315 = DIRECTION ( 'NONE',  ( 0.000000000000000000, 0.000000000000000000, -1.000000000000000000 ) ) ;
#2316 = EDGE_CURVE ( 'NONE', #6100, #6357, #2500, .T. ) ;
#2317 = EDGE_CURVE ( 'NONE', #4183, #1291, #7006, .T. ) ;
#2318 = EDGE_LOOP ( 'NONE', ( #861, #5512 ) ) ;
#2319 = ORIENTED_EDGE ( 'NONE', *, *, #2748, .F. ) ;
#2320 = VERTEX_POINT ( 'NONE', #36 ) ;
#2321 = CARTESIAN_POINT ( 'NONE',  ( -10.90883797371126640, -17.32412320556788288, 8.631000000000000227 ) ) ;
#2322 = DIRECTION ( 'NONE',  ( -0.3489024681454918064, -0.9371590407833582104, 0.000000000000000000 ) ) ;
#2323 = CARTESIAN_POINT ( 'NONE',  ( 1.848992090747564543, -5.708356298440253163, 6.773163615248787295 ) ) ;
#2324 = CARTESIAN_POINT ( 'NONE',  ( -9.615768839047845518, -10.70413264034995748, 11.80600000000000271 ) ) ;
#2325 = CARTESIAN_POINT ( 'NONE',  ( -13.40914248972956635, -13.64434887661692564, -8.905599999999996186 ) ) ;
#2326 = CARTESIAN_POINT ( 'NONE',  ( -9.686739635327779041, -9.024083855329822157, 14.19556458705075919 ) ) ;
#2327 = CARTESIAN_POINT ( 'NONE',  ( 5.462736354394249538, -12.97593693034882811, 12.55600000000000094 ) ) ;
#2328 = VECTOR ( 'NONE', #1421, 1000.000000000000000 ) ;
#2329 = ORIENTED_EDGE ( 'NONE', *, *, #413, .F. ) ;
#2330 = DIRECTION ( 'NONE',  ( 0.000000000000000000, 0.000000000000000000, -1.000000000000000000 ) ) ;
#2331 = CARTESIAN_POINT ( 'NONE',  ( -11.99806174057024322, -12.91952626055577369, -7.525923668096174524 ) ) ;
#2332 = CARTESIAN_POINT ( 'NONE',  ( 7.647892981394837086, 9.530503541855145144, -2.502507576082147356 ) ) ;
#2333 = DIRECTION ( 'NONE',  ( 0.9371590407833582104, -0.3489024681454918064, 0.000000000000000000 ) ) ;
#2334 = CARTESIAN_POINT ( 'NONE',  ( 22.32431652841541947, -10.97356072241889713, 8.631000000000000227 ) ) ;
#2335 = CARTESIAN_POINT ( 'NONE',  ( 1.457932750788940801, -19.94118790079773262, -6.774091171186261029 ) ) ;
#2336 = CARTESIAN_POINT ( 'NONE',  ( -45.42288820622445655, 18.78351911223738213, 11.80599999999999561 ) ) ;
#2337 = AXIS2_PLACEMENT_3D ( 'NONE', #8009, #4844, #7391 ) ;
#2338 = CARTESIAN_POINT ( 'NONE',  ( -8.825214408934927590, -16.80551438950678289, -5.730599999999999028 ) ) ;
#2339 = EDGE_LOOP ( 'NONE', ( #2997, #1967, #200, #7136, #8025, #6956 ) ) ;
#2340 = ORIENTED_EDGE ( 'NONE', *, *, #6254, .F. ) ;
#2341 = CARTESIAN_POINT ( 'NONE',  ( -10.80344840032195819, 7.649930394072396389, -7.318099999999999383 ) ) ;
#2342 = CARTESIAN_POINT ( 'NONE',  ( 19.34335748338761007, -0.9054776339048697942, -5.730600000000004357 ) ) ;
#2343 = CARTESIAN_POINT ( 'NONE',  ( -9.412947515321805625, -8.087410742831012911, 13.07642878602656999 ) ) ;
#2344 = B_SPLINE_SURFACE_WITH_KNOTS ( 'NONE', 3, 1, ( 
 ( #5329, #7303 ),
 ( #973, #2844 ),
 ( #3424, #7384 ),
 ( #342, #2883 ),
 ( #3554, #2922 ),
 ( #6634, #1055 ),
 ( #1514, #6594 ),
 ( #251, #2798 ),
 ( #7874, #2179 ),
 ( #4716, #7261 ),
 ( #3009, #7429 ) ),
 .UNSPECIFIED., .F., .F., .F.,
 ( 4, 1, 1, 1, 1, 1, 1, 1, 4 ),
 ( 2, 2 ),
 ( 0.5000000000000000000, 0.5312499999999995559, 0.5625000000000000000, 0.6015624999999973355, 0.6484375000000048850, 0.6953125000000000000, 0.7578125000000003331, 0.8203124999999988898, 1.000000000000000000 ),
 ( 0.000000000000000000, 1.000000000000000000 ),
 .UNSPECIFIED. ) ;
#2345 = CARTESIAN_POINT ( 'NONE',  ( -11.98805894681558826, -12.91556049947388374, -5.730599999999998140 ) ) ;
#2346 = CARTESIAN_POINT ( 'NONE',  ( -4.419640609212264870, -12.01210068695296229, 14.98099999999999454 ) ) ;
#2347 = CARTESIAN_POINT ( 'NONE',  ( -12.46550433297840144, -15.60074589974338011, 8.631000000000000227 ) ) ;
#2348 = ADVANCED_FACE ( 'NONE', ( #7693, #708, #7539, #5033 ), #1256, .F. ) ;
#2349 = LINE ( 'NONE', #3763, #880 ) ;
#2350 = VECTOR ( 'NONE', #5524, 1000.000000000000114 ) ;
#2351 = CARTESIAN_POINT ( 'NONE',  ( -13.46324943797793239, -13.50393851900893338, -8.905599999999999739 ) ) ;
#2352 = CARTESIAN_POINT ( 'NONE',  ( -11.97893575900352836, -14.47865159892505460, -8.905600000000001515 ) ) ;
#2353 = ORIENTED_EDGE ( 'NONE', *, *, #3647, .F. ) ;
#2354 = DIRECTION ( 'NONE',  ( 0.9322399881385086129, -0.3618405788679777690, 0.000000000000000000 ) ) ;
#2355 = CARTESIAN_POINT ( 'NONE',  ( 26.55051723955111598, -9.162243075185559249, 13.39349904687932025 ) ) ;
#2356 = EDGE_CURVE ( 'NONE', #7951, #602, #3706, .T. ) ;
#2357 = EDGE_LOOP ( 'NONE', ( #1702, #2194, #2955, #4619 ) ) ;
#2358 = CARTESIAN_POINT ( 'NONE',  ( 14.89387173257804875, 10.61803224443205629, 1.587499999999999911 ) ) ;
#2359 = CARTESIAN_POINT ( 'NONE',  ( -3.924999999999977174, 0.000000000000000000, -11.44909999999999961 ) ) ;
#2360 = CARTESIAN_POINT ( 'NONE',  ( 1.984375000000000000, 0.1557036157159800427, -0.7447603157042074207 ) ) ;
#2361 = CARTESIAN_POINT ( 'NONE',  ( -16.04255383565359239, 2.809715218929526692, -8.905599999999999739 ) ) ;
#2362 = ORIENTED_EDGE ( 'NONE', *, *, #4431, .T. ) ;
#2363 = EDGE_LOOP ( 'NONE', ( #467, #3231 ) ) ;
#2364 = ORIENTED_EDGE ( 'NONE', *, *, #7145, .T. ) ;
#2365 = EDGE_CURVE ( 'NONE', #825, #6570, #3748, .T. ) ;
#2366 = CARTESIAN_POINT ( 'NONE',  ( 0.000000000000000000, 0.000000000000000000, 0.2560000000000005604 ) ) ;
#2367 = CARTESIAN_POINT ( 'NONE',  ( -15.06145482490004461, -2.740503098923020797, -7.318099999999999383 ) ) ;
#2368 = CARTESIAN_POINT ( 'NONE',  ( -0.9543341346308860107, -5.923653103048766688, 6.436159094927353053 ) ) ;
#2369 = DIRECTION ( 'NONE',  ( 0.000000000000000000, 0.000000000000000000, 1.000000000000000000 ) ) ;
#2370 = CARTESIAN_POINT ( 'NONE',  ( -25.19530689742510177, -5.040814917066635203, 11.80600000000000094 ) ) ;
#2371 = CARTESIAN_POINT ( 'NONE',  ( 19.21816138207263336, -0.6624222976711908739, 0.000000000000000000 ) ) ;
#2372 = CARTESIAN_POINT ( 'NONE',  ( 8.107622136041603866, 10.53671249241288166, -1.798465126422479576 ) ) ;
#2373 = CARTESIAN_POINT ( 'NONE',  ( 12.39555662537878256, -13.06307157796311991, 11.05600000000000271 ) ) ;
#2374 = MANIFOLD_SOLID_BREP ( 'Join1[3]', #7709 ) ;
#2375 = VERTEX_POINT ( 'NONE', #5739 ) ;
#2376 = CARTESIAN_POINT ( 'NONE',  ( -12.11951503877241976, -12.55095085116516529, 0.000000000000000000 ) ) ;
#2377 = CARTESIAN_POINT ( 'NONE',  ( -12.28969087732648546, -13.03584583330640889, -8.285072901588955929 ) ) ;
#2378 = CARTESIAN_POINT ( 'NONE',  ( -10.41031883446054884, -15.48565035781322230, -7.318099999999999383 ) ) ;
#2379 = CARTESIAN_POINT ( 'NONE',  ( -9.688377483212308405, -3.600166332747714915, 0.000000000000000000 ) ) ;
#2380 = CARTESIAN_POINT ( 'NONE',  ( 4.124617960589934462, -10.98088009208205129, 8.631000000000183192 ) ) ;
#2381 = CARTESIAN_POINT ( 'NONE',  ( 5.979130371550700040, 0.5000000000000016653, 3.756000000000000671 ) ) ;
#2382 = CARTESIAN_POINT ( 'NONE',  ( 23.80368188292203513, -9.445347389392313886, 11.80600000000000271 ) ) ;
#2383 = AXIS2_PLACEMENT_3D ( 'NONE', #1083, #370, #498 ) ;
#2384 = CARTESIAN_POINT ( 'NONE',  ( -10.31729970230708560, -15.60574307419588536, 1.587499999999999911 ) ) ;
#2385 = ORIENTED_EDGE ( 'NONE', *, *, #1701, .T. ) ;
#2386 = VERTEX_POINT ( 'NONE', #1173 ) ;
#2387 = CARTESIAN_POINT ( 'NONE',  ( -14.05771075803166958, -7.839959164997405416, -7.318100000000000271 ) ) ;
#2388 = CARTESIAN_POINT ( 'NONE',  ( 16.49557840086363214, 8.975035046512845227, 0.000000000000000000 ) ) ;
#2389 = LINE ( 'NONE', #1764, #3151 ) ;
#2390 = ORIENTED_EDGE ( 'NONE', *, *, #1860, .T. ) ;
#2391 = CARTESIAN_POINT ( 'NONE',  ( -2.290223881574477982, -15.24251299684756411, -9.949099999999974742 ) ) ;
#2392 = CARTESIAN_POINT ( 'NONE',  ( 19.73284292453422850, -12.40441390036500025, 14.98100000000000520 ) ) ;
#2393 = EDGE_CURVE ( 'NONE', #4693, #1802, #2615, .T. ) ;
#2394 = DIRECTION ( 'NONE',  ( -5.463695987328524465E-16, -0.000000000000000000, 1.000000000000000000 ) ) ;
#2395 = DIRECTION ( 'NONE',  ( 6.550624015266702829E-15, -1.000000000000000000, 0.000000000000000000 ) ) ;
#2396 = ORIENTED_EDGE ( 'NONE', *, *, #1739, .T. ) ;
#2397 = VECTOR ( 'NONE', #3432, 1000.000000000000114 ) ;
#2398 = B_SPLINE_CURVE_WITH_KNOTS ( 'NONE', 3,
 ( #7368, #1615, #1737, #4154, #4198, #4325, #2323, #5559, #2239, #6868, #6829, #3659, #6163, #3619, #2410, #4237, #2949, #1037, #321, #1122, #5389, #6079, #451, #1077, #366, #6122, #2368, #4777, #4898, #6744 ),
 .UNSPECIFIED., .F., .F.,
 ( 4, 2, 2, 2, 2, 2, 2, 2, 2, 2, 2, 2, 2, 2, 4 ),
 ( 0.000000000000000000, 0.0002902416221505964506, 0.0005804832443011929011, 0.0008707248664517892433, 0.001160966488602385802, 0.001741449732903578920, 0.002321932977204772472, 0.002612174599355369248, 0.002902416221505965590, 0.003192657843656561932, 0.003482899465807157841, 0.003773141087957754616, 0.004063382710108351392, 0.004353624332258947301, 0.004643865954409544076 ),
 .UNSPECIFIED. ) ;
#2399 = CARTESIAN_POINT ( 'NONE',  ( -16.53301447364963295, -4.165364360595476434, -15.44909999999999961 ) ) ;
#2400 = DIRECTION ( 'NONE',  ( 1.000000000000000000, 0.000000000000000000, 0.000000000000000000 ) ) ;
#2401 = DIRECTION ( 'NONE',  ( -0.9673143870489525620, 0.2535801187161745296, -6.056018956362829774E-17 ) ) ;
#2402 = EDGE_CURVE ( 'NONE', #5646, #4149, #2469, .T. ) ;
#2403 = CARTESIAN_POINT ( 'NONE',  ( 20.93663917186207968, -0.9152406328668450941, -8.905600000000001515 ) ) ;
#2404 = CARTESIAN_POINT ( 'NONE',  ( 27.22101982593339287, 6.353276422773165955, 11.80599999999999916 ) ) ;
#2405 = VERTEX_POINT ( 'NONE', #3825 ) ;
#2406 = VERTEX_POINT ( 'NONE', #6376 ) ;
#2407 = EDGE_LOOP ( 'NONE', ( #1645, #746, #4684, #2489, #2675, #7156 ) ) ;
#2408 = CARTESIAN_POINT ( 'NONE',  ( -6.668371456192762281, 10.82640576353839634, -8.905599999999999739 ) ) ;
#2409 = CARTESIAN_POINT ( 'NONE',  ( -11.60894294004532412, 6.993843075523709985, -7.318099999999999383 ) ) ;
#2410 = CARTESIAN_POINT ( 'NONE',  ( 0.3373244110226800707, -5.991280783734993065, 7.449013252922773276 ) ) ;
#2411 = DIRECTION ( 'NONE',  ( -0.9371590407833582104, 0.3489024681454918064, -0.000000000000000000 ) ) ;
#2412 = CARTESIAN_POINT ( 'NONE',  ( -42.00193863272111372, 7.125692526716533415, 11.80599999999999739 ) ) ;
#2413 = DIRECTION ( 'NONE',  ( 0.000000000000000000, 0.000000000000000000, 1.000000000000000000 ) ) ;
#2414 = CARTESIAN_POINT ( 'NONE',  ( 8.165065669842585194, 10.75836513464751931, -1.647860373064177431 ) ) ;
#2415 = AXIS2_PLACEMENT_3D ( 'NONE', #7863, #1505, #7208 ) ;
#2416 = CIRCLE ( 'NONE', #950, 8.827043914571909511 ) ;
#2417 = ORIENTED_EDGE ( 'NONE', *, *, #6448, .F. ) ;
#2418 = VECTOR ( 'NONE', #2453, 1000.000000000000000 ) ;
#2419 = FACE_OUTER_BOUND ( 'NONE', #5180, .T. ) ;
#2420 = CARTESIAN_POINT ( 'NONE',  ( -2.204894577754121343, -10.96236130471560521, 9.416435412949244466 ) ) ;
#2421 = CARTESIAN_POINT ( 'NONE',  ( 6.733589433642542588, 14.75876865874539412, 5.673378374565603899 ) ) ;
#2422 = CARTESIAN_POINT ( 'NONE',  ( -6.386599029474316680, 0.5923071502772416785, 0.000000000000000000 ) ) ;
#2423 = CARTESIAN_POINT ( 'NONE',  ( -20.08259148370260405, 32.86196989895047693, 8.630999999999989569 ) ) ;
#2424 = CARTESIAN_POINT ( 'NONE',  ( -0.3993141062375837880, -5.988465812853599246, 4.890889226099963238 ) ) ;
#2425 = CARTESIAN_POINT ( 'NONE',  ( -2.472180545705637389, 30.00936299409639574, 11.80599999999999383 ) ) ;
#2426 = EDGE_CURVE ( 'NONE', #5989, #7975, #8220, .T. ) ;
#2427 = CIRCLE ( 'NONE', #4148, 8.827043914571911287 ) ;
#2428 = CYLINDRICAL_SURFACE ( 'NONE', #2311, 1.399999999999999911 ) ;
#2429 = VERTEX_POINT ( 'NONE', #4490 ) ;
#2430 = ORIENTED_EDGE ( 'NONE', *, *, #5286, .F. ) ;
#2431 = CARTESIAN_POINT ( 'NONE',  ( -14.66956674034015862, -5.694116509850370988, -7.318099999999999383 ) ) ;
#2432 = CARTESIAN_POINT ( 'NONE',  ( 13.60210720516431238, 2.198210084158157773, -5.730599999999999028 ) ) ;
#2433 = VECTOR ( 'NONE', #6401, 1000.000000000000114 ) ;
#2434 = PLANE ( 'NONE',  #2487 ) ;
#2435 = CARTESIAN_POINT ( 'NONE',  ( -43.06915103936022859, 31.30670315768118428, 14.98099999999987908 ) ) ;
#2436 = CARTESIAN_POINT ( 'NONE',  ( 25.29135330922542479, -6.357112028259214398, 14.98100000000000165 ) ) ;
#2437 = CARTESIAN_POINT ( 'NONE',  ( 7.876932852305762012, 15.95150259889962108, -11.17211061562125529 ) ) ;
#2438 =( GEOMETRIC_REPRESENTATION_CONTEXT ( 3 ) GLOBAL_UNCERTAINTY_ASSIGNED_CONTEXT ( ( #1367 ) ) GLOBAL_UNIT_ASSIGNED_CONTEXT ( ( #6546, #5, #5080 ) ) REPRESENTATION_CONTEXT ( 'NONE', 'WORKASPACE' ) );
#2439 = CARTESIAN_POINT ( 'NONE',  ( -16.59678491889878060, -0.1168331933133186645, -8.905599999999997962 ) ) ;
#2440 = CARTESIAN_POINT ( 'NONE',  ( -8.075674094941192038, -18.89092610366523672, -8.905600000000001515 ) ) ;
#2441 = EDGE_LOOP ( 'NONE', ( #2449, #2662, #3529, #6224 ) ) ;
#2442 = CARTESIAN_POINT ( 'NONE',  ( -13.18165214297908427, -14.16836483496589416, -8.905600000000001515 ) ) ;
#2443 = CARTESIAN_POINT ( 'NONE',  ( 26.55051723955111598, -9.162243075185559249, 8.631000000000002004 ) ) ;
#2444 = CIRCLE ( 'NONE', #6436, 0.4848803914277929894 ) ;
#2445 = DIRECTION ( 'NONE',  ( -0.3489024681454918064, -0.9371590407833582104, 3.148715000291715367E-16 ) ) ;
#2446 = CARTESIAN_POINT ( 'NONE',  ( 14.25591115432990641, 24.17868099317643171, 14.98099999999999454 ) ) ;
#2447 = CARTESIAN_POINT ( 'NONE',  ( -12.00369839893808255, -12.87642469465369288, -7.318099999999999383 ) ) ;
#2448 = CARTESIAN_POINT ( 'NONE',  ( -21.91443029615336613, 36.00304555153040553, 11.80599999999999206 ) ) ;
#2449 = ORIENTED_EDGE ( 'NONE', *, *, #2923, .F. ) ;
#2450 = VERTEX_POINT ( 'NONE', #7034 ) ;
#2451 = ORIENTED_EDGE ( 'NONE', *, *, #5645, .T. ) ;
#2452 = CARTESIAN_POINT ( 'NONE',  ( -23.43310772915992146, 34.30224345088092974, 14.98099999999999099 ) ) ;
#2453 = DIRECTION ( 'NONE',  ( 0.4852126547404278512, 0.5388224990356290656, 0.6886501246734409998 ) ) ;
#2454 = CARTESIAN_POINT ( 'NONE',  ( -14.41000476459173107, -6.796399528164235981, -5.730599999999999028 ) ) ;
#2455 = DIRECTION ( 'NONE',  ( 1.000000000000000000, 0.000000000000000000, -0.000000000000000000 ) ) ;
#2456 = CARTESIAN_POINT ( 'NONE',  ( -11.97453122567619133, -7.618565508848196721, -5.730600000000000804 ) ) ;
#2457 = CARTESIAN_POINT ( 'NONE',  ( 8.208498149242219100, 11.09681613977933523, -1.421205326090597465 ) ) ;
#2458 = VERTEX_POINT ( 'NONE', #1331 ) ;
#2459 = CARTESIAN_POINT ( 'NONE',  ( -9.853225687248786002, -3.809484351455105777, 0.000000000000000000 ) ) ;
#2460 = DIRECTION ( 'NONE',  ( -0.3489024681454918619, -0.9371590407833583214, 0.000000000000000000 ) ) ;
#2461 = CARTESIAN_POINT ( 'NONE',  ( -11.98851896552692509, -12.91572002656052121, -7.318099999999999383 ) ) ;
#2462 = LINE ( 'NONE', #4415, #6277 ) ;
#2463 = CARTESIAN_POINT ( 'NONE',  ( 11.50783914886425308, -12.85637688752249552, 8.631000000000000227 ) ) ;
#2464 = CARTESIAN_POINT ( 'NONE',  ( 2.091087627872093790, -5.623820101368843360, 5.854322962602725333 ) ) ;
#2465 = CARTESIAN_POINT ( 'NONE',  ( -6.222808689321803755, -8.261172570105257407, 11.80600000000000094 ) ) ;
#2466 = CARTESIAN_POINT ( 'NONE',  ( -7.761895739788560178, -17.31339749815904128, 1.587499999999999911 ) ) ;
#2467 = ADVANCED_FACE ( 'NONE', ( #6877 ), #784, .F. ) ;
#2468 = ORIENTED_EDGE ( 'NONE', *, *, #4072, .F. ) ;
#2469 = B_SPLINE_CURVE_WITH_KNOTS ( 'NONE', 3,
 ( #3163, #5697, #5070, #7614, #1295 ),
 .UNSPECIFIED., .F., .F.,
 ( 4, 1, 4 ),
 ( 0.000000000000000000, 0.09375000000000001388, 0.1067600112836824544 ),
 .UNSPECIFIED. ) ;
#2470 = SURFACE_SIDE_STYLE ('',( #6264 ) ) ;
#2471 = CARTESIAN_POINT ( 'NONE',  ( 4.453697664977478432, 5.749087435714221428, -5.730600000000001693 ) ) ;
#2472 = ADVANCED_FACE ( 'NONE', ( #3980 ), #2159, .F. ) ;
#2473 = CARTESIAN_POINT ( 'NONE',  ( -9.484059324258632628, -9.083107392660604518, 13.39349904687932202 ) ) ;
#2474 = CARTESIAN_POINT ( 'NONE',  ( 23.45242983988415375, 16.68862540272189676, 14.98099999999999632 ) ) ;
#2475 = CARTESIAN_POINT ( 'NONE',  ( 8.117517619877377300, 15.87224009918103818, -11.27716827917190123 ) ) ;
#2476 = CARTESIAN_POINT ( 'NONE',  ( -16.51453429913218685, 0.6222326473570627403, -8.905599999999997962 ) ) ;
#2477 = ORIENTED_EDGE ( 'NONE', *, *, #539, .T. ) ;
#2478 = VECTOR ( 'NONE', #2807, 1000.000000000000000 ) ;
#2479 = CARTESIAN_POINT ( 'NONE',  ( 20.93663917186206191, -0.9952720431907278176, -15.44909999999999961 ) ) ;
#2480 = CARTESIAN_POINT ( 'NONE',  ( 19.67346976719853657, 19.47390449463422968, 8.630999999999996675 ) ) ;
#2481 = AXIS2_PLACEMENT_3D ( 'NONE', #5129, #7676, #5016 ) ;
#2482 = CARTESIAN_POINT ( 'NONE',  ( 10.55961939193170629, 21.13540907369177901, 6.050900000000025258 ) ) ;
#2483 = CARTESIAN_POINT ( 'NONE',  ( -3.508530634592843089, -14.78893978825842659, -9.949099999999974742 ) ) ;
#2484 = CARTESIAN_POINT ( 'NONE',  ( -11.73804094493875816, -13.50742943260773110, 0.000000000000000000 ) ) ;
#2485 = CARTESIAN_POINT ( 'NONE',  ( 28.11328294592867394, 1.509902505737491074, 11.80599999999999916 ) ) ;
#2486 = ORIENTED_EDGE ( 'NONE', *, *, #5153, .T. ) ;
#2487 = AXIS2_PLACEMENT_3D ( 'NONE', #3717, #4303, #4966 ) ;
#2488 = CARTESIAN_POINT ( 'NONE',  ( 1.298463506524899280, -11.88093877015635158, 13.39349904687932202 ) ) ;
#2489 = ORIENTED_EDGE ( 'NONE', *, *, #7290, .F. ) ;
#2490 = VERTEX_POINT ( 'NONE', #5308 ) ;
#2491 = CARTESIAN_POINT ( 'NONE',  ( -4.439039386445601032, 32.30869805997172506, 14.98099999999999277 ) ) ;
#2492 = DIRECTION ( 'NONE',  ( 0.000000000000000000, 0.000000000000000000, 1.000000000000000000 ) ) ;
#2493 = CARTESIAN_POINT ( 'NONE',  ( -8.076414569826757983, -18.89090235368932014, -12.77410000000000068 ) ) ;
#2494 = CARTESIAN_POINT ( 'NONE',  ( 5.232850176526623542, 2.937060781022635236, 6.440029875934303760 ) ) ;
#2495 = CARTESIAN_POINT ( 'NONE',  ( 0.7585901629688581727, -2.382129502073067950, -8.949100000000001387 ) ) ;
#2496 = CARTESIAN_POINT ( 'NONE',  ( 19.34203546848921462, -0.8955104432693037353, 0.000000000000000000 ) ) ;
#2497 = CARTESIAN_POINT ( 'NONE',  ( 5.094514252085751593, 10.46860952245930321, -1.794209823913602619 ) ) ;
#2498 = ORIENTED_EDGE ( 'NONE', *, *, #6897, .T. ) ;
#2499 = CARTESIAN_POINT ( 'NONE',  ( -11.83653967241039062, -7.195971991652622357, 0.000000000000000000 ) ) ;
#2500 = LINE ( 'NONE', #6300, #4474 ) ;
#2501 = EDGE_CURVE ( 'NONE', #4395, #766, #3948, .T. ) ;
#2502 = CARTESIAN_POINT ( 'NONE',  ( -8.830975653267060466, -18.58588475023818276, -15.44909999999999961 ) ) ;
#2503 = PLANE ( 'NONE',  #6404 ) ;
#2504 = VECTOR ( 'NONE', #5144, 1000.000000000000000 ) ;
#2505 = CARTESIAN_POINT ( 'NONE',  ( 10.04801900769776779, 24.87379885554349102, 8.631000000000044636 ) ) ;
#2506 = FACE_OUTER_BOUND ( 'NONE', #3461, .T. ) ;
#2507 = CARTESIAN_POINT ( 'NONE',  ( 11.50783914886425308, -12.85637688752249552, 8.631000000000000227 ) ) ;
#2508 = EDGE_CURVE ( 'NONE', #756, #189, #3560, .T. ) ;
#2509 = CARTESIAN_POINT ( 'NONE',  ( 9.144517129695918456, -13.92961176234674525, 12.55600000000000271 ) ) ;
#2510 = EDGE_LOOP ( 'NONE', ( #6316, #6993, #5288, #6763, #7187, #3938, #426 ) ) ;
#2511 = CARTESIAN_POINT ( 'NONE',  ( 12.74368825970595864, 2.531398096586432001, -5.730599999999999028 ) ) ;
#2512 = CARTESIAN_POINT ( 'NONE',  ( -7.139688768580557010, 9.184898826891243928, -5.730599999999998140 ) ) ;
#2513 = CARTESIAN_POINT ( 'NONE',  ( -42.00193863272112083, 7.125692526716533415, 14.98099999999999987 ) ) ;
#2514 = DIRECTION ( 'NONE',  ( -0.000000000000000000, -0.000000000000000000, 1.000000000000000000 ) ) ;
#2515 = VERTEX_POINT ( 'NONE', #151 ) ;
#2516 = CARTESIAN_POINT ( 'NONE',  ( -16.61196196253316160, -3.358108760128377668, -8.905599999999997962 ) ) ;
#2517 = ORIENTED_EDGE ( 'NONE', *, *, #1499, .F. ) ;
#2518 = CYLINDRICAL_SURFACE ( 'NONE', #2158, 2.500000000000000000 ) ;
#2519 = EDGE_CURVE ( 'NONE', #681, #70, #6761, .T. ) ;
#2520 = CARTESIAN_POINT ( 'NONE',  ( -1.169984487269735141, -11.23817251630137015, 10.21850059711605141 ) ) ;
#2521 = CARTESIAN_POINT ( 'NONE',  ( 16.83902564033837379, 2.648461269341396918, -8.905599999932215738 ) ) ;
#2522 = CARTESIAN_POINT ( 'NONE',  ( -11.64005917702012383, -13.71557504678705719, 0.000000000000000000 ) ) ;
#2523 = CARTESIAN_POINT ( 'NONE',  ( -47.26318507213461118, 14.98993600145355209, 11.80599999999999739 ) ) ;
#2524 = EDGE_LOOP ( 'NONE', ( #4732, #5258, #6203, #3674, #2613, #5932, #5725, #4725 ) ) ;
#2525 = CARTESIAN_POINT ( 'NONE',  ( -2.204894577754120455, -10.96236130471560699, 9.416435412949244466 ) ) ;
#2526 = ADVANCED_FACE ( 'NONE', ( #6460 ), #1745, .F. ) ;
#2527 = VERTEX_POINT ( 'NONE', #4775 ) ;
#2528 = ORIENTED_EDGE ( 'NONE', *, *, #3793, .T. ) ;
#2529 = CARTESIAN_POINT ( 'NONE',  ( -3.639127402766523911, 10.55384387674172864, -8.905599999999999739 ) ) ;
#2530 = CARTESIAN_POINT ( 'NONE',  ( -10.80344840032254439, 7.649930394072102402, -8.248035969732711692 ) ) ;
#2531 = CARTESIAN_POINT ( 'NONE',  ( 15.66825977579907203, -13.64068271911868457, -5.730599999999998140 ) ) ;
#2532 = CARTESIAN_POINT ( 'NONE',  ( -6.520390359068784392, -9.826977670270796494, 11.05600000209201994 ) ) ;
#2533 = CARTESIAN_POINT ( 'NONE',  ( 20.27401818980218806, 0.5235016506652482304, -8.905600000000001515 ) ) ;
#2534 = B_SPLINE_CURVE_WITH_KNOTS ( 'NONE', 3,
 ( #7361, #6860, #1778, #2985, #5468, #483, #3571, #2234, #1651, #8022, #316, #1032, #7973, #7320, #6697, #989, #7445, #2361 ),
 .UNSPECIFIED., .F., .F.,
 ( 4, 2, 2, 2, 2, 2, 2, 2, 4 ),
 ( 2.686363285156436179E-08, 0.02808819211426436327, 0.08426457634238720962, 0.1404409605716402665, 0.1966173448001218294, 0.2527937290287314287, 0.3089701132573929865, 0.3862126415716793937, 0.4122965414812815310 ),
 .UNSPECIFIED. ) ;
#2535 = ORIENTED_EDGE ( 'NONE', *, *, #2365, .T. ) ;
#2536 = CARTESIAN_POINT ( 'NONE',  ( 12.99234075173120395, 12.66956121021735093, 3.174999999999999822 ) ) ;
#2537 = CARTESIAN_POINT ( 'NONE',  ( 0.1640667450604296196, 11.45798181693728246, 3.174999999999999822 ) ) ;
#2538 = CARTESIAN_POINT ( 'NONE',  ( -40.67401417322093948, 6.922186682037451355, 8.630999999999998451 ) ) ;
#2539 = CARTESIAN_POINT ( 'NONE',  ( 13.02120578917089055, -14.68302008487338384, 10.21850059711605319 ) ) ;
#2540 = AXIS2_PLACEMENT_3D ( 'NONE', #7234, #1526, #5343 ) ;
#2541 = CARTESIAN_POINT ( 'NONE',  ( 26.35318203560210648, -11.46868643948620203, 8.631000000000000227 ) ) ;
#2542 = CARTESIAN_POINT ( 'NONE',  ( 1.273558719155571062, -5.866078923815694957, 4.837327571644119750 ) ) ;
#2543 = CARTESIAN_POINT ( 'NONE',  ( 7.202779167234850455, 13.23207438965887839, 1.587499999999999911 ) ) ;
#2544 = CARTESIAN_POINT ( 'NONE',  ( 25.29135330922542479, -6.357112028259214398, 8.631000000000000227 ) ) ;
#2545 = CIRCLE ( 'NONE', #4408, 3.174999999999999822 ) ;
#2546 = DIRECTION ( 'NONE',  ( 0.000000000000000000, 0.000000000000000000, -1.000000000000000000 ) ) ;
#2547 = VERTEX_POINT ( 'NONE', #3532 ) ;
#2548 = EDGE_CURVE ( 'NONE', #2320, #1279, #1076, .T. ) ;
#2549 = CARTESIAN_POINT ( 'NONE',  ( 6.029826166806670606, 5.137326563433360249, -5.730600000000002581 ) ) ;
#2550 = CARTESIAN_POINT ( 'NONE',  ( -5.391978791913061286, 1.855238334207745643, 0.000000000000000000 ) ) ;
#2551 = CARTESIAN_POINT ( 'NONE',  ( -44.43695755569756756, 16.47538348345661419, 14.98099999999999632 ) ) ;
#2552 = VECTOR ( 'NONE', #4268, 1000.000000000000000 ) ;
#2553 = CARTESIAN_POINT ( 'NONE',  ( 15.96106117789972423, 9.595422772861693872, 0.000000000000000000 ) ) ;
#2554 = CARTESIAN_POINT ( 'NONE',  ( 2.182322719208805939, 1.223460553734852851, -8.874376290015579372 ) ) ;
#2555 = ORIENTED_EDGE ( 'NONE', *, *, #6396, .T. ) ;
#2556 = CARTESIAN_POINT ( 'NONE',  ( 20.93663917186206191, -3.040034490371304798, -15.44909999999999961 ) ) ;
#2557 = DIRECTION ( 'NONE',  ( 0.6187123756285675125, 0.7856175890622958402, 0.000000000000000000 ) ) ;
#2558 = CARTESIAN_POINT ( 'NONE',  ( 17.23119601743744411, -16.31721190939495614, 11.80600000000000449 ) ) ;
#2559 = DIRECTION ( 'NONE',  ( -0.3489024681454917509, -0.9371590407833582104, -0.000000000000000000 ) ) ;
#2560 = CARTESIAN_POINT ( 'NONE',  ( 14.25591115432990641, 24.17868099317643171, 8.630999999999994898 ) ) ;
#2561 = DIRECTION ( 'NONE',  ( 1.000000000000000000, 0.000000000000000000, 0.000000000000000000 ) ) ;
#2562 = VERTEX_POINT ( 'NONE', #7449 ) ;
#2563 = VECTOR ( 'NONE', #6852, 1000.000000000000000 ) ;
#2564 = ORIENTED_EDGE ( 'NONE', *, *, #991, .F. ) ;
#2565 = CARTESIAN_POINT ( 'NONE',  ( -11.03796098752118482, 9.375262071028018340, -8.905599999999999739 ) ) ;
#2566 = CARTESIAN_POINT ( 'NONE',  ( -3.731075803028095272, 8.918831801194716746, -7.318099999999999383 ) ) ;
#2567 = CARTESIAN_POINT ( 'NONE',  ( 2.730951110915607050, -20.00418386452787090, -5.730599999999998140 ) ) ;
#2568 = EDGE_CURVE ( 'NONE', #7999, #3071, #1572, .T. ) ;
#2569 = EDGE_CURVE ( 'NONE', #7217, #7975, #4896, .T. ) ;
#2570 = CARTESIAN_POINT ( 'NONE',  ( 3.533199150343780737, 1.387801741231079689, -11.31754856293515310 ) ) ;
#2571 = CARTESIAN_POINT ( 'NONE',  ( 16.81258854239574418, 2.654630941815081524, -8.905600000000001515 ) ) ;
#2572 = EDGE_LOOP ( 'NONE', ( #4064, #4936, #6034, #2126 ) ) ;
#2573 = ORIENTED_EDGE ( 'NONE', *, *, #5203, .F. ) ;
#2574 = ORIENTED_EDGE ( 'NONE', *, *, #1249, .F. ) ;
#2575 = CARTESIAN_POINT ( 'NONE',  ( 18.99911733219135357, 8.203374168806437439, 3.174999999999999822 ) ) ;
#2576 = DIRECTION ( 'NONE',  ( 0.000000000000000000, 0.000000000000000000, 1.000000000000000000 ) ) ;
#2577 = LINE ( 'NONE', #2034, #558 ) ;
#2578 = DIRECTION ( 'NONE',  ( 0.000000000000000000, 0.000000000000000000, -1.000000000000000000 ) ) ;
#2579 = CARTESIAN_POINT ( 'NONE',  ( 1.104215542453945265, -10.18843664028698370, 8.631000000000000227 ) ) ;
#2580 = DIRECTION ( 'NONE',  ( -0.3489024681454917509, -0.9371590407833582104, -0.000000000000000000 ) ) ;
#2581 = FACE_OUTER_BOUND ( 'NONE', #4001, .T. ) ;
#2582 = CARTESIAN_POINT ( 'NONE',  ( 22.51648795791860991, 11.38776055877447924, 8.630999999999994898 ) ) ;
#2583 = ORIENTED_EDGE ( 'NONE', *, *, #7567, .T. ) ;
#2584 = SURFACE_SIDE_STYLE ('',( #1926 ) ) ;
#2585 = CARTESIAN_POINT ( 'NONE',  ( -12.97206497474924802, -14.88434647536540822, 3.174999999999999822 ) ) ;
#2586 = FACE_OUTER_BOUND ( 'NONE', #5114, .T. ) ;
#2587 = CARTESIAN_POINT ( 'NONE',  ( 15.81603941767245836, -13.23563869823644801, 14.98100000000015619 ) ) ;
#2588 = CARTESIAN_POINT ( 'NONE',  ( 4.701207521340246664, 12.72917427223500653, 0.000000000000000000 ) ) ;
#2589 = CARTESIAN_POINT ( 'NONE',  ( -11.91896851475473440, -13.08471255831795332, -7.318099999999999383 ) ) ;
#2590 = ORIENTED_EDGE ( 'NONE', *, *, #5451, .T. ) ;
#2591 = CARTESIAN_POINT ( 'NONE',  ( -9.784434498838326277, -16.95582681311235973, 3.174999999999999822 ) ) ;
#2592 = CARTESIAN_POINT ( 'NONE',  ( 10.55961939193170629, 21.13540907369177901, 6.050900000000025258 ) ) ;
#2593 = EDGE_CURVE ( 'NONE', #1371, #5602, #6631, .T. ) ;
#2594 = CARTESIAN_POINT ( 'NONE',  ( -12.69611107861289589, 5.860204217221870238, -7.318099999999999383 ) ) ;
#2595 = FACE_OUTER_BOUND ( 'NONE', #6107, .T. ) ;
#2596 = CARTESIAN_POINT ( 'NONE',  ( -10.77377632720185652, -15.06705754985584989, -7.318099999999999383 ) ) ;
#2597 = DIRECTION ( 'NONE',  ( 0.000000000000000000, 0.000000000000000000, 1.000000000000000000 ) ) ;
#2598 = CIRCLE ( 'NONE', #1012, 1.984375000000000000 ) ;
#2599 = CARTESIAN_POINT ( 'NONE',  ( 2.914358635773569794, 29.94036153015169432, 14.98099999999999632 ) ) ;
#2600 = EDGE_CURVE ( 'NONE', #7577, #4183, #7895, .T. ) ;
#2601 = VERTEX_POINT ( 'NONE', #1693 ) ;
#2602 = DIRECTION ( 'NONE',  ( 0.3489024681454918064, 0.9371590407833582104, 0.000000000000000000 ) ) ;
#2603 = CARTESIAN_POINT ( 'NONE',  ( 20.92266734777798831, -0.7550195714615791642, -15.44909999999999961 ) ) ;
#2604 = CARTESIAN_POINT ( 'NONE',  ( -14.67631809530986509, -8.063479700905862302, -8.905600000000001515 ) ) ;
#2605 = CARTESIAN_POINT ( 'NONE',  ( 3.144021750375903146, 5.110915658518998761, 6.439928385852775605 ) ) ;
#2606 = LINE ( 'NONE', #5814, #7474 ) ;
#2607 = CARTESIAN_POINT ( 'NONE',  ( 16.47744732752893171, 1.787129166352866783, -8.905600000000001515 ) ) ;
#2608 = AXIS2_PLACEMENT_3D ( 'NONE', #4748, #7866, #924 ) ;
#2609 = CIRCLE ( 'NONE', #6881, 1.399999999999999689 ) ;
#2610 = ORIENTED_EDGE ( 'NONE', *, *, #2111, .F. ) ;
#2611 = EDGE_CURVE ( 'NONE', #6874, #1714, #4634, .T. ) ;
#2612 = ORIENTED_EDGE ( 'NONE', *, *, #2508, .T. ) ;
#2613 = ORIENTED_EDGE ( 'NONE', *, *, #5486, .T. ) ;
#2614 = CARTESIAN_POINT ( 'NONE',  ( 15.91194210232336381, 11.83894576173440605, 3.174999999999999822 ) ) ;
#2615 = LINE ( 'NONE', #5657, #2504 ) ;
#2616 = EDGE_CURVE ( 'NONE', #3376, #4643, #1436, .T. ) ;
#2617 = DIRECTION ( 'NONE',  ( -1.000000000000000000, 6.453308069673872516E-17, -1.432922240790251711E-32 ) ) ;
#2618 = DIRECTION ( 'NONE',  ( 0.6187123756285676235, 0.7856175890622957292, -0.000000000000000000 ) ) ;
#2619 = CARTESIAN_POINT ( 'NONE',  ( 20.98205252773206908, -15.34149038294230394, 8.631000000000000227 ) ) ;
#2620 = CARTESIAN_POINT ( 'NONE',  ( -1.852669853647179732, -12.20424927020292216, 6.050900000000028811 ) ) ;
#2621 = CARTESIAN_POINT ( 'NONE',  ( 14.41385967687056358, 10.99875499968975667, 1.587499999999999911 ) ) ;
#2622 = CARTESIAN_POINT ( 'NONE',  ( 16.68600726385845689, 20.15763671921128974, 8.631000000001376904 ) ) ;
#2623 = DIRECTION ( 'NONE',  ( 0.3489024681454918064, 0.9371590407833582104, -1.574357500145857683E-16 ) ) ;
#2624 = ORIENTED_EDGE ( 'NONE', *, *, #4152, .T. ) ;
#2625 = EDGE_CURVE ( 'NONE', #5602, #1977, #319, .T. ) ;
#2626 = SURFACE_STYLE_USAGE ( .BOTH. , #2584 ) ;
#2627 = CARTESIAN_POINT ( 'NONE',  ( -2.500000000000000000, 3.061616997868383141E-16, 0.2560000000000005604 ) ) ;
#2628 = CARTESIAN_POINT ( 'NONE',  ( -7.378787030429424298, -0.6675356715421755238, 0.000000000000000000 ) ) ;
#2629 = CARTESIAN_POINT ( 'NONE',  ( -37.63074280117568549, 30.59158252159554081, 14.98100000000010823 ) ) ;
#2630 = CARTESIAN_POINT ( 'NONE',  ( -15.05170216074766110, -0.7453076699464327159, -5.730599999999999916 ) ) ;
#2631 = CARTESIAN_POINT ( 'NONE',  ( 27.00849569335025180, -1.150862987309260621, 14.98099999999999987 ) ) ;
#2632 = CARTESIAN_POINT ( 'NONE',  ( 16.27238260754537080, 1.161835033355498092, -7.318099999999997607 ) ) ;
#2633 = VERTEX_POINT ( 'NONE', #3487 ) ;
#2634 = VECTOR ( 'NONE', #2746, 1000.000000000000114 ) ;
#2635 = CARTESIAN_POINT ( 'NONE',  ( -10.75325411141917442, -3.919611043684247509, 3.174999999999999822 ) ) ;
#2636 = CARTESIAN_POINT ( 'NONE',  ( 20.93663917186206191, -3.040034490371304798, -15.44909999999999961 ) ) ;
#2637 = EDGE_CURVE ( 'NONE', #6968, #1772, #5829, .T. ) ;
#2638 = CARTESIAN_POINT ( 'NONE',  ( -13.76229623950490222, 4.245151003387815258, 0.000000000000000000 ) ) ;
#2639 = CARTESIAN_POINT ( 'NONE',  ( 7.290481762829306156, -15.12270843337942949, 11.80600000000000449 ) ) ;
#2640 = CARTESIAN_POINT ( 'NONE',  ( -11.73804094493875816, -13.50742943260773110, -5.730600000000001693 ) ) ;
#2641 = PLANE ( 'NONE',  #2073 ) ;
#2642 = CARTESIAN_POINT ( 'NONE',  ( 14.25591115432990641, 24.17868099317643171, 14.98099999999999810 ) ) ;
#2643 = VECTOR ( 'NONE', #4190, 1000.000000000000000 ) ;
#2644 = ORIENTED_EDGE ( 'NONE', *, *, #6901, .T. ) ;
#2645 = LINE ( 'NONE', #7722, #6083 ) ;
#2646 = ADVANCED_FACE ( 'NONE', ( #8196 ), #4211, .F. ) ;
#2647 = CARTESIAN_POINT ( 'NONE',  ( 0.000000000000000000, 0.000000000000000000, 8.631000000000000227 ) ) ;
#2648 = CARTESIAN_POINT ( 'NONE',  ( -13.97186840969298594, -8.080783377854784177, -8.248035969732711692 ) ) ;
#2649 = DIRECTION ( 'NONE',  ( 0.9371590407833582104, -0.3489024681454919730, 0.000000000000000000 ) ) ;
#2650 = CARTESIAN_POINT ( 'NONE',  ( 20.93663917186203349, 1.726690403594030476, 8.631000000000000227 ) ) ;
#2651 = CARTESIAN_POINT ( 'NONE',  ( 18.38123042735837132, 5.752224782637088474, 1.587499999999999911 ) ) ;
#2652 = ORIENTED_EDGE ( 'NONE', *, *, #1431, .T. ) ;
#2653 = VERTEX_POINT ( 'NONE', #7022 ) ;
#2654 = CARTESIAN_POINT ( 'NONE',  ( -12.16440077905439665, -8.099885605651932607, 0.000000000000000000 ) ) ;
#2655 = CARTESIAN_POINT ( 'NONE',  ( -11.29123090822148967, -6.046089971324324353, 0.000000000000000000 ) ) ;
#2656 = CARTESIAN_POINT ( 'NONE',  ( -8.940015150338160410, -9.243803669068361373, 11.05600000209201994 ) ) ;
#2657 = CARTESIAN_POINT ( 'NONE',  ( 25.48455371229664124, 12.54643094582652729, 8.630999999999994898 ) ) ;
#2658 = CARTESIAN_POINT ( 'NONE',  ( 4.467446887061314875, 7.446765938267413176, -8.905599999728806893 ) ) ;
#2659 = CARTESIAN_POINT ( 'NONE',  ( 16.31704527226449386, 9.208254322743227860, 0.000000000000000000 ) ) ;
#2660 = CARTESIAN_POINT ( 'NONE',  ( -18.57456196277539817, -4.252665149888139595, 8.631000000000177863 ) ) ;
#2661 = CARTESIAN_POINT ( 'NONE',  ( 0.3806793846580737162, -16.23688503106220438, 7.043499999999998984 ) ) ;
#2662 = ORIENTED_EDGE ( 'NONE', *, *, #327, .F. ) ;
#2663 = CARTESIAN_POINT ( 'NONE',  ( -9.853225687251137899, -3.809484351453405360, -5.730599999999998140 ) ) ;
#2664 = CARTESIAN_POINT ( 'NONE',  ( -14.97867868796860513, -8.723717091095041454, -8.863519562852484768 ) ) ;
#2665 = CARTESIAN_POINT ( 'NONE',  ( 6.265916887716509898, 8.503839874737302296, -3.300242161590253520 ) ) ;
#2666 = CARTESIAN_POINT ( 'NONE',  ( -3.456395464363248404, 8.818556930000882588, -5.730599999999998140 ) ) ;
#2667 = CARTESIAN_POINT ( 'NONE',  ( 10.04801900769776779, 24.87379885554349102, 14.98099999999994303 ) ) ;
#2669 = EDGE_CURVE ( 'NONE', #4438, #7500, #6878, .T. ) ;
#2668 = CARTESIAN_POINT ( 'NONE',  ( -1.447615242864902729, -21.14772114095270084, 3.174999999999999822 ) ) ;
#2670 = AXIS2_PLACEMENT_3D ( 'NONE', #2592, #55, #727 ) ;
#2671 = CARTESIAN_POINT ( 'NONE',  ( 18.95789852809766174, 3.994098913387781113, 0.000000000000000000 ) ) ;
#2672 = VECTOR ( 'NONE', #8028, 1000.000000000000227 ) ;
#2673 =( NAMED_UNIT ( * ) SI_UNIT ( $, .STERADIAN. ) SOLID_ANGLE_UNIT ( ) );
#2674 = CARTESIAN_POINT ( 'NONE',  ( 2.231934450429284844, 1.131646875991047629, -8.814285054114952445 ) ) ;
#2675 = ORIENTED_EDGE ( 'NONE', *, *, #6328, .F. ) ;
#2676 = CARTESIAN_POINT ( 'NONE',  ( -12.84262684711184477, -12.49349414319996932, 3.174999999999999822 ) ) ;
#2677 = EDGE_CURVE ( 'NONE', #813, #5590, #3114, .T. ) ;
#2678 = CARTESIAN_POINT ( 'NONE',  ( 3.478382687122764327, 6.127647662112575944, -1.949099999999966748 ) ) ;
#2679 = CARTESIAN_POINT ( 'NONE',  ( -11.60894294004579130, 6.993843075523475505, -7.318099999999999383 ) ) ;
#2680 = CARTESIAN_POINT ( 'NONE',  ( 33.22189427995051147, -0.5000000000000005551, 14.98099999999999987 ) ) ;
#2681 = CARTESIAN_POINT ( 'NONE',  ( 19.67346976725516683, 19.47390449454816519, 13.39349904687931669 ) ) ;
#2682 = DIRECTION ( 'NONE',  ( 0.3489024681454918064, 0.9371590407833582104, 0.000000000000000000 ) ) ;
#2683 = AXIS2_PLACEMENT_3D ( 'NONE', #5012, #2309, #7559 ) ;
#2684 = CARTESIAN_POINT ( 'NONE',  ( 5.956639634949987716, 5.165733288715532723, -2.570001676277381630 ) ) ;
#2685 = ORIENTED_EDGE ( 'NONE', *, *, #5772, .T. ) ;
#2686 = CARTESIAN_POINT ( 'NONE',  ( 28.74950554974190808, -2.214734616449455906, 11.80600000000000094 ) ) ;
#2687 = CARTESIAN_POINT ( 'NONE',  ( -13.20956695012851689, 6.273286138317021532, -8.905600000000001515 ) ) ;
#2688 = CARTESIAN_POINT ( 'NONE',  ( -10.21980181007950250, -4.305516936601396338, 1.587499999999999911 ) ) ;
#2689 = CARTESIAN_POINT ( 'NONE',  ( 2.788807460507778835, 2.331489170774394548, -11.15727536818198296 ) ) ;
#2690 = CARTESIAN_POINT ( 'NONE',  ( -9.853225687251137899, -3.809484351453405360, -5.730599999999998140 ) ) ;
#2691 = CARTESIAN_POINT ( 'NONE',  ( 16.34252431190608590, 22.72080760079752793, 13.39349904687931492 ) ) ;
#2692 = EDGE_CURVE ( 'NONE', #6582, #5266, #8158, .T. ) ;
#2693 = ORIENTED_EDGE ( 'NONE', *, *, #6782, .T. ) ;
#2694 = ORIENTED_EDGE ( 'NONE', *, *, #2593, .T. ) ;
#2695 = ORIENTED_EDGE ( 'NONE', *, *, #5851, .T. ) ;
#2696 = CARTESIAN_POINT ( 'NONE',  ( 17.00332116127705007, 10.82734508669227580, 3.174999999999999822 ) ) ;
#2697 = DIRECTION ( 'NONE',  ( -0.3489024681454917509, -0.9371590407833582104, -0.000000000000000000 ) ) ;
#2698 = CARTESIAN_POINT ( 'NONE',  ( 26.21613685041451092, 2.538123062335156721, 8.631000000000000227 ) ) ;
#2699 = CARTESIAN_POINT ( 'NONE',  ( -3.657299401794418259, -9.794080435372821469, 11.36663415283823042 ) ) ;
#2700 = CARTESIAN_POINT ( 'NONE',  ( 2.771976065070752782, -13.90792118376792175, 8.631000000000000227 ) ) ;
#2701 = CARTESIAN_POINT ( 'NONE',  ( 4.394728710897131130, 6.803452289573456824, -8.780686984244937321 ) ) ;
#2702 = CARTESIAN_POINT ( 'NONE',  ( 1.913469381600178432, -0.5436321346265134968, -0.6567995743622477844 ) ) ;
#2703 = EDGE_CURVE ( 'NONE', #4672, #4631, #1320, .T. ) ;
#2704 = CARTESIAN_POINT ( 'NONE',  ( -16.41965974405983175, 36.03076986445130103, 8.630999999999989569 ) ) ;
#2705 = EDGE_LOOP ( 'NONE', ( #5299, #6149, #2277, #5501 ) ) ;
#2706 = AXIS2_PLACEMENT_3D ( 'NONE', #2796, #3551, #5327 ) ;
#2707 = ORIENTED_EDGE ( 'NONE', *, *, #878, .F. ) ;
#2708 = CARTESIAN_POINT ( 'NONE',  ( -3.953988504193371334, 8.990941570122055637, -7.318099999999999383 ) ) ;
#2709 = CARTESIAN_POINT ( 'NONE',  ( -17.99163032485425973, -6.193380558376825107, 13.39349904687932202 ) ) ;
#2710 = LINE ( 'NONE', #3379, #3206 ) ;
#2711 = CARTESIAN_POINT ( 'NONE',  ( -17.99163032485166980, -6.193380558377856282, 10.21850059711605141 ) ) ;
#2712 = CARTESIAN_POINT ( 'NONE',  ( -27.08947745728853107, 32.80811324254457872, 14.98099999999999454 ) ) ;
#2713 = CARTESIAN_POINT ( 'NONE',  ( -0.9447358908488447948, -19.79697709586156051, 2.295581287848789565 ) ) ;
#2714 = CARTESIAN_POINT ( 'NONE',  ( -2.472180545705637389, 30.00936299409639929, 14.98099999999999454 ) ) ;
#2715 = ADVANCED_FACE ( 'NONE', ( #5557 ), #7639, .T. ) ;
#2716 = CARTESIAN_POINT ( 'NONE',  ( 9.550019641623681110, 13.14147547970794072, 0.000000000000000000 ) ) ;
#2717 = DIRECTION ( 'NONE',  ( 0.9372357249148136615, -0.3486964237605598149, -6.922501594588462018E-20 ) ) ;
#2718 = ORIENTED_EDGE ( 'NONE', *, *, #691, .T. ) ;
#2719 = EDGE_CURVE ( 'NONE', #5328, #3122, #3853, .T. ) ;
#2720 = CARTESIAN_POINT ( 'NONE',  ( -7.761895739788753801, -17.31339749815901996, 2.517435969732711776 ) ) ;
#2721 = CARTESIAN_POINT ( 'NONE',  ( 1.984375000000000000, 0.000000000000000000, -15.47176309777416137 ) ) ;
#2722 = B_SPLINE_CURVE_WITH_KNOTS ( 'NONE', 3,
 ( #6867, #2493, #5473, #3698 ),
 .UNSPECIFIED., .F., .F.,
 ( 4, 4 ),
 ( 0.6514030868989224565, 0.6514132336649292032 ),
 .UNSPECIFIED. ) ;
#2723 = CARTESIAN_POINT ( 'NONE',  ( -15.05170216074766110, -0.7453076699464327159, 0.000000000000000000 ) ) ;
#2724 = LINE ( 'NONE', #2680, #5077 ) ;
#2725 = CARTESIAN_POINT ( 'NONE',  ( 3.478382687122764327, 6.127647662112575944, -1.949099999999966748 ) ) ;
#2726 = CYLINDRICAL_SURFACE ( 'NONE', #3926, 2.072616348863718372 ) ;
#2727 = EDGE_CURVE ( 'NONE', #5873, #3636, #1423, .T. ) ;
#2728 = CARTESIAN_POINT ( 'NONE',  ( 4.129260579738040171, 5.875014943486897678, -3.163879374595625293 ) ) ;
#2729 = ORIENTED_EDGE ( 'NONE', *, *, #6117, .F. ) ;
#2730 = CARTESIAN_POINT ( 'NONE',  ( 20.98205252773207263, -15.34149038294230216, 11.80600000000000449 ) ) ;
#2731 = CARTESIAN_POINT ( 'NONE',  ( -2.879673686379025987, 10.29791118748881651, -8.905600000000001515 ) ) ;
#2732 = CARTESIAN_POINT ( 'NONE',  ( -10.02141372197878688, -4.023043160945122487, -5.730599999999999028 ) ) ;
#2733 = CARTESIAN_POINT ( 'NONE',  ( 3.026713639445086201, 2.224585652518253021, -11.27862410184502018 ) ) ;
#2734 = CARTESIAN_POINT ( 'NONE',  ( 9.194136917260884445, 13.16614395657154546, 1.587499999999999911 ) ) ;
#2735 = ORIENTED_EDGE ( 'NONE', *, *, #5698, .T. ) ;
#2736 = EDGE_LOOP ( 'NONE', ( #7394, #7330, #6167, #815, #3374, #4537 ) ) ;
#2737 = VERTEX_POINT ( 'NONE', #3697 ) ;
#2738 = CIRCLE ( 'NONE', #7131, 3.925000000000011813 ) ;
#2739 = CARTESIAN_POINT ( 'NONE',  ( 14.41385967687056358, 10.99875499968975845, 2.517435969732711776 ) ) ;
#2740 = CARTESIAN_POINT ( 'NONE',  ( -12.42070057909502090, -9.299428658383460444, 0.000000000000000000 ) ) ;
#2741 = LINE ( 'NONE', #6743, #143 ) ;
#2742 = CARTESIAN_POINT ( 'NONE',  ( -3.657299401794418259, -9.794080435372821469, 12.24536584716177146 ) ) ;
#2743 = CARTESIAN_POINT ( 'NONE',  ( 17.17154391907870448, 24.07817789789695340, 11.80599999999999383 ) ) ;
#2744 = AXIS2_PLACEMENT_3D ( 'NONE', #4200, #1618, #6831 ) ;
#2745 = CARTESIAN_POINT ( 'NONE',  ( 13.18822505451070981, -7.108946224410507497, 0.000000000000000000 ) ) ;
#2746 = DIRECTION ( 'NONE',  ( -0.2535801187161341730, -0.9673143870489631091, 2.147869409105858843E-16 ) ) ;
#2747 = CARTESIAN_POINT ( 'NONE',  ( 2.771976065070752782, -13.90792118376792175, 8.631000000000000227 ) ) ;
#2748 = EDGE_CURVE ( 'NONE', #7611, #5646, #464, .T. ) ;
#2749 = ORIENTED_EDGE ( 'NONE', *, *, #3482, .F. ) ;
#2750 = AXIS2_PLACEMENT_3D ( 'NONE', #5726, #576, #26 ) ;
#2751 = CARTESIAN_POINT ( 'NONE',  ( 8.662953519772738531, -13.81113785891160539, 12.55600000000000271 ) ) ;
#2752 = CARTESIAN_POINT ( 'NONE',  ( 7.291832106296901372, 14.80369500678511763, 7.175515268248127576 ) ) ;
#2753 = CARTESIAN_POINT ( 'NONE',  ( 9.247596734834997889, 21.62387252909546476, -1.949099999999967414 ) ) ;
#2754 = DIRECTION ( 'NONE',  ( 0.3489024681454917509, 0.9371590407833582104, 0.000000000000000000 ) ) ;
#2755 = EDGE_CURVE ( 'NONE', #1783, #8214, #7876, .T. ) ;
#2756 = CARTESIAN_POINT ( 'NONE',  ( 3.034299951601163503, -10.69440557877959286, 14.98100000000000520 ) ) ;
#2757 = CARTESIAN_POINT ( 'NONE',  ( 0.9656133052279385343, 9.944478083276894864, 1.795357424862370710 ) ) ;
#2758 = CARTESIAN_POINT ( 'NONE',  ( 6.400655110004743520, -11.58547895595570587, 11.80599999999961547 ) ) ;
#2759 = DIRECTION ( 'NONE',  ( 0.3489024681454917509, 0.9371590407833582104, 0.000000000000000000 ) ) ;
#2760 = ORIENTED_EDGE ( 'NONE', *, *, #1768, .T. ) ;
#2761 = CARTESIAN_POINT ( 'NONE',  ( -11.19984111205483934, -5.893991113273776783, 2.517435969732711776 ) ) ;
#2762 = CARTESIAN_POINT ( 'NONE',  ( -15.07851313103464896, -2.245596035779637401, -7.318099999999999383 ) ) ;
#2763 = COLOUR_RGB ( '',0.7921568627450980005, 0.8196078431372548767, 0.9333333333333333481 ) ;
#2764 = CARTESIAN_POINT ( 'NONE',  ( -36.36428634907640145, 2.224798047900578446, 11.80599999999999916 ) ) ;
#2765 = CARTESIAN_POINT ( 'NONE',  ( 5.361568561876532080, 5.396705070085181077, -0.6904499989311322361 ) ) ;
#2766 = CARTESIAN_POINT ( 'NONE',  ( 19.34890321087421228, -3.039975800327526567, -7.318099999999999383 ) ) ;
#2767 = LINE ( 'NONE', #6689, #2785 ) ;
#2768 = CARTESIAN_POINT ( 'NONE',  ( 19.97529336187642457, 6.006660590610822581, 3.174999999999999822 ) ) ;
#2769 = ORIENTED_EDGE ( 'NONE', *, *, #2107, .F. ) ;
#2770 = CARTESIAN_POINT ( 'NONE',  ( 10.86804480477624857, -15.96762004994088713, 11.80600000000000449 ) ) ;
#2771 = CARTESIAN_POINT ( 'NONE',  ( -7.244328311389727659, 9.835842739928288836, -8.905600000000001515 ) ) ;
#2772 = CARTESIAN_POINT ( 'NONE',  ( -9.853225687246998987, -3.809484351456501994, 1.587499999999999911 ) ) ;
#2773 = DIRECTION ( 'NONE',  ( 8.900240391804234907E-16, -1.000000000000000000, 1.405301114495405343E-16 ) ) ;
#2774 = CARTESIAN_POINT ( 'NONE',  ( 16.83042379116701781, 2.663938198218429143, -8.905600000000001515 ) ) ;
#2775 = ORIENTED_EDGE ( 'NONE', *, *, #6644, .F. ) ;
#2776 = B_SPLINE_CURVE_WITH_KNOTS ( 'NONE', 3,
 ( #7683, #654, #6948, #5727, #6407, #27, #6329, #5060, #5025, #7023, #5768, #1246, #1943, #5648 ),
 .UNSPECIFIED., .F., .F.,
 ( 4, 2, 2, 2, 2, 2, 4 ),
 ( 0.000000000000000000, 0.0003100286025118221254, 0.0006200572050236442508, 0.0009300858075354663220, 0.001240114410047288502, 0.001860171615070935897, 0.002480228820094583508 ),
 .UNSPECIFIED. ) ;
#2777 = ORIENTED_EDGE ( 'NONE', *, *, #4713, .F. ) ;
#2778 = CARTESIAN_POINT ( 'NONE',  ( 12.37665092793908173, -13.18686539401684499, 11.01054932792721708 ) ) ;
#2779 = CARTESIAN_POINT ( 'NONE',  ( -10.11112337123174854, -3.612681734114719045, 2.554668344132212443 ) ) ;
#2780 = CARTESIAN_POINT ( 'NONE',  ( -5.603345093216948847, -10.05485579300198928, 11.05600000209201994 ) ) ;
#2781 = CARTESIAN_POINT ( 'NONE',  ( -14.51444827866959209, 35.97823366288712776, 11.80599999999999206 ) ) ;
#2782 = CARTESIAN_POINT ( 'NONE',  ( -0.7382928528652020761, 7.764312843947696940, -5.730599999999999028 ) ) ;
#2783 = DIRECTION ( 'NONE',  ( -1.098594435088512496E-16, -2.950846729373555806E-16, -1.000000000000000000 ) ) ;
#2784 = CARTESIAN_POINT ( 'NONE',  ( -9.669967158883164160, 35.40818001634448819, 8.630999999999938055 ) ) ;
#2785 = VECTOR ( 'NONE', #7354, 1000.000000000000000 ) ;
#2786 = ORIENTED_EDGE ( 'NONE', *, *, #6270, .F. ) ;
#2787 = B_SPLINE_CURVE_WITH_KNOTS ( 'NONE', 3,
 ( #3781, #5137, #5770, #3817, #4403, #6369, #1166, #2531, #4365, #8236, #7533, #7573, #8198, #3699, #6331, #617, #2567, #4483 ),
 .UNSPECIFIED., .F., .F.,
 ( 4, 2, 2, 2, 2, 2, 2, 2, 4 ),
 ( 0.000000000000000000, 0.1050795785676130328, 0.2101591571352260657, 0.3152387357028391124, 0.4203183142704521313, 0.5253978928380651503, 0.6304774714056782248, 0.7355570499732911882, 0.8406366285409042627 ),
 .UNSPECIFIED. ) ;
#2788 = PLANE ( 'NONE',  #5185 ) ;
#2789 = CARTESIAN_POINT ( 'NONE',  ( 0.01503851390308443350, -3.174964384540333029, -10.08139179307016242 ) ) ;
#2790 = CARTESIAN_POINT ( 'NONE',  ( 5.259699972728244077, 2.887136331537275336, 5.952477294615909464 ) ) ;
#2791 = CARTESIAN_POINT ( 'NONE',  ( 16.83902564033837379, 2.648461269341396918, -8.905599999932215738 ) ) ;
#2792 = CARTESIAN_POINT ( 'NONE',  ( -37.63074280117568549, 30.59158252159359748, 11.80599999999999383 ) ) ;
#2793 = CARTESIAN_POINT ( 'NONE',  ( 0.000000000000000000, 0.000000000000000000, -11.44909999999999961 ) ) ;
#2794 = CARTESIAN_POINT ( 'NONE',  ( -41.34135381484318827, 28.62881875561460632, 14.98099999999987908 ) ) ;
#2795 = SHAPE_DEFINITION_REPRESENTATION ( #6875, #6622 ) ;
#2796 = CARTESIAN_POINT ( 'NONE',  ( 0.000000000000000000, 0.000000000000000000, -11.44909999999999961 ) ) ;
#2797 = ORIENTED_EDGE ( 'NONE', *, *, #4547, .F. ) ;
#2798 = CARTESIAN_POINT ( 'NONE',  ( -33.50011498293680745, 34.60976076831700254, 10.21850059711604253 ) ) ;
#2799 = PLANE ( 'NONE',  #2942 ) ;
#2800 = LINE ( 'NONE', #6636, #2083 ) ;
#2801 = VECTOR ( 'NONE', #7221, 1000.000000000000227 ) ;
#2802 = B_SPLINE_SURFACE_WITH_KNOTS ( 'NONE', 1, 3, ( 
 ( #4536, #3950, #592, #3132, #5665, #2509, #632, #5918, #835, #3988 ),
 ( #3511, #7955, #7220, #2924, #1554, #8001, #6596, #300, #5369, #7916 ) ),
 .UNSPECIFIED., .F., .F., .F.,
 ( 2, 2 ),
 ( 4, 2, 2, 2, 4 ),
 ( 0.000000000000000000, 1.000000000000000000 ),
 ( 0.000000000000000000, 0.3559286171081143535, 0.5533221837525468256, 0.7086393685172394097, 1.000000000000000000 ),
 .UNSPECIFIED. ) ;
#2803 = CARTESIAN_POINT ( 'NONE',  ( 0.5987423428350217014, -1.892529136751122554, -2.485241354610103759 ) ) ;
#2804 = CIRCLE ( 'NONE', #3201, 6.000000000000000888 ) ;
#2805 = CARTESIAN_POINT ( 'NONE',  ( 10.86804480477624679, -15.96762004994088713, 14.98100000000000520 ) ) ;
#2806 = CARTESIAN_POINT ( 'NONE',  ( -11.26624397905537833, -14.38126842802861916, -5.730600000000001693 ) ) ;
#2807 = DIRECTION ( 'NONE',  ( 0.000000000000000000, 0.000000000000000000, -1.000000000000000000 ) ) ;
#2808 = CARTESIAN_POINT ( 'NONE',  ( 3.520282688608543875, 6.111384533067754532, -2.312667439199622255 ) ) ;
#2809 = CARTESIAN_POINT ( 'NONE',  ( -12.03221265217364611, -12.80259548204371889, -7.318099999999999383 ) ) ;
#2810 = VECTOR ( 'NONE', #3263, 1000.000000000000000 ) ;
#2811 = VECTOR ( 'NONE', #1844, 999.9999999999998863 ) ;
#2812 = ORIENTED_EDGE ( 'NONE', *, *, #2692, .T. ) ;
#2813 = CARTESIAN_POINT ( 'NONE',  ( -16.41965974405983530, 36.03076986445130814, 11.80599999999999206 ) ) ;
#2814 = CARTESIAN_POINT ( 'NONE',  ( -16.64763673164456748, -2.818604548636777896, -8.905600000000001515 ) ) ;
#2815 = FACE_OUTER_BOUND ( 'NONE', #4895, .T. ) ;
#2816 = PLANE ( 'NONE',  #5325 ) ;
#2817 = CARTESIAN_POINT ( 'NONE',  ( 10.92614210560905086, 12.78862863666391192, -5.730599999999999028 ) ) ;
#2818 = CIRCLE ( 'NONE', #3881, 0.7937500000312375237 ) ;
#2819 = VERTEX_POINT ( 'NONE', #6017 ) ;
#2820 = ORIENTED_EDGE ( 'NONE', *, *, #8183, .T. ) ;
#2821 = ADVANCED_FACE ( 'NONE', ( #1363 ), #896, .F. ) ;
#2822 = CARTESIAN_POINT ( 'NONE',  ( 12.28946039665224710, -13.75778580709198451, 10.41935605673391407 ) ) ;
#2823 = ADVANCED_FACE ( 'NONE', ( #7264 ), #1710, .F. ) ;
#2824 = CARTESIAN_POINT ( 'NONE',  ( -7.570452848992600181, -17.38489065580179371, -7.318099999999999383 ) ) ;
#2825 = CARTESIAN_POINT ( 'NONE',  ( -3.738308430127966542, -10.09402862205215889, 11.05596718551655400 ) ) ;
#2826 = CARTESIAN_POINT ( 'NONE',  ( 10.86804480477624857, -15.96762004994088713, 11.80600000000000449 ) ) ;
#2827 = CARTESIAN_POINT ( 'NONE',  ( 0.8921796241488890722, 7.131459595409053165, 0.000000000000000000 ) ) ;
#2828 = CARTESIAN_POINT ( 'NONE',  ( 16.83902564033837379, 2.648461269341396918, -8.905599999932215738 ) ) ;
#2829 = CARTESIAN_POINT ( 'NONE',  ( 15.95516603052874061, -16.41534318459394726, 8.631000000000346617 ) ) ;
#2830 = B_SPLINE_CURVE_WITH_KNOTS ( 'NONE', 3,
 ( #8115, #2372, #2414, #2457, #7497, #4901, #1790, #743, #5653, #3121, #3900, #6371, #6454, #4485, #3783, #1947, #7536, #6333, #5139, #5064, #3276, #4521, #31, #3238, #3858, #7610, #8201, #619, #2497, #5775 ),
 .UNSPECIFIED., .F., .F.,
 ( 4, 2, 2, 2, 2, 2, 2, 2, 2, 2, 2, 2, 2, 2, 4 ),
 ( 0.000000000000000000, 0.0008191402628535895828, 0.001228710394280382477, 0.001638280525707175479, 0.002047850657133968265, 0.002252635722847363357, 0.002457420788560758448, 0.002662205854274153974, 0.002866990919987549066, 0.003276561051414339249, 0.003686131182841129866, 0.004095701314267920050, 0.004914841577121499550, 0.005733981839975079049, 0.006553122102828658549 ),
 .UNSPECIFIED. ) ;
#2831 = AXIS2_PLACEMENT_3D ( 'NONE', #4837, #3462, #1011 ) ;
#2832 = EDGE_LOOP ( 'NONE', ( #1733, #4524, #3616, #870 ) ) ;
#2833 = CIRCLE ( 'NONE', #3634, 6.000000000000000888 ) ;
#2834 = CARTESIAN_POINT ( 'NONE',  ( -14.97325935547807596, 0.1018444315613157708, -5.730599999999999028 ) ) ;
#2835 = CARTESIAN_POINT ( 'NONE',  ( -14.04034609096225772, -8.352389022542078933, -8.021755751702590587 ) ) ;
#2836 = CARTESIAN_POINT ( 'NONE',  ( 3.383232835197441446, 4.955507348691879699, 5.155158497543572693 ) ) ;
#2837 = LINE ( 'NONE', #6509, #1742 ) ;
#2838 = CARTESIAN_POINT ( 'NONE',  ( -2.472180545705637389, 30.00936299409639574, 11.80599999999999383 ) ) ;
#2839 = LINE ( 'NONE', #6091, #7075 ) ;
#2840 = CARTESIAN_POINT ( 'NONE',  ( 1.104215542453943488, -10.18843664028698370, 14.98100000000000520 ) ) ;
#2841 = LINE ( 'NONE', #248, #8169 ) ;
#2842 = VERTEX_POINT ( 'NONE', #7349 ) ;
#2843 = ORIENTED_EDGE ( 'NONE', *, *, #1959, .T. ) ;
#2844 = CARTESIAN_POINT ( 'NONE',  ( 12.58662062826657291, 25.34497970708189030, 10.21850059711604430 ) ) ;
#2845 = CARTESIAN_POINT ( 'NONE',  ( 17.63574389021482247, 0.5370798567105617982, -5.730599999999999028 ) ) ;
#2846 = CARTESIAN_POINT ( 'NONE',  ( 0.000000000000000000, 0.000000000000000000, -8.949100000000001387 ) ) ;
#2847 = CARTESIAN_POINT ( 'NONE',  ( -4.036108563097339896, -20.39408905309382547, -15.44909999999999961 ) ) ;
#2848 = CARTESIAN_POINT ( 'NONE',  ( -7.829001583366465233, -11.15330637801602798, 11.80600000000000271 ) ) ;
#2849 = CARTESIAN_POINT ( 'NONE',  ( -13.56412546648184758, -13.53969029448506944, 3.174999999999999822 ) ) ;
#2850 = CARTESIAN_POINT ( 'NONE',  ( 19.34890321087421583, -3.039975800327521238, -7.318099999999999383 ) ) ;
#2851 = CARTESIAN_POINT ( 'NONE',  ( -1.374059813461456558, -20.95014977944716961, -8.905600000000021055 ) ) ;
#2852 = CARTESIAN_POINT ( 'NONE',  ( 0.000000000000000000, 0.000000000000000000, -11.44909999999999961 ) ) ;
#2853 = VERTEX_POINT ( 'NONE', #3272 ) ;
#2854 = EDGE_CURVE ( 'NONE', #2082, #756, #5811, .T. ) ;
#2855 = CARTESIAN_POINT ( 'NONE',  ( -19.71033619878698318, -7.218401743463203957, 11.80600000000000271 ) ) ;
#2856 = CARTESIAN_POINT ( 'NONE',  ( -16.52533010065941710, 0.6231395691810641679, -8.905600000000001515 ) ) ;
#2857 = CARTESIAN_POINT ( 'NONE',  ( -1.852669853647183285, -12.20424927020292216, -9.949099999999967636 ) ) ;
#2858 = EDGE_CURVE ( 'NONE', #5603, #3451, #2800, .T. ) ;
#2859 = CARTESIAN_POINT ( 'NONE',  ( -8.075756382246241927, -18.89114725270801642, -15.44909999999999961 ) ) ;
#2860 = CARTESIAN_POINT ( 'NONE',  ( 20.93200881002260871, -0.8350634934407697996, -8.905600000000001515 ) ) ;
#2861 = VERTEX_POINT ( 'NONE', #6684 ) ;
#2862 = VERTEX_POINT ( 'NONE', #975 ) ;
#2863 = CARTESIAN_POINT ( 'NONE',  ( -4.229680485269870616, 3.331080792519784506, -5.730599999999999028 ) ) ;
#2864 = CARTESIAN_POINT ( 'NONE',  ( -9.980928426614553928, -3.712040879882080091, 2.291040582537613002 ) ) ;
#2865 = DIRECTION ( 'NONE',  ( 0.000000000000000000, 0.000000000000000000, -1.000000000000000000 ) ) ;
#2866 = CARTESIAN_POINT ( 'NONE',  ( 3.313884498999439376, -14.05062876676627681, 11.80600000000012528 ) ) ;
#2867 = CARTESIAN_POINT ( 'NONE',  ( 3.396628427229657632, 6.159379904362036307, 0.000000000000000000 ) ) ;
#2868 = DIRECTION ( 'NONE',  ( 1.000000000000000000, -6.148336264272642552E-16, 0.000000000000000000 ) ) ;
#2869 = CARTESIAN_POINT ( 'NONE',  ( 2.229183074677309584, -13.76562875766001959, 8.631000000000000227 ) ) ;
#2870 = EDGE_CURVE ( 'NONE', #3989, #4565, #345, .T. ) ;
#2871 = ORIENTED_EDGE ( 'NONE', *, *, #8116, .F. ) ;
#2872 = CARTESIAN_POINT ( 'NONE',  ( -11.63187636939698244, 34.35443425849396704, 10.21850059711604253 ) ) ;
#2873 = FACE_BOUND ( 'NONE', #6372, .T. ) ;
#2874 = CARTESIAN_POINT ( 'NONE',  ( 6.718107422421963015, 8.693228882194341978, -3.140116623041646626 ) ) ;
#2875 = FACE_OUTER_BOUND ( 'NONE', #2946, .T. ) ;
#2876 = CARTESIAN_POINT ( 'NONE',  ( 25.48526637672581074, -1.669644062140321239, 11.80600000000000094 ) ) ;
#2877 = CARTESIAN_POINT ( 'NONE',  ( 0.3403526410694496795, -3.157224943363770020, -9.079956923452595419 ) ) ;
#2878 = CARTESIAN_POINT ( 'NONE',  ( -39.73768208424983328, 9.451145619418197086, 14.98099999999999987 ) ) ;
#2879 = EDGE_CURVE ( 'NONE', #5733, #5919, #2645, .T. ) ;
#2880 = CARTESIAN_POINT ( 'NONE',  ( -9.345493781807856948, -16.42403926523276070, -7.267753837065513700 ) ) ;
#2881 = ORIENTED_EDGE ( 'NONE', *, *, #118, .F. ) ;
#2882 = ORIENTED_EDGE ( 'NONE', *, *, #6708, .F. ) ;
#2883 = CARTESIAN_POINT ( 'NONE',  ( 2.914358635773569794, 29.94036153015169432, 10.21850059711604253 ) ) ;
#2884 = DIRECTION ( 'NONE',  ( 0.9371590407833585434, -0.3489024681454910848, 0.000000000000000000 ) ) ;
#2885 = CARTESIAN_POINT ( 'NONE',  ( 20.93663917186203349, 1.726690404052549699, 8.631000000000000227 ) ) ;
#2886 = DIRECTION ( 'NONE',  ( -0.3805874007937319337, 0.9247449542209307261, 0.000000000000000000 ) ) ;
#2887 = CARTESIAN_POINT ( 'NONE',  ( 25.48455371229664124, 12.54643094582652729, 14.98099999999999987 ) ) ;
#2888 = CARTESIAN_POINT ( 'NONE',  ( -11.51961056268199002, -3.391863894924190603, 3.174999999999999822 ) ) ;
#2889 = CARTESIAN_POINT ( 'NONE',  ( 3.174999999999999822, 0.000000000000000000, 3.005999999999991346 ) ) ;
#2890 = CARTESIAN_POINT ( 'NONE',  ( -0.8908048018027223680, -19.65211710691533042, -7.527191793822507471 ) ) ;
#2891 = CARTESIAN_POINT ( 'NONE',  ( -10.94507972258137407, -14.84553058644234191, -8.248035969732711692 ) ) ;
#2892 = ORIENTED_EDGE ( 'NONE', *, *, #6328, .T. ) ;
#2893 = ORIENTED_EDGE ( 'NONE', *, *, #2244, .T. ) ;
#2894 = CARTESIAN_POINT ( 'NONE',  ( 10.92614210560904908, 12.78862863666391192, 1.587499999999999911 ) ) ;
#2895 = CARTESIAN_POINT ( 'NONE',  ( -9.669967158880709235, 35.40818001634448819, 14.98100000000004783 ) ) ;
#2896 = CARTESIAN_POINT ( 'NONE',  ( -16.11326513529649418, 2.608618246269576169, -8.905600000000001515 ) ) ;
#2897 = DIRECTION ( 'NONE',  ( -0.3489024681454918064, -0.9371590407833583214, 0.000000000000000000 ) ) ;
#2898 = CARTESIAN_POINT ( 'NONE',  ( -9.654385476800909416, -18.16689313904319292, 3.174999999999999822 ) ) ;
#2899 = DIRECTION ( 'NONE',  ( -1.000000000000000000, 0.000000000000000000, 0.000000000000000000 ) ) ;
#2900 = ORIENTED_EDGE ( 'NONE', *, *, #1891, .F. ) ;
#2901 = EDGE_CURVE ( 'NONE', #3007, #3319, #7957, .T. ) ;
#2902 = ORIENTED_EDGE ( 'NONE', *, *, #5933, .F. ) ;
#2903 = DIRECTION ( 'NONE',  ( 0.000000000000000000, 0.000000000000000000, 1.000000000000000000 ) ) ;
#2904 = DIRECTION ( 'NONE',  ( 0.1509688510070175405, 0.9885385202538244931, -2.194996451829355688E-16 ) ) ;
#2905 = DIRECTION ( 'NONE',  ( 0.9372357249148136615, -0.3486964237605598704, 0.000000000000000000 ) ) ;
#2906 = CARTESIAN_POINT ( 'NONE',  ( -25.19530689742510177, -5.040814917066635203, 8.631000000000000227 ) ) ;
#2907 = DIRECTION ( 'NONE',  ( 0.9322399881385086129, -0.3618405788679777690, 0.000000000000000000 ) ) ;
#2908 = CARTESIAN_POINT ( 'NONE',  ( 0.9360048651947734388, -1.753881248108756896, -0.9984133841417226485 ) ) ;
#2909 = CARTESIAN_POINT ( 'NONE',  ( 11.41879587569356502, -14.42826545259721271, 11.05600000000000271 ) ) ;
#2910 = B_SPLINE_CURVE_WITH_KNOTS ( 'NONE', 3,
 ( #2668, #126, #6474, #5925, #802, #6551, #7562, #1390, #7213, #3339, #2713, #6588, #3298, #1856 ),
 .UNSPECIFIED., .F., .F.,
 ( 4, 2, 2, 2, 2, 2, 4 ),
 ( 0.0002693497798301993837, 0.0008932702651249884145, 0.001205230507772382794, 0.001517190750419777391, 0.001829150993067171988, 0.002141111235714566151, 0.002765031721009351441 ),
 .UNSPECIFIED. ) ;
#2911 = VERTEX_POINT ( 'NONE', #5134 ) ;
#2912 = CARTESIAN_POINT ( 'NONE',  ( 8.504861055886141941, -13.77189991494569199, 12.55600000000000271 ) ) ;
#2913 = CARTESIAN_POINT ( 'NONE',  ( 6.405608924346491762, 14.79585107289456580, 8.631000000000000227 ) ) ;
#2914 = CARTESIAN_POINT ( 'NONE',  ( 3.823288271495272728, 4.625027860436652816, 4.761288464376827179 ) ) ;
#2915 = CARTESIAN_POINT ( 'NONE',  ( -4.153975278962713347, 9.059303208367120774, -5.730599999999996363 ) ) ;
#2916 = CARTESIAN_POINT ( 'NONE',  ( -16.48266611867316911, 32.85587203522656097, 11.80599999999999206 ) ) ;
#2917 = CARTESIAN_POINT ( 'NONE',  ( -2.385987311968688296, 5.672132697788751621, 0.000000000000000000 ) ) ;
#2918 = CARTESIAN_POINT ( 'NONE',  ( 18.80718129388836601, -12.73655414860664692, 11.80600000000000271 ) ) ;
#2919 = CARTESIAN_POINT ( 'NONE',  ( -9.392557478943125204, -16.42452542160103235, -5.730599999999999028 ) ) ;
#2920 = ORIENTED_EDGE ( 'NONE', *, *, #7338, .T. ) ;
#2921 = EDGE_LOOP ( 'NONE', ( #7511, #2070, #1823, #2893, #5471, #2693, #2920, #228 ) ) ;
#2922 = CARTESIAN_POINT ( 'NONE',  ( -4.439039386445601032, 32.30869805997172506, 10.21850059711604253 ) ) ;
#2923 = EDGE_CURVE ( 'NONE', #735, #3052, #6243, .T. ) ;
#2924 = CARTESIAN_POINT ( 'NONE',  ( 7.753399121881875189, -13.58281357813462087, 13.39349999983421569 ) ) ;
#2925 = CARTESIAN_POINT ( 'NONE',  ( 19.34889959029641204, -0.9653011729014830955, -5.730599999999998140 ) ) ;
#2926 = EDGE_CURVE ( 'NONE', #1672, #3773, #5536, .T. ) ;
#2927 = CARTESIAN_POINT ( 'NONE',  ( -2.204894577754121343, -10.96236130471560521, 14.19556458705075919 ) ) ;
#2928 = CARTESIAN_POINT ( 'NONE',  ( -3.429443744414331974, 8.808644534118453606, -7.318099999999999383 ) ) ;
#2929 = CARTESIAN_POINT ( 'NONE',  ( -5.273267697204470750, -11.77842311985290813, 11.80600000000000271 ) ) ;
#2930 = CARTESIAN_POINT ( 'NONE',  ( -10.90883797371126640, -17.32412320556788288, 8.631000000000000227 ) ) ;
#2931 = FACE_OUTER_BOUND ( 'NONE', #660, .T. ) ;
#2932 =( BOUNDED_CURVE ( )  B_SPLINE_CURVE ( 3, ( #7713, #2097, #1434, #807 ),
 .UNSPECIFIED., .F., .T. ) 
 B_SPLINE_CURVE_WITH_KNOTS ( ( 4, 4 ),
 ( 0.000000000000000000, 0.001456491916064783787 ),
 .UNSPECIFIED. ) 
 CURVE ( )  GEOMETRIC_REPRESENTATION_ITEM ( )  RATIONAL_B_SPLINE_CURVE ( ( 1.000000000000000000, 0.9524012290654947366, 0.9455599195930122214, 0.9794760715825524544 ) ) 
 REPRESENTATION_ITEM ( '' )  );
#2933 = CARTESIAN_POINT ( 'NONE',  ( -2.555409098860968342, -1.491539187694883584, 14.98099999999999987 ) ) ;
#2934 = EDGE_CURVE ( 'NONE', #3376, #7646, #1185, .T. ) ;
#2935 = CARTESIAN_POINT ( 'NONE',  ( -9.339419351663552860, -18.31344109396468056, -8.905600000000001515 ) ) ;
#2936 = VERTEX_POINT ( 'NONE', #6849 ) ;
#2937 = VERTEX_POINT ( 'NONE', #5582 ) ;
#2938 = CARTESIAN_POINT ( 'NONE',  ( 7.909062721539013907, 13.25704616563519167, 1.587499999999999911 ) ) ;
#2939 = DIRECTION ( 'NONE',  ( -0.3489024681454918064, -0.9371590407833582104, -0.000000000000000000 ) ) ;
#2940 = CARTESIAN_POINT ( 'NONE',  ( -11.03479504990174398, -8.606588811822932783, 14.98100000000000165 ) ) ;
#2941 = CARTESIAN_POINT ( 'NONE',  ( -10.65876960407222818, -8.729259844323616235, 14.48100000000000165 ) ) ;
#2942 = AXIS2_PLACEMENT_3D ( 'NONE', #2221, #4173, #6766 ) ;
#2943 = B_SPLINE_SURFACE_WITH_KNOTS ( 'NONE', 1, 3, ( 
 ( #1346, #6554, #722, #5162, #848, #2007, #7094, #5840, #5929, #5205 ),
 ( #209, #2051, #1238, #527, #3611, #8150, #5640, #1900, #4433, #1071 ) ),
 .UNSPECIFIED., .F., .F., .F.,
 ( 2, 2 ),
 ( 4, 2, 2, 2, 4 ),
 ( 0.000000000000000000, 1.000000000000000000 ),
 ( 0.000000000000000000, 0.3559286171081143535, 0.5533221837525468256, 0.7086393685172394097, 1.000000000000000000 ),
 .UNSPECIFIED. ) ;
#2944 = ORIENTED_EDGE ( 'NONE', *, *, #1024, .T. ) ;
#2945 = ORIENTED_EDGE ( 'NONE', *, *, #3131, .F. ) ;
#2946 = EDGE_LOOP ( 'NONE', ( #703, #4362, #8044, #438 ) ) ;
#2947 = CARTESIAN_POINT ( 'NONE',  ( -10.09541055167351864, -4.137196869537717703, -5.730599999999999028 ) ) ;
#2948 = CARTESIAN_POINT ( 'NONE',  ( -13.76229623950425918, 4.245151003387816147, -7.318099999999999383 ) ) ;
#2949 = CARTESIAN_POINT ( 'NONE',  ( 0.05136412889313771851, -6.000481450936382188, 7.401403012778406065 ) ) ;
#2950 = CIRCLE ( 'NONE', #5068, 6.000000000000000888 ) ;
#2951 = CARTESIAN_POINT ( 'NONE',  ( 12.83493300735199227, 2.495982223866531236, -5.730600000000004357 ) ) ;
#2952 = CARTESIAN_POINT ( 'NONE',  ( -6.520390359068581887, -9.826977670270798271, 14.19556458705075919 ) ) ;
#2953 = EDGE_CURVE ( 'NONE', #81, #2633, #1677, .T. ) ;
#2954 =( GEOMETRIC_REPRESENTATION_CONTEXT ( 3 ) GLOBAL_UNCERTAINTY_ASSIGNED_CONTEXT ( ( #3191 ) ) GLOBAL_UNIT_ASSIGNED_CONTEXT ( ( #930, #338, #2673 ) ) REPRESENTATION_CONTEXT ( 'NONE', 'WORKASPACE' ) );
#2955 = ORIENTED_EDGE ( 'NONE', *, *, #1024, .F. ) ;
#2956 = FACE_OUTER_BOUND ( 'NONE', #7073, .T. ) ;
#2957 = CARTESIAN_POINT ( 'NONE',  ( 2.551088272595281037, 13.47269945004986980, 3.174999999999999822 ) ) ;
#2958 = EDGE_CURVE ( 'NONE', #1531, #2547, #8089, .T. ) ;
#2959 = CARTESIAN_POINT ( 'NONE',  ( 5.253198298292331536, 2.899064570174068933, 5.856593717786132025 ) ) ;
#2960 = CARTESIAN_POINT ( 'NONE',  ( -14.07821362463679371, -7.799787454060525427, -5.730600000000003469 ) ) ;
#2961 = CARTESIAN_POINT ( 'NONE',  ( 4.608195843500102917, 27.43994001211607880, 8.630999999999989569 ) ) ;
#2962 = CARTESIAN_POINT ( 'NONE',  ( 1.320302359092798916, -19.93297514010464866, -6.879024101808916214 ) ) ;
#2963 = CARTESIAN_POINT ( 'NONE',  ( 25.48526637672581074, -1.669644062140321239, 11.80600000000000094 ) ) ;
#2964 = CARTESIAN_POINT ( 'NONE',  ( -7.473746886824763180, -17.42024006774747491, -5.730599999999999028 ) ) ;
#2965 = ORIENTED_EDGE ( 'NONE', *, *, #2569, .F. ) ;
#2966 = EDGE_LOOP ( 'NONE', ( #4019, #6505, #7447, #229 ) ) ;
#2967 = CARTESIAN_POINT ( 'NONE',  ( 10.55961939193170096, 21.13540907369177546, 6.050900000000028811 ) ) ;
#2968 = DIRECTION ( 'NONE',  ( 0.3489024681454918064, 0.9371590407833582104, -0.000000000000000000 ) ) ;
#2969 = DIRECTION ( 'NONE',  ( -1.000000000000000000, 0.000000000000000000, 0.000000000000000000 ) ) ;
#2970 = ADVANCED_FACE ( 'NONE', ( #471 ), #2434, .F. ) ;
#2971 = CARTESIAN_POINT ( 'NONE',  ( -4.425450163291727357, 9.109798709189764310, -7.318099999999999383 ) ) ;
#2972 = CARTESIAN_POINT ( 'NONE',  ( -6.908491289137257851, 34.65822918375732087, 14.98099999999999454 ) ) ;
#2973 = LINE ( 'NONE', #8053, #5527 ) ;
#2974 = CARTESIAN_POINT ( 'NONE',  ( 19.34913917210147005, 1.979504257545272372, 0.000000000000000000 ) ) ;
#2975 = EDGE_CURVE ( 'NONE', #7074, #1119, #2389, .T. ) ;
#2976 = EDGE_CURVE ( 'NONE', #3052, #4388, #2056, .T. ) ;
#2977 = CARTESIAN_POINT ( 'NONE',  ( -9.686739635327779041, -9.024083855329820381, 11.05600000209201994 ) ) ;
#2978 = CARTESIAN_POINT ( 'NONE',  ( -11.33310812752695540, -16.81473721259116516, -8.905600000000001515 ) ) ;
#2979 = ORIENTED_EDGE ( 'NONE', *, *, #6193, .T. ) ;
#2980 = DIRECTION ( 'NONE',  ( 0.000000000000000000, 0.000000000000000000, 1.000000000000000000 ) ) ;
#2981 = ORIENTED_EDGE ( 'NONE', *, *, #3115, .F. ) ;
#2982 = FACE_OUTER_BOUND ( 'NONE', #5141, .T. ) ;
#2983 = DIRECTION ( 'NONE',  ( -0.2535801187161745296, -0.9673143870489527840, 0.000000000000000000 ) ) ;
#2984 = CARTESIAN_POINT ( 'NONE',  ( 9.684939307979599121, 21.46105074906151700, -8.905599999999999739 ) ) ;
#2985 = CARTESIAN_POINT ( 'NONE',  ( -15.81161317222775864, -7.601217979963639237, -8.905600000000001515 ) ) ;
#2986 = VERTEX_POINT ( 'NONE', #2927 ) ;
#2987 = ORIENTED_EDGE ( 'NONE', *, *, #6752, .F. ) ;
#2988 = EDGE_LOOP ( 'NONE', ( #6374, #7537 ) ) ;
#2989 = CARTESIAN_POINT ( 'NONE',  ( -12.47800740327390479, -10.52432618645817897, -5.730599999999994587 ) ) ;
#2990 = CARTESIAN_POINT ( 'NONE',  ( -14.43158449124751286, -6.659646363897026689, -7.318099999999999383 ) ) ;
#2991 = CARTESIAN_POINT ( 'NONE',  ( -8.076084613443670790, -18.89001488403089013, 7.043499999999998984 ) ) ;
#2992 = CARTESIAN_POINT ( 'NONE',  ( 1.835983274965297118, -1.717769742537437860, -8.561620107892474962 ) ) ;
#2993 = CARTESIAN_POINT ( 'NONE',  ( -11.94199770110470560, -7.528827925334191207, -5.730599999999999916 ) ) ;
#2994 = CARTESIAN_POINT ( 'NONE',  ( -8.940015150338160410, -9.243803669068361373, 12.55599999790798371 ) ) ;
#2995 = CARTESIAN_POINT ( 'NONE',  ( 9.492080810644036859, -12.46672621207195242, 11.05600000000000271 ) ) ;
#2996 = AXIS2_PLACEMENT_3D ( 'NONE', #7741, #3251, #7701 ) ;
#2997 = ORIENTED_EDGE ( 'NONE', *, *, #6504, .F. ) ;
#2998 = DIRECTION ( 'NONE',  ( 0.000000000000000000, 0.000000000000000000, -1.000000000000000000 ) ) ;
#2999 = PLANE ( 'NONE',  #6219 ) ;
#3000 = CARTESIAN_POINT ( 'NONE',  ( 9.652883928318475526, 14.68731671916626347, 6.050900000000028811 ) ) ;
#3001 = CARTESIAN_POINT ( 'NONE',  ( -2.638067209385873468, 5.352051171928428275, 0.000000000000000000 ) ) ;
#3002 = CARTESIAN_POINT ( 'NONE',  ( 6.426220926797029165, 26.62486273173800200, 8.630999999999941608 ) ) ;
#3003 = CARTESIAN_POINT ( 'NONE',  ( 1.323853509309392162, -19.93343835434673395, 1.146649530541541839 ) ) ;
#3004 = CARTESIAN_POINT ( 'NONE',  ( 22.32431652841541947, -10.97356072241889713, 11.80600000000000271 ) ) ;
#3005 = AXIS2_PLACEMENT_3D ( 'NONE', #4805, #3470, #3601 ) ;
#3006 = CARTESIAN_POINT ( 'NONE',  ( -7.423976947039199636, -17.43869423891718995, -5.730599999999999028 ) ) ;
#3007 = VERTEX_POINT ( 'NONE', #1057 ) ;
#3008 = VERTEX_POINT ( 'NONE', #6140 ) ;
#3009 = CARTESIAN_POINT ( 'NONE',  ( -30.03296279907226207, 0.000000000000000000, 8.631000000000000227 ) ) ;
#3010 = EDGE_CURVE ( 'NONE', #6531, #1279, #4605, .T. ) ;
#3011 = CARTESIAN_POINT ( 'NONE',  ( 17.44611340266509814, 7.656533872797455231, 0.000000000000000000 ) ) ;
#3012 = CARTESIAN_POINT ( 'NONE',  ( -9.627869797383059591, -8.822683631178811936, 13.39366456429449848 ) ) ;
#3013 = CARTESIAN_POINT ( 'NONE',  ( 13.31780050810802862, 11.74001846247078440, 1.587499999999999911 ) ) ;
#3014 = CARTESIAN_POINT ( 'NONE',  ( -27.11334437784210039, 35.98304491953225437, 14.98099999999999454 ) ) ;
#3015 = AXIS2_PLACEMENT_3D ( 'NONE', #7570, #3815, #1942 ) ;
#3016 = CARTESIAN_POINT ( 'NONE',  ( 8.202106717118711643, 15.84375280135155784, -11.30428906477124329 ) ) ;
#3017 = VECTOR ( 'NONE', #5805, 1000.000000000000114 ) ;
#3018 = CARTESIAN_POINT ( 'NONE',  ( -16.43012180872675287, -4.901778099245506226, -15.44909999999999961 ) ) ;
#3019 = CARTESIAN_POINT ( 'NONE',  ( -11.89037289558351418, -13.15962468831480869, -8.248035969732711692 ) ) ;
#3020 = ORIENTED_EDGE ( 'NONE', *, *, #6344, .T. ) ;
#3021 = CARTESIAN_POINT ( 'NONE',  ( -8.299218485409694424, -18.80774211568883914, -8.905600000000001515 ) ) ;
#3022 = CARTESIAN_POINT ( 'NONE',  ( 9.169603263354870748, -13.98518257472503379, 13.39349904687932202 ) ) ;
#3023 = CARTESIAN_POINT ( 'NONE',  ( -24.48110990821212596, -3.611575660193429904, 8.631000000000000227 ) ) ;
#3024 = CARTESIAN_POINT ( 'NONE',  ( 19.34913917186174004, 1.726690403717615174, 1.587499999999999911 ) ) ;
#3025 = CARTESIAN_POINT ( 'NONE',  ( -1.447615242865006202, -21.14772114095298150, 7.043499999999999872 ) ) ;
#3026 = LINE ( 'NONE', #3690, #1290 ) ;
#3027 = CARTESIAN_POINT ( 'NONE',  ( 28.31198947043230518, 0.6227037764108297457, 11.80600000000000094 ) ) ;
#3028 =( BOUNDED_CURVE ( )  B_SPLINE_CURVE ( 3, ( #8102, #2860, #2403, #4930 ),
 .UNSPECIFIED., .F., .T. ) 
 B_SPLINE_CURVE_WITH_KNOTS ( ( 4, 4 ),
 ( 0.001456491916064783787, 0.001694353964019508756 ),
 .UNSPECIFIED. ) 
 CURVE ( )  GEOMETRIC_REPRESENTATION_ITEM ( )  RATIONAL_B_SPLINE_CURVE ( ( 0.9794760715825532316, 0.9851690387977070085, 0.9920103482701893016, 1.000000000000000000 ) ) 
 REPRESENTATION_ITEM ( '' )  );
#3029 = ORIENTED_EDGE ( 'NONE', *, *, #570, .F. ) ;
#3030 = ORIENTED_EDGE ( 'NONE', *, *, #4195, .F. ) ;
#3031 = ORIENTED_EDGE ( 'NONE', *, *, #4231, .F. ) ;
#3032 = CARTESIAN_POINT ( 'NONE',  ( -9.853225687248786002, -3.809484351455105777, 0.000000000000000000 ) ) ;
#3033 = ADVANCED_FACE ( 'NONE', ( #5495 ), #4879, .F. ) ;
#3034 = LINE ( 'NONE', #7451, #7342 ) ;
#3035 = CARTESIAN_POINT ( 'NONE',  ( -8.076743652920773897, -18.89077987542412274, -12.77409999999999890 ) ) ;
#3036 = FACE_OUTER_BOUND ( 'NONE', #8057, .T. ) ;
#3037 = CARTESIAN_POINT ( 'NONE',  ( -11.98739699550838544, -12.91531502102366602, -5.730600000000000804 ) ) ;
#3038 = CARTESIAN_POINT ( 'NONE',  ( -6.974196657650484354, -9.719714757476854317, 14.19556458705075919 ) ) ;
#3039 = CARTESIAN_POINT ( 'NONE',  ( -2.204894577754120455, -10.96236130471560699, 13.39349904687932380 ) ) ;
#3040 = ORIENTED_EDGE ( 'NONE', *, *, #1984, .F. ) ;
#3041 = CARTESIAN_POINT ( 'NONE',  ( -13.81165460862382766, -8.485895278556879973, -5.730599999999999028 ) ) ;
#3042 = DIRECTION ( 'NONE',  ( 1.000000000000000000, 0.000000000000000000, 0.000000000000000000 ) ) ;
#3043 = CARTESIAN_POINT ( 'NONE',  ( 0.05014653387747222690, -11.56175542872333573, 14.20016547221709402 ) ) ;
#3044 = CARTESIAN_POINT ( 'NONE',  ( -9.853225687248780673, -3.809484351455109330, 0.000000000000000000 ) ) ;
#3045 = CARTESIAN_POINT ( 'NONE',  ( 15.09618207182342786, 21.65501198132387373, 8.630999999999993122 ) ) ;
#3046 = CARTESIAN_POINT ( 'NONE',  ( -0.6816406937379828612, -5.961435171037464009, 5.155690697927455268 ) ) ;
#3047 = CARTESIAN_POINT ( 'NONE',  ( -12.07136088887016534, -6.579286415174190772, 11.80600000000000094 ) ) ;
#3048 = B_SPLINE_CURVE_WITH_KNOTS ( 'NONE', 3,
 ( #8087, #1761, #2387, #8215, #6969, #2431, #1265, #6348, #5002, #3053, #8178, #3172, #1182, #4916, #4343, #3638, #510, #5580, #3095, #7587, #1885, #4380, #635, #2341, #6805, #1715, #6847, #7470, #6183, #468, #4300, #4963, #6887, #2708, #3834, #1385, #758, #6386 ),
 .UNSPECIFIED., .F., .F.,
 ( 4, 2, 2, 2, 2, 2, 2, 2, 2, 2, 2, 2, 2, 2, 2, 2, 2, 2, 4 ),
 ( 0.0007805413637012128571, 0.02808819211426436327, 0.08426457634238720962, 0.1404409605716402665, 0.1966173448001218016, 0.2527937290287314287, 0.3089701132573929865, 0.3862126415716793937, 0.4423890258002889930, 0.5196315541150443584, 0.5968740824289655578, 0.6530504666575751571, 0.7232709469433443727, 0.7934914272290993775, 0.8637119075149536362, 0.9339323878006233759, 0.9655316039292052288, 0.9971308200577869707, 0.9995567065826780340 ),
 .UNSPECIFIED. ) ;
#3049 = AXIS2_PLACEMENT_3D ( 'NONE', #5902, #3275, #7686 ) ;
#3050 = CARTESIAN_POINT ( 'NONE',  ( -12.35487886906233790, -11.65554741675927808, -5.730599999999999028 ) ) ;
#3051 = ORIENTED_EDGE ( 'NONE', *, *, #5432, .T. ) ;
#3052 = VERTEX_POINT ( 'NONE', #1963 ) ;
#3053 = CARTESIAN_POINT ( 'NONE',  ( -15.06145482489957566, -2.740503098923020353, -7.318099999999999383 ) ) ;
#3054 = CARTESIAN_POINT ( 'NONE',  ( -0.3683398237218694082, 8.234065217215814414, 0.000000000000000000 ) ) ;
#3055 = CARTESIAN_POINT ( 'NONE',  ( -9.463543038896810700, -8.260503622730084317, 10.42763848800553106 ) ) ;
#3056 = CARTESIAN_POINT ( 'NONE',  ( -1.501048752687702992, 33.03278635709281730, 14.98099999999999454 ) ) ;
#3057 = CARTESIAN_POINT ( 'NONE',  ( -48.95355762924555165, 21.84880566579361982, 14.98099999999996790 ) ) ;
#3058 = CARTESIAN_POINT ( 'NONE',  ( 1.589729586401846584, -19.94823386702750057, -5.730599999999999028 ) ) ;
#3059 = CARTESIAN_POINT ( 'NONE',  ( -16.28897430626091847, -5.700450196666040803, -8.905599999999997962 ) ) ;
#3060 = CARTESIAN_POINT ( 'NONE',  ( -11.82014265965425004, -14.73639830041116561, -8.905600000000001515 ) ) ;
#3061 = ORIENTED_EDGE ( 'NONE', *, *, #1812, .T. ) ;
#3062 = CARTESIAN_POINT ( 'NONE',  ( -8.076229456461835099, -18.89090830555811706, -8.905599999999999739 ) ) ;
#3063 = CARTESIAN_POINT ( 'NONE',  ( 26.21613685041451092, 2.538123062335156721, 13.39349904687931847 ) ) ;
#3064 = CARTESIAN_POINT ( 'NONE',  ( -6.092761286508818763, -9.907193276350634292, 8.631000000000002004 ) ) ;
#3065 = LINE ( 'NONE', #8188, #962 ) ;
#3066 = CARTESIAN_POINT ( 'NONE',  ( -13.89092137571483399, -8.293294202557136785, -7.318099999999999383 ) ) ;
#3067 = CARTESIAN_POINT ( 'NONE',  ( -11.41158442011745855, -14.14504739044597592, -7.318099999999999383 ) ) ;
#3068 = CARTESIAN_POINT ( 'NONE',  ( -16.41965974405983530, 36.03076986445130814, 11.80599999999999206 ) ) ;
#3069 = CARTESIAN_POINT ( 'NONE',  ( 9.144517135047323109, -13.92961173981961309, 10.21850000016612192 ) ) ;
#3070 = ORIENTED_EDGE ( 'NONE', *, *, #2, .F. ) ;
#3071 = VERTEX_POINT ( 'NONE', #3174 ) ;
#3072 = CARTESIAN_POINT ( 'NONE',  ( 8.945847058240147476, 27.23474620158858528, 14.98099999999999454 ) ) ;
#3073 = CARTESIAN_POINT ( 'NONE',  ( -4.673023078167660493, 9.158108384587883677, -7.318099999999999383 ) ) ;
#3074 = DIRECTION ( 'NONE',  ( 1.000000000000000000, 0.000000000000000000, 0.000000000000000000 ) ) ;
#3075 = CARTESIAN_POINT ( 'NONE',  ( -12.36859567801269044, -11.39206396121289977, -5.730600000000001693 ) ) ;
#3076 = CARTESIAN_POINT ( 'NONE',  ( -5.603345093217156681, -10.05485579300199106, 14.19556458705075919 ) ) ;
#3077 = CIRCLE ( 'NONE', #679, 0.7937500000312376347 ) ;
#3078 = EDGE_CURVE ( 'NONE', #2936, #1531, #6472, .T. ) ;
#3079 = CARTESIAN_POINT ( 'NONE',  ( 9.492080810644381472, -12.46672621207195242, 12.55600000000000094 ) ) ;
#3080 = ADVANCED_FACE ( 'NONE', ( #2586 ), #3837, .F. ) ;
#3081 = ORIENTED_EDGE ( 'NONE', *, *, #3010, .T. ) ;
#3082 = VECTOR ( 'NONE', #3488, 1000.000000000000000 ) ;
#3083 = B_SPLINE_SURFACE_WITH_KNOTS ( 'NONE', 3, 1, ( 
 ( #6746, #5354 ),
 ( #4779, #2325 ),
 ( #6578, #3579 ),
 ( #1576, #4113 ),
 ( #235, #5433 ),
 ( #6663, #3536 ),
 ( #999, #1038 ),
 ( #6123, #7979 ),
 ( #917, #368 ),
 ( #876, #7858 ),
 ( #7940, #959 ),
 ( #7369, #5956 ) ),
 .UNSPECIFIED., .F., .F., .F.,
 ( 4, 1, 1, 1, 1, 1, 1, 1, 1, 4 ),
 ( 2, 2 ),
 ( 0.5757304073704194725, 0.5800781249999735767, 0.5878906250000038858, 0.5976562499999800160, 0.6074218750000000000, 0.6171874999999995559, 0.6269531250000000000, 0.6347656250000000000, 0.6445312500000000000, 0.6514132337489412228 ),
 ( 0.000000000000000000, 1.000000000000000000 ),
 .UNSPECIFIED. ) ;
#3084 = CARTESIAN_POINT ( 'NONE',  ( 4.566370287237146108, -12.73717740565215628, 11.05600000000000271 ) ) ;
#3085 = DIRECTION ( 'NONE',  ( -0.9371590407833582104, 0.3489024681454917509, 0.000000000000000000 ) ) ;
#3086 = CARTESIAN_POINT ( 'NONE',  ( -8.075756382246241927, -18.89114725270801642, -15.44909999999999961 ) ) ;
#3087 = CARTESIAN_POINT ( 'NONE',  ( -2.703226009513575168, 8.526984001466102470, -5.730600000000003469 ) ) ;
#3088 = CARTESIAN_POINT ( 'NONE',  ( 11.79159259755874167, 23.96386019914276844, 8.630999999999993122 ) ) ;
#3089 = CARTESIAN_POINT ( 'NONE',  ( -1.005148506369142769, -5.915207222079752469, 6.050900000001405488 ) ) ;
#3090 = PRODUCT_DEFINITION ( 'UNKNOWN', '', #478, #5773 ) ;
#3091 = CARTESIAN_POINT ( 'NONE',  ( -20.08259148370260405, 32.86196989895048404, 11.80599999999999206 ) ) ;
#3092 = AXIS2_PLACEMENT_3D ( 'NONE', #2620, #7395, #5591 ) ;
#3093 = DIRECTION ( 'NONE',  ( -0.000000000000000000, -0.000000000000000000, -1.000000000000000000 ) ) ;
#3094 = ORIENTED_EDGE ( 'NONE', *, *, #3687, .F. ) ;
#3095 = CARTESIAN_POINT ( 'NONE',  ( -13.76229623950490222, 4.245151003387815258, -7.318099999999999383 ) ) ;
#3096 = CARTESIAN_POINT ( 'NONE',  ( -0.7382928528652009659, 7.764312843947699605, 0.000000000000000000 ) ) ;
#3097 = CARTESIAN_POINT ( 'NONE',  ( -9.332175998875547052, -7.811082455116514112, 12.77374104871328697 ) ) ;
#3098 = CARTESIAN_POINT ( 'NONE',  ( 2.229183074677309140, -13.76562875766001959, 14.98100000000000520 ) ) ;
#3099 = CARTESIAN_POINT ( 'NONE',  ( 15.81603941767245836, -13.23563869823644801, 14.98100000000015619 ) ) ;
#3100 = CARTESIAN_POINT ( 'NONE',  ( 0.3806793846580737162, -16.23688503106220438, 7.043499999999998984 ) ) ;
#3101 = CARTESIAN_POINT ( 'NONE',  ( -16.53301447364963295, -4.165364360595476434, -8.905599999999997962 ) ) ;
#3102 = CARTESIAN_POINT ( 'NONE',  ( -11.73804094493875816, -13.50742943260772932, -8.248035969732711692 ) ) ;
#3103 = ORIENTED_EDGE ( 'NONE', *, *, #2976, .F. ) ;
#3104 = DIRECTION ( 'NONE',  ( -0.000000000000000000, -0.000000000000000000, 1.000000000000000000 ) ) ;
#3105 = CARTESIAN_POINT ( 'NONE',  ( -16.39921938456458150, 1.356770639749712792, -15.44909999999999961 ) ) ;
#3106 = DIRECTION ( 'NONE',  ( 0.9371590407833587655, -0.3489024681454906407, 0.000000000000000000 ) ) ;
#3107 = LINE ( 'NONE', #1777, #3839 ) ;
#3108 = CARTESIAN_POINT ( 'NONE',  ( -12.05430474868962953, -12.74539890315747037, 0.000000000000000000 ) ) ;
#3109 = CARTESIAN_POINT ( 'NONE',  ( -27.11334437784210394, 35.98304491953225437, 11.80599999999999206 ) ) ;
#3110 = ORIENTED_EDGE ( 'NONE', *, *, #7084, .F. ) ;
#3111 = EDGE_CURVE ( 'NONE', #4876, #69, #7140, .T. ) ;
#3112 = ORIENTED_EDGE ( 'NONE', *, *, #2593, .F. ) ;
#3113 = ORIENTED_EDGE ( 'NONE', *, *, #2958, .T. ) ;
#3114 = LINE ( 'NONE', #615, #5674 ) ;
#3115 = EDGE_CURVE ( 'NONE', #1449, #868, #8017, .T. ) ;
#3116 = CARTESIAN_POINT ( 'NONE',  ( -10.80344840032254439, 7.649930394072104178, -7.318099999999999383 ) ) ;
#3117 = CARTESIAN_POINT ( 'NONE',  ( 3.244845468080530537, 5.047034851980924941, 6.704460344365199553 ) ) ;
#3118 = CARTESIAN_POINT ( 'NONE',  ( -18.89888435792380861, 32.85861777811342677, 11.01224999887619482 ) ) ;
#3119 = DIRECTION ( 'NONE',  ( -0.000000000000000000, -0.000000000000000000, -1.000000000000000000 ) ) ;
#3120 = CARTESIAN_POINT ( 'NONE',  ( 19.34890321087421583, -0.9952133531469556926, -5.730599999999999028 ) ) ;
#3121 = CARTESIAN_POINT ( 'NONE',  ( 8.022768310179205997, 12.05773218950402814, -0.7916948918786468337 ) ) ;
#3122 = VERTEX_POINT ( 'NONE', #3211 ) ;
#3123 = CARTESIAN_POINT ( 'NONE',  ( 4.467446887061314875, 7.446765938267413176, -8.905599999728806893 ) ) ;
#3124 =( LENGTH_UNIT ( ) NAMED_UNIT ( * ) SI_UNIT ( .MILLI., .METRE. ) );
#3125 = CARTESIAN_POINT ( 'NONE',  ( 8.650102535670097126, 14.79620885814016518, 4.712981546758285845 ) ) ;
#3126 = CARTESIAN_POINT ( 'NONE',  ( -5.476848407906265592, 4.313286688830134885, 3.174999999999999822 ) ) ;
#3127 = CARTESIAN_POINT ( 'NONE',  ( -41.34135381484318827, 28.62881875561848588, 8.631000000000106809 ) ) ;
#3128 = CARTESIAN_POINT ( 'NONE',  ( 1.502673005976295384, -19.94388149830309231, 1.001888259841432705 ) ) ;
#3129 = CARTESIAN_POINT ( 'NONE',  ( -42.95525717008185751, 27.44897564401927070, 8.630999999999989569 ) ) ;
#3130 = EDGE_LOOP ( 'NONE', ( #6991, #3365 ) ) ;
#3131 = EDGE_CURVE ( 'NONE', #7825, #5406, #3256, .T. ) ;
#3132 = CARTESIAN_POINT ( 'NONE',  ( 7.753399123910876156, -13.58281357009084545, 12.55600000000000094 ) ) ;
#3133 = ORIENTED_EDGE ( 'NONE', *, *, #5510, .T. ) ;
#3134 = CARTESIAN_POINT ( 'NONE',  ( 0.3806793846580737162, -16.23688503106220438, 7.043499999999998984 ) ) ;
#3135 = B_SPLINE_CURVE_WITH_KNOTS ( 'NONE', 3,
 ( #1962, #3914, #3295, #4665, #6430, #6387, #3878, #675, #5834, #3210, #2087, #5790, #123, #2665, #5198, #2250, #2874, #1583, #1507, #2332, #6713, #6756 ),
 .UNSPECIFIED., .F., .F.,
 ( 4, 2, 2, 2, 2, 2, 2, 2, 2, 2, 4 ),
 ( 0.006553122102828658549, 0.007313334954066339280, 0.008073547805304020011, 0.008453654230922862112, 0.008833760656541702477, 0.009213867082160542843, 0.009593973507779383209, 0.009974079933398223574, 0.01035418635901706394, 0.01111439921025474120, 0.01263482491273009746 ),
 .UNSPECIFIED. ) ;
#3136 = CARTESIAN_POINT ( 'NONE',  ( 10.63471291611727310, 3.349978938386635630, -5.730599999999997252 ) ) ;
#3137 = CARTESIAN_POINT ( 'NONE',  ( 2.420428040132277303, -3.040034490371304798, 3.174999999999999822 ) ) ;
#3138 = CARTESIAN_POINT ( 'NONE',  ( -36.57734624587926930, 34.39605359592100342, 14.98099999999999454 ) ) ;
#3139 = CARTESIAN_POINT ( 'NONE',  ( -42.00193863272112083, 7.125692526716533415, 14.98099999999999987 ) ) ;
#3140 = CARTESIAN_POINT ( 'NONE',  ( -9.484059324253207635, -9.083107392662135737, 10.21850059711605141 ) ) ;
#3141 = EDGE_CURVE ( 'NONE', #6740, #1731, #5710, .T. ) ;
#3142 = CARTESIAN_POINT ( 'NONE',  ( -16.04143873714527047, 2.813959658486365978, -15.44909999999999961 ) ) ;
#3143 = EDGE_LOOP ( 'NONE', ( #6846, #7469, #836, #3522 ) ) ;
#3144 = CARTESIAN_POINT ( 'NONE',  ( 4.759815703703596412, -12.78599078537129863, 8.631000000000003780 ) ) ;
#3145 = CIRCLE ( 'NONE', #7404, 2.500000000000000000 ) ;
#3146 = PLANE ( 'NONE',  #3755 ) ;
#3147 = CARTESIAN_POINT ( 'NONE',  ( 19.67346976725517038, 19.47390449454815808, 14.98099999999999454 ) ) ;
#3148 = CARTESIAN_POINT ( 'NONE',  ( 12.16910334886818568, -14.54587935834384460, 12.55600000000000271 ) ) ;
#3149 = CARTESIAN_POINT ( 'NONE',  ( -48.86279541950757732, 23.23735313982344408, 11.80599999999999383 ) ) ;
#3150 = CARTESIAN_POINT ( 'NONE',  ( 4.565458976127893642, -12.74065372056012357, 10.21850000016612192 ) ) ;
#3151 = VECTOR ( 'NONE', #8180, 1000.000000000000000 ) ;
#3152 = VERTEX_POINT ( 'NONE', #124 ) ;
#3153 = ORIENTED_EDGE ( 'NONE', *, *, #5882, .F. ) ;
#3154 = CARTESIAN_POINT ( 'NONE',  ( -4.556636004441492638, 10.74571626661312074, -8.905599999999997962 ) ) ;
#3155 = CARTESIAN_POINT ( 'NONE',  ( -14.05551371346903089, -7.846525016573304256, -8.248035969732711692 ) ) ;
#3156 = CARTESIAN_POINT ( 'NONE',  ( 5.259699972728243189, 2.887136331537275336, 6.050900000000028811 ) ) ;
#3157 = CARTESIAN_POINT ( 'NONE',  ( -12.32013979159181893, -11.68586225281760704, -5.730599999999999028 ) ) ;
#3158 = CARTESIAN_POINT ( 'NONE',  ( 19.19388020387352256, -0.6398805656995885105, -7.318099999999999383 ) ) ;
#3159 = EDGE_CURVE ( 'NONE', #5216, #1504, #1342, .T. ) ;
#3160 = PLANE ( 'NONE',  #7959 ) ;
#3161 = ORIENTED_EDGE ( 'NONE', *, *, #1401, .F. ) ;
#3162 = CARTESIAN_POINT ( 'NONE',  ( 17.53308877281843436, 10.23175332113195424, 3.174999999999999822 ) ) ;
#3163 = CARTESIAN_POINT ( 'NONE',  ( -30.03296279907226207, 0.000000000000000000, 14.98099999999999810 ) ) ;
#3164 = CARTESIAN_POINT ( 'NONE',  ( 9.146571404047623588, 14.75330471369210983, 4.976598279016569037 ) ) ;
#3165 = CARTESIAN_POINT ( 'NONE',  ( 19.34913917186175425, -0.9952426981688476948, -5.730599999999999028 ) ) ;
#3166 = CARTESIAN_POINT ( 'NONE',  ( -48.86279541950757732, 23.23735313982445305, 8.631000000000032202 ) ) ;
#3167 = CARTESIAN_POINT ( 'NONE',  ( 0.3390198499629162310, -5.993556827385837948, 4.644495731715017506 ) ) ;
#3168 = CARTESIAN_POINT ( 'NONE',  ( 0.9736327287355466265, 9.938051241704659589, 1.587500000000000133 ) ) ;
#3169 = CARTESIAN_POINT ( 'NONE',  ( -30.17479237114829260, 32.77157383640863486, 8.630999999999989569 ) ) ;
#3170 = DIRECTION ( 'NONE',  ( 0.3489024681454918064, 0.9371590407833582104, 0.000000000000000000 ) ) ;
#3171 = ORIENTED_EDGE ( 'NONE', *, *, #5654, .F. ) ;
#3172 = CARTESIAN_POINT ( 'NONE',  ( -15.07311084845917648, -1.246108911772247696, -7.318099999999999383 ) ) ;
#3173 = CARTESIAN_POINT ( 'NONE',  ( 14.91564752244661030, 1.688370582274835385, -5.730599999999999028 ) ) ;
#3174 = CARTESIAN_POINT ( 'NONE',  ( -0.7382928528652025202, 7.764312843947697829, -5.730599999999999028 ) ) ;
#3175 = CARTESIAN_POINT ( 'NONE',  ( 23.15220087576790675, 9.544644554831304362, 14.98099999999999987 ) ) ;
#3176 = CIRCLE ( 'NONE', #5699, 3.174999999999999822 ) ;
#3177 = CARTESIAN_POINT ( 'NONE',  ( 0.000000000000000000, 0.000000000000000000, 0.000000000000000000 ) ) ;
#3178 = VERTEX_POINT ( 'NONE', #48 ) ;
#3179 = CARTESIAN_POINT ( 'NONE',  ( 2.464092884498218172, 0.4831565434051261487, -8.593444939028817231 ) ) ;
#3180 = ORIENTED_EDGE ( 'NONE', *, *, #8159, .F. ) ;
#3181 = ADVANCED_FACE ( 'NONE', ( #85 ), #3879, .F. ) ;
#3182 = CARTESIAN_POINT ( 'NONE',  ( -16.11509610006104865, -6.492827883625674090, -15.44909999999999961 ) ) ;
#3183 = DIRECTION ( 'NONE',  ( 0.9371590407833580993, -0.3489024681454918064, 0.000000000000000000 ) ) ;
#3184 = CARTESIAN_POINT ( 'NONE',  ( -10.21505875053764889, -15.68629689704059693, 0.000000000000000000 ) ) ;
#3185 = CARTESIAN_POINT ( 'NONE',  ( -7.829001583366465233, -11.15330637801602798, 11.80600000000000271 ) ) ;
#3186 = CARTESIAN_POINT ( 'NONE',  ( 3.987802606005437234, 5.929920653455226898, -3.062510276358269667 ) ) ;
#3187 = ORIENTED_EDGE ( 'NONE', *, *, #3141, .F. ) ;
#3188 = CARTESIAN_POINT ( 'NONE',  ( -11.14879390180936625, 9.306978657444471281, -8.905599999999997962 ) ) ;
#3189 = CARTESIAN_POINT ( 'NONE',  ( -12.69611107861289589, 5.860204217221870238, -8.248035969732711692 ) ) ;
#3190 = DIRECTION ( 'NONE',  ( -0.3489024681454929167, -0.9371590407833578773, 0.000000000000000000 ) ) ;
#3191 = UNCERTAINTY_MEASURE_WITH_UNIT (LENGTH_MEASURE( 1.000000000000000082E-05 ), #930, 'distance_accuracy_value', 'NONE');
#3192 = PLANE ( 'NONE',  #3049 ) ;
#3193 = CARTESIAN_POINT ( 'NONE',  ( 16.28144015722066129, 1.158382521813879684, -7.318099999999999383 ) ) ;
#3194 = ORIENTED_EDGE ( 'NONE', *, *, #2501, .T. ) ;
#3195 = ORIENTED_EDGE ( 'NONE', *, *, #5539, .T. ) ;
#3196 = ORIENTED_EDGE ( 'NONE', *, *, #816, .T. ) ;
#3197 = CARTESIAN_POINT ( 'NONE',  ( 16.32820644849762459, 10.18513740152879343, 3.174999999999999822 ) ) ;
#3198 = CARTESIAN_POINT ( 'NONE',  ( -6.772800442731750969, -28.57256243734818213, -12.77409999999999712 ) ) ;
#3199 = CARTESIAN_POINT ( 'NONE',  ( -30.03296279907226207, 0.000000000000000000, 8.631000000000000227 ) ) ;
#3200 = DIRECTION ( 'NONE',  ( 6.550624015266702829E-15, -1.000000000000000000, 0.000000000000000000 ) ) ;
#3201 = AXIS2_PLACEMENT_3D ( 'NONE', #751, #8209, #7616 ) ;
#3202 = CARTESIAN_POINT ( 'NONE',  ( -6.908491289137257851, 34.65822918375732087, 8.630999999999989569 ) ) ;
#3203 = CARTESIAN_POINT ( 'NONE',  ( 0.000000000000000000, 0.000000000000000000, 3.756000000000000671 ) ) ;
#3204 = CARTESIAN_POINT ( 'NONE',  ( 12.69427714116496020, 12.08191484158582796, 0.000000000000000000 ) ) ;
#3205 = CARTESIAN_POINT ( 'NONE',  ( -20.08259148370260405, 32.86196989895047693, 8.630999999999989569 ) ) ;
#3206 = VECTOR ( 'NONE', #760, 1000.000000000000000 ) ;
#3207 = EDGE_CURVE ( 'NONE', #2562, #4351, #1928, .T. ) ;
#3208 = EDGE_LOOP ( 'NONE', ( #3278, #8065, #6152, #6710 ) ) ;
#3209 = CARTESIAN_POINT ( 'NONE',  ( 0.5189331043164729929, -3.544811900553280992, -11.10558100046936403 ) ) ;
#3210 = CARTESIAN_POINT ( 'NONE',  ( 5.501017016698011020, 8.518920602845426515, -3.313571035969707701 ) ) ;
#3211 = CARTESIAN_POINT ( 'NONE',  ( 6.000000000000000888, 0.000000000000000000, 8.631000000000000227 ) ) ;
#3212 = CARTESIAN_POINT ( 'NONE',  ( -2.472180545705637389, 30.00936299409639929, 14.98099999999999454 ) ) ;
#3213 = AXIS2_PLACEMENT_3D ( 'NONE', #7777, #4533, #7820 ) ;
#3214 = EDGE_CURVE ( 'NONE', #5816, #7771, #7541, .T. ) ;
#3215 = CARTESIAN_POINT ( 'NONE',  ( 7.903908348099406567, 13.27781025290943973, 0.000000000000000000 ) ) ;
#3216 = LINE ( 'NONE', #5885, #4959 ) ;
#3217 = ORIENTED_EDGE ( 'NONE', *, *, #1895, .T. ) ;
#3218 = AXIS2_PLACEMENT_3D ( 'NONE', #3724, #1726, #8097 ) ;
#3219 = CARTESIAN_POINT ( 'NONE',  ( -12.22002286999543053, -8.303848861734207887, 1.587499999999999911 ) ) ;
#3220 = CARTESIAN_POINT ( 'NONE',  ( 14.25591115407787335, 24.17868099335252197, 8.630999999999994898 ) ) ;
#3221 = CARTESIAN_POINT ( 'NONE',  ( 7.397063404253787944, -1.939129864411724524, 8.631000000000000227 ) ) ;
#3222 = B_SPLINE_CURVE_WITH_KNOTS ( 'NONE', 3,
 ( #3429, #7715, #4679, #3350, #5893, #2806, #2142, #7268, #2640, #176, #5334, #3889, #4593, #133 ),
 .UNSPECIFIED., .F., .F.,
 ( 4, 2, 2, 2, 2, 2, 4 ),
 ( 0.5369844867754621776, 0.5797849272169983692, 0.7086012958000020845, 0.8373685893390858670, 0.9402666091889637645, 0.9975972655642210141, 0.9999999964652235285 ),
 .UNSPECIFIED. ) ;
#3223 = CARTESIAN_POINT ( 'NONE',  ( -9.586657712543104282, -16.24503456457990680, -7.318099999999999383 ) ) ;
#3224 = EDGE_CURVE ( 'NONE', #1199, #7509, #4240, .T. ) ;
#3225 = CARTESIAN_POINT ( 'NONE',  ( -4.419640609211103133, -12.01210068695334776, 11.80600000000000271 ) ) ;
#3226 = AXIS2_PLACEMENT_3D ( 'NONE', #657, #1909, #1444 ) ;
#3227 = CARTESIAN_POINT ( 'NONE',  ( 8.945847058240147476, 27.23474620158858528, 14.98099999999999810 ) ) ;
#3228 = EDGE_CURVE ( 'NONE', #6204, #6582, #162, .T. ) ;
#3229 = CARTESIAN_POINT ( 'NONE',  ( -24.48110990821212596, -3.611575660193429904, 13.39349904687931847 ) ) ;
#3230 = AXIS2_PLACEMENT_3D ( 'NONE', #1271, #6392, #1966 ) ;
#3231 = ORIENTED_EDGE ( 'NONE', *, *, #5286, .T. ) ;
#3232 = EDGE_LOOP ( 'NONE', ( #5999, #4523, #5173, #1759 ) ) ;
#3233 = CARTESIAN_POINT ( 'NONE',  ( 20.95885408180547316, -0.4041170700157871165, -8.905599999999999739 ) ) ;
#3234 = FACE_OUTER_BOUND ( 'NONE', #2197, .T. ) ;
#3235 = CARTESIAN_POINT ( 'NONE',  ( -15.73057291607648089, -1.225592921993483131, -8.905600000000001515 ) ) ;
#3236 = DIRECTION ( 'NONE',  ( 0.3504248004933557814, 0.9365908707643866293, 0.000000000000000000 ) ) ;
#3237 = CARTESIAN_POINT ( 'NONE',  ( 10.55961939193170451, 21.13540907369177901, -1.949099999999974520 ) ) ;
#3238 = CARTESIAN_POINT ( 'NONE',  ( 6.103582224409833223, 11.83987123057785418, -0.8916074621469616268 ) ) ;
#3239 = ADVANCED_FACE ( 'NONE', ( #3500, #886 ), #7250, .T. ) ;
#3240 = ORIENTED_EDGE ( 'NONE', *, *, #4704, .T. ) ;
#3241 = ORIENTED_EDGE ( 'NONE', *, *, #3465, .T. ) ;
#3242 = VERTEX_POINT ( 'NONE', #3380 ) ;
#3243 = CARTESIAN_POINT ( 'NONE',  ( 17.76299797254709389, 8.393377990183905624, 3.174999999999999822 ) ) ;
#3244 = DIRECTION ( 'NONE',  ( 0.9371590407833577663, -0.3489024681454929722, 0.000000000000000000 ) ) ;
#3245 = LINE ( 'NONE', #2076, #2011 ) ;
#3246 = CARTESIAN_POINT ( 'NONE',  ( 23.33091368197174020, 13.91566868371786825, 10.21850059711604608 ) ) ;
#3247 = CARTESIAN_POINT ( 'NONE',  ( -47.26318507213461118, 14.98993600145355387, 8.630999999999994898 ) ) ;
#3248 = CARTESIAN_POINT ( 'NONE',  ( -3.174999999999999822, 0.000000000000000000, -8.949100000000001387 ) ) ;
#3249 = CARTESIAN_POINT ( 'NONE',  ( 5.934055386172462754, 13.04683675044269719, 1.587499999999999911 ) ) ;
#3250 = CARTESIAN_POINT ( 'NONE',  ( 3.034299951601164391, -10.69440557877959286, 8.631000000000000227 ) ) ;
#3251 = DIRECTION ( 'NONE',  ( 0.6187123756285676235, 0.7856175890622958402, -0.000000000000000000 ) ) ;
#3252 = EDGE_CURVE ( 'NONE', #7206, #8064, #4624, .T. ) ;
#3253 = ORIENTED_EDGE ( 'NONE', *, *, #1791, .F. ) ;
#3254 = DIRECTION ( 'NONE',  ( 0.3489024681454917509, 0.9371590407833582104, 0.000000000000000000 ) ) ;
#3255 = DIRECTION ( 'NONE',  ( -0.3489024681454917509, -0.9371590407833582104, -0.000000000000000000 ) ) ;
#3256 = LINE ( 'NONE', #5082, #7273 ) ;
#3257 = CARTESIAN_POINT ( 'NONE',  ( 25.20082822569305137, -0.01930093290845598039, 14.98099999999999987 ) ) ;
#3258 = CARTESIAN_POINT ( 'NONE',  ( -1.169984487269735141, -11.23817251630137015, 14.98100000000000165 ) ) ;
#3259 = CARTESIAN_POINT ( 'NONE',  ( -8.075756382246241927, -18.89114725270801642, -12.77409999999999890 ) ) ;
#3260 = ADVANCED_FACE ( 'NONE', ( #5923 ), #6006, .F. ) ;
#3261 = ORIENTED_EDGE ( 'NONE', *, *, #5654, .T. ) ;
#3262 = CARTESIAN_POINT ( 'NONE',  ( -11.11177226466715240, -4.459945473755193568, 3.174999999999999822 ) ) ;
#3263 = DIRECTION ( 'NONE',  ( 0.000000000000000000, 0.000000000000000000, 1.000000000000000000 ) ) ;
#3264 = CARTESIAN_POINT ( 'NONE',  ( -15.07311084845917648, -1.246108911772247696, -7.318099999999999383 ) ) ;
#3265 = CARTESIAN_POINT ( 'NONE',  ( 11.48444867788076529, 27.70592705193344329, 11.80599999999999383 ) ) ;
#3266 = CARTESIAN_POINT ( 'NONE',  ( 14.25591103139629823, 24.17868081722507156, 13.39349952343962435 ) ) ;
#3267 = DIRECTION ( 'NONE',  ( 1.000000000000000000, 0.000000000000000000, 0.000000000000000000 ) ) ;
#3268 = VECTOR ( 'NONE', #6851, 1000.000000000000000 ) ;
#3269 = CARTESIAN_POINT ( 'NONE',  ( 4.954364526308858707, 5.554757857502385043, -3.349035450755479371 ) ) ;
#3270 = CARTESIAN_POINT ( 'NONE',  ( -6.092761286508818763, -9.907193276350634292, 14.98100000000000698 ) ) ;
#3271 = ORIENTED_EDGE ( 'NONE', *, *, #4076, .T. ) ;
#3272 = CARTESIAN_POINT ( 'NONE',  ( 0.9736327287353307991, 9.938051241704396688, 0.000000000000000000 ) ) ;
#3273 = CARTESIAN_POINT ( 'NONE',  ( -8.782548804159711509, 8.741916582865714602, -8.248035969732711692 ) ) ;
#3274 = PLANE ( 'NONE',  #7986 ) ;
#3275 = DIRECTION ( 'NONE',  ( 4.302205379782582088E-17, -1.000000000000000000, 2.220446049250313574E-16 ) ) ;
#3276 = CARTESIAN_POINT ( 'NONE',  ( 6.756656488481744383, 12.27816983020901276, -0.6282268579814843656 ) ) ;
#3277 = VECTOR ( 'NONE', #6985, 1000.000000000000000 ) ;
#3278 = ORIENTED_EDGE ( 'NONE', *, *, #7057, .F. ) ;
#3279 = ORIENTED_EDGE ( 'NONE', *, *, #2061, .T. ) ;
#3280 = EDGE_CURVE ( 'NONE', #735, #297, #4527, .T. ) ;
#3281 = EDGE_LOOP ( 'NONE', ( #7569, #1084, #3355, #3565 ) ) ;
#3282 = CARTESIAN_POINT ( 'NONE',  ( 20.93663915342094839, 3.006843940567516693, 3.174999999999999822 ) ) ;
#3283 = CARTESIAN_POINT ( 'NONE',  ( 10.55961939193169741, 21.13540907369177546, -9.949099999999967636 ) ) ;
#3284 = CARTESIAN_POINT ( 'NONE',  ( -10.11145738087430246, -4.158924784553586385, -0.000000000000000000 ) ) ;
#3285 = CARTESIAN_POINT ( 'NONE',  ( 19.67346976719853657, 19.47390449463422968, 10.21850059711604608 ) ) ;
#3286 = CARTESIAN_POINT ( 'NONE',  ( 10.86804480477624679, -15.96762004994088713, 8.631000000000000227 ) ) ;
#3287 = CARTESIAN_POINT ( 'NONE',  ( 4.483368463416239180, 6.570450437363980711, -8.686719366397742448 ) ) ;
#3288 = CARTESIAN_POINT ( 'NONE',  ( 0.000000000000000000, 0.000000000000000000, 3.756000000000000671 ) ) ;
#3289 = CARTESIAN_POINT ( 'NONE',  ( -41.34135381484318827, 28.62881875561848588, 8.631000000000106809 ) ) ;
#3290 = ADVANCED_FACE ( 'NONE', ( #5241 ), #4582, .T. ) ;
#3291 = DIRECTION ( 'NONE',  ( -3.696461235175309246E-05, -0.9999999993168088297, 0.000000000000000000 ) ) ;
#3292 = ORIENTED_EDGE ( 'NONE', *, *, #4040, .T. ) ;
#3293 = FACE_OUTER_BOUND ( 'NONE', #250, .T. ) ;
#3294 = CARTESIAN_POINT ( 'NONE',  ( 6.742591069737308374, 14.75943507820439216, 6.424117595812071535 ) ) ;
#3295 = CARTESIAN_POINT ( 'NONE',  ( 4.888638570321287347, 9.853654874344652370, -2.245744300373226920 ) ) ;
#3296 = DIRECTION ( 'NONE',  ( -0.3489024681454917509, -0.9371590407833582104, -0.000000000000000000 ) ) ;
#3297 = CARTESIAN_POINT ( 'NONE',  ( 11.50783914886425308, -12.85637688752249552, 14.98100000000000520 ) ) ;
#3298 = CARTESIAN_POINT ( 'NONE',  ( -0.8872122126996903058, -19.64246734038997388, 1.798530098871298222 ) ) ;
#3299 = CARTESIAN_POINT ( 'NONE',  ( 11.16019136842701442, 12.74039699110846691, 0.000000000000000000 ) ) ;
#3300 = FACE_OUTER_BOUND ( 'NONE', #3232, .T. ) ;
#3301 = CARTESIAN_POINT ( 'NONE',  ( -15.36725559823728204, -8.877615641742254482, -8.905599999999999739 ) ) ;
#3302 = ORIENTED_EDGE ( 'NONE', *, *, #1992, .F. ) ;
#3303 = CARTESIAN_POINT ( 'NONE',  ( -7.523516826610325836, -17.40178589657775632, 2.517435969732711776 ) ) ;
#3304 = LINE ( 'NONE', #4003, #1882 ) ;
#3305 = CARTESIAN_POINT ( 'NONE',  ( -14.84865981886881947, 1.076030287531293483, -7.318099999999999383 ) ) ;
#3306 = CARTESIAN_POINT ( 'NONE',  ( 28.31198947043230518, 0.6227037764108297457, 11.80600000000000094 ) ) ;
#3307 = EDGE_CURVE ( 'NONE', #5624, #6593, #5320, .T. ) ;
#3308 = CARTESIAN_POINT ( 'NONE',  ( 26.21613685041451092, 2.538123062335156721, 13.39349904687932025 ) ) ;
#3309 = CARTESIAN_POINT ( 'NONE',  ( -6.772800442731750969, -28.57256243734818213, -13.94910000000000139 ) ) ;
#3310 = CARTESIAN_POINT ( 'NONE',  ( -1.447615242864902729, -21.14772114095270084, 3.174999999999999822 ) ) ;
#3311 = AXIS2_PLACEMENT_3D ( 'NONE', #4269, #4852, #4768 ) ;
#3312 = VERTEX_POINT ( 'NONE', #6049 ) ;
#3313 = CARTESIAN_POINT ( 'NONE',  ( 2.229183074677310028, -13.76562875766001781, 11.80600000000000094 ) ) ;
#3314 = CARTESIAN_POINT ( 'NONE',  ( -14.76875028746344931, -5.206464281080813272, -8.248035969732711692 ) ) ;
#3315 = CARTESIAN_POINT ( 'NONE',  ( -12.35487886906233790, -11.65554741675857109, 1.587499999999999911 ) ) ;
#3316 = CARTESIAN_POINT ( 'NONE',  ( 2.151278356618460119, -1.967197634488866864, -8.905599999999999739 ) ) ;
#3317 = CARTESIAN_POINT ( 'NONE',  ( 16.81779775650938547, 2.668662316454843531, -8.905600000000001515 ) ) ;
#3318 = ORIENTED_EDGE ( 'NONE', *, *, #7750, .T. ) ;
#3319 = VERTEX_POINT ( 'NONE', #2173 ) ;
#3320 = VERTEX_POINT ( 'NONE', #1464 ) ;
#3321 = CARTESIAN_POINT ( 'NONE',  ( 0.8671950147110814022, 10.84871912711790465, 3.174999999999999822 ) ) ;
#3322 = DIRECTION ( 'NONE',  ( 1.000000000000000000, 0.000000000000000000, 0.000000000000000000 ) ) ;
#3323 = EDGE_CURVE ( 'NONE', #6234, #6740, #4709, .T. ) ;
#3324 = CARTESIAN_POINT ( 'NONE',  ( 23.33091368197174020, 13.91566868371786825, 8.630999999999996675 ) ) ;
#3325 = CARTESIAN_POINT ( 'NONE',  ( -9.563470004575247430, -8.602364820059431594, 12.55603281448345143 ) ) ;
#3326 = CARTESIAN_POINT ( 'NONE',  ( 28.77451289708931981, -5.204147292516262624, 8.631000000000032202 ) ) ;
#3327 = DIRECTION ( 'NONE',  ( 0.9371590407833582104, -0.3489024681454918064, 0.000000000000000000 ) ) ;
#3328 = FACE_OUTER_BOUND ( 'NONE', #7679, .T. ) ;
#3329 = EDGE_CURVE ( 'NONE', #4818, #6115, #2837, .T. ) ;
#3330 = CARTESIAN_POINT ( 'NONE',  ( 28.31198947043230518, 0.6227037764108300788, 8.630999999999998451 ) ) ;
#3331 = EDGE_CURVE ( 'NONE', #99, #7331, #3077, .T. ) ;
#3332 = ORIENTED_EDGE ( 'NONE', *, *, #6980, .F. ) ;
#3333 = VERTEX_POINT ( 'NONE', #2130 ) ;
#3334 = CARTESIAN_POINT ( 'NONE',  ( 3.257592121193609191, -1.186069183118588555, -10.98223340663628278 ) ) ;
#3335 = CARTESIAN_POINT ( 'NONE',  ( 6.700819191269971498, 14.75502489940326711, 6.241009614718966425 ) ) ;
#3336 = CARTESIAN_POINT ( 'NONE',  ( 10.55961939193169741, 21.13540907369177546, -9.949099999999967636 ) ) ;
#3337 = CARTESIAN_POINT ( 'NONE',  ( 13.29453674526597773, 4.020736867412528781, -8.905599999999999739 ) ) ;
#3338 = CARTESIAN_POINT ( 'NONE',  ( -1.622867371712526152, -12.76438399408505653, 14.98100000000002119 ) ) ;
#3339 = CARTESIAN_POINT ( 'NONE',  ( -0.9621495243181570345, -19.84375046529455844, 2.386947611351974974 ) ) ;
#3340 = B_SPLINE_CURVE_WITH_KNOTS ( 'NONE', 3,
 ( #6169, #4370, #5615, #3123 ),
 .UNSPECIFIED., .F., .F.,
 ( 4, 4 ),
 ( 0.000000000000000000, 0.09972403763447437730 ),
 .UNSPECIFIED. ) ;
#3341 = VECTOR ( 'NONE', #500, 1000.000000000000114 ) ;
#3342 = CARTESIAN_POINT ( 'NONE',  ( 19.30136538586403461, 2.486910886431957124, 0.000000000000000000 ) ) ;
#3343 = VECTOR ( 'NONE', #2905, 999.9999999999998863 ) ;
#3344 = FACE_OUTER_BOUND ( 'NONE', #2705, .T. ) ;
#3345 = ORIENTED_EDGE ( 'NONE', *, *, #5510, .F. ) ;
#3346 = CARTESIAN_POINT ( 'NONE',  ( -7.523516826610324948, -17.40178589657775987, 1.587499999999999911 ) ) ;
#3347 = CIRCLE ( 'NONE', #7995, 1.587499999999999245 ) ;
#3348 = DIRECTION ( 'NONE',  ( -0.9371590407833582104, 0.3489024681454918064, -0.000000000000000000 ) ) ;
#3349 = CARTESIAN_POINT ( 'NONE',  ( -14.92656653629867591, -4.225130301441974545, 0.000000000000000000 ) ) ;
#3350 = CARTESIAN_POINT ( 'NONE',  ( -10.77377632720185652, -15.06705754985584989, -5.730600000000001693 ) ) ;
#3351 = CARTESIAN_POINT ( 'NONE',  ( -1.868502313221987565, -15.39951910751302755, 7.043499999999998984 ) ) ;
#3352 = VECTOR ( 'NONE', #3710, 1000.000000000000000 ) ;
#3353 = CARTESIAN_POINT ( 'NONE',  ( 4.612508644018966208, 5.687446313979810597, -3.340030125220704527 ) ) ;
#3354 = CARTESIAN_POINT ( 'NONE',  ( 0.3806793846580737162, -16.23688503106220438, -12.77410000000000068 ) ) ;
#3355 = ORIENTED_EDGE ( 'NONE', *, *, #484, .T. ) ;
#3356 = CARTESIAN_POINT ( 'NONE',  ( 5.571559769077778945, -14.65035004269344832, 11.80599999999961547 ) ) ;
#3357 = CARTESIAN_POINT ( 'NONE',  ( -16.63745931535508760, -0.6559562539159523586, -8.905600000000001515 ) ) ;
#3358 = CARTESIAN_POINT ( 'NONE',  ( -9.507326696905600727, 8.457349256652838321, -5.730599999999993699 ) ) ;
#3359 = CARTESIAN_POINT ( 'NONE',  ( -2.500000000000000000, 3.061616997868383141E-16, 0.2560000000000005604 ) ) ;
#3360 = CARTESIAN_POINT ( 'NONE',  ( 0.9656174468386756748, 9.928214956165350102, -5.730599999999999028 ) ) ;
#3361 = ADVANCED_FACE ( 'NONE', ( #2875, #4666 ), #7295, .F. ) ;
#3362 = ORIENTED_EDGE ( 'NONE', *, *, #1401, .T. ) ;
#3363 = ORIENTED_EDGE ( 'NONE', *, *, #7547, .T. ) ;
#3364 = EDGE_CURVE ( 'NONE', #4395, #6136, #1508, .T. ) ;
#3365 = ORIENTED_EDGE ( 'NONE', *, *, #5987, .T. ) ;
#3366 = CARTESIAN_POINT ( 'NONE',  ( -24.48110990821212596, -3.611575660193429904, 10.21850059711604963 ) ) ;
#3367 = CARTESIAN_POINT ( 'NONE',  ( 7.249958726092033068, 16.13927626918197689, -9.557549064441685616 ) ) ;
#3368 = FACE_OUTER_BOUND ( 'NONE', #6904, .T. ) ;
#3369 = CARTESIAN_POINT ( 'NONE',  ( -2.014695283645366874, -10.23682132733323868, 11.36663415283823042 ) ) ;
#3370 = CARTESIAN_POINT ( 'NONE',  ( -48.95355762924554455, 21.84880566579361627, 11.80599999999999561 ) ) ;
#3371 = CARTESIAN_POINT ( 'NONE',  ( 6.000000000000000888, -7.347880794884120722E-16, 14.48099999999999987 ) ) ;
#3372 = CARTESIAN_POINT ( 'NONE',  ( 19.34902119136885190, -0.9952133602854130734, 0.000000000000000000 ) ) ;
#3373 = CARTESIAN_POINT ( 'NONE',  ( 28.63184273261631674, -1.233121942092602064, 8.630999999999998451 ) ) ;
#3374 = ORIENTED_EDGE ( 'NONE', *, *, #5085, .F. ) ;
#3375 = AXIS2_PLACEMENT_3D ( 'NONE', #6180, #3093, #6262 ) ;
#3376 = VERTEX_POINT ( 'NONE', #5963 ) ;
#3377 = CARTESIAN_POINT ( 'NONE',  ( 7.084276148095031367, -13.40985403125197450, 12.55600000000000094 ) ) ;
#3378 = CARTESIAN_POINT ( 'NONE',  ( -2.500000000000000000, 0.000000000000000000, -8.949100000000001387 ) ) ;
#3379 = CARTESIAN_POINT ( 'NONE',  ( 1.590095104038063534, -19.94836994353698501, 0.000000000000000000 ) ) ;
#3380 = CARTESIAN_POINT ( 'NONE',  ( 20.93663917186206191, -3.040034490371304798, -15.44909999999999961 ) ) ;
#3381 = CARTESIAN_POINT ( 'NONE',  ( -45.68751235600759486, 22.77985263037423636, 11.80599999999999383 ) ) ;
#3382 = CARTESIAN_POINT ( 'NONE',  ( -4.229680485269870616, 3.331080792519784506, 1.587499999999999911 ) ) ;
#3383 = CARTESIAN_POINT ( 'NONE',  ( 16.68600726385845689, 20.15763671921128974, 14.98100000000060916 ) ) ;
#3384 = EDGE_CURVE ( 'NONE', #3008, #1422, #1660, .T. ) ;
#3385 = DIRECTION ( 'NONE',  ( 1.000000000000000000, 0.000000000000000000, 0.000000000000000000 ) ) ;
#3386 = ORIENTED_EDGE ( 'NONE', *, *, #6033, .T. ) ;
#3387 = CARTESIAN_POINT ( 'NONE',  ( -9.392557478943123428, -16.42452542160103235, 1.587499999999999911 ) ) ;
#3388 = CARTESIAN_POINT ( 'NONE',  ( -8.075426939931087844, -18.89025876392038938, 8.631000000000000227 ) ) ;
#3389 = CARTESIAN_POINT ( 'NONE',  ( -14.76875028746344931, -5.206464281081047751, -7.318099999999999383 ) ) ;
#3390 = ADVANCED_FACE ( 'NONE', ( #5878 ), #4081, .F. ) ;
#3391 = CARTESIAN_POINT ( 'NONE',  ( -9.669967158881936697, 35.40818001634448819, 11.80599999999999206 ) ) ;
#3392 = CARTESIAN_POINT ( 'NONE',  ( -12.05430474868962953, -12.74539890315747037, -7.318099999999999383 ) ) ;
#3393 = DIRECTION ( 'NONE',  ( -0.000000000000000000, -0.000000000000000000, 1.000000000000000000 ) ) ;
#3394 = VECTOR ( 'NONE', #2492, 1000.000000000000000 ) ;
#3395 = CARTESIAN_POINT ( 'NONE',  ( -1.447615242865005314, -21.14772114095298150, -8.905599999999999739 ) ) ;
#3396 = CARTESIAN_POINT ( 'NONE',  ( -7.522063524368012288, -17.40308485334662691, -8.248035969732711692 ) ) ;
#3397 = ORIENTED_EDGE ( 'NONE', *, *, #5181, .F. ) ;
#3398 = CARTESIAN_POINT ( 'NONE',  ( -38.87205052441449737, 33.52680027512989369, 11.80599999999999206 ) ) ;
#3399 = FACE_OUTER_BOUND ( 'NONE', #7437, .T. ) ;
#3400 = CARTESIAN_POINT ( 'NONE',  ( -12.00749707126931298, -7.639939279345856704, 1.587499999999999911 ) ) ;
#3401 = CARTESIAN_POINT ( 'NONE',  ( -13.74369171768156406, -12.73827305083241335, 3.174999999999999822 ) ) ;
#3402 = CARTESIAN_POINT ( 'NONE',  ( 5.368521280657216010, 12.90997370325365523, -5.730599999999999028 ) ) ;
#3403 = ORIENTED_EDGE ( 'NONE', *, *, #3384, .F. ) ;
#3404 = ORIENTED_EDGE ( 'NONE', *, *, #3323, .F. ) ;
#3405 = CARTESIAN_POINT ( 'NONE',  ( 12.23060217376109726, -14.14318730000562141, 13.34291917891584411 ) ) ;
#3406 = CARTESIAN_POINT ( 'NONE',  ( -10.16436796697103162, -3.572044062377906837, 2.636348534532910293 ) ) ;
#3407 = CARTESIAN_POINT ( 'NONE',  ( -8.008001248791284610, -8.700422693099609361, 12.24536584716177146 ) ) ;
#3408 = CARTESIAN_POINT ( 'NONE',  ( -27.11334437784210394, 35.98304491953225437, 11.80599999999999206 ) ) ;
#3409 = LINE ( 'NONE', #3448, #4635 ) ;
#3410 = CARTESIAN_POINT ( 'NONE',  ( 5.089656768021824540, -10.74103297613638830, 13.00400180856847321 ) ) ;
#3411 = CARTESIAN_POINT ( 'NONE',  ( -36.36428634907640145, 2.224798047900578890, 8.630999999999998451 ) ) ;
#3412 = VECTOR ( 'NONE', #348, 1000.000000000000000 ) ;
#3413 = B_SPLINE_CURVE_WITH_KNOTS ( 'NONE', 3,
 ( #6461, #6537, #6996, #4452, #1332, #5781, #709, #1296, #5071, #2538, #3199 ),
 .UNSPECIFIED., .F., .F.,
 ( 4, 1, 1, 1, 1, 1, 1, 1, 4 ),
 ( 0.5000000000000000000, 0.5312499999999995559, 0.5625000000000000000, 0.6015624999999973355, 0.6484375000000048850, 0.6953125000000000000, 0.7578125000000003331, 0.8203124999999988898, 1.000000000000000000 ),
 .UNSPECIFIED. ) ;
#3414 = ORIENTED_EDGE ( 'NONE', *, *, #3214, .T. ) ;
#3415 = DIRECTION ( 'NONE',  ( -0.000000000000000000, 0.000000000000000000, -1.000000000000000000 ) ) ;
#3416 = DIRECTION ( 'NONE',  ( -1.098594435088512496E-16, -2.950846729373555806E-16, -1.000000000000000000 ) ) ;
#3417 = DIRECTION ( 'NONE',  ( 0.000000000000000000, 0.000000000000000000, -1.000000000000000000 ) ) ;
#3418 = CARTESIAN_POINT ( 'NONE',  ( -9.686569714830211453, -9.023495132595190427, 10.21850029864089038 ) ) ;
#3419 = CARTESIAN_POINT ( 'NONE',  ( 25.59606568476175781, -4.805342444250243261, 11.80600000000000094 ) ) ;
#3420 = CARTESIAN_POINT ( 'NONE',  ( -13.46335915016357454, -13.50398159669038911, -15.44909999999999961 ) ) ;
#3421 = CARTESIAN_POINT ( 'NONE',  ( -45.75774510664813022, 21.83306024433469616, 14.98099999999996790 ) ) ;
#3422 = CARTESIAN_POINT ( 'NONE',  ( -9.686569714830211453, -9.023495132595190427, 10.21850029864089038 ) ) ;
#3423 = ORIENTED_EDGE ( 'NONE', *, *, #6961, .F. ) ;
#3424 = CARTESIAN_POINT ( 'NONE',  ( 8.945847058240147476, 27.23474620158858528, 8.630999999999994898 ) ) ;
#3425 = CARTESIAN_POINT ( 'NONE',  ( 0.000000000000000000, 0.000000000000000000, 0.2560000000000005604 ) ) ;
#3426 = CARTESIAN_POINT ( 'NONE',  ( 20.00645753777489944, -0.6728428563028330256, -8.905600000000003291 ) ) ;
#3427 = CARTESIAN_POINT ( 'NONE',  ( -14.98520256183472199, -3.731293133095731740, 0.000000000000000000 ) ) ;
#3428 = CARTESIAN_POINT ( 'NONE',  ( 3.313884498999439376, -14.05062876676627681, 14.98100000000006560 ) ) ;
#3429 = CARTESIAN_POINT ( 'NONE',  ( -10.40645332327645178, -15.48207854144270357, -5.730599999999999028 ) ) ;
#3430 = CARTESIAN_POINT ( 'NONE',  ( 20.93640320978964908, -3.040034481649638298, -8.905600000000001515 ) ) ;
#3431 = EDGE_CURVE ( 'NONE', #5503, #5156, #5316, .T. ) ;
#3432 = DIRECTION ( 'NONE',  ( -0.7660444431189814551, -0.6427876096865352551, 1.427275208435519729E-16 ) ) ;
#3433 = ADVANCED_FACE ( 'NONE', ( #8126 ), #5485, .F. ) ;
#3434 = CARTESIAN_POINT ( 'NONE',  ( -10.41031883446054884, -15.48565035781322408, -7.318099999999999383 ) ) ;
#3435 = ORIENTED_EDGE ( 'NONE', *, *, #6202, .T. ) ;
#3436 = CARTESIAN_POINT ( 'NONE',  ( 12.74199028092941788, -16.33159447792379382, 11.80599999999961547 ) ) ;
#3437 = CARTESIAN_POINT ( 'NONE',  ( -15.81161317222775864, -7.601217979963639237, -8.905600000000001515 ) ) ;
#3438 = CARTESIAN_POINT ( 'NONE',  ( 7.753399127545217873, -13.58281355568365889, 11.05600000000000271 ) ) ;
#3439 = CARTESIAN_POINT ( 'NONE',  ( -9.853225687248778897, -3.809484351455107554, 0.000000000000000000 ) ) ;
#3440 = CARTESIAN_POINT ( 'NONE',  ( 7.909062721539013907, 13.25704616563519167, 1.587499999999999911 ) ) ;
#3441 = CIRCLE ( 'NONE', #3311, 1.587500000000002132 ) ;
#3442 = VERTEX_POINT ( 'NONE', #503 ) ;
#3443 = ORIENTED_EDGE ( 'NONE', *, *, #2568, .F. ) ;
#3444 = CARTESIAN_POINT ( 'NONE',  ( 12.28862641971712044, -13.76324665759105592, 13.18404242559138417 ) ) ;
#3445 = LINE ( 'NONE', #956, #954 ) ;
#3446 = CARTESIAN_POINT ( 'NONE',  ( -2.093480134381779934, -10.53735640076356361, 11.05596718551655400 ) ) ;
#3447 = CARTESIAN_POINT ( 'NONE',  ( -5.273267697204471638, -11.77842311985290813, 8.631000000000000227 ) ) ;
#3448 = CARTESIAN_POINT ( 'NONE',  ( 2.522652101162977889, 6.498606346870407613, 0.000000000000000000 ) ) ;
#3449 = CARTESIAN_POINT ( 'NONE',  ( 12.58662062826656047, 25.34497970708189740, 13.39349904687931669 ) ) ;
#3450 = CARTESIAN_POINT ( 'NONE',  ( -48.07305788143925440, 25.91494184312912097, 8.630999999999954042 ) ) ;
#3451 = VERTEX_POINT ( 'NONE', #6840 ) ;
#3452 = DIRECTION ( 'NONE',  ( 0.000000000000000000, 0.000000000000000000, 1.000000000000000000 ) ) ;
#3453 = CARTESIAN_POINT ( 'NONE',  ( -13.89092137571491747, -8.293294202556946715, -7.422930355679200787 ) ) ;
#3454 = CARTESIAN_POINT ( 'NONE',  ( 5.064273225686058311, 3.218266626180763534, 5.181973908293669773 ) ) ;
#3455 = CARTESIAN_POINT ( 'NONE',  ( -4.505929544752475202, 2.980310178192153714, 0.000000000000000000 ) ) ;
#3456 = CARTESIAN_POINT ( 'NONE',  ( -23.76691292083732776, -2.182336403359665500, 11.80600000000000094 ) ) ;
#3457 = FACE_OUTER_BOUND ( 'NONE', #1724, .T. ) ;
#3458 = CARTESIAN_POINT ( 'NONE',  ( -16.48266611867316556, 32.85587203522655386, 14.98099999999999454 ) ) ;
#3459 = ADVANCED_FACE ( 'NONE', ( #1751 ), #3614, .F. ) ;
#3460 = DIRECTION ( 'NONE',  ( 0.000000000000000000, 0.000000000000000000, -1.000000000000000000 ) ) ;
#3461 = EDGE_LOOP ( 'NONE', ( #5687, #6633, #3895, #6556 ) ) ;
#3462 = DIRECTION ( 'NONE',  ( 0.000000000000000000, -0.000000000000000000, -1.000000000000000000 ) ) ;
#3463 = ADVANCED_FACE ( 'NONE', ( #710 ), #2503, .F. ) ;
#3464 = CARTESIAN_POINT ( 'NONE',  ( 18.98983375043309607, -0.4504519452186187545, -5.730600000000007910 ) ) ;
#3465 = EDGE_CURVE ( 'NONE', #1449, #3664, #38, .T. ) ;
#3466 = VECTOR ( 'NONE', #3541, 1000.000000000000000 ) ;
#3467 = CARTESIAN_POINT ( 'NONE',  ( 1.440101642105905855, -1.371693951336804052, -3.167290274067772859 ) ) ;
#3468 = CARTESIAN_POINT ( 'NONE',  ( -48.86279541950757732, 23.23735313982344408, 11.80599999999999383 ) ) ;
#3469 = CARTESIAN_POINT ( 'NONE',  ( -4.229680485269870616, 3.331080792519784506, -5.730599999999999028 ) ) ;
#3470 = DIRECTION ( 'NONE',  ( 0.000000000000000000, 0.000000000000000000, 1.000000000000000000 ) ) ;
#3471 = CARTESIAN_POINT ( 'NONE',  ( 3.478382687122764327, 6.127647662112575944, -1.949099999999966748 ) ) ;
#3472 = CARTESIAN_POINT ( 'NONE',  ( -8.998819715029160449, -16.66378078452587630, -8.248035969732711692 ) ) ;
#3473 = AXIS2_PLACEMENT_3D ( 'NONE', #6575, #913, #4109 ) ;
#3474 = ORIENTED_EDGE ( 'NONE', *, *, #4122, .T. ) ;
#3475 = CARTESIAN_POINT ( 'NONE',  ( -1.501048752687703436, 33.03278635709281730, 11.80599999999999206 ) ) ;
#3476 = CARTESIAN_POINT ( 'NONE',  ( -16.32919012753621857, -5.501575511905496541, -8.905600000000001515 ) ) ;
#3477 = CARTESIAN_POINT ( 'NONE',  ( 18.06285638181418207, 9.636161558233819591, 8.631000000000000227 ) ) ;
#3478 = ADVANCED_FACE ( 'NONE', ( #5107 ), #7655, .F. ) ;
#3479 = CARTESIAN_POINT ( 'NONE',  ( -19.99907435526927912, 34.44158140885099328, 10.21850059711604253 ) ) ;
#3480 = DIRECTION ( 'NONE',  ( 0.9371590407833582104, -0.3489024681454919730, 0.000000000000000000 ) ) ;
#3481 = CIRCLE ( 'NONE', #6951, 3.924999999999977174 ) ;
#3482 = EDGE_CURVE ( 'NONE', #239, #6968, #1953, .T. ) ;
#3483 = B_SPLINE_CURVE_WITH_KNOTS ( 'NONE', 3,
 ( #6871, #3622, #6209, #7575, #1871, #2532, #4406, #6953, #7496, #1250 ),
 .UNSPECIFIED., .F., .F.,
 ( 4, 2, 2, 2, 4 ),
 ( 0.000000000000000000, 0.3312314344345015926, 0.5170122668105440189, 0.6979999127215934518, 1.000000000000000000 ),
 .UNSPECIFIED. ) ;
#3484 = ORIENTED_EDGE ( 'NONE', *, *, #7002, .T. ) ;
#3485 = ORIENTED_EDGE ( 'NONE', *, *, #6189, .T. ) ;
#3486 = CIRCLE ( 'NONE', #1099, 16.92847517084367581 ) ;
#3487 = CARTESIAN_POINT ( 'NONE',  ( -3.930252202945376361, -14.63193367759294716, -13.94910000000000139 ) ) ;
#3488 = DIRECTION ( 'NONE',  ( 0.000000000000000000, 0.000000000000000000, 1.000000000000000000 ) ) ;
#3489 = CARTESIAN_POINT ( 'NONE',  ( 20.93640320978964198, -0.9952133531469468108, -7.318099999999999383 ) ) ;
#3490 = CARTESIAN_POINT ( 'NONE',  ( 13.38164866021849875, 26.72609921577227965, 11.80599999999999383 ) ) ;
#3491 = CARTESIAN_POINT ( 'NONE',  ( 9.397506038622307045, 3.830190264867830763, -5.730599999999995475 ) ) ;
#3492 = DIRECTION ( 'NONE',  ( -0.000000000000000000, 1.000000000000000000, -0.000000000000000000 ) ) ;
#3493 = EDGE_CURVE ( 'NONE', #1977, #3007, #4453, .T. ) ;
#3494 = CARTESIAN_POINT ( 'NONE',  ( -4.419640609209941395, -12.01210068695373678, 8.631000000000009109 ) ) ;
#3495 = STYLED_ITEM ( 'NONE', ( #5115 ), #5078 ) ;
#3496 = ORIENTED_EDGE ( 'NONE', *, *, #1791, .T. ) ;
#3497 = CARTESIAN_POINT ( 'NONE',  ( -0.8872122126997809000, -19.64246734039021902, 1.557152746393654086 ) ) ;
#3498 = CARTESIAN_POINT ( 'NONE',  ( 14.72044767618559291, 12.78361513899634794, 8.631000000000000227 ) ) ;
#3499 = CARTESIAN_POINT ( 'NONE',  ( 3.107845478578088905, 5.132377273864647371, 6.050899999998653023 ) ) ;
#3500 = FACE_OUTER_BOUND ( 'NONE', #2363, .T. ) ;
#3501 = CARTESIAN_POINT ( 'NONE',  ( 11.79159259755873990, 23.96386019914276844, 11.80599999999999383 ) ) ;
#3502 = CARTESIAN_POINT ( 'NONE',  ( -16.04255383565359239, 2.809715218929526692, -8.905599999999999739 ) ) ;
#3503 = CARTESIAN_POINT ( 'NONE',  ( 24.09583352102566423, 5.763476572495693340, 14.98099999999999987 ) ) ;
#3504 = EDGE_CURVE ( 'NONE', #6606, #6825, #3750, .T. ) ;
#3505 = VECTOR ( 'NONE', #119, 1000.000000000000227 ) ;
#3506 = SURFACE_SIDE_STYLE ('',( #4987 ) ) ;
#3507 = DIRECTION ( 'NONE',  ( 1.000000000000000000, 0.000000000000000000, 0.000000000000000000 ) ) ;
#3508 = ORIENTED_EDGE ( 'NONE', *, *, #6525, .T. ) ;
#3509 = ORIENTED_EDGE ( 'NONE', *, *, #337, .T. ) ;
#3510 = LINE ( 'NONE', #7915, #4956 ) ;
#3511 = CARTESIAN_POINT ( 'NONE',  ( 4.565458968152779740, -12.74065375098223285, 13.39349999983421569 ) ) ;
#3512 = CARTESIAN_POINT ( 'NONE',  ( 19.34913917186175070, 1.053691488021925249, 0.000000000000000000 ) ) ;
#3513 = CARTESIAN_POINT ( 'NONE',  ( 19.87756626389374759, -0.3773340596505592170, -8.905600000000003291 ) ) ;
#3514 = DIRECTION ( 'NONE',  ( -0.000000000000000000, -0.000000000000000000, 1.000000000000000000 ) ) ;
#3515 = CARTESIAN_POINT ( 'NONE',  ( 27.22101982593339287, 6.353276422773165066, 14.98099999999999987 ) ) ;
#3516 = DIRECTION ( 'NONE',  ( 0.000000000000000000, -0.000000000000000000, -1.000000000000000000 ) ) ;
#3517 = FACE_OUTER_BOUND ( 'NONE', #6983, .T. ) ;
#3518 = EDGE_CURVE ( 'NONE', #4765, #189, #8124, .T. ) ;
#3519 = DIRECTION ( 'NONE',  ( -0.3489024681454918619, -0.9371590407833583214, 0.000000000000000000 ) ) ;
#3520 = CARTESIAN_POINT ( 'NONE',  ( -10.21505875053735402, -15.68629689704059693, -8.248035969732711692 ) ) ;
#3521 = CARTESIAN_POINT ( 'NONE',  ( 9.169603263354870748, -13.98518257472503379, 14.98100000000000875 ) ) ;
#3522 = ORIENTED_EDGE ( 'NONE', *, *, #6928, .T. ) ;
#3523 = CARTESIAN_POINT ( 'NONE',  ( 16.31704527226449031, 9.208254322743227860, 2.517435969732711776 ) ) ;
#3524 = CARTESIAN_POINT ( 'NONE',  ( 20.98205252773206908, -15.34149038294230394, 14.98100000000000520 ) ) ;
#3525 = CARTESIAN_POINT ( 'NONE',  ( -2.905586280351569517, 10.30745308778003633, -8.905600000000001515 ) ) ;
#3526 = CARTESIAN_POINT ( 'NONE',  ( 1.899774205284112671, 0.5914588305984989081, -0.9136567290374083550 ) ) ;
#3527 = FACE_OUTER_BOUND ( 'NONE', #575, .T. ) ;
#3528 = CARTESIAN_POINT ( 'NONE',  ( 15.85082825701439724, 9.731027992418974648, -5.730599999999999028 ) ) ;
#3529 = ORIENTED_EDGE ( 'NONE', *, *, #7145, .F. ) ;
#3530 = ORIENTED_EDGE ( 'NONE', *, *, #413, .T. ) ;
#3531 = ORIENTED_EDGE ( 'NONE', *, *, #6682, .F. ) ;
#3532 = CARTESIAN_POINT ( 'NONE',  ( 20.93652119082585372, -3.040034486010473991, -8.905599999999999739 ) ) ;
#3533 = CARTESIAN_POINT ( 'NONE',  ( -19.99907435526948518, 34.44158140885097907, 13.39349904687931492 ) ) ;
#3534 = CARTESIAN_POINT ( 'NONE',  ( 3.226654034836949200E-17, 0.5000000000000021094, 14.98099999999999987 ) ) ;
#3535 = CARTESIAN_POINT ( 'NONE',  ( 0.3071816777607088156, -13.26177876956085733, 8.631000000000000227 ) ) ;
#3536 = CARTESIAN_POINT ( 'NONE',  ( -11.80572679239482881, -16.32977679705753005, -8.905599999999997962 ) ) ;
#3537 = CARTESIAN_POINT ( 'NONE',  ( -9.451315577550779778, -16.34508691586176354, 1.522588593506047916 ) ) ;
#3538 = CARTESIAN_POINT ( 'NONE',  ( 6.358563739839704354, -13.21675123544820529, 12.55600000000000094 ) ) ;
#3539 = EDGE_CURVE ( 'NONE', #3122, #1948, #2804, .T. ) ;
#3540 = EDGE_LOOP ( 'NONE', ( #487, #7530, #3443, #8156, #1319, #3796 ) ) ;
#3541 = DIRECTION ( 'NONE',  ( 0.3489024681454918064, 0.9371590407833582104, 0.000000000000000000 ) ) ;
#3542 = CARTESIAN_POINT ( 'NONE',  ( 20.32301685983684081, 5.076189012090685182, 3.174999999999999822 ) ) ;
#3543 = VECTOR ( 'NONE', #7839, 1000.000000000000000 ) ;
#3544 = CARTESIAN_POINT ( 'NONE',  ( -1.243516477138000953, -12.43103587449749448, -9.949099999999974742 ) ) ;
#3545 = CARTESIAN_POINT ( 'NONE',  ( -0.8385945378856853871, 7.636953555415630035, -0.000000000000000000 ) ) ;
#3546 = CARTESIAN_POINT ( 'NONE',  ( 6.400655110004743520, -11.58547895595570587, 11.80599999999961547 ) ) ;
#3547 = CARTESIAN_POINT ( 'NONE',  ( -14.92656653629867769, -4.225130301441974545, -5.730599999999999916 ) ) ;
#3548 = CARTESIAN_POINT ( 'NONE',  ( 3.034299951601164391, -10.69440557877959286, 8.631000000000000227 ) ) ;
#3549 = EDGE_CURVE ( 'NONE', #5406, #7479, #5782, .T. ) ;
#3550 = AXIS2_PLACEMENT_3D ( 'NONE', #3137, #4424, #1305 ) ;
#3551 = DIRECTION ( 'NONE',  ( -0.000000000000000000, -0.000000000000000000, -1.000000000000000000 ) ) ;
#3552 = EDGE_LOOP ( 'NONE', ( #5023, #5906, #7594, #7671, #3821, #2229, #1033 ) ) ;
#3553 = ORIENTED_EDGE ( 'NONE', *, *, #7981, .T. ) ;
#3554 = CARTESIAN_POINT ( 'NONE',  ( -4.439039386445601032, 32.30869805997172506, 8.630999999999993122 ) ) ;
#3555 = CARTESIAN_POINT ( 'NONE',  ( 5.089656768021824540, -10.74103297613638830, 13.00400180856847321 ) ) ;
#3556 = CARTESIAN_POINT ( 'NONE',  ( -6.092761286508818763, -9.907193276350634292, 13.39349904687932202 ) ) ;
#3557 = LINE ( 'NONE', #976, #6199 ) ;
#3558 = CARTESIAN_POINT ( 'NONE',  ( -30.54033267322048317, 35.95643332430391581, 11.80599999999999206 ) ) ;
#3559 = CARTESIAN_POINT ( 'NONE',  ( 6.054249460113382497, 5.127846864555309025, -1.580385535939593078 ) ) ;
#3560 = B_SPLINE_CURVE_WITH_KNOTS ( 'NONE', 3,
 ( #7116, #1492, #7077, #3405, #4695, #7158, #3444, #5991, #5952, #1991, #7239, #1413, #4022, #7816, #230, #5228, #6574, #4066, #2778, #274, #7852, #6615, #2822, #3905, #5862, #7773 ),
 .UNSPECIFIED., .F., .F.,
 ( 4, 2, 2, 2, 2, 2, 2, 2, 2, 2, 2, 2, 4 ),
 ( 0.000000000000000000, 0.0003102105176360366273, 0.0006204210352720732546, 0.0009306315529081098277, 0.001240842070544146509, 0.001861263105816212500, 0.002481684141088278707, 0.002791894658724314304, 0.003102105176360349468, 0.003412315693996385065, 0.003722526211632420663, 0.004342947246904494893, 0.004963368282176570424 ),
 .UNSPECIFIED. ) ;
#3561 = LINE ( 'NONE', #4721, #2478 ) ;
#3562 = LINE ( 'NONE', #6645, #4513 ) ;
#3563 = CARTESIAN_POINT ( 'NONE',  ( -13.35042394584824166, -13.78302038808278418, -8.905600000000001515 ) ) ;
#3564 = VERTEX_POINT ( 'NONE', #1878 ) ;
#3565 = ORIENTED_EDGE ( 'NONE', *, *, #5916, .T. ) ;
#3566 = CARTESIAN_POINT ( 'NONE',  ( 19.34913917186174359, 1.726690403717615840, 2.517435969732711776 ) ) ;
#3567 = MECHANICAL_DESIGN_GEOMETRIC_PRESENTATION_REPRESENTATION (  '', ( #7425 ), #1040 ) ;
#3568 = EDGE_CURVE ( 'NONE', #6593, #7904, #2462, .T. ) ;
#3569 = DIRECTION ( 'NONE',  ( 0.000000000000000000, 0.000000000000000000, 1.000000000000000000 ) ) ;
#3570 = CARTESIAN_POINT ( 'NONE',  ( 4.279771053520975421, 14.28324554962303594, 8.631000000000000227 ) ) ;
#3571 = CARTESIAN_POINT ( 'NONE',  ( -16.32919012753621857, -5.501575511905496541, -8.905600000000001515 ) ) ;
#3572 = ORIENTED_EDGE ( 'NONE', *, *, #6355, .F. ) ;
#3573 = EDGE_CURVE ( 'NONE', #2020, #6570, #6420, .T. ) ;
#3574 = ORIENTED_EDGE ( 'NONE', *, *, #5887, .F. ) ;
#3575 = EDGE_LOOP ( 'NONE', ( #180, #1200, #3919, #7770, #824, #3496, #7194, #3951, #7711, #1986 ) ) ;
#3576 = CARTESIAN_POINT ( 'NONE',  ( -9.396224586226946229, -18.34033154151630995, 8.631000000000000227 ) ) ;
#3577 = FACE_OUTER_BOUND ( 'NONE', #3823, .T. ) ;
#3578 = CARTESIAN_POINT ( 'NONE',  ( -3.930252202945376361, -14.63193367759294716, -13.94910000000000139 ) ) ;
#3579 = CARTESIAN_POINT ( 'NONE',  ( -13.24549356549966816, -14.03251783848994627, -8.905599999999996186 ) ) ;
#3580 = CARTESIAN_POINT ( 'NONE',  ( -3.030030175635520795, -10.74447544034259749, 14.19556458705075919 ) ) ;
#3581 = CARTESIAN_POINT ( 'NONE',  ( 8.121165900317295794, -12.12488216542233133, 12.55600000000000094 ) ) ;
#3582 = EDGE_CURVE ( 'NONE', #6298, #81, #626, .T. ) ;
#3583 = VERTEX_POINT ( 'NONE', #3165 ) ;
#3584 = DIRECTION ( 'NONE',  ( -1.000000000000000000, 0.000000000000000000, 0.000000000000000000 ) ) ;
#3585 = DIRECTION ( 'NONE',  ( -0.7660444431189814551, -0.6427876096865352551, 1.427275208435519729E-16 ) ) ;
#3586 = CARTESIAN_POINT ( 'NONE',  ( -10.21505875053764889, -15.68629689704059693, -7.318099999999999383 ) ) ;
#3587 = CARTESIAN_POINT ( 'NONE',  ( -14.48958093162127447, 2.586774813474206347, -5.730600000000003469 ) ) ;
#3588 = ADVANCED_FACE ( 'NONE', ( #7079 ), #6284, .F. ) ;
#3589 = CARTESIAN_POINT ( 'NONE',  ( 25.20082822569305137, -0.01930093290845598039, 8.630999999999998451 ) ) ;
#3590 = CARTESIAN_POINT ( 'NONE',  ( -4.117769731907927167, 3.473180837240871899, 0.000000000000000000 ) ) ;
#3591 = EDGE_CURVE ( 'NONE', #5810, #2653, #8213, .T. ) ;
#3592 = CARTESIAN_POINT ( 'NONE',  ( -4.453473749772172141, -8.710837770988907991, 11.80600000000000094 ) ) ;
#3593 = DIRECTION ( 'NONE',  ( 0.9371590407833580993, -0.3489024681454918064, 0.000000000000000000 ) ) ;
#3594 = ORIENTED_EDGE ( 'NONE', *, *, #7547, .F. ) ;
#3595 = ORIENTED_EDGE ( 'NONE', *, *, #4410, .F. ) ;
#3596 = CARTESIAN_POINT ( 'NONE',  ( -12.00749707126931298, -7.639939279345856704, 1.587499999999999911 ) ) ;
#3597 = CARTESIAN_POINT ( 'NONE',  ( 16.27235990991243497, 1.161774207874706200, 0.000000000000000000 ) ) ;
#3598 = CARTESIAN_POINT ( 'NONE',  ( 0.000000000000000000, 0.000000000000000000, 14.98099999999999987 ) ) ;
#3599 = CARTESIAN_POINT ( 'NONE',  ( 1.759673306159627471, -0.9275551050155200761, -3.236942680749313794 ) ) ;
#3600 = DIRECTION ( 'NONE',  ( -0.000000000000000000, -0.000000000000000000, -1.000000000000000000 ) ) ;
#3601 = DIRECTION ( 'NONE',  ( 1.000000000000000000, 0.000000000000000000, -0.000000000000000000 ) ) ;
#3602 = CARTESIAN_POINT ( 'NONE',  ( 20.93663917186174217, 1.726690403594020484, 3.174999999999999822 ) ) ;
#3603 = CARTESIAN_POINT ( 'NONE',  ( -9.996188720101049086, -16.76012366908322093, -8.905600000000001515 ) ) ;
#3604 = ORIENTED_EDGE ( 'NONE', *, *, #3539, .F. ) ;
#3605 = CARTESIAN_POINT ( 'NONE',  ( -12.01225183224680571, -16.06204882957684177, -8.905600000000001515 ) ) ;
#3606 = EDGE_LOOP ( 'NONE', ( #3040, #1163, #169, #5747, #2168 ) ) ;
#3607 = CARTESIAN_POINT ( 'NONE',  ( 5.368521280657216010, 12.90997370325365345, 1.587499999999999911 ) ) ;
#3608 = CIRCLE ( 'NONE', #10, 1.399999999999999245 ) ;
#3609 = DIRECTION ( 'NONE',  ( -0.000000000000000000, -0.000000000000000000, 1.000000000000000000 ) ) ;
#3610 = CARTESIAN_POINT ( 'NONE',  ( 0.000000000000000000, 0.000000000000000000, 3.756000000000000671 ) ) ;
#3611 = CARTESIAN_POINT ( 'NONE',  ( 8.251932403017830708, -13.70983172667513372, 11.05600000000000271 ) ) ;
#3612 = CARTESIAN_POINT ( 'NONE',  ( -15.36736558150627374, -8.877658348685018908, -15.44909999999999961 ) ) ;
#3613 = VECTOR ( 'NONE', #3994, 1000.000000000000000 ) ;
#3614 = B_SPLINE_SURFACE_WITH_KNOTS ( 'NONE', 3, 1, ( 
 ( #8080, #3044 ),
 ( #2960, #2379 ),
 ( #6795, #6757 ),
 ( #1133, #1089 ),
 ( #6089, #4908 ),
 ( #3630, #7460 ),
 ( #6173, #1176 ),
 ( #1046, #4291 ),
 ( #3587, #2422 ),
 ( #3708, #6880 ),
 ( #2291, #7504 ),
 ( #5441, #460 ),
 ( #420, #7376 ),
 ( #7421, #377 ),
 ( #5571, #6714 ),
 ( #1667, #2251 ),
 ( #8038, #3001 ),
 ( #6218, #6258 ),
 ( #2915, #4207 ),
 ( #3668, #6130 ),
 ( #546, #7337 ),
 ( #3087, #5617 ),
 ( #1706, #4788 ),
 ( #1626, #4163 ),
 ( #1005, #3545 ),
 ( #6462, #5659 ) ),
 .UNSPECIFIED., .F., .F., .F.,
 ( 4, 1, 1, 1, 1, 1, 1, 1, 1, 1, 1, 1, 1, 1, 1, 1, 1, 1, 2, 1, 1, 1, 4 ),
 ( 2, 2 ),
 ( 0.000000000000000000, 0.05550813849230980951, 0.1110162769846196190, 0.1665244154769294216, 0.2220325539692392380, 0.2775406924615491100, 0.3330488309538588432, 0.3885569694461686874, 0.4440651079384784761, 0.4995732464307884313, 0.5550813849230982200, 0.6105895234154078421, 0.6660976619077176863, 0.7216058004000278636, 0.7771139388923373748, 0.8048680081384921303, 0.8326220773846471079, 0.8603761466308023076, 0.8881302158769570632, 0.9160976619077177974, 0.9440651079384785316, 0.9720325539692392658, 1.000000000000000000 ),
 ( 0.000000000000000000, 1.000000000000000000 ),
 .UNSPECIFIED. ) ;
#3615 = ORIENTED_EDGE ( 'NONE', *, *, #3693, .F. ) ;
#3616 = ORIENTED_EDGE ( 'NONE', *, *, #1855, .T. ) ;
#3617 = CARTESIAN_POINT ( 'NONE',  ( -12.27122387953898652, -4.524822891209272058, 8.631000000000000227 ) ) ;
#3618 = FACE_OUTER_BOUND ( 'NONE', #1244, .T. ) ;
#3619 = CARTESIAN_POINT ( 'NONE',  ( 0.4358443463271490237, -5.984929319695093675, 7.453392590308104637 ) ) ;
#3620 = VECTOR ( 'NONE', #1135, 1000.000000000000000 ) ;
#3621 = CARTESIAN_POINT ( 'NONE',  ( 2.328268713814076296, -0.9204084945351043157, -8.549218415429518103 ) ) ;
#3622 = CARTESIAN_POINT ( 'NONE',  ( -3.030030175635520351, -10.74447544034259572, 11.05600000209201994 ) ) ;
#3623 = DIRECTION ( 'NONE',  ( 1.000000000000000000, 0.000000000000000000, 0.000000000000000000 ) ) ;
#3624 = ADVANCED_FACE ( 'NONE', ( #2035 ), #1657, .F. ) ;
#3625 = AXIS2_PLACEMENT_3D ( 'NONE', #5797, #91, #8225 ) ;
#3626 = ORIENTED_EDGE ( 'NONE', *, *, #2569, .T. ) ;
#3627 = CARTESIAN_POINT ( 'NONE',  ( -0.2653667188482610184, 10.93062915889242070, 8.631000000000000227 ) ) ;
#3628 = CARTESIAN_POINT ( 'NONE',  ( -11.98851896552684337, -12.91572002656049456, -7.422886677790248910 ) ) ;
#3629 = CARTESIAN_POINT ( 'NONE',  ( 7.017048274766677807, 14.78461850822887236, 5.185336130913713149 ) ) ;
#3630 = CARTESIAN_POINT ( 'NONE',  ( -15.09629382232642314, -2.105265891275788004, -5.730600000000003469 ) ) ;
#3631 = CARTESIAN_POINT ( 'NONE',  ( -7.765330261643532239, 31.60045012614736493, 8.630999999999989569 ) ) ;
#3632 = CARTESIAN_POINT ( 'NONE',  ( 0.4768114424116882688, -3.138992807953736808, -8.949100000000001387 ) ) ;
#3633 = CARTESIAN_POINT ( 'NONE',  ( 15.81603941767295929, -13.23563869823644623, 11.80600000000024963 ) ) ;
#3634 = AXIS2_PLACEMENT_3D ( 'NONE', #1117, #5979, #8142 ) ;
#3635 = CARTESIAN_POINT ( 'NONE',  ( -11.19984111205484112, -5.893991113273186144, 1.587499999999999911 ) ) ;
#3636 = VERTEX_POINT ( 'NONE', #997 ) ;
#3637 = ORIENTED_EDGE ( 'NONE', *, *, #2879, .F. ) ;
#3638 = CARTESIAN_POINT ( 'NONE',  ( -14.58480082940163314, 2.174848942770986948, -7.318099999999999383 ) ) ;
#3639 = CARTESIAN_POINT ( 'NONE',  ( 0.7631184055902608954, 9.674112580179842880, 0.000000000000000000 ) ) ;
#3640 = CARTESIAN_POINT ( 'NONE',  ( -9.299930234074693658, -7.700766128699728874, 12.60163082116181066 ) ) ;
#3641 = CARTESIAN_POINT ( 'NONE',  ( 3.766291807603092678, 12.28644048611850437, 1.587499999999999911 ) ) ;
#3642 = CARTESIAN_POINT ( 'NONE',  ( -30.54033267322048317, 35.95643332430390871, 14.98099999999999454 ) ) ;
#3643 = CARTESIAN_POINT ( 'NONE',  ( 9.200027616446911694, 15.47285164537420066, -11.16408430816204778 ) ) ;
#3644 = CARTESIAN_POINT ( 'NONE',  ( -16.64869579998555338, -0.9263015384992343559, -15.44909999999999961 ) ) ;
#3645 = CARTESIAN_POINT ( 'NONE',  ( -12.23113863058551587, -14.00457167909615208, -8.905600000000001515 ) ) ;
#3646 = VERTEX_POINT ( 'NONE', #7938 ) ;
#3647 = EDGE_CURVE ( 'NONE', #2633, #2020, #4940, .T. ) ;
#3648 = FACE_OUTER_BOUND ( 'NONE', #137, .T. ) ;
#3649 = CARTESIAN_POINT ( 'NONE',  ( 19.34913917407838113, 2.669487341995717244, 2.517435969732711776 ) ) ;
#3650 = CYLINDRICAL_SURFACE ( 'NONE', #5461, 0.6499999999999995781 ) ;
#3651 = CARTESIAN_POINT ( 'NONE',  ( 10.74479498614585538, 14.52745860629247865, 8.631000000000000227 ) ) ;
#3652 = DIRECTION ( 'NONE',  ( 6.605826996519679838E-15, -1.000000000000000000, 0.000000000000000000 ) ) ;
#3653 = CARTESIAN_POINT ( 'NONE',  ( 2.771976065070752338, -13.90792118376792352, 11.80600000000000271 ) ) ;
#3654 = ORIENTED_EDGE ( 'NONE', *, *, #1987, .F. ) ;
#3655 = VERTEX_POINT ( 'NONE', #6703 ) ;
#3656 = ORIENTED_EDGE ( 'NONE', *, *, #8119, .F. ) ;
#3657 = CARTESIAN_POINT ( 'NONE',  ( -13.56412546648184758, -13.53969029448506944, 8.631000000000000227 ) ) ;
#3658 = CARTESIAN_POINT ( 'NONE',  ( -15.07851313103511792, -2.245596035779637845, -7.318099999999999383 ) ) ;
#3659 = CARTESIAN_POINT ( 'NONE',  ( 0.9155105876555503785, -5.932526894189638966, 7.401505750767503500 ) ) ;
#3660 = CARTESIAN_POINT ( 'NONE',  ( 2.229183074677310028, -13.76562875766001781, 11.80600000000000094 ) ) ;
#3661 = DIRECTION ( 'NONE',  ( -0.3489024681454917509, -0.9371590407833582104, -0.000000000000000000 ) ) ;
#3662 = CARTESIAN_POINT ( 'NONE',  ( 1.759822144186588222, -0.9271835233004540600, -0.6612532853707688840 ) ) ;
#3663 = CARTESIAN_POINT ( 'NONE',  ( 6.738176318998664982, -11.76555667031393426, 11.05600000000000271 ) ) ;
#3664 = VERTEX_POINT ( 'NONE', #6787 ) ;
#3665 = CARTESIAN_POINT ( 'NONE',  ( -13.65312107444199619, -8.871097430555899166, -5.730599999999999028 ) ) ;
#3666 = CARTESIAN_POINT ( 'NONE',  ( 16.56184815283848621, 11.32367155639641432, 8.631000000000000227 ) ) ;
#3667 = CARTESIAN_POINT ( 'NONE',  ( -10.77377632720185652, -15.06705754985584989, -7.318099999999999383 ) ) ;
#3668 = CARTESIAN_POINT ( 'NONE',  ( -3.659606356825638063, 8.896006331659647159, -5.730599999999999916 ) ) ;
#3669 = CARTESIAN_POINT ( 'NONE',  ( 1.104215542453944376, -10.18843664028698193, 11.80600000000000271 ) ) ;
#3670 = CARTESIAN_POINT ( 'NONE',  ( -0.8456933021208123957, -5.940234485908857387, 5.397339655634858957 ) ) ;
#3671 = CARTESIAN_POINT ( 'NONE',  ( 11.79159259755873990, 23.96386019914276844, 11.80599999999999383 ) ) ;
#3672 = CARTESIAN_POINT ( 'NONE',  ( -12.20547776684155039, -12.32040931772231396, -5.730599999999999028 ) ) ;
#3673 = ORIENTED_EDGE ( 'NONE', *, *, #8230, .F. ) ;
#3674 = ORIENTED_EDGE ( 'NONE', *, *, #1131, .T. ) ;
#3675 = CARTESIAN_POINT ( 'NONE',  ( 4.565458968152779740, -12.74065375098221331, 9.414506594396105044 ) ) ;
#3676 = CARTESIAN_POINT ( 'NONE',  ( 2.321436638219663173, 6.576706356460996439, -5.730599999999999916 ) ) ;
#3677 = CARTESIAN_POINT ( 'NONE',  ( -9.461997011206346286, -8.255214491074980288, 13.19298171855735902 ) ) ;
#3678 = CARTESIAN_POINT ( 'NONE',  ( 1.226780418669875639, 32.16946954534166281, 14.98099999999999454 ) ) ;
#3679 = B_SPLINE_SURFACE_WITH_KNOTS ( 'NONE', 3, 1, ( 
 ( #8077, #4245 ),
 ( #4949, #2376 ),
 ( #4905, #7457 ),
 ( #5482, #4288 ),
 ( #6837, #1129 ),
 ( #8205, #2499 ),
 ( #6256, #1172 ),
 ( #3665, #6212 ),
 ( #3041, #5568 ),
 ( #8122, #2459 ) ),
 .UNSPECIFIED., .F., .F., .F.,
 ( 4, 1, 1, 1, 1, 1, 1, 4 ),
 ( 2, 2 ),
 ( 0.000000000000000000, 0.1250000000000000000, 0.2500000000000000000, 0.5000000000000000000, 0.6250000000000000000, 0.7500000000000000000, 0.8750000000000000000, 1.000000000000000000 ),
 ( 0.000000000000000000, 1.000000000000000000 ),
 .UNSPECIFIED. ) ;
#3680 = CARTESIAN_POINT ( 'NONE',  ( 13.16981931603524814, -13.16666720972293803, 14.98099999999976539 ) ) ;
#3681 = CARTESIAN_POINT ( 'NONE',  ( -2.204894577754120455, -10.96236130471560699, 10.21850059711605141 ) ) ;
#3682 = CARTESIAN_POINT ( 'NONE',  ( -8.940015150338160410, -9.243803669068361373, 12.55599999790798371 ) ) ;
#3683 = CARTESIAN_POINT ( 'NONE',  ( -12.66771173280355001, -12.98230041379347988, -8.905600000000001515 ) ) ;
#3684 = VERTEX_POINT ( 'NONE', #3035 ) ;
#3685 = FACE_BOUND ( 'NONE', #2988, .T. ) ;
#3686 = CARTESIAN_POINT ( 'NONE',  ( 21.40792010887400920, -14.11408924160253342, 8.631000000000003780 ) ) ;
#3687 = EDGE_CURVE ( 'NONE', #1915, #7364, #6039, .T. ) ;
#3688 = CARTESIAN_POINT ( 'NONE',  ( 0.000000000000000000, 0.000000000000000000, -7.949100000000000499 ) ) ;
#3689 = DIRECTION ( 'NONE',  ( -1.000000000000000000, 0.000000000000000000, 0.000000000000000000 ) ) ;
#3690 = CARTESIAN_POINT ( 'NONE',  ( 11.87164204902839870, 20.64694561828808617, -9.949099999999967636 ) ) ;
#3691 = EDGE_CURVE ( 'NONE', #2527, #6531, #1695, .T. ) ;
#3692 = CARTESIAN_POINT ( 'NONE',  ( 23.45242983988415375, 16.68862540272189676, 11.80599999999999561 ) ) ;
#3693 = EDGE_CURVE ( 'NONE', #5779, #5216, #8112, .T. ) ;
#3694 = ORIENTED_EDGE ( 'NONE', *, *, #7003, .F. ) ;
#3695 = EDGE_LOOP ( 'NONE', ( #3731, #7238 ) ) ;
#3696 = ORIENTED_EDGE ( 'NONE', *, *, #2356, .F. ) ;
#3697 = CARTESIAN_POINT ( 'NONE',  ( 9.843267471655178014, 15.19869074240752660, -9.949099999999967636 ) ) ;
#3698 = CARTESIAN_POINT ( 'NONE',  ( -8.075756382246241927, -18.89114725270801642, -12.77409999999999890 ) ) ;
#3699 = CARTESIAN_POINT ( 'NONE',  ( 7.247591421659963729, -19.30586623222279030, -5.730599999999998140 ) ) ;
#3700 = CARTESIAN_POINT ( 'NONE',  ( -8.075756382246241927, -18.89114725270801642, -15.44909999999999961 ) ) ;
#3701 = CARTESIAN_POINT ( 'NONE',  ( -10.52473805582482669, -10.44028279238031587, 11.80600000000000271 ) ) ;
#3702 = CARTESIAN_POINT ( 'NONE',  ( -6.000000000000000888, 7.347880794884120722E-16, 3.756000000000000671 ) ) ;
#3703 = CARTESIAN_POINT ( 'NONE',  ( -3.030030175635520351, -10.74447544034259572, 12.55599999790798371 ) ) ;
#3704 = VECTOR ( 'NONE', #3492, 1000.000000000000000 ) ;
#3705 = EDGE_LOOP ( 'NONE', ( #5678, #5859, #622, #5225, #794, #447 ) ) ;
#3706 = LINE ( 'NONE', #1213, #7812 ) ;
#3707 = CARTESIAN_POINT ( 'NONE',  ( -11.26624397905537833, -14.38126842802861916, -7.318099999999999383 ) ) ;
#3708 = CARTESIAN_POINT ( 'NONE',  ( -13.88634983169436232, 4.049917912792635910, -5.730599999999991923 ) ) ;
#3709 = CARTESIAN_POINT ( 'NONE',  ( 25.57639578305569472, -2.453975412025574787, 8.630999999999982464 ) ) ;
#3710 = DIRECTION ( 'NONE',  ( -0.000000000000000000, -0.000000000000000000, -1.000000000000000000 ) ) ;
#3711 = CARTESIAN_POINT ( 'NONE',  ( -44.43695755569756756, 16.47538348345661419, 11.80599999999999739 ) ) ;
#3712 = B_SPLINE_CURVE_WITH_KNOTS ( 'NONE', 3,
 ( #3768, #1236, #4585, #5284, #3957, #7172, #4037, #7707, #2090, #2132, #844, #2757, #605, #6511 ),
 .UNSPECIFIED., .F., .F.,
 ( 4, 2, 2, 2, 2, 2, 4 ),
 ( -6.241218784632742605E-05, 0.0005638073428021962881, 0.001190026873450720016, 0.001503136638774981446, 0.001816246404099242442, 0.002129356169423503656, 0.002442465934747765736 ),
 .UNSPECIFIED. ) ;
#3713 = DIRECTION ( 'NONE',  ( -0.3489024681454917509, -0.9371590407833582104, -0.000000000000000000 ) ) ;
#3714 = ORIENTED_EDGE ( 'NONE', *, *, #431, .T. ) ;
#3715 = CARTESIAN_POINT ( 'NONE',  ( 0.05014653387747265711, -11.56175542872333217, 9.411834527782900750 ) ) ;
#3716 = CARTESIAN_POINT ( 'NONE',  ( 18.72737036885386530, 4.742486964862766108, 0.000000000000000000 ) ) ;
#3717 = CARTESIAN_POINT ( 'NONE',  ( 0.6258626949111196769, -0.1640690333985025950, 8.631000000000000227 ) ) ;
#3718 = CARTESIAN_POINT ( 'NONE',  ( -47.26318507213461118, 14.98993600145355387, 14.98099999999999632 ) ) ;
#3719 = CARTESIAN_POINT ( 'NONE',  ( -14.51444827867037546, 35.97823366288712776, 14.98099999999996257 ) ) ;
#3720 = CARTESIAN_POINT ( 'NONE',  ( -9.686569714830211453, -9.023495132595190427, 10.21850029864089038 ) ) ;
#3721 = CARTESIAN_POINT ( 'NONE',  ( -16.11509610006104865, -6.492827883625674090, -8.905599999999997962 ) ) ;
#3722 = EDGE_CURVE ( 'NONE', #3333, #4359, #7411, .T. ) ;
#3723 = EDGE_LOOP ( 'NONE', ( #7291, #3113 ) ) ;
#3724 = CARTESIAN_POINT ( 'NONE',  ( 0.000000000000000000, 0.000000000000000000, 1.256000000000000671 ) ) ;
#3725 = CARTESIAN_POINT ( 'NONE',  ( 1.298463506524899280, -11.88093877015635158, 10.21850059711605319 ) ) ;
#3726 = LINE ( 'NONE', #206, #22 ) ;
#3727 = CARTESIAN_POINT ( 'NONE',  ( 26.59976386258400893, 1.016140953780593437, 14.98099999999999810 ) ) ;
#3728 = DIRECTION ( 'NONE',  ( 0.3489024681454918064, 0.9371590407833583214, -0.000000000000000000 ) ) ;
#3729 = CARTESIAN_POINT ( 'NONE',  ( 28.74950554974190808, -2.214734616449455906, 11.80600000000000094 ) ) ;
#3730 = EDGE_LOOP ( 'NONE', ( #2031, #1782, #4077, #2385, #3153, #4369, #2308 ) ) ;
#3731 = ORIENTED_EDGE ( 'NONE', *, *, #816, .F. ) ;
#3732 = EDGE_LOOP ( 'NONE', ( #3745, #4694, #3902, #3484, #1281, #2786 ) ) ;
#3733 = CARTESIAN_POINT ( 'NONE',  ( -8.229395640702152903, 10.57262428915338326, -8.905600000000001515 ) ) ;
#3734 = B_SPLINE_CURVE_WITH_KNOTS ( 'NONE', 3,
 ( #1340, #7743, #82, #7782, #3334, #7086, #797, #4499, #6429, #1461, #3877, #4461, #4620, #7703, #5875, #46, #159, #839, #7005, #3209, #7663, #7167, #5832, #5748 ),
 .UNSPECIFIED., .F., .F.,
 ( 4, 2, 2, 2, 2, 2, 2, 2, 2, 2, 2, 4 ),
 ( 0.003509116244446438410, 0.004253436563733292881, 0.004997756883020147353, 0.005742077202307002692, 0.006486397521593858032, 0.007230717840880713371, 0.007602878000524141040, 0.007975038160167568710, 0.008347198319810997247, 0.008719358479454424049, 0.009091518639097852586, 0.009463678798741281123 ),
 .UNSPECIFIED. ) ;
#3735 = CARTESIAN_POINT ( 'NONE',  ( -14.29269913100902123, -7.137698134232453029, -7.318099999999999383 ) ) ;
#3736 = CARTESIAN_POINT ( 'NONE',  ( 4.175991777757189105, 4.312626876264235243, 7.457304268285041893 ) ) ;
#3737 = DIRECTION ( 'NONE',  ( -0.000000000000000000, -0.000000000000000000, -1.000000000000000000 ) ) ;
#3738 = CARTESIAN_POINT ( 'NONE',  ( -13.13121744587780526, -9.572183738367961325, 11.80600000000000271 ) ) ;
#3739 = CARTESIAN_POINT ( 'NONE',  ( -10.02141372197878688, -4.023043160945122487, 1.587499999999999911 ) ) ;
#3740 = CARTESIAN_POINT ( 'NONE',  ( 19.27920415648252472, 1.457276065949182797, -8.905599999999997962 ) ) ;
#3741 = EDGE_CURVE ( 'NONE', #2490, #6680, #2398, .T. ) ;
#3742 = CONICAL_SURFACE ( 'NONE', #6808, 3.924999999999977174, 0.7853981633974442822 ) ;
#3743 = AXIS2_PLACEMENT_3D ( 'NONE', #3489, #5516, #4821 ) ;
#3744 = B_SPLINE_CURVE_WITH_KNOTS ( 'NONE', 3,
 ( #1269, #1721, #474, #8092, #8054, #5046, #4921, #7517, #1767, #3643, #7477, #6188, #4969, #8141, #4308, #3016, #2475, #2437, #7593, #1808, #6892, #5007, #4262, #6146, #7554, #1229 ),
 .UNSPECIFIED., .F., .F.,
 ( 4, 2, 2, 2, 2, 2, 2, 2, 2, 2, 2, 2, 4 ),
 ( 0.001172227929901579211, 0.001719661330935459091, 0.001993378031452398922, 0.002267094731969339187, 0.002540811432486279019, 0.002814528133003218850, 0.003361961534037094176, 0.003635678234554030538, 0.003909394935070966901, 0.004456828336104844829, 0.005004261737138723624, 0.005277978437655666058, 0.005551695138172607624 ),
 .UNSPECIFIED. ) ;
#3745 = ORIENTED_EDGE ( 'NONE', *, *, #3873, .F. ) ;
#3746 = CIRCLE ( 'NONE', #6942, 0.6499999999999991340 ) ;
#3747 = CARTESIAN_POINT ( 'NONE',  ( 0.000000000000000000, 0.000000000000000000, 14.48099999999999987 ) ) ;
#3748 = LINE ( 'NONE', #3198, #4621 ) ;
#3749 = CARTESIAN_POINT ( 'NONE',  ( -7.245778761148655711, -16.65879147752872314, 0.7937499999999999556 ) ) ;
#3750 = LINE ( 'NONE', #3788, #5866 ) ;
#3751 = EDGE_CURVE ( 'NONE', #782, #4835, #493, .T. ) ;
#3752 = CARTESIAN_POINT ( 'NONE',  ( -27.08947745728853107, 32.80811324254457872, 8.630999999999989569 ) ) ;
#3753 = DIRECTION ( 'NONE',  ( 0.9322399881385086129, -0.3618405788679778246, 0.000000000000000000 ) ) ;
#3754 = CARTESIAN_POINT ( 'NONE',  ( 19.50871581554208234, 16.82698967804242329, 8.630999999998611116 ) ) ;
#3755 = AXIS2_PLACEMENT_3D ( 'NONE', #2003, #5201, #6319 ) ;
#3756 = CARTESIAN_POINT ( 'NONE',  ( -3.764673518677132069, -20.49267306973825242, -12.77409999999999712 ) ) ;
#3757 = ORIENTED_EDGE ( 'NONE', *, *, #1598, .T. ) ;
#3758 = LINE ( 'NONE', #6308, #2811 ) ;
#3759 = CARTESIAN_POINT ( 'NONE',  ( 12.31827784825944327, 2.696517529476480934, -5.730599999999998140 ) ) ;
#3760 = DIRECTION ( 'NONE',  ( -0.9673143870489526730, 0.2535801187161745851, -5.630609727717553539E-17 ) ) ;
#3761 = CARTESIAN_POINT ( 'NONE',  ( -4.419640609211103133, -12.01210068695334776, 11.80600000000000271 ) ) ;
#3762 = CARTESIAN_POINT ( 'NONE',  ( -25.19530689742510177, -5.040814917066635203, 14.98100000000000165 ) ) ;
#3763 = CARTESIAN_POINT ( 'NONE',  ( -1.868502313221988453, -15.39951910751302755, 8.631000000000000227 ) ) ;
#3764 = CARTESIAN_POINT ( 'NONE',  ( -16.65746720359356559, -2.548208754440649315, -8.905599999999997962 ) ) ;
#3765 = ORIENTED_EDGE ( 'NONE', *, *, #1283, .F. ) ;
#3766 = DIRECTION ( 'NONE',  ( -0.3489024681454918064, -0.9371590407833582104, -0.000000000000000000 ) ) ;
#3767 = CARTESIAN_POINT ( 'NONE',  ( 14.71917428041942699, -15.17523840950907932, 10.21850059711605319 ) ) ;
#3768 = CARTESIAN_POINT ( 'NONE',  ( -0.2653667188429583712, 10.93062915889860953, 3.175000000000000266 ) ) ;
#3769 = FACE_OUTER_BOUND ( 'NONE', #4065, .T. ) ;
#3770 = ADVANCED_FACE ( 'NONE', ( #5430 ), #5474, .F. ) ;
#3771 = CARTESIAN_POINT ( 'NONE',  ( -10.41031883446054884, -15.48565035781322230, -7.318099999999999383 ) ) ;
#3772 = CARTESIAN_POINT ( 'NONE',  ( 25.48455371229664124, 12.54643094582652729, 11.80599999999999739 ) ) ;
#3773 = VERTEX_POINT ( 'NONE', #4519 ) ;
#3774 = CIRCLE ( 'NONE', #172, 6.000000000000000888 ) ;
#3775 = CARTESIAN_POINT ( 'NONE',  ( 4.759815703703596412, -12.78599078537129863, 13.39349904687932202 ) ) ;
#3776 = VERTEX_POINT ( 'NONE', #4986 ) ;
#3777 = ORIENTED_EDGE ( 'NONE', *, *, #7315, .T. ) ;
#3778 = CARTESIAN_POINT ( 'NONE',  ( -4.052815082584843687, 10.64881668718538776, -8.905599999999999739 ) ) ;
#3779 = CARTESIAN_POINT ( 'NONE',  ( -5.827377880173139069, -19.72765137017993098, -15.44909999999999961 ) ) ;
#3780 = CARTESIAN_POINT ( 'NONE',  ( -15.07100508611710055, 2.833178713748989885, -8.905600000000001515 ) ) ;
#3781 = CARTESIAN_POINT ( 'NONE',  ( 19.34902119136799570, -3.040005145349425231, -5.730599999999999028 ) ) ;
#3782 = CARTESIAN_POINT ( 'NONE',  ( -0.7382928528646515165, 7.764312843947264398, -8.470393969810611965E-26 ) ) ;
#3783 = CARTESIAN_POINT ( 'NONE',  ( 7.692343578303529661, 12.35382387092659151, -0.5989569540638469691 ) ) ;
#3784 = ORIENTED_EDGE ( 'NONE', *, *, #3331, .F. ) ;
#3785 = CARTESIAN_POINT ( 'NONE',  ( 20.93663917186174217, 1.726690403594020928, 3.174999999999999822 ) ) ;
#3786 = CARTESIAN_POINT ( 'NONE',  ( -2.500000000000000000, 3.061616997868383141E-16, 1.256000000000000671 ) ) ;
#3787 = CARTESIAN_POINT ( 'NONE',  ( -11.98427584905240018, -12.92670470448679332, -7.318099999999999383 ) ) ;
#3788 = CARTESIAN_POINT ( 'NONE',  ( 19.34913917186174359, 1.726690403594009160, 0.000000000000000000 ) ) ;
#3789 = CARTESIAN_POINT ( 'NONE',  ( -6.222808689321803755, -8.261172570105257407, 8.631000000000000227 ) ) ;
#3790 = CARTESIAN_POINT ( 'NONE',  ( -0.6166864982964587183, -5.968667472695059928, 5.084362319534151631 ) ) ;
#3791 = CARTESIAN_POINT ( 'NONE',  ( 2.870011529899069824, 11.75559239679222401, 1.587499999999999911 ) ) ;
#3792 = CARTESIAN_POINT ( 'NONE',  ( -9.599430291588570086, -7.402616337826811055, 8.631000000000000227 ) ) ;
#3793 = EDGE_CURVE ( 'NONE', #7648, #3442, #1699, .T. ) ;
#3794 = EDGE_CURVE ( 'NONE', #1731, #8059, #2787, .T. ) ;
#3795 = LINE ( 'NONE', #4497, #1646 ) ;
#3796 = ORIENTED_EDGE ( 'NONE', *, *, #2858, .T. ) ;
#3797 = CARTESIAN_POINT ( 'NONE',  ( 6.875416293625381314, 4.809117947845005681, -5.730600000000000804 ) ) ;
#3798 = CARTESIAN_POINT ( 'NONE',  ( -6.386599029474316680, 0.5923071502772416785, 0.000000000000000000 ) ) ;
#3799 = CARTESIAN_POINT ( 'NONE',  ( 2.229183074677310028, -13.76562875766001781, 11.80600000000000094 ) ) ;
#3800 = CARTESIAN_POINT ( 'NONE',  ( 4.759815703703596412, -12.78599078537129863, 14.98100000000000165 ) ) ;
#3801 = CARTESIAN_POINT ( 'NONE',  ( -4.780802112644048307, 2.631287380859118841, 0.000000000000000000 ) ) ;
#3802 = EDGE_LOOP ( 'NONE', ( #4794, #8105 ) ) ;
#3803 = VECTOR ( 'NONE', #6929, 1000.000000000000000 ) ;
#3804 = CARTESIAN_POINT ( 'NONE',  ( -16.51453429913218685, 0.6222326473570627403, -15.44909999999999961 ) ) ;
#3805 = CIRCLE ( 'NONE', #5943, 1.399999999999999245 ) ;
#3806 = PLANE ( 'NONE',  #6913 ) ;
#3807 = CARTESIAN_POINT ( 'NONE',  ( 28.77451289708931981, -5.204147292517035339, 11.80600000000000094 ) ) ;
#3808 = B_SPLINE_CURVE_WITH_KNOTS ( 'NONE', 3,
 ( #3150, #5684, #573, #6242, #530, #3069, #6283, #8153, #7020, #811 ),
 .UNSPECIFIED., .F., .F.,
 ( 4, 2, 2, 2, 4 ),
 ( 0.000000000000000000, 0.3559286171081143535, 0.5533221837525468256, 0.7086393685172394097, 1.000000000000000000 ),
 .UNSPECIFIED. ) ;
#3809 = CARTESIAN_POINT ( 'NONE',  ( -10.77377632720185652, -15.06705754985584989, 0.000000000000000000 ) ) ;
#3810 = CARTESIAN_POINT ( 'NONE',  ( -6.908491289137258740, 34.65822918375732087, 11.80599999999999206 ) ) ;
#3811 = EDGE_LOOP ( 'NONE', ( #285, #2882, #2278, #4214 ) ) ;
#3812 = AXIS2_PLACEMENT_3D ( 'NONE', #7, #7591, #7666 ) ;
#3813 = CARTESIAN_POINT ( 'NONE',  ( -8.184316070316237202, -9.429466381432716204, 11.05600000209201994 ) ) ;
#3814 = VERTEX_POINT ( 'NONE', #5062 ) ;
#3815 = DIRECTION ( 'NONE',  ( 0.000000000000000000, -0.000000000000000000, 1.000000000000000000 ) ) ;
#3816 = CARTESIAN_POINT ( 'NONE',  ( -3.452816812823029213, 8.817250506599844329, -7.318099999999999383 ) ) ;
#3817 = CARTESIAN_POINT ( 'NONE',  ( 18.77326817672877368, -7.563684347854099599, -5.730599999999996363 ) ) ;
#3818 = CARTESIAN_POINT ( 'NONE',  ( 1.589364074341676369, -19.94809778261844357, 0.000000000000000000 ) ) ;
#3819 = CARTESIAN_POINT ( 'NONE',  ( 16.50041161670990064, 1.778537014919079118, -8.905600000000001515 ) ) ;
#3820 = EDGE_CURVE ( 'NONE', #652, #2562, #2416, .T. ) ;
#3821 = ORIENTED_EDGE ( 'NONE', *, *, #2402, .T. ) ;
#3822 = ORIENTED_EDGE ( 'NONE', *, *, #3981, .F. ) ;
#3823 = EDGE_LOOP ( 'NONE', ( #1529, #8195, #4379, #1171 ) ) ;
#3824 = CARTESIAN_POINT ( 'NONE',  ( 15.31557028717734248, 11.12375118178303524, 3.174999999999999822 ) ) ;
#3825 = CARTESIAN_POINT ( 'NONE',  ( -10.40640954659362549, -15.48209485086373505, 0.7937499999999999556 ) ) ;
#3826 = ADVANCED_FACE ( 'NONE', ( #7685 ), #2006, .F. ) ;
#3827 = DIRECTION ( 'NONE',  ( -0.000000000000000000, -1.000000000000000000, -0.000000000000000000 ) ) ;
#3828 = CARTESIAN_POINT ( 'NONE',  ( -3.416773536143488776, 8.803941065495425988, -3.659049999999999692 ) ) ;
#3829 = CARTESIAN_POINT ( 'NONE',  ( -16.41965974405983175, 36.03076986445130103, 8.630999999999989569 ) ) ;
#3830 = CARTESIAN_POINT ( 'NONE',  ( -9.686723918748485929, -9.024030087174462977, 11.80600000000000271 ) ) ;
#3831 = CARTESIAN_POINT ( 'NONE',  ( 11.49377828653212319, 12.59704495981061534, 1.587499999999999911 ) ) ;
#3832 = CARTESIAN_POINT ( 'NONE',  ( -7.106860689915234452, -8.061057165503743960, 8.631000000000000227 ) ) ;
#3833 = ORIENTED_EDGE ( 'NONE', *, *, #4833, .T. ) ;
#3834 = CARTESIAN_POINT ( 'NONE',  ( -3.731075803028095272, 8.918831801194977871, -7.318099999999999383 ) ) ;
#3835 = CARTESIAN_POINT ( 'NONE',  ( -1.681543941320843505, -8.965972145123165760, 10.60799819143153044 ) ) ;
#3836 = EDGE_CURVE ( 'NONE', #427, #4351, #1220, .T. ) ;
#3837 = CYLINDRICAL_SURFACE ( 'NONE', #1026, 1.399999999999999911 ) ;
#3838 = CARTESIAN_POINT ( 'NONE',  ( -10.34038013284806468, 32.29016240817401240, 14.98100000000004783 ) ) ;
#3839 = VECTOR ( 'NONE', #5639, 1000.000000000000000 ) ;
#3840 = CARTESIAN_POINT ( 'NONE',  ( 2.614363602307301804, 11.57959063067967165, 0.000000000000000000 ) ) ;
#3841 = CARTESIAN_POINT ( 'NONE',  ( 9.414472570528070960, 15.38447174124959815, -8.905599999999999739 ) ) ;
#3842 = ORIENTED_EDGE ( 'NONE', *, *, #6477, .T. ) ;
#3843 = CARTESIAN_POINT ( 'NONE',  ( -12.35487886906233790, -11.65554741675857109, 1.587499999999999911 ) ) ;
#3844 = CARTESIAN_POINT ( 'NONE',  ( -0.6856654756651455740, -19.10110875454716606, 0.7937499999999999556 ) ) ;
#3845 = PLANE ( 'NONE',  #4504 ) ;
#3846 = CARTESIAN_POINT ( 'NONE',  ( 28.63184273261631674, -1.233121942092601619, 11.80600000000000094 ) ) ;
#3847 = CARTESIAN_POINT ( 'NONE',  ( -12.00369839893808255, -12.87642469465369288, 0.000000000000000000 ) ) ;
#3848 = DIRECTION ( 'NONE',  ( 1.000000000000000000, 0.000000000000000000, 0.000000000000000000 ) ) ;
#3849 = VECTOR ( 'NONE', #6323, 1000.000000000000227 ) ;
#3850 = CARTESIAN_POINT ( 'NONE',  ( 2.151278356618460119, -1.967197634488866864, -8.905599999999999739 ) ) ;
#3851 = CARTESIAN_POINT ( 'NONE',  ( -9.686739635327779041, -9.024083855329822157, 9.416435412949244466 ) ) ;
#3852 = ORIENTED_EDGE ( 'NONE', *, *, #4304, .F. ) ;
#3853 = LINE ( 'NONE', #8109, #2216 ) ;
#3854 = DIRECTION ( 'NONE',  ( 0.000000000000000000, 0.000000000000000000, 1.000000000000000000 ) ) ;
#3855 = CARTESIAN_POINT ( 'NONE',  ( -15.31233400526487998, -5.833989089426251162, -8.905600000000001515 ) ) ;
#3856 = DIRECTION ( 'NONE',  ( 0.000000000000000000, 0.000000000000000000, 1.000000000000000000 ) ) ;
#3857 = DIRECTION ( 'NONE',  ( 1.000000000000000000, 0.000000000000000000, 0.000000000000000000 ) ) ;
#3858 = CARTESIAN_POINT ( 'NONE',  ( 5.919407675018750759, 11.66000683371160029, -1.003171459598323878 ) ) ;
#3859 = EDGE_CURVE ( 'NONE', #6804, #8233, #6936, .T. ) ;
#3860 = EDGE_LOOP ( 'NONE', ( #5578, #6923 ) ) ;
#3861 = ORIENTED_EDGE ( 'NONE', *, *, #269, .F. ) ;
#3862 = ORIENTED_EDGE ( 'NONE', *, *, #2755, .F. ) ;
#3863 = CARTESIAN_POINT ( 'NONE',  ( 7.202779167234849567, 13.23207438965887661, 2.517435969732711776 ) ) ;
#3864 = PRESENTATION_STYLE_ASSIGNMENT (( #4451 ) ) ;
#3865 = VECTOR ( 'NONE', #2046, 1000.000000000000000 ) ;
#3866 = DIRECTION ( 'NONE',  ( -0.000000000000000000, -0.000000000000000000, -1.000000000000000000 ) ) ;
#3867 = CARTESIAN_POINT ( 'NONE',  ( 26.55051723955111598, -9.162243075185559249, 10.21850059711605141 ) ) ;
#3868 = AXIS2_PLACEMENT_3D ( 'NONE', #66, #1981, #6249 ) ;
#3869 = CARTESIAN_POINT ( 'NONE',  ( -48.49935445207389506, 17.71237818181343826, 8.630999999999936279 ) ) ;
#3870 = CARTESIAN_POINT ( 'NONE',  ( 6.207791566545113326, 6.771266805357639917, -8.905599999728858407 ) ) ;
#3871 = CARTESIAN_POINT ( 'NONE',  ( 19.34913917407838468, 2.669487341995716356, 0.000000000000000000 ) ) ;
#3872 = CARTESIAN_POINT ( 'NONE',  ( 11.79159259755874167, 23.96386019914276844, 8.630999999999993122 ) ) ;
#3873 = EDGE_CURVE ( 'NONE', #5094, #6613, #401, .T. ) ;
#3874 = VECTOR ( 'NONE', #2904, 1000.000000000000114 ) ;
#3875 = AXIS2_PLACEMENT_3D ( 'NONE', #2967, #4172, #1634 ) ;
#3876 = ORIENTED_EDGE ( 'NONE', *, *, #2501, .F. ) ;
#3877 = CARTESIAN_POINT ( 'NONE',  ( 2.133640528306862905, -3.057937806731676478, -11.24497457786178778 ) ) ;
#3878 = CARTESIAN_POINT ( 'NONE',  ( 5.042589321415603010, 8.866929799124360301, -3.036373679281417992 ) ) ;
#3879 = CYLINDRICAL_SURFACE ( 'NONE', #3812, 1.399999999999999911 ) ;
#3880 = CARTESIAN_POINT ( 'NONE',  ( 22.51648795791860991, 11.38776055877447924, 14.98099999999999987 ) ) ;
#3881 = AXIS2_PLACEMENT_3D ( 'NONE', #4657, #3327, #6501 ) ;
#3882 = CARTESIAN_POINT ( 'NONE',  ( 0.9736327287353307991, 9.938051241704396688, 0.000000000000000000 ) ) ;
#3883 = DIRECTION ( 'NONE',  ( 1.000000000000000000, 0.000000000000000000, -0.000000000000000000 ) ) ;
#3884 = ORIENTED_EDGE ( 'NONE', *, *, #2426, .F. ) ;
#3885 = CARTESIAN_POINT ( 'NONE',  ( -9.392557478943123428, -16.42452542160102880, 2.517435969732711776 ) ) ;
#3886 = CARTESIAN_POINT ( 'NONE',  ( 2.522652101162978777, 6.498606346870404948, -7.318099999999999383 ) ) ;
#3887 = CARTESIAN_POINT ( 'NONE',  ( -11.60894294004579130, 6.993843075523475505, 0.000000000000000000 ) ) ;
#3888 = CARTESIAN_POINT ( 'NONE',  ( 24.42985965046503338, -13.43782222754919609, 11.80600000000000271 ) ) ;
#3889 = CARTESIAN_POINT ( 'NONE',  ( -11.98427354643398068, -12.92671066537644897, -5.730600000000000804 ) ) ;
#3890 = FACE_OUTER_BOUND ( 'NONE', #2357, .T. ) ;
#3891 = EDGE_CURVE ( 'NONE', #6373, #396, #5764, .T. ) ;
#3892 = LINE ( 'NONE', #2103, #7049 ) ;
#3893 = CARTESIAN_POINT ( 'NONE',  ( -6.092761286508818763, -9.907193276350634292, 13.39349904687932025 ) ) ;
#3894 = VECTOR ( 'NONE', #4506, 1000.000000000000000 ) ;
#3895 = ORIENTED_EDGE ( 'NONE', *, *, #6833, .T. ) ;
#3896 = CARTESIAN_POINT ( 'NONE',  ( 20.94388683215409586, -0.4083401911057676914, -8.905599999999999739 ) ) ;
#3897 = CARTESIAN_POINT ( 'NONE',  ( -14.43158449124798182, -6.659646363896791321, -8.248035969732711692 ) ) ;
#3898 = CARTESIAN_POINT ( 'NONE',  ( -3.924999999999977174, 0.000000000000000000, -11.44909999999999961 ) ) ;
#3899 = CARTESIAN_POINT ( 'NONE',  ( 19.34902119136896914, -0.9952133635264059919, 0.000000000000000000 ) ) ;
#3900 = CARTESIAN_POINT ( 'NONE',  ( 7.988201905547378523, 12.10862045328289938, -0.7587646651861182923 ) ) ;
#3901 = ORIENTED_EDGE ( 'NONE', *, *, #2870, .F. ) ;
#3902 = ORIENTED_EDGE ( 'NONE', *, *, #3224, .T. ) ;
#3903 = VERTEX_POINT ( 'NONE', #5220 ) ;
#3904 = CARTESIAN_POINT ( 'NONE',  ( 2.505853796577435233, 12.30415453932888781, 3.174999999999999822 ) ) ;
#3905 = CARTESIAN_POINT ( 'NONE',  ( 12.23136522421902050, -14.13819087348772641, 10.25984305183090584 ) ) ;
#3906 = CARTESIAN_POINT ( 'NONE',  ( -10.60288352446186622, -4.877117477416113012, 0.000000000000000000 ) ) ;
#3907 = CARTESIAN_POINT ( 'NONE',  ( 14.25586860289650559, 24.17862009158087133, 10.21850030203495052 ) ) ;
#3908 = CARTESIAN_POINT ( 'NONE',  ( 28.74950554974190808, -2.214734616449840487, 8.630999999999982464 ) ) ;
#3909 = CARTESIAN_POINT ( 'NONE',  ( 5.107766687502053315, 6.122246991093782675, -8.548641459097447992 ) ) ;
#3910 = DIRECTION ( 'NONE',  ( 0.9371590407833582104, -0.3489024681454915844, -2.465190328815661618E-32 ) ) ;
#3911 = CARTESIAN_POINT ( 'NONE',  ( -27.08947745728853107, 32.80811324254457872, 8.630999999999989569 ) ) ;
#3912 = LINE ( 'NONE', #7123, #8032 ) ;
#3913 = ORIENTED_EDGE ( 'NONE', *, *, #4040, .F. ) ;
#3914 = CARTESIAN_POINT ( 'NONE',  ( 4.941291165609650093, 10.05704923310092802, -2.092847667806117862 ) ) ;
#3915 = DIRECTION ( 'NONE',  ( -0.7856175890622958402, 0.6187123756285675125, 0.000000000000000000 ) ) ;
#3916 = CARTESIAN_POINT ( 'NONE',  ( 3.034299951601163503, -10.69440557877959286, 14.98100000000000520 ) ) ;
#3917 = LINE ( 'NONE', #3382, #7480 ) ;
#3918 = DIRECTION ( 'NONE',  ( 0.6187123756285676235, 0.7856175890622957292, -0.000000000000000000 ) ) ;
#3919 = ORIENTED_EDGE ( 'NONE', *, *, #547, .T. ) ;
#3920 = CARTESIAN_POINT ( 'NONE',  ( -7.995319230445503855, -17.21320990794778538, 1.587499999999999911 ) ) ;
#3921 = DIRECTION ( 'NONE',  ( -0.000000000000000000, -0.000000000000000000, 1.000000000000000000 ) ) ;
#3922 = CARTESIAN_POINT ( 'NONE',  ( -14.44633099061022108, 2.625710786495084381, -7.318099999999999383 ) ) ;
#3923 = CARTESIAN_POINT ( 'NONE',  ( 13.38164866021849875, 26.72609921577227965, 11.80599999999999383 ) ) ;
#3924 = CARTESIAN_POINT ( 'NONE',  ( 3.642587401660827950, 6.063912999257865089, -1.245270232998547222 ) ) ;
#3925 = LINE ( 'NONE', #7716, #292 ) ;
#3926 = AXIS2_PLACEMENT_3D ( 'NONE', #2060, #6521, #1476 ) ;
#3927 = CARTESIAN_POINT ( 'NONE',  ( 5.821790227576265409, 5.218073940352482509, -2.802619089105998107 ) ) ;
#3928 = FACE_OUTER_BOUND ( 'NONE', #521, .T. ) ;
#3929 = ORIENTED_EDGE ( 'NONE', *, *, #7126, .F. ) ;
#3930 = ADVANCED_FACE ( 'NONE', ( #2815 ), #3274, .F. ) ;
#3931 = CARTESIAN_POINT ( 'NONE',  ( -6.967105568256431347, -11.34794501770343977, 11.80600000000000271 ) ) ;
#3932 = CARTESIAN_POINT ( 'NONE',  ( -13.76229623950490399, 4.245151003387815258, -8.248035969732711692 ) ) ;
#3933 = CARTESIAN_POINT ( 'NONE',  ( -10.69595452903848809, -15.18652511254911097, 1.587499999999999911 ) ) ;
#3934 = EDGE_CURVE ( 'NONE', #6582, #2095, #4285, .T. ) ;
#3935 = DIRECTION ( 'NONE',  ( 0.9371590407833585434, -0.3489024681454908627, 0.000000000000000000 ) ) ;
#3936 = CARTESIAN_POINT ( 'NONE',  ( 13.31780050810874094, 11.74001846247007208, 1.587499999999999911 ) ) ;
#3937 = VECTOR ( 'NONE', #3955, 1000.000000000000227 ) ;
#3938 = ORIENTED_EDGE ( 'NONE', *, *, #3981, .T. ) ;
#3939 = VERTEX_POINT ( 'NONE', #3898 ) ;
#3940 = ORIENTED_EDGE ( 'NONE', *, *, #6214, .T. ) ;
#3941 = CARTESIAN_POINT ( 'NONE',  ( 5.192718319376932179, 13.54515407673371641, 3.174999999999999822 ) ) ;
#3942 = DIRECTION ( 'NONE',  ( -0.3489024681454918619, -0.9371590407833583214, 0.000000000000000000 ) ) ;
#3943 = CARTESIAN_POINT ( 'NONE',  ( -6.092761286508818763, -9.907193276350634292, 8.631000000000002004 ) ) ;
#3944 = CARTESIAN_POINT ( 'NONE',  ( -2.915729083020443202, -10.32022726748416908, 12.55603281448345143 ) ) ;
#3945 = CARTESIAN_POINT ( 'NONE',  ( 13.38164866021849875, 26.72609921577227965, 8.630999999999989569 ) ) ;
#3946 = CARTESIAN_POINT ( 'NONE',  ( 19.34890321087421228, -1.676820398888412722, -5.730599999999999028 ) ) ;
#3947 = LINE ( 'NONE', #791, #6739 ) ;
#3948 = B_SPLINE_CURVE_WITH_KNOTS ( 'NONE', 3,
 ( #4569, #4653, #3367, #109, #5184, #872 ),
 .UNSPECIFIED., .F., .F.,
 ( 4, 2, 4 ),
 ( 0.005551695138172607624, 0.006137084824028322255, 0.006722474509884037754 ),
 .UNSPECIFIED. ) ;
#3949 = CARTESIAN_POINT ( 'NONE',  ( -14.51444827866881049, 35.97823366288712776, 8.631000000000025096 ) ) ;
#3950 = CARTESIAN_POINT ( 'NONE',  ( 5.461819730051415078, -12.97941187633288962, 12.55600000000000094 ) ) ;
#3951 = ORIENTED_EDGE ( 'NONE', *, *, #356, .F. ) ;
#3952 = LINE ( 'NONE', #4579, #8139 ) ;
#3953 = CARTESIAN_POINT ( 'NONE',  ( 9.604984240366500003, 14.69451523886024269, 6.424145957345325897 ) ) ;
#3954 = CARTESIAN_POINT ( 'NONE',  ( -13.65458572767326650, -13.36895328985681708, 3.174999999999999822 ) ) ;
#3955 = DIRECTION ( 'NONE',  ( -0.3489024681454917509, -0.9371590407833582104, -0.000000000000000000 ) ) ;
#3956 = CARTESIAN_POINT ( 'NONE',  ( -21.90804218314094598, 32.82804663215440399, 14.98099999999999454 ) ) ;
#3957 = CARTESIAN_POINT ( 'NONE',  ( 0.4970148832334448930, 10.31996122614141598, 2.855932875458326414 ) ) ;
#3958 = CARTESIAN_POINT ( 'NONE',  ( 13.88089062061621171, 11.38620787283663205, 0.000000000000000000 ) ) ;
#3959 = CARTESIAN_POINT ( 'NONE',  ( -0.7382928528652020761, 7.764312843947696940, -5.730599999999999028 ) ) ;
#3960 = ORIENTED_EDGE ( 'NONE', *, *, #8223, .F. ) ;
#3961 = DIRECTION ( 'NONE',  ( -1.000000000000000000, 0.000000000000000000, 0.000000000000000000 ) ) ;
#3962 = CARTESIAN_POINT ( 'NONE',  ( -12.07621567143798735, -6.143470973020985326, 3.174999999999999822 ) ) ;
#3963 = DIRECTION ( 'NONE',  ( -0.3489024681454916399, -0.9371590407833582104, 0.000000000000000000 ) ) ;
#3964 = EDGE_CURVE ( 'NONE', #99, #2862, #6668, .T. ) ;
#3965 = CARTESIAN_POINT ( 'NONE',  ( -14.84865981886881947, 1.076030287531293483, 0.000000000000000000 ) ) ;
#3966 = FACE_OUTER_BOUND ( 'NONE', #673, .T. ) ;
#3967 = CARTESIAN_POINT ( 'NONE',  ( 2.420428040132277303, -3.040034490371304798, 8.631000000000000227 ) ) ;
#3968 = EDGE_CURVE ( 'NONE', #99, #6449, #4175, .T. ) ;
#3969 = CARTESIAN_POINT ( 'NONE',  ( 6.054941159595131239, 5.127578387279653427, -2.315657674572348057 ) ) ;
#3970 = VERTEX_POINT ( 'NONE', #4059 ) ;
#3971 = CARTESIAN_POINT ( 'NONE',  ( 17.17154391907870448, 24.07817789789695340, 11.80599999999999383 ) ) ;
#3972 = DIRECTION ( 'NONE',  ( 0.3489024681454918064, 0.9371590407833583214, -0.000000000000000000 ) ) ;
#3973 = CARTESIAN_POINT ( 'NONE',  ( -10.31729970230708382, -15.60574307419588536, 1.587499999999999911 ) ) ;
#3974 = CYLINDRICAL_SURFACE ( 'NONE', #5292, 3.174999999999999822 ) ;
#3975 = CARTESIAN_POINT ( 'NONE',  ( 14.89387173257746255, 10.61803224443205629, 1.587499999999999911 ) ) ;
#3976 = ORIENTED_EDGE ( 'NONE', *, *, #1701, .F. ) ;
#3977 = EDGE_LOOP ( 'NONE', ( #4159, #7884, #6719, #1913, #2319 ) ) ;
#3978 = ORIENTED_EDGE ( 'NONE', *, *, #2703, .F. ) ;
#3979 = CARTESIAN_POINT ( 'NONE',  ( -9.589494263335424762, -9.130963092593336938, 10.21850059711605141 ) ) ;
#3980 = FACE_OUTER_BOUND ( 'NONE', #952, .T. ) ;
#3981 = EDGE_CURVE ( 'NONE', #6159, #341, #3608, .T. ) ;
#3982 = FACE_OUTER_BOUND ( 'NONE', #2966, .T. ) ;
#3983 = CARTESIAN_POINT ( 'NONE',  ( -8.751285366612483685, -8.517527830486059770, 12.24536584716177146 ) ) ;
#3984 = CARTESIAN_POINT ( 'NONE',  ( -48.07305788143924019, 25.91494184313012994, 11.80599999999999383 ) ) ;
#3985 = DIRECTION ( 'NONE',  ( 0.9365755866207732261, -0.3504656481681976965, 0.000000000000000000 ) ) ;
#3986 = LINE ( 'NONE', #833, #1571 ) ;
#3987 = CARTESIAN_POINT ( 'NONE',  ( 5.860127906673534781, 30.35954048764050484, 8.630999999999989569 ) ) ;
#3988 = CARTESIAN_POINT ( 'NONE',  ( 12.16856079656489342, -14.54943197100188534, 12.55600000000000271 ) ) ;
#3989 = VERTEX_POINT ( 'NONE', #7725 ) ;
#3990 = ORIENTED_EDGE ( 'NONE', *, *, #6543, .F. ) ;
#3991 = ADVANCED_FACE ( 'NONE', ( #2023 ), #5467, .F. ) ;
#3992 = FILL_AREA_STYLE_COLOUR ( '', #6432 ) ;
#3993 = CARTESIAN_POINT ( 'NONE',  ( -13.89092137571483399, -8.293294202557136785, -7.318099999999999383 ) ) ;
#3994 = DIRECTION ( 'NONE',  ( -0.000000000000000000, -0.000000000000000000, -1.000000000000000000 ) ) ;
#3995 = CARTESIAN_POINT ( 'NONE',  ( -3.764673518677124964, -20.49267306973825598, -15.44909999999999961 ) ) ;
#3996 = CARTESIAN_POINT ( 'NONE',  ( 0.2044901992181951955, 29.16016385193017157, 14.98099999999999454 ) ) ;
#3997 = CARTESIAN_POINT ( 'NONE',  ( 12.16910334886818568, -14.54587935834384460, 12.55600000000000271 ) ) ;
#3998 = CARTESIAN_POINT ( 'NONE',  ( -20.08259148370260405, 32.86196989895047693, 14.98099999999999454 ) ) ;
#3999 = AXIS2_PLACEMENT_3D ( 'NONE', #2180, #2968, #252 ) ;
#4000 = CARTESIAN_POINT ( 'NONE',  ( -9.827571492836424838, -16.04027314485828626, -7.166248265688929919 ) ) ;
#4001 = EDGE_LOOP ( 'NONE', ( #8231, #1158, #2116, #1384 ) ) ;
#4002 = CARTESIAN_POINT ( 'NONE',  ( -11.73792050015868682, -13.58042259290912313, 2.517435969732711776 ) ) ;
#4003 = CARTESIAN_POINT ( 'NONE',  ( 26.70411030644960704, 0.5000000000000018874, 14.18724952343965917 ) ) ;
#4004 = VECTOR ( 'NONE', #6858, 1000.000000000000114 ) ;
#4005 = CARTESIAN_POINT ( 'NONE',  ( -14.05551371346926892, -7.846525016573305145, -7.318099999999999383 ) ) ;
#4006 = CARTESIAN_POINT ( 'NONE',  ( -10.52473805582482669, -10.44028279238031587, 11.80600000000000271 ) ) ;
#4007 = LINE ( 'NONE', #900, #620 ) ;
#4008 = CARTESIAN_POINT ( 'NONE',  ( 4.566370287237146108, -12.73717740565215628, 12.55600000000000094 ) ) ;
#4009 = AXIS2_PLACEMENT_3D ( 'NONE', #6274, #3104, #6815 ) ;
#4010 = FACE_OUTER_BOUND ( 'NONE', #3705, .T. ) ;
#4011 = CARTESIAN_POINT ( 'NONE',  ( 19.77995681233372949, 6.560881805570313752, 3.174999999999999822 ) ) ;
#4012 = ORIENTED_EDGE ( 'NONE', *, *, #547, .F. ) ;
#4013 = EDGE_CURVE ( 'NONE', #4546, #583, #7318, .T. ) ;
#4014 = CARTESIAN_POINT ( 'NONE',  ( -47.26318507213461118, 14.98993600145355209, 11.80599999999999739 ) ) ;
#4015 = CARTESIAN_POINT ( 'NONE',  ( 4.565458974024221739, -12.74065372858485290, 11.05600000000000271 ) ) ;
#4016 = CARTESIAN_POINT ( 'NONE',  ( 8.251932403017830708, -13.70983172667513372, 11.05600000000000271 ) ) ;
#4017 = CARTESIAN_POINT ( 'NONE',  ( 8.444812778553501431, -13.78356018162389418, 13.39349904687932380 ) ) ;
#4018 = FACE_OUTER_BOUND ( 'NONE', #6438, .T. ) ;
#4019 = ORIENTED_EDGE ( 'NONE', *, *, #893, .T. ) ;
#4020 = ORIENTED_EDGE ( 'NONE', *, *, #691, .F. ) ;
#4021 = CARTESIAN_POINT ( 'NONE',  ( 9.776788755915752915, 13.07298447920190654, 2.517435969732711776 ) ) ;
#4022 = CARTESIAN_POINT ( 'NONE',  ( 12.40831436921109265, -12.97953433749502850, 12.01416707750986745 ) ) ;
#4023 = CARTESIAN_POINT ( 'NONE',  ( -40.67401417322093948, 6.922186682037451355, 13.39349904687931847 ) ) ;
#4024 = CARTESIAN_POINT ( 'NONE',  ( -2.204894577754120011, -10.96236130471560521, 11.05600000209201994 ) ) ;
#4025 = CARTESIAN_POINT ( 'NONE',  ( 22.08385952095340699, 18.69922293381420886, 11.80599999999899730 ) ) ;
#4026 = CARTESIAN_POINT ( 'NONE',  ( 18.98290374450907692, -0.4440179613271316716, -5.730599999999998140 ) ) ;
#4027 = DIRECTION ( 'NONE',  ( 0.6187123756285676235, 0.7856175890622957292, -0.000000000000000000 ) ) ;
#4028 = CARTESIAN_POINT ( 'NONE',  ( -42.00193863272112083, 7.125692526716533415, 8.630999999999994898 ) ) ;
#4029 = B_SPLINE_CURVE_WITH_KNOTS ( 'NONE', 3,
 ( #3062, #3021, #4886, #4925, #5636, #5544, #6151, #7481, #1773, #4312, #4224, #3605, #6856, #1151, #8146, #6933, #2442, #4974, #7522, #1813 ),
 .UNSPECIFIED., .F., .F.,
 ( 4, 2, 2, 2, 2, 2, 2, 2, 2, 4 ),
 ( 0.8588581182832208949, 0.8716853858841903113, 0.8899009454731731106, 0.9044730433523903157, 0.9226813626088121723, 0.9408997517909335473, 0.9591210407714405584, 0.9773353880055931642, 0.9918904835717163859, 1.000000011981226455 ),
 .UNSPECIFIED. ) ;
#4030 = ORIENTED_EDGE ( 'NONE', *, *, #6799, .F. ) ;
#4031 = ORIENTED_EDGE ( 'NONE', *, *, #4782, .F. ) ;
#4032 = LINE ( 'NONE', #883, #14 ) ;
#4033 = CYLINDRICAL_SURFACE ( 'NONE', #5804, 3.174999999999999822 ) ;
#4034 = CARTESIAN_POINT ( 'NONE',  ( -13.46335915016357454, -13.50398159669038911, -15.44909999999999961 ) ) ;
#4035 = CARTESIAN_POINT ( 'NONE',  ( 9.247596734834996113, 21.62387252909546476, -9.949099999999967636 ) ) ;
#4036 = CARTESIAN_POINT ( 'NONE',  ( -44.69879262735813796, 25.43413383263218464, 11.80599999999999383 ) ) ;
#4037 = CARTESIAN_POINT ( 'NONE',  ( 0.7205300754042613942, 10.14087296952719974, 2.554611559452808933 ) ) ;
#4038 = EDGE_CURVE ( 'NONE', #1843, #6234, #3441, .T. ) ;
#4039 = CARTESIAN_POINT ( 'NONE',  ( 15.09618207182342786, 21.65501198132387373, 14.98099999999999454 ) ) ;
#4040 = EDGE_CURVE ( 'NONE', #2157, #6347, #785, .T. ) ;
#4041 = B_SPLINE_CURVE_WITH_KNOTS ( 'NONE', 3,
 ( #1894, #2554, #2674, #5084, #1347, #3179, #7670, #7052 ),
 .UNSPECIFIED., .F., .F.,
 ( 4, 2, 2, 4 ),
 ( 2.909219710836648185E-18, 0.0003609038881780865624, 0.0007218077763561698721, 0.001443615552712336058 ),
 .UNSPECIFIED. ) ;
#4042 =( BOUNDED_CURVE ( )  B_SPLINE_CURVE ( 3, ( #5074, #7618, #4455, #114 ),
 .UNSPECIFIED., .F., .T. ) 
 B_SPLINE_CURVE_WITH_KNOTS ( ( 4, 4 ),
 ( 0.000000000000000000, 0.03315794980040828732 ),
 .UNSPECIFIED. ) 
 CURVE ( )  GEOMETRIC_REPRESENTATION_ITEM ( )  RATIONAL_B_SPLINE_CURVE ( ( 1.000000000000000000, 0.7382797237294322912, 0.7158710300769164370, 0.9327739190424524374 ) ) 
 REPRESENTATION_ITEM ( '' )  );
#4043 = CARTESIAN_POINT ( 'NONE',  ( 0.000000000000000000, 0.000000000000000000, 3.005999999999991346 ) ) ;
#4044 = VERTEX_POINT ( 'NONE', #3025 ) ;
#4045 = LINE ( 'NONE', #2299, #4294 ) ;
#4046 = DIRECTION ( 'NONE',  ( 0.000000000000000000, 0.000000000000000000, 1.000000000000000000 ) ) ;
#4047 = CARTESIAN_POINT ( 'NONE',  ( 20.72253049208612197, 0.1377466897200849694, -8.905599999999999739 ) ) ;
#4048 = CARTESIAN_POINT ( 'NONE',  ( -4.425450163291727357, 9.109798709189764310, 0.000000000000000000 ) ) ;
#4049 = CARTESIAN_POINT ( 'NONE',  ( -36.57734624587926930, 34.39605359592100342, 11.80599999999999206 ) ) ;
#4050 = CARTESIAN_POINT ( 'NONE',  ( 5.089656768021824540, -10.74103297613638830, 13.00400180856847321 ) ) ;
#4051 = CARTESIAN_POINT ( 'NONE',  ( -4.041245766306803766, -20.40789540588344408, -8.905600000000001515 ) ) ;
#4052 = VECTOR ( 'NONE', #388, 1000.000000000000000 ) ;
#4053 = CARTESIAN_POINT ( 'NONE',  ( 5.874447809818361677, -21.54342603156560898, 0.7937499999999999556 ) ) ;
#4054 = CARTESIAN_POINT ( 'NONE',  ( -7.706093242219713702, -17.33461775995882803, -8.248035969732711692 ) ) ;
#4055 = ORIENTED_EDGE ( 'NONE', *, *, #7981, .F. ) ;
#4056 = ORIENTED_EDGE ( 'NONE', *, *, #7179, .F. ) ;
#4057 = CARTESIAN_POINT ( 'NONE',  ( -30.54033267322048317, 35.95643332430391581, 11.80599999999999206 ) ) ;
#4058 = CARTESIAN_POINT ( 'NONE',  ( -4.096501741722905265, 10.66404322351924350, -8.905600000000001515 ) ) ;
#4059 = CARTESIAN_POINT ( 'NONE',  ( 3.174999999999999822, 0.000000000000000000, 3.005999999999991346 ) ) ;
#4060 = CARTESIAN_POINT ( 'NONE',  ( 19.34913917186174004, 1.726690403717615174, 0.000000000000000000 ) ) ;
#4061 = CARTESIAN_POINT ( 'NONE',  ( 9.776788755915752915, 13.07298447920190831, 1.587499999999999911 ) ) ;
#4062 = CIRCLE ( 'NONE', #7402, 3.174999999999999822 ) ;
#4063 = B_SPLINE_SURFACE_WITH_KNOTS ( 'NONE', 1, 3, ( 
 ( #5623, #4297, #465, #8084, #2466, #6223, #8176, #1801, #2384, #6134, #4254, #1052, #5000, #425, #4874, #6762, #7426, #1094, #7548, #3635, #4341, #1842, #4378 ),
 ( #4913, #3006, #2964, #6922, #8043, #1221, #2338, #2919, #5577, #7467, #1758, #6844, #3672, #3050, #6306, #5445, #7997, #7380, #1671, #1883, #6384, #672, #1382 ) ),
 .UNSPECIFIED., .F., .F., .F.,
 ( 2, 2 ),
 ( 4, 3, 2, 2, 2, 2, 2, 2, 2, 2, 4 ),
 ( 0.000000000000000000, 1.000000000000000000 ),
 ( -0.01000000000000000021, 0.000000000000000000, 0.04789616266471393574, 0.1748433409760691837, 0.2806326562355618282, 0.4075798345469330841, 0.5345270128583600178, 0.6614741911696759846, 0.7884213694802443273, 0.8942106847362268907, 1.000000000000000000 ),
 .UNSPECIFIED. ) ;
#4064 = ORIENTED_EDGE ( 'NONE', *, *, #166, .F. ) ;
#4065 = EDGE_LOOP ( 'NONE', ( #1874, #7649, #3615, #1653 ) ) ;
#4066 = CARTESIAN_POINT ( 'NONE',  ( 12.38415738888788198, -13.13771336199715734, 11.10354529519385380 ) ) ;
#4067 = CARTESIAN_POINT ( 'NONE',  ( -11.11513831578101907, -2.846000725388373898, 3.175000000000000266 ) ) ;
#4068 = CARTESIAN_POINT ( 'NONE',  ( -2.014695283645367319, -10.23682132733323691, 11.80600000000000271 ) ) ;
#4069 = CARTESIAN_POINT ( 'NONE',  ( 5.860127906673534781, 30.35954048764050128, 11.80599999999999383 ) ) ;
#4070 = CARTESIAN_POINT ( 'NONE',  ( 0.8921796241488887391, 7.131459595409050500, -5.730599999999997252 ) ) ;
#4071 = DIRECTION ( 'NONE',  ( 0.9371590407833582104, -0.3489024681454918064, 0.000000000000000000 ) ) ;
#4072 = EDGE_CURVE ( 'NONE', #317, #583, #6155, .T. ) ;
#4073 = VECTOR ( 'NONE', #4383, 1000.000000000000000 ) ;
#4074 = CARTESIAN_POINT ( 'NONE',  ( -48.95355762924555165, 21.84880566579361982, 8.631000000000021544 ) ) ;
#4075 = AXIS2_PLACEMENT_3D ( 'NONE', #4993, #2460, #3244 ) ;
#4076 = EDGE_CURVE ( 'NONE', #8064, #1743, #4470, .T. ) ;
#4077 = ORIENTED_EDGE ( 'NONE', *, *, #7288, .T. ) ;
#4078 = FACE_OUTER_BOUND ( 'NONE', #5437, .T. ) ;
#4079 = CARTESIAN_POINT ( 'NONE',  ( 7.453465846598009925, 14.81183615574078694, 7.273661261154905411 ) ) ;
#4080 = CARTESIAN_POINT ( 'NONE',  ( 3.116872350717991402, 5.126941239677969442, 5.855242796018186979 ) ) ;
#4081 = CYLINDRICAL_SURFACE ( 'NONE', #2140, 6.000000000000000888 ) ;
#4082 = CARTESIAN_POINT ( 'NONE',  ( 1.104215542453943488, -10.18843664028698370, 14.98100000000000520 ) ) ;
#4083 = CARTESIAN_POINT ( 'NONE',  ( 0.007422117787082520464, -19.80162859532558173, -7.234566111331764304 ) ) ;
#4084 = CARTESIAN_POINT ( 'NONE',  ( 7.658851284321145592, 16.01893760240809783, -8.905599999999997962 ) ) ;
#4085 = VERTEX_POINT ( 'NONE', #4814 ) ;
#4086 = ADVANCED_FACE ( 'NONE', ( #7400 ), #1729, .T. ) ;
#4087 = DIRECTION ( 'NONE',  ( -1.000000000000000000, 0.000000000000000000, 1.268985151628515551E-16 ) ) ;
#4088 = CARTESIAN_POINT ( 'NONE',  ( 6.358563739839704354, -13.21675123544820529, 11.05600000000000271 ) ) ;
#4089 = CARTESIAN_POINT ( 'NONE',  ( 20.70925157940095573, 0.1296520129651468900, -8.905599999999999739 ) ) ;
#4090 = EDGE_CURVE ( 'NONE', #766, #4948, #1604, .T. ) ;
#4091 = CARTESIAN_POINT ( 'NONE',  ( 1.762669350009550495, 10.85684839896455145, 0.000000000000000000 ) ) ;
#4092 = CARTESIAN_POINT ( 'NONE',  ( 28.77451289708931981, -5.204147292517808054, 14.98099999999996790 ) ) ;
#4093 = CARTESIAN_POINT ( 'NONE',  ( -14.10282422150180537, -11.13543855904509705, 8.631000000000000227 ) ) ;
#4094 = CARTESIAN_POINT ( 'NONE',  ( -3.482415705219109814, -18.90602665373243596, -7.318099999999999383 ) ) ;
#4095 = AXIS2_PLACEMENT_3D ( 'NONE', #2164, #5392, #4700 ) ;
#4096 = CARTESIAN_POINT ( 'NONE',  ( -1.026484479805090722, -20.01655544857095848, -8.370459343380710848 ) ) ;
#4097 = CARTESIAN_POINT ( 'NONE',  ( -8.998819715029162225, -16.66378078452541089, -7.318099999999999383 ) ) ;
#4098 = ORIENTED_EDGE ( 'NONE', *, *, #5085, .T. ) ;
#4099 = ADVANCED_FACE ( 'NONE', ( #2232 ), #8062, .F. ) ;
#4100 = CARTESIAN_POINT ( 'NONE',  ( -44.97519480863827113, 29.96679013402548364, 11.80599999999999383 ) ) ;
#4101 = CARTESIAN_POINT ( 'NONE',  ( -9.587338698327013020, 9.117653852177962648, -8.905600000000001515 ) ) ;
#4102 = CARTESIAN_POINT ( 'NONE',  ( 19.38922606354148570, 7.606379422729183659, 8.631000000000000227 ) ) ;
#4103 = CARTESIAN_POINT ( 'NONE',  ( -56.07189761964543351, 23.61786509392923961, 10.21850059711604430 ) ) ;
#4104 = CARTESIAN_POINT ( 'NONE',  ( 18.12183058940698999, 2.180749408418546142, -8.905599999999997962 ) ) ;
#4105 = AXIS2_PLACEMENT_3D ( 'NONE', #4443, #1288, #7726 ) ;
#4106 = ORIENTED_EDGE ( 'NONE', *, *, #897, .T. ) ;
#4107 = ORIENTED_EDGE ( 'NONE', *, *, #308, .T. ) ;
#4108 = CARTESIAN_POINT ( 'NONE',  ( -13.68804567982945564, 7.152058685858134091, -8.905600000000003291 ) ) ;
#4109 = DIRECTION ( 'NONE',  ( 0.9371590407833580993, -0.3489024681454918064, 0.000000000000000000 ) ) ;
#4110 = CARTESIAN_POINT ( 'NONE',  ( -8.751285366612483685, -8.517527830486059770, 11.36663415283823042 ) ) ;
#4111 = CARTESIAN_POINT ( 'NONE',  ( 28.74950554974190808, -2.214734616449455906, 11.80600000000000094 ) ) ;
#4112 = EDGE_CURVE ( 'NONE', #3152, #1140, #6819, .T. ) ;
#4113 = CARTESIAN_POINT ( 'NONE',  ( -12.92405896150109434, -14.71937780238395632, -8.905599999999997962 ) ) ;
#4114 = CARTESIAN_POINT ( 'NONE',  ( 1.984375000000000444, -3.309531665495734841E-16, -0.7155972584079256515 ) ) ;
#4115 = CARTESIAN_POINT ( 'NONE',  ( 28.11328294592867394, 1.509902505737104272, 8.631000000000026873 ) ) ;
#4116 = CLOSED_SHELL ( 'NONE', ( #3181, #4935, #5831, #845, #741, #5049, #6595, #5706, #5597, #3826, #4577, #7255, #4099, #7811, #6796, #2821, #6519, #7071, #7408, #7954, #3433, #6171, #4798, #2015, #1352, #6955, #1474, #2093, #7647, #1865, #3463, #4503, #1732, #5398, #4902, #8175, #1031, #4339, #3033, #3930, #5403, #4381, #7925, #410, #881, #4838, #2067, #5326, #2292, #4086, #4806, #5723, #1160, #247, #7560, #7989, #4225, #3624, #7681, #2823, #1448, #1682, #7109, #1253, #5465, #7405, #7780, #6536, #5254, #7903, #371, #1754, #4427, #7464, #3290, #2715, #4409, #5357, #2348, #1388, #5546, #1183, #3770, #4630, #5771, #7653, #7540, #1152, #3239, #7514, #6296, #8010, #6468, #1041, #5262, #7390, #3361, #7853, #2167, #2646, #740, #7588, #2467, #5565, #7184, #4606, #1839, #591, #2472, #7046, #7362, #6324, #4170 ) ) ;
#4117 = ORIENTED_EDGE ( 'NONE', *, *, #2858, .F. ) ;
#4118 = CARTESIAN_POINT ( 'NONE',  ( 4.565458970256451643, -12.74065374295750530, 12.55600000000000094 ) ) ;
#4119 = PLANE ( 'NONE',  #1162 ) ;
#4120 = CARTESIAN_POINT ( 'NONE',  ( 3.151811504741710568, 5.105536599061720970, 5.665640905072702793 ) ) ;
#4121 = CARTESIAN_POINT ( 'NONE',  ( 0.000000000000000000, 0.000000000000000000, 3.756000000000000671 ) ) ;
#4122 = EDGE_CURVE ( 'NONE', #4565, #222, #5664, .T. ) ;
#4123 = CARTESIAN_POINT ( 'NONE',  ( 24.09583352102566423, 5.763476572495694228, 11.80599999999999916 ) ) ;
#4124 = CARTESIAN_POINT ( 'NONE',  ( -1.852669853647180176, -12.20424927020291861, -1.949099999999974520 ) ) ;
#4125 = CARTESIAN_POINT ( 'NONE',  ( 25.57639578305569472, -2.453975412024805181, 14.98100000000001764 ) ) ;
#4126 = CARTESIAN_POINT ( 'NONE',  ( -7.570452848992600181, -17.38489065580179371, -7.318099999999999383 ) ) ;
#4127 = ORIENTED_EDGE ( 'NONE', *, *, #7207, .F. ) ;
#4128 = CARTESIAN_POINT ( 'NONE',  ( -2.500000000000000000, 0.000000000000000000, -7.949100000000000499 ) ) ;
#4129 = B_SPLINE_CURVE_WITH_KNOTS ( 'NONE', 3,
 ( #7055, #7756, #7139, #5209 ),
 .UNSPECIFIED., .F., .F.,
 ( 4, 4 ),
 ( 0.000000000000000000, 1.000000000000000000 ),
 .UNSPECIFIED. ) ;
#4130 = CARTESIAN_POINT ( 'NONE',  ( 19.22509895137961422, -0.6688628105438961802, -5.730599999999998140 ) ) ;
#4131 = DIRECTION ( 'NONE',  ( 0.000000000000000000, 0.000000000000000000, -1.000000000000000000 ) ) ;
#4132 = VECTOR ( 'NONE', #1312, 1000.000000000000000 ) ;
#4133 = CARTESIAN_POINT ( 'NONE',  ( -3.953988504193371334, 8.990941570122055637, -7.318099999999999383 ) ) ;
#4134 = AXIS2_PLACEMENT_3D ( 'NONE', #7785, #7829, #243 ) ;
#4135 = CARTESIAN_POINT ( 'NONE',  ( -27.11334437784210394, 35.98304491953225437, 11.80599999999999206 ) ) ;
#4136 = CARTESIAN_POINT ( 'NONE',  ( -13.29338258890768465, -6.451318146932627506, 8.631000000000000227 ) ) ;
#4137 = CARTESIAN_POINT ( 'NONE',  ( -4.229680485269870616, 3.331080792519785394, -5.730599999999999028 ) ) ;
#4138 = DIRECTION ( 'NONE',  ( 0.3618750385105568013, 0.9322266122048774584, 0.000000000000000000 ) ) ;
#4139 = CARTESIAN_POINT ( 'NONE',  ( 15.31602181363515314, 12.35832864774332762, 3.174999999999999822 ) ) ;
#4140 = CIRCLE ( 'NONE', #5193, 6.000000000000000888 ) ;
#4141 = ORIENTED_EDGE ( 'NONE', *, *, #1987, .T. ) ;
#4142 = CARTESIAN_POINT ( 'NONE',  ( -10.52473805582482669, -10.44028279238031764, 14.98100000000000520 ) ) ;
#4143 = CARTESIAN_POINT ( 'NONE',  ( -10.67073068954191406, 8.531809338517412300, -8.905600000000001515 ) ) ;
#4144 = DIRECTION ( 'NONE',  ( -1.000000000000000000, 0.000000000000000000, 0.000000000000000000 ) ) ;
#4145 = CARTESIAN_POINT ( 'NONE',  ( -9.853225687251137899, -3.809484351453405360, -5.730599999999998140 ) ) ;
#4146 = CARTESIAN_POINT ( 'NONE',  ( 13.31780050810874094, 11.74001846247007208, -5.730599999999999028 ) ) ;
#4147 = EDGE_CURVE ( 'NONE', #2842, #3071, #945, .T. ) ;
#4148 = AXIS2_PLACEMENT_3D ( 'NONE', #2745, #77, #7040 ) ;
#4149 = VERTEX_POINT ( 'NONE', #2940 ) ;
#4150 = ORIENTED_EDGE ( 'NONE', *, *, #2625, .T. ) ;
#4151 = CARTESIAN_POINT ( 'NONE',  ( -15.83213413320853213, 3.503402255547953814, -8.905600000000001515 ) ) ;
#4152 = EDGE_CURVE ( 'NONE', #2562, #6606, #2246, .T. ) ;
#4153 = DIRECTION ( 'NONE',  ( 0.000000000000000000, 0.000000000000000000, 1.000000000000000000 ) ) ;
#4154 = CARTESIAN_POINT ( 'NONE',  ( 2.029809858699984204, -5.646285476376871060, 6.432391748295236411 ) ) ;
#4155 = CARTESIAN_POINT ( 'NONE',  ( -9.615768839047843741, -10.70413264034995748, 8.631000000000000227 ) ) ;
#4156 = CARTESIAN_POINT ( 'NONE',  ( 5.960089870866373651, 5.164394093245153528, -5.730600000000000804 ) ) ;
#4157 = CARTESIAN_POINT ( 'NONE',  ( -10.40640954659362549, -15.48209485086373505, 0.7937499999999999556 ) ) ;
#4158 = CARTESIAN_POINT ( 'NONE',  ( 6.738176318998664982, -11.76555667031393426, 12.55600000000000094 ) ) ;
#4159 = ORIENTED_EDGE ( 'NONE', *, *, #6193, .F. ) ;
#4160 = CARTESIAN_POINT ( 'NONE',  ( -10.40649713440540935, -15.48206224209363491, -6.524350000000000094 ) ) ;
#4161 = CARTESIAN_POINT ( 'NONE',  ( 10.74479498614585538, 14.52745860629247865, 3.174999999999999822 ) ) ;
#4162 = CARTESIAN_POINT ( 'NONE',  ( -8.565050193019002833, -16.92647862052163177, -7.318099999999999383 ) ) ;
#4163 = CARTESIAN_POINT ( 'NONE',  ( -1.040224536643662212, 7.380931404014712705, 0.000000000000000000 ) ) ;
#4164 = CARTESIAN_POINT ( 'NONE',  ( 16.68600726385845689, 20.15763671921128974, 11.80600000000099215 ) ) ;
#4165 = CARTESIAN_POINT ( 'NONE',  ( 0.6742962923109466766, -19.87970153745930801, -7.111280788916217510 ) ) ;
#4166 = CARTESIAN_POINT ( 'NONE',  ( 3.579375667900572822, -10.83729641830301382, 11.80600000000000271 ) ) ;
#4167 = AXIS2_PLACEMENT_3D ( 'NONE', #5365, #1549, #5245 ) ;
#4168 = CARTESIAN_POINT ( 'NONE',  ( 2.522652101163100458, 6.498606346870359651, -5.730599999999999916 ) ) ;
#4169 = ORIENTED_EDGE ( 'NONE', *, *, #7257, .F. ) ;
#4170 = ADVANCED_FACE ( 'NONE', ( #5015 ), #6899, .F. ) ;
#4171 = ORIENTED_EDGE ( 'NONE', *, *, #2026, .T. ) ;
#4172 = DIRECTION ( 'NONE',  ( -0.3489024681454917509, -0.9371590407833582104, -0.000000000000000000 ) ) ;
#4173 = DIRECTION ( 'NONE',  ( 0.000000000000000000, 0.000000000000000000, 1.000000000000000000 ) ) ;
#4174 = CARTESIAN_POINT ( 'NONE',  ( 12.16856079531247481, -14.54943197920268183, 13.39349999983421569 ) ) ;
#4175 = B_SPLINE_CURVE_WITH_KNOTS ( 'NONE', 3,
 ( #907, #5984, #2191, #7066 ),
 .UNSPECIFIED., .F., .F.,
 ( 4, 4 ),
 ( 0.000000000000000000, 1.000000000000000000 ),
 .UNSPECIFIED. ) ;
#4176 = CARTESIAN_POINT ( 'NONE',  ( 0.8372582393523121391, -1.801439901884323014, -2.813011295999661598 ) ) ;
#4177 = CARTESIAN_POINT ( 'NONE',  ( 23.45242983988415375, 16.68862540272189676, 14.98099999999999632 ) ) ;
#4178 = CARTESIAN_POINT ( 'NONE',  ( 16.28144015722066129, 1.158382521813878796, -7.318099999999999383 ) ) ;
#4179 = EDGE_CURVE ( 'NONE', #2450, #2405, #3107, .T. ) ;
#4180 = CARTESIAN_POINT ( 'NONE',  ( 20.00649361252296288, -16.52835352298155769, -8.905600000000001515 ) ) ;
#4181 = CARTESIAN_POINT ( 'NONE',  ( -1.002733474507610190, -19.95275977105529819, -8.288978650684335037 ) ) ;
#4182 = CARTESIAN_POINT ( 'NONE',  ( -9.041094711510233140, -18.47313958429525727, -8.905600000000001515 ) ) ;
#4183 = VERTEX_POINT ( 'NONE', #2483 ) ;
#4184 = CARTESIAN_POINT ( 'NONE',  ( -18.90063818814573438, 33.38778806911870589, 13.39350000167914878 ) ) ;
#4185 = CARTESIAN_POINT ( 'NONE',  ( 14.71917428041942699, -15.17523840950907932, 13.39349904687932202 ) ) ;
#4186 = VERTEX_POINT ( 'NONE', #5596 ) ;
#4187 = CYLINDRICAL_SURFACE ( 'NONE', #1479, 16.92871113172949649 ) ;
#4188 = CARTESIAN_POINT ( 'NONE',  ( 28.74950554974190808, -2.214734616449070437, 14.98100000000001764 ) ) ;
#4189 = CARTESIAN_POINT ( 'NONE',  ( -2.899377258083655651, -15.01572639255299357, -1.949099999999974520 ) ) ;
#4190 = DIRECTION ( 'NONE',  ( -1.000000000000000000, 6.453308069673872516E-17, -1.432922240790251711E-32 ) ) ;
#4191 = PLANE ( 'NONE',  #7133 ) ;
#4192 = EDGE_CURVE ( 'NONE', #1422, #7314, #1308, .T. ) ;
#4193 = ORIENTED_EDGE ( 'NONE', *, *, #7891, .F. ) ;
#4194 = ORIENTED_EDGE ( 'NONE', *, *, #2402, .F. ) ;
#4195 = EDGE_CURVE ( 'NONE', #2527, #7611, #6179, .T. ) ;
#4196 = CARTESIAN_POINT ( 'NONE',  ( -14.82979880833433484, 5.559558975575309425, -8.905600000000003291 ) ) ;
#4197 = DIRECTION ( 'NONE',  ( -0.000000000000000000, -0.000000000000000000, 1.000000000000000000 ) ) ;
#4198 = CARTESIAN_POINT ( 'NONE',  ( 1.993520732012844299, -5.659340580375562979, 6.523753643949686598 ) ) ;
#4199 = DIRECTION ( 'NONE',  ( -0.000000000000000000, -0.000000000000000000, -1.000000000000000000 ) ) ;
#4200 = CARTESIAN_POINT ( 'NONE',  ( 2.151278356618460119, -1.967197634488866864, -15.44909999999999961 ) ) ;
#4201 = VERTEX_POINT ( 'NONE', #7563 ) ;
#4202 = B_SPLINE_SURFACE_WITH_KNOTS ( 'NONE', 3, 1, ( 
 ( #7441, #1727 ),
 ( #3023, #3366 ),
 ( #4266, #6816 ),
 ( #8099, #3979 ),
 ( #3064, #5594 ),
 ( #4471, #5087 ),
 ( #7596, #2520 ),
 ( #7629, #3725 ),
 ( #3144, #686 ),
 ( #4926, #1935 ),
 ( #8226, #3767 ),
 ( #3686, #5050 ),
 ( #2443, #6857 ),
 ( #6978, #6896 ),
 ( #6236, #1234 ),
 ( #1273, #6276 ),
 ( #524, #6397 ),
 ( #2480, #567 ),
 ( #1194, #604 ),
 ( #3220, #8147 ) ),
 .UNSPECIFIED., .F., .F., .F.,
 ( 4, 1, 1, 1, 1, 1, 1, 1, 1, 1, 1, 1, 1, 1, 1, 1, 1, 4 ),
 ( 2, 2 ),
 ( 0.000000000000000000, 0.09375000000000001388, 0.1171875000000000000, 0.1328125000000000000, 0.1484375000000047462, 0.1562500000000007494, 0.1718750000000026923, 0.1874999999999977240, 0.2109375000000000000, 0.2421875000000067168, 0.2734375000000000000, 0.3125000000000000000, 0.3437500000000000000, 0.3671874999999999445, 0.3984375000000000000, 0.4296875000000000000, 0.4609375000000001665, 0.5000000000000000000 ),
 ( 0.000000000000000000, 1.000000000000000000 ),
 .UNSPECIFIED. ) ;
#4203 = DIRECTION ( 'NONE',  ( 1.000000000000000000, 0.000000000000000000, 0.000000000000000000 ) ) ;
#4204 = CARTESIAN_POINT ( 'NONE',  ( 20.93406204487268241, 1.554484108911721396, 8.631000000000000227 ) ) ;
#4205 = CIRCLE ( 'NONE', #4598, 0.6499999999999999112 ) ;
#4206 = CARTESIAN_POINT ( 'NONE',  ( -9.801959106896667606, -16.06714690621811314, -7.318099999999999383 ) ) ;
#4207 = CARTESIAN_POINT ( 'NONE',  ( -2.133564132269718083, 5.992650110515425510, 0.000000000000000000 ) ) ;
#4208 = CARTESIAN_POINT ( 'NONE',  ( 20.73429099352363991, 15.02051468739542806, 11.80599999999999739 ) ) ;
#4209 = CARTESIAN_POINT ( 'NONE',  ( -14.43158449124798004, -6.659646363897024912, -5.730599999999999916 ) ) ;
#4210 = CARTESIAN_POINT ( 'NONE',  ( -16.48266611867316911, 32.85587203522656097, 11.80599999999999206 ) ) ;
#4211 = CONICAL_SURFACE ( 'NONE', #7927, 3.174999999999999822, 0.7853981633974500554 ) ;
#4212 = LINE ( 'NONE', #507, #5904 ) ;
#4213 = ORIENTED_EDGE ( 'NONE', *, *, #3331, .T. ) ;
#4214 = ORIENTED_EDGE ( 'NONE', *, *, #7290, .T. ) ;
#4215 = DIRECTION ( 'NONE',  ( -0.6804018808999482415, -0.7328391914109210203, -0.000000000000000000 ) ) ;
#4216 = CARTESIAN_POINT ( 'NONE',  ( 4.566370287237146108, -12.73717740565215628, 11.05600000000000271 ) ) ;
#4217 = CARTESIAN_POINT ( 'NONE',  ( -9.569980510478147906, -8.624637980542914306, 13.35240120309828527 ) ) ;
#4218 = CARTESIAN_POINT ( 'NONE',  ( -3.452816812823029213, 8.817250506599817683, -7.318099999999999383 ) ) ;
#4219 = CARTESIAN_POINT ( 'NONE',  ( -9.669967158880709235, 35.40818001634448819, 14.98100000000004783 ) ) ;
#4220 = CARTESIAN_POINT ( 'NONE',  ( -13.29338258890768465, -6.451318146932627506, 3.174999999999999822 ) ) ;
#4221 = LINE ( 'NONE', #7922, #4340 ) ;
#4222 = CARTESIAN_POINT ( 'NONE',  ( -15.36736558150639453, -8.877658348684693834, -8.905599999999997962 ) ) ;
#4223 = ORIENTED_EDGE ( 'NONE', *, *, #5253, .F. ) ;
#4224 = CARTESIAN_POINT ( 'NONE',  ( -11.56933667821470912, -16.57216109408330240, -8.905600000000001515 ) ) ;
#4225 = ADVANCED_FACE ( 'NONE', ( #4432 ), #7597, .T. ) ;
#4226 = ORIENTED_EDGE ( 'NONE', *, *, #8224, .F. ) ;
#4227 = CARTESIAN_POINT ( 'NONE',  ( 16.31704527226449031, 9.208254322743227860, 1.587499999999999911 ) ) ;
#4228 = AXIS2_PLACEMENT_3D ( 'NONE', #7196, #4526, #3322 ) ;
#4229 = CARTESIAN_POINT ( 'NONE',  ( 6.000000000000000888, 7.347880794884120722E-16, -11.44909999999999961 ) ) ;
#4230 = CARTESIAN_POINT ( 'NONE',  ( 1.852944724606089721, 0.7194282726170074804, -0.9982085163259633021 ) ) ;
#4231 = EDGE_CURVE ( 'NONE', #8192, #7558, #16, .T. ) ;
#4232 = CARTESIAN_POINT ( 'NONE',  ( 18.86402282299834710, -0.9952720431907391418, -5.730599999999999028 ) ) ;
#4233 = ORIENTED_EDGE ( 'NONE', *, *, #5303, .F. ) ;
#4234 = ORIENTED_EDGE ( 'NONE', *, *, #6653, .F. ) ;
#4235 = CARTESIAN_POINT ( 'NONE',  ( -10.09540080368246251, -4.137196943136364879, -0.000000000000000000 ) ) ;
#4236 = CARTESIAN_POINT ( 'NONE',  ( 2.103050166935528154, 2.378954252146738835, -10.21477821367074057 ) ) ;
#4237 = CARTESIAN_POINT ( 'NONE',  ( 0.1453009470534409042, -5.999009986873614864, 7.422908318370919467 ) ) ;
#4238 = DIRECTION ( 'NONE',  ( 0.000000000000000000, 0.000000000000000000, 1.000000000000000000 ) ) ;
#4239 = CARTESIAN_POINT ( 'NONE',  ( -10.98563882150648219, -5.535567601838107699, -5.730599999999999028 ) ) ;
#4241 = CARTESIAN_POINT ( 'NONE',  ( -9.695147619822321872, -16.15241194839223837, 1.473016276285625148 ) ) ;
#4240 = B_SPLINE_CURVE_WITH_KNOTS ( 'NONE', 3,
 ( #6310, #595, #6431, #719, #5791, #8217, #2628, #1267, #3798, #6351, #2550, #6626, #3455, #6586, #2088 ),
 .UNSPECIFIED., .F., .F.,
 ( 4, 1, 1, 1, 1, 1, 1, 1, 1, 1, 1, 1, 4 ),
 ( 0.000000000000000000, 0.05550813849230980257, 0.1110162769846196051, 0.1665244154769294216, 0.2220325539692392103, 0.2775406924615491100, 0.3330488309538588432, 0.3885569694461686874, 0.4440651079384784206, 0.4995732464307883758, 0.5550813849230982200, 0.6105895234154078421, 0.6288366340594742088 ),
 .UNSPECIFIED. ) ;
#4242 = VECTOR ( 'NONE', #4199, 1000.000000000000000 ) ;
#4243 = CARTESIAN_POINT ( 'NONE',  ( 8.252796624617600330, -13.70634334510367580, 12.55600000000000271 ) ) ;
#4244 = ORIENTED_EDGE ( 'NONE', *, *, #2975, .T. ) ;
#4245 = CARTESIAN_POINT ( 'NONE',  ( -11.98739699550838900, -12.91531502102366602, 0.000000000000000000 ) ) ;
#4246 = CARTESIAN_POINT ( 'NONE',  ( -12.13764418830568559, -12.97520023162797109, -8.021485491758353348 ) ) ;
#4247 = B_SPLINE_CURVE_WITH_KNOTS ( 'NONE', 3,
 ( #2725, #7760, #1398, #3924, #6483, #5251, #5939, #770, #7798, #2101, #4638, #7182, #1475, #6561, #217, #2765, #7921, #2304, #1640, #6687, #6060, #3559, #4261, #938 ),
 .UNSPECIFIED., .F., .F.,
 ( 4, 2, 2, 2, 2, 2, 2, 2, 2, 2, 2, 4 ),
 ( 0.004377253750104953198, 0.004924286972424272990, 0.005471320194743592782, 0.005744836805903253546, 0.006018353417062913442, 0.006291870028222573338, 0.006565386639382234102, 0.007112419861701552160, 0.007385936472861211188, 0.007659453084020870217, 0.008206486306340191744, 0.008753519528659511537 ),
 .UNSPECIFIED. ) ;
#4248 = CARTESIAN_POINT ( 'NONE',  ( 9.612960538974547831, 14.69356189613515973, 5.670957196236839692 ) ) ;
#4249 = DIRECTION ( 'NONE',  ( -1.000000000000000000, 0.000000000000000000, 0.000000000000000000 ) ) ;
#4250 = CARTESIAN_POINT ( 'NONE',  ( 25.48526637672581430, -1.669644062140321239, 8.630999999999998451 ) ) ;
#4251 = CARTESIAN_POINT ( 'NONE',  ( -14.05771075803164294, -7.839959164997486241, -5.730599999999999916 ) ) ;
#4252 = CARTESIAN_POINT ( 'NONE',  ( 22.51648795791860991, 11.38776055877447924, 11.80599999999999739 ) ) ;
#4253 = CIRCLE ( 'NONE', #7835, 18.81048697705378459 ) ;
#4254 = CARTESIAN_POINT ( 'NONE',  ( -11.41644753893961273, -14.18370272454598791, 1.587499999999999911 ) ) ;
#4255 = VERTEX_POINT ( 'NONE', #4315 ) ;
#4256 = ORIENTED_EDGE ( 'NONE', *, *, #6355, .T. ) ;
#4257 = CARTESIAN_POINT ( 'NONE',  ( 12.16910334886818568, -14.54587935834384460, 11.80600000000000271 ) ) ;
#4258 = DIRECTION ( 'NONE',  ( 0.6187123756285675125, 0.7856175890622958402, -0.000000000000000000 ) ) ;
#4259 = CARTESIAN_POINT ( 'NONE',  ( 19.34890321087421228, -0.9952133531469472549, -7.318099999999999383 ) ) ;
#4260 = CARTESIAN_POINT ( 'NONE',  ( -47.26318507213461118, 14.98993600145355387, 14.98099999999999632 ) ) ;
#4261 = CARTESIAN_POINT ( 'NONE',  ( 6.088904321202406322, 5.114395874755501836, -1.764130115924669617 ) ) ;
#4262 = CARTESIAN_POINT ( 'NONE',  ( 7.252886150531233866, 16.13828048713187258, -10.31133529917961944 ) ) ;
#4263 = CARTESIAN_POINT ( 'NONE',  ( -16.04143873714527047, 2.813959658486365978, -8.905599999999997962 ) ) ;
#4264 = ORIENTED_EDGE ( 'NONE', *, *, #1481, .F. ) ;
#4265 = DIRECTION ( 'NONE',  ( -0.3618405788679778246, -0.9322399881385087239, 0.000000000000000000 ) ) ;
#4266 = CARTESIAN_POINT ( 'NONE',  ( -17.80778387332761170, -6.266522890202998575, 8.631000000000002004 ) ) ;
#4267 = AXIS2_PLACEMENT_3D ( 'NONE', #7978, #4859, #3190 ) ;
#4268 = DIRECTION ( 'NONE',  ( -0.3489024681454918064, -0.9371590407833582104, -0.000000000000000000 ) ) ;
#4269 = CARTESIAN_POINT ( 'NONE',  ( 20.93663917186174217, 1.726690403594020928, 1.587499999999999689 ) ) ;
#4270 = CARTESIAN_POINT ( 'NONE',  ( 12.16910334886818568, -14.54587935834384460, 11.05600000000000271 ) ) ;
#4271 = CARTESIAN_POINT ( 'NONE',  ( 26.35318203560210648, -11.46868643948620203, 11.80600000000000271 ) ) ;
#4272 = AXIS2_PLACEMENT_3D ( 'NONE', #5656, #417, #6876 ) ;
#4273 = AXIS2_PLACEMENT_3D ( 'NONE', #7931, #4689, #2773 ) ;
#4274 = ORIENTED_EDGE ( 'NONE', *, *, #2104, .F. ) ;
#4275 = ORIENTED_EDGE ( 'NONE', *, *, #4903, .T. ) ;
#4276 = VERTEX_POINT ( 'NONE', #3066 ) ;
#4277 = CARTESIAN_POINT ( 'NONE',  ( -16.04255383565359239, 2.809715218929526692, -8.905599999999999739 ) ) ;
#4278 = CARTESIAN_POINT ( 'NONE',  ( -13.88357108138302820, -8.312627936532434703, -7.318099999999999383 ) ) ;
#4279 = CARTESIAN_POINT ( 'NONE',  ( -8.075426939931087844, -18.89025876392038938, 7.043499999999999872 ) ) ;
#4280 = VECTOR ( 'NONE', #5014, 1000.000000000000000 ) ;
#4281 = CARTESIAN_POINT ( 'NONE',  ( 2.077407239973875885, -1.397236926181984584, -8.551311527150495806 ) ) ;
#4282 = CARTESIAN_POINT ( 'NONE',  ( -48.49935445207390217, 17.71237818181344537, 11.80599999999999561 ) ) ;
#4283 = CARTESIAN_POINT ( 'NONE',  ( -12.07481900749551684, -7.909056706829068695, -5.730599999999998140 ) ) ;
#4284 = CARTESIAN_POINT ( 'NONE',  ( 1.441172171887723286, -1.370643717232056691, -0.7305268027022823185 ) ) ;
#4285 = B_SPLINE_CURVE_WITH_KNOTS ( 'NONE', 3,
 ( #5176, #1484, #6610, #3438, #4016, #739, #2066, #2153, #4688, #7888 ),
 .UNSPECIFIED., .F., .F.,
 ( 4, 2, 2, 2, 4 ),
 ( 0.000000000000000000, 0.3559286171081143535, 0.5533221837525468256, 0.7086393685172394097, 1.000000000000000000 ),
 .UNSPECIFIED. ) ;
#4286 = AXIS2_PLACEMENT_3D ( 'NONE', #4473, #2058, #5803 ) ;
#4287 = ORIENTED_EDGE ( 'NONE', *, *, #8203, .F. ) ;
#4288 = CARTESIAN_POINT ( 'NONE',  ( -12.51825233670075654, -10.22913083099695264, 0.000000000000000000 ) ) ;
#4289 = CARTESIAN_POINT ( 'NONE',  ( 20.93406204487268241, 1.554484108911721396, 3.174999999999999822 ) ) ;
#4290 = CARTESIAN_POINT ( 'NONE',  ( 0.000000000000000000, 0.000000000000000000, -7.949100000000000499 ) ) ;
#4291 = CARTESIAN_POINT ( 'NONE',  ( -6.882952926972548902, -0.03794426804597871017, 0.000000000000000000 ) ) ;
#4292 = CARTESIAN_POINT ( 'NONE',  ( 3.579375667900573266, -10.83729641830301382, 8.631000000000000227 ) ) ;
#4293 = PLANE ( 'NONE',  #5737 ) ;
#4294 = VECTOR ( 'NONE', #386, 1000.000000000000000 ) ;
#4295 = CARTESIAN_POINT ( 'NONE',  ( -34.34269062145453688, 4.697388634174216371, 11.80599999999999916 ) ) ;
#4296 = VECTOR ( 'NONE', #2395, 1000.000000000000000 ) ;
#4297 = CARTESIAN_POINT ( 'NONE',  ( -7.423976947039199636, -17.43869423891718995, 1.587499999999999911 ) ) ;
#4298 = ORIENTED_EDGE ( 'NONE', *, *, #2316, .F. ) ;
#4299 = ORIENTED_EDGE ( 'NONE', *, *, #4583, .F. ) ;
#4300 = CARTESIAN_POINT ( 'NONE',  ( -5.462015592765184557, 9.269133915182298011, -7.318099999999999383 ) ) ;
#4301 = CARTESIAN_POINT ( 'NONE',  ( 15.96106117789967271, 9.595422772861729399, 0.000000000000000000 ) ) ;
#4302 = ADVANCED_FACE ( 'NONE', ( #6279 ), #6979, .T. ) ;
#4303 = DIRECTION ( 'NONE',  ( -0.9673143870489525620, 0.2535801187161745296, -6.056018956362829774E-17 ) ) ;
#4304 = EDGE_CURVE ( 'NONE', #3814, #199, #4377, .T. ) ;
#4305 = CARTESIAN_POINT ( 'NONE',  ( 2.499390839117278329, 11.49427392629251088, 1.587499999999999911 ) ) ;
#4306 = CARTESIAN_POINT ( 'NONE',  ( -48.86279541950757732, 23.23735313982243156, 14.98099999999995902 ) ) ;
#4307 =( BOUNDED_SURFACE ( )  B_SPLINE_SURFACE ( 3, 3, ( 
 ( #5760, #7017, #5250, #4552, #2639, #5168, #2100, #18, #2558, #5127, #1972, #3888, #5089, #1275, #3807, #7632, #3846, #3306, #6399, #1397, #175, #5892, #688, #6443, #6360, #729, #5212, #3923, #3265, #7759, #4592, #7225, #1518, #7351, #3391, #855, #1558, #4802, #6639, #4135, #3558, #4049, #1594, #1639, #347, #2263, #216, #3468, #5938, #977, #256, #1473, #2764, #389, #305, #4719, #5976, #4006, #899, #2848, #5412, #2929, #5294, #2141, #7961, #6019 ),
 ( #7838, #6601, #3428, #6560, #6102, #2805, #5373, #5333, #4678, #7879, #2183, #7920, #937, #7267, #4092, #6686, #2224, #5455, #4759, #7309, #3515, #6059, #2887, #4177, #8007, #6724, #1016, #4637, #7181, #515, #7476, #473, #6927, #2972, #4219, #3719, #4385, #4968, #8091, #3014, #3642, #560, #1766, #6891, #5673, #1719, #1807, #4306, #3057, #1228, #4260, #3139, #5584, #3762, #6769, #8140, #1187, #6144, #2303, #6268, #5630, #6187, #2346, #6312, #598, #6810 ),
 ( #8052, #1060, #6850, #433, #4842, #7388, #3680, #3099, #1104, #5538, #2392, #4920, #6230, #2436, #4347, #4125, #207, #1587, #5884, #4627, #3503, #165, #5285, #6675, #7215, #3383, #4039, #7911, #928, #6630, #1467, #7949, #2714, #4751, #5244, #336, #3458, #3998, #5404, #6590, #2214, #7790, #6009, #2794, #7299, #970, #889, #2091, #3421, #5967, #246, #2878, #5323, #293, #7870, #7173, #2176, #2254, #4791, #4712, #6553, #7341, #847, #7256, #2840, #1547 ),
 ( #1629, #4166, #5927, #2758, #7507, #4957, #5489, #3633, #6843, #2918, #2295, #3004, #2382, #463, #4832, #1136, #2963, #1049, #6177, #8129, #8041, #1670, #4252, #5530, #8083, #6921, #5575, #3671, #1755, #7379, #5621, #381, #2425, #5444, #1179, #6222, #4210, #3091, #7424, #1800, #6092, #506, #4911, #4338, #6884, #6800, #7994, #1709, #1092, #2336, #3711, #4873, #4295, #7463, #6760, #3047, #6261, #550, #8174, #4376, #2465, #3592, #4998, #7546, #1841, #6133 ),
 ( #3548, #423, #7083, #5039, #43, #2507, #5786, #5076, #6304, #7584, #5192, #5111, #1301, #2544, #590, #5705, #7659, #1997, #7740, #1881, #6965, #4535, #2582, #755, #3754, #2622, #1381, #3872, #7001, #1923, #7620, #7700, #6383, #79, #4575, #630, #715, #3205, #1957, #3911, #3169, #2039, #4496, #3289, #3129, #7042, #5151, #4418, #1218, #6466, #5827, #4457, #1262, #117, #2660, #6343, #5662, #3792, #8211, #3832, #8248, #669, #5745, #1337, #6424, #3250 ),
 ( #2869, #2747, #5870, #6043, #879, #5356, #1458, #2829, #2243, #157, #4742, #7122, #6542, #7901, #834, #4617, #3373, #3330, #4115, #1420, #6665, #6580, #7203, #325, #5394, #1538, #4701, #7164, #2204, #5917, #3987, #7942, #7245, #5958, #2784, #3949, #2704, #792, #197, #2124, #5275, #5234, #6503, #7779, #2081, #7822, #3450, #4659, #4074, #1500, #1578, #4028, #3411, #961, #237, #5997, #7860, #5314, #2165, #6621, #919, #283, #3494, #7289, #1116, #1818 ),
 ( #4931, #3653, #5720, #1240, #1157, #6821, #6200, #608, #6322, #6861, #4979, #8191, #4271, #485, #4358, #3729, #6902, #3027, #2485, #4317, #2404, #7527, #3772, #3692, #5551, #5599, #1198, #6281, #21, #8104, #7486, #6241, #1779, #3810, #529, #572, #3068, #8152, #2448, #3109, #5642, #5017, #7565, #1861, #6941, #4394, #6362, #3149, #5683, #8229, #2523, #5055, #7599, #649, #1902, #4435, #6982, #4781, #1277, #3185, #7329, #1619, #3225, #4476, #4554, #1315 ) ),
 .UNSPECIFIED., .T., .T., .T. ) 
 B_SPLINE_SURFACE_WITH_KNOTS ( ( 4, 3, 4 ),
 ( 4, 2, 2, 2, 2, 2, 2, 2, 2, 2, 2, 2, 2, 2, 2, 2, 2, 2, 2, 2, 2, 2, 2, 2, 2, 2, 2, 2, 2, 2, 2, 2, 4 ),
 ( 0.000000000000000000, 0.5000000000000000000, 1.000000000000000000 ),
 ( 0.000000000000000000, 0.008602279888498043370, 0.03594602988850257447, 0.06328977988850710557, 0.08086790488850542635, 0.09844602988850373326, 0.1336022798885003748, 0.1609460298885003193, 0.1746179048885002916, 0.1882897798885002638, 0.2195397798885003193, 0.2507897798885003748, 0.2859460298884995977, 0.3211022798884988205, 0.3523522798884995977, 0.3836022798885003748, 0.4265710298885028173, 0.4695397798885052598, 0.4968835298885041496, 0.5242272798885030394, 0.5789147798885007079, 0.6101647798884999307, 0.6414147798884992646, 0.6638757173884992646, 0.6863366548884991536, 0.7312585298884990426, 0.8211022798884987095, 0.9148522798885003748, 0.9285241548885014851, 0.9421960298885027063, 0.9558679048885039276, 0.9695397798885050378, 1.000000000000000000 ),
 .UNSPECIFIED. ) 
 GEOMETRIC_REPRESENTATION_ITEM ( )  RATIONAL_B_SPLINE_SURFACE ( (
 ( 1.000000000000000000, 1.000000000000000000, 1.000000000000000000, 1.000000000000000000, 1.000000000000000000, 1.000000000000000000, 1.000000000000000000, 1.000000000000000000, 1.000000000000000000, 1.000000000000000000, 1.000000000000000000, 1.000000000000000000, 1.000000000000000000, 1.000000000000000000, 1.000000000000000000, 1.000000000000000000, 1.000000000000000000, 1.000000000000000000, 1.000000000000000000, 1.000000000000000000, 1.000000000000000000, 1.000000000000000000, 1.000000000000000000, 1.000000000000000000, 1.000000000000000000, 1.000000000000000000, 1.000000000000000000, 1.000000000000000000, 1.000000000000000000, 1.000000000000000000, 1.000000000000000000, 1.000000000000000000, 1.000000000000000000, 1.000000000000000000, 1.000000000000000000, 1.000000000000000000, 1.000000000000000000, 1.000000000000000000, 1.000000000000000000, 1.000000000000000000, 1.000000000000000000, 1.000000000000000000, 1.000000000000000000, 1.000000000000000000, 1.000000000000000000, 1.000000000000000000, 1.000000000000000000, 1.000000000000000000, 1.000000000000000000, 1.000000000000000000, 1.000000000000000000, 1.000000000000000000, 1.000000000000000000, 1.000000000000000000, 1.000000000000000000, 1.000000000000000000, 1.000000000000000000, 1.000000000000000000, 1.000000000000000000, 1.000000000000000000, 1.000000000000000000, 1.000000000000000000, 1.000000000000000000, 1.000000000000000000, 1.000000000000000000, 1.000000000000000000),
 ( 0.3333333333333333703, 0.3333333333333333703, 0.3333333333333333703, 0.3333333333333333703, 0.3333333333333333703, 0.3333333333333333703, 0.3333333333333333703, 0.3333333333333333703, 0.3333333333333333703, 0.3333333333333333703, 0.3333333333333333703, 0.3333333333333333703, 0.3333333333333333703, 0.3333333333333333703, 0.3333333333333333703, 0.3333333333333333703, 0.3333333333333333703, 0.3333333333333333703, 0.3333333333333333703, 0.3333333333333333703, 0.3333333333333333703, 0.3333333333333333703, 0.3333333333333333703, 0.3333333333333333703, 0.3333333333333333703, 0.3333333333333333703, 0.3333333333333333703, 0.3333333333333333703, 0.3333333333333333703, 0.3333333333333333703, 0.3333333333333333703, 0.3333333333333333703, 0.3333333333333333703, 0.3333333333333333703, 0.3333333333333333703, 0.3333333333333333703, 0.3333333333333333703, 0.3333333333333333703, 0.3333333333333333703, 0.3333333333333333703, 0.3333333333333333703, 0.3333333333333333703, 0.3333333333333333703, 0.3333333333333333703, 0.3333333333333333703, 0.3333333333333333703, 0.3333333333333333703, 0.3333333333333333703, 0.3333333333333333703, 0.3333333333333333703, 0.3333333333333333703, 0.3333333333333333703, 0.3333333333333333703, 0.3333333333333333703, 0.3333333333333333703, 0.3333333333333333703, 0.3333333333333333703, 0.3333333333333333703, 0.3333333333333333703, 0.3333333333333333703, 0.3333333333333333703, 0.3333333333333333703, 0.3333333333333333703, 0.3333333333333333703, 0.3333333333333333703, 0.3333333333333333703),
 ( 0.3333333333333333703, 0.3333333333333333703, 0.3333333333333333703, 0.3333333333333333703, 0.3333333333333333703, 0.3333333333333333703, 0.3333333333333333703, 0.3333333333333333703, 0.3333333333333333703, 0.3333333333333333703, 0.3333333333333333703, 0.3333333333333333703, 0.3333333333333333703, 0.3333333333333333703, 0.3333333333333333703, 0.3333333333333333703, 0.3333333333333333703, 0.3333333333333333703, 0.3333333333333333703, 0.3333333333333333703, 0.3333333333333333703, 0.3333333333333333703, 0.3333333333333333703, 0.3333333333333333703, 0.3333333333333333703, 0.3333333333333333703, 0.3333333333333333703, 0.3333333333333333703, 0.3333333333333333703, 0.3333333333333333703, 0.3333333333333333703, 0.3333333333333333703, 0.3333333333333333703, 0.3333333333333333703, 0.3333333333333333703, 0.3333333333333333703, 0.3333333333333333703, 0.3333333333333333703, 0.3333333333333333703, 0.3333333333333333703, 0.3333333333333333703, 0.3333333333333333703, 0.3333333333333333703, 0.3333333333333333703, 0.3333333333333333703, 0.3333333333333333703, 0.3333333333333333703, 0.3333333333333333703, 0.3333333333333333703, 0.3333333333333333703, 0.3333333333333333703, 0.3333333333333333703, 0.3333333333333333703, 0.3333333333333333703, 0.3333333333333333703, 0.3333333333333333703, 0.3333333333333333703, 0.3333333333333333703, 0.3333333333333333703, 0.3333333333333333703, 0.3333333333333333703, 0.3333333333333333703, 0.3333333333333333703, 0.3333333333333333703, 0.3333333333333333703, 0.3333333333333333703),
 ( 1.000000000000000000, 1.000000000000000000, 1.000000000000000000, 1.000000000000000000, 1.000000000000000000, 1.000000000000000000, 1.000000000000000000, 1.000000000000000000, 1.000000000000000000, 1.000000000000000000, 1.000000000000000000, 1.000000000000000000, 1.000000000000000000, 1.000000000000000000, 1.000000000000000000, 1.000000000000000000, 1.000000000000000000, 1.000000000000000000, 1.000000000000000000, 1.000000000000000000, 1.000000000000000000, 1.000000000000000000, 1.000000000000000000, 1.000000000000000000, 1.000000000000000000, 1.000000000000000000, 1.000000000000000000, 1.000000000000000000, 1.000000000000000000, 1.000000000000000000, 1.000000000000000000, 1.000000000000000000, 1.000000000000000000, 1.000000000000000000, 1.000000000000000000, 1.000000000000000000, 1.000000000000000000, 1.000000000000000000, 1.000000000000000000, 1.000000000000000000, 1.000000000000000000, 1.000000000000000000, 1.000000000000000000, 1.000000000000000000, 1.000000000000000000, 1.000000000000000000, 1.000000000000000000, 1.000000000000000000, 1.000000000000000000, 1.000000000000000000, 1.000000000000000000, 1.000000000000000000, 1.000000000000000000, 1.000000000000000000, 1.000000000000000000, 1.000000000000000000, 1.000000000000000000, 1.000000000000000000, 1.000000000000000000, 1.000000000000000000, 1.000000000000000000, 1.000000000000000000, 1.000000000000000000, 1.000000000000000000, 1.000000000000000000, 1.000000000000000000),
 ( 0.3333333333333333703, 0.3333333333333333703, 0.3333333333333333703, 0.3333333333333333703, 0.3333333333333333703, 0.3333333333333333703, 0.3333333333333333703, 0.3333333333333333703, 0.3333333333333333703, 0.3333333333333333703, 0.3333333333333333703, 0.3333333333333333703, 0.3333333333333333703, 0.3333333333333333703, 0.3333333333333333703, 0.3333333333333333703, 0.3333333333333333703, 0.3333333333333333703, 0.3333333333333333703, 0.3333333333333333703, 0.3333333333333333703, 0.3333333333333333703, 0.3333333333333333703, 0.3333333333333333703, 0.3333333333333333703, 0.3333333333333333703, 0.3333333333333333703, 0.3333333333333333703, 0.3333333333333333703, 0.3333333333333333703, 0.3333333333333333703, 0.3333333333333333703, 0.3333333333333333703, 0.3333333333333333703, 0.3333333333333333703, 0.3333333333333333703, 0.3333333333333333703, 0.3333333333333333703, 0.3333333333333333703, 0.3333333333333333703, 0.3333333333333333703, 0.3333333333333333703, 0.3333333333333333703, 0.3333333333333333703, 0.3333333333333333703, 0.3333333333333333703, 0.3333333333333333703, 0.3333333333333333703, 0.3333333333333333703, 0.3333333333333333703, 0.3333333333333333703, 0.3333333333333333703, 0.3333333333333333703, 0.3333333333333333703, 0.3333333333333333703, 0.3333333333333333703, 0.3333333333333333703, 0.3333333333333333703, 0.3333333333333333703, 0.3333333333333333703, 0.3333333333333333703, 0.3333333333333333703, 0.3333333333333333703, 0.3333333333333333703, 0.3333333333333333703, 0.3333333333333333703),
 ( 0.3333333333333333703, 0.3333333333333333703, 0.3333333333333333703, 0.3333333333333333703, 0.3333333333333333703, 0.3333333333333333703, 0.3333333333333333703, 0.3333333333333333703, 0.3333333333333333703, 0.3333333333333333703, 0.3333333333333333703, 0.3333333333333333703, 0.3333333333333333703, 0.3333333333333333703, 0.3333333333333333703, 0.3333333333333333703, 0.3333333333333333703, 0.3333333333333333703, 0.3333333333333333703, 0.3333333333333333703, 0.3333333333333333703, 0.3333333333333333703, 0.3333333333333333703, 0.3333333333333333703, 0.3333333333333333703, 0.3333333333333333703, 0.3333333333333333703, 0.3333333333333333703, 0.3333333333333333703, 0.3333333333333333703, 0.3333333333333333703, 0.3333333333333333703, 0.3333333333333333703, 0.3333333333333333703, 0.3333333333333333703, 0.3333333333333333703, 0.3333333333333333703, 0.3333333333333333703, 0.3333333333333333703, 0.3333333333333333703, 0.3333333333333333703, 0.3333333333333333703, 0.3333333333333333703, 0.3333333333333333703, 0.3333333333333333703, 0.3333333333333333703, 0.3333333333333333703, 0.3333333333333333703, 0.3333333333333333703, 0.3333333333333333703, 0.3333333333333333703, 0.3333333333333333703, 0.3333333333333333703, 0.3333333333333333703, 0.3333333333333333703, 0.3333333333333333703, 0.3333333333333333703, 0.3333333333333333703, 0.3333333333333333703, 0.3333333333333333703, 0.3333333333333333703, 0.3333333333333333703, 0.3333333333333333703, 0.3333333333333333703, 0.3333333333333333703, 0.3333333333333333703),
 ( 1.000000000000000000, 1.000000000000000000, 1.000000000000000000, 1.000000000000000000, 1.000000000000000000, 1.000000000000000000, 1.000000000000000000, 1.000000000000000000, 1.000000000000000000, 1.000000000000000000, 1.000000000000000000, 1.000000000000000000, 1.000000000000000000, 1.000000000000000000, 1.000000000000000000, 1.000000000000000000, 1.000000000000000000, 1.000000000000000000, 1.000000000000000000, 1.000000000000000000, 1.000000000000000000, 1.000000000000000000, 1.000000000000000000, 1.000000000000000000, 1.000000000000000000, 1.000000000000000000, 1.000000000000000000, 1.000000000000000000, 1.000000000000000000, 1.000000000000000000, 1.000000000000000000, 1.000000000000000000, 1.000000000000000000, 1.000000000000000000, 1.000000000000000000, 1.000000000000000000, 1.000000000000000000, 1.000000000000000000, 1.000000000000000000, 1.000000000000000000, 1.000000000000000000, 1.000000000000000000, 1.000000000000000000, 1.000000000000000000, 1.000000000000000000, 1.000000000000000000, 1.000000000000000000, 1.000000000000000000, 1.000000000000000000, 1.000000000000000000, 1.000000000000000000, 1.000000000000000000, 1.000000000000000000, 1.000000000000000000, 1.000000000000000000, 1.000000000000000000, 1.000000000000000000, 1.000000000000000000, 1.000000000000000000, 1.000000000000000000, 1.000000000000000000, 1.000000000000000000, 1.000000000000000000, 1.000000000000000000, 1.000000000000000000, 1.000000000000000000) ) ) 
 REPRESENTATION_ITEM ( '' )  SURFACE ( )  );
#4308 = CARTESIAN_POINT ( 'NONE',  ( 8.371830234182739972, 15.78518850413288632, -11.34002202132545278 ) ) ;
#4309 = CARTESIAN_POINT ( 'NONE',  ( 14.25591115432990641, 24.17868099317643171, 8.630999999999994898 ) ) ;
#4310 = CARTESIAN_POINT ( 'NONE',  ( -12.60347368593724227, -15.23862778233871040, -8.905600000000001515 ) ) ;
#4311 = ORIENTED_EDGE ( 'NONE', *, *, #1137, .F. ) ;
#4312 = CARTESIAN_POINT ( 'NONE',  ( -11.33310812752695540, -16.81473721259116516, -8.905600000000001515 ) ) ;
#4313 = DIRECTION ( 'NONE',  ( -0.000000000000000000, -0.000000000000000000, -1.000000000000000000 ) ) ;
#4314 = CARTESIAN_POINT ( 'NONE',  ( 19.34913917186175780, -0.4726560771233620506, 0.000000000000000000 ) ) ;
#4315 = CARTESIAN_POINT ( 'NONE',  ( -30.03296279907226207, 0.000000000000000000, 8.631000000000000227 ) ) ;
#4316 = DIRECTION ( 'NONE',  ( -0.9247449542209307261, -0.3805874007937320447, 0.000000000000000000 ) ) ;
#4317 = CARTESIAN_POINT ( 'NONE',  ( 27.54192536631284938, 4.318195128450602382, 11.80599999999999916 ) ) ;
#4318 = ORIENTED_EDGE ( 'NONE', *, *, #7965, .F. ) ;
#4319 = B_SPLINE_CURVE_WITH_KNOTS ( 'NONE', 3,
 ( #8170, #7580, #3043, #5700 ),
 .UNSPECIFIED., .F., .F.,
 ( 4, 4 ),
 ( 0.0001421384952819808604, 0.007142139520019837561 ),
 .UNSPECIFIED. ) ;
#4320 = EDGE_LOOP ( 'NONE', ( #4287, #7231, #4030, #1327, #187, #6225, #3656 ) ) ;
#4321 = B_SPLINE_CURVE_WITH_KNOTS ( 'NONE', 3,
 ( #4114, #6579, #156, #2702, #1741, #3662, #1661, #7328, #4284, #2284, #1081, #2908, #5478, #4823, #5612, #1169, #8031, #6124 ),
 .UNSPECIFIED., .F., .F.,
 ( 4, 2, 2, 2, 2, 2, 2, 2, 4 ),
 ( 0.003767136879819474576, 0.004179466390770574490, 0.004591795901721673970, 0.005004125412672774317, 0.005416454923623873798, 0.005828784434574973278, 0.006241113945526073625, 0.006653443456477172238, 0.007065772967428272586 ),
 .UNSPECIFIED. ) ;
#4322 = ORIENTED_EDGE ( 'NONE', *, *, #2625, .F. ) ;
#4323 = CARTESIAN_POINT ( 'NONE',  ( -5.082267925874756287, 10.81199645629561701, -8.905600000000001515 ) ) ;
#4324 = CARTESIAN_POINT ( 'NONE',  ( -7.696762300786943456, 9.074866323787089684, -7.318099999999999383 ) ) ;
#4325 = CARTESIAN_POINT ( 'NONE',  ( 1.903581185091523409, -5.690223140213062081, 6.693084280159149024 ) ) ;
#4326 = CARTESIAN_POINT ( 'NONE',  ( -11.99213233268826606, -7.668308153945135430, -5.730599999999999028 ) ) ;
#4327 = CARTESIAN_POINT ( 'NONE',  ( -8.108571776606318338, -17.16374185949720754, 1.587763548598092767 ) ) ;
#4328 = CARTESIAN_POINT ( 'NONE',  ( 10.97740683689345964, -12.80835522115978087, 11.05600000000000271 ) ) ;
#4329 = ORIENTED_EDGE ( 'NONE', *, *, #1992, .T. ) ;
#4330 = CARTESIAN_POINT ( 'NONE',  ( -13.97186840969304100, -8.080783377854872995, 0.000000000000000000 ) ) ;
#4331 = PLANE ( 'NONE',  #4272 ) ;
#4332 = DIRECTION ( 'NONE',  ( -0.000000000000000000, -0.000000000000000000, -1.000000000000000000 ) ) ;
#4333 = ADVANCED_FACE ( 'NONE', ( #3769 ), #3845, .F. ) ;
#4334 = CARTESIAN_POINT ( 'NONE',  ( 9.463306050889736198, 14.71481472949420954, 5.326799891940196652 ) ) ;
#4335 = CARTESIAN_POINT ( 'NONE',  ( 0.000000000000000000, 0.000000000000000000, 3.756000000000000671 ) ) ;
#4336 = CARTESIAN_POINT ( 'NONE',  ( 8.110213314787003469, -12.05396096807256434, 8.631000000000000227 ) ) ;
#4337 = CARTESIAN_POINT ( 'NONE',  ( -0.8872122126997809000, -19.64246734039021902, 1.557152746393654086 ) ) ;
#4338 = CARTESIAN_POINT ( 'NONE',  ( -41.34135381484318827, 28.62881875561654965, 11.80599999999999383 ) ) ;
#4339 = ADVANCED_FACE ( 'NONE', ( #7525 ), #3806, .F. ) ;
#4340 = VECTOR ( 'NONE', #307, 1000.000000000000000 ) ;
#4341 = CARTESIAN_POINT ( 'NONE',  ( -10.55765160132026281, -4.814631706476727224, 1.587499999999999911 ) ) ;
#4342 = EDGE_LOOP ( 'NONE', ( #6035, #3594, #3574, #7072 ) ) ;
#4343 = CARTESIAN_POINT ( 'NONE',  ( -14.84865981886881947, 1.076030287531293483, -7.318099999999999383 ) ) ;
#4344 = CARTESIAN_POINT ( 'NONE',  ( 19.15419645555992290, 3.242502156249417400, 0.000000000000000000 ) ) ;
#4345 = CARTESIAN_POINT ( 'NONE',  ( -9.255278245542216453, -7.548006739287552946, 12.21734685352278227 ) ) ;
#4346 = CARTESIAN_POINT ( 'NONE',  ( 7.753788007555675321, 29.50962372097942321, 14.98100000000004783 ) ) ;
#4347 = CARTESIAN_POINT ( 'NONE',  ( 25.59606568476176136, -4.805342444251015088, 14.98099999999996790 ) ) ;
#4348 = VECTOR ( 'NONE', #4363, 1000.000000000000000 ) ;
#4349 = LINE ( 'NONE', #6314, #3268 ) ;
#4350 = CARTESIAN_POINT ( 'NONE',  ( -16.25141662937566878, 2.067441825064930239, -8.905599999999997962 ) ) ;
#4351 = VERTEX_POINT ( 'NONE', #5088 ) ;
#4352 = DIRECTION ( 'NONE',  ( 1.000000000000000000, 0.000000000000000000, -0.000000000000000000 ) ) ;
#4353 = ADVANCED_FACE ( 'NONE', ( #7631 ), #6738, .F. ) ;
#4354 = DIRECTION ( 'NONE',  ( 0.3618405788679778801, 0.9322399881385086129, 0.000000000000000000 ) ) ;
#4355 = CARTESIAN_POINT ( 'NONE',  ( 6.000000000000000888, 7.347880794884120722E-16, -15.44909999999999961 ) ) ;
#4356 = CARTESIAN_POINT ( 'NONE',  ( -1.852669853647179732, -12.20424927020292216, 6.050900000000028811 ) ) ;
#4357 = FACE_OUTER_BOUND ( 'NONE', #5708, .T. ) ;
#4358 = CARTESIAN_POINT ( 'NONE',  ( 28.77451289708931981, -5.204147292517035339, 11.80600000000000094 ) ) ;
#4359 = VERTEX_POINT ( 'NONE', #694 ) ;
#4360 = ADVANCED_FACE ( 'NONE', ( #3928 ), #5453, .T. ) ;
#4361 = ORIENTED_EDGE ( 'NONE', *, *, #3793, .F. ) ;
#4362 = ORIENTED_EDGE ( 'NONE', *, *, #5102, .F. ) ;
#4363 = DIRECTION ( 'NONE',  ( 3.783904556191340187E-17, 0.000000000000000000, -1.000000000000000000 ) ) ;
#4364 = CARTESIAN_POINT ( 'NONE',  ( -15.05170216074766287, -0.7453076699463744292, -7.318099999999999383 ) ) ;
#4365 = CARTESIAN_POINT ( 'NONE',  ( 14.92079954599103253, -14.51258873002080385, -5.730599999999999028 ) ) ;
#4366 = CARTESIAN_POINT ( 'NONE',  ( -18.89888435792380861, 32.85861777811342677, 11.80599999999999206 ) ) ;
#4367 = LINE ( 'NONE', #3739, #6637 ) ;
#4368 = CARTESIAN_POINT ( 'NONE',  ( 16.80257617430076067, 2.666367357313351061, -8.905600000000001515 ) ) ;
#4369 = ORIENTED_EDGE ( 'NONE', *, *, #1596, .F. ) ;
#4370 = CARTESIAN_POINT ( 'NONE',  ( 3.553972598626998547, 7.801449360081161188, -8.905599999999999739 ) ) ;
#4371 = SURFACE_STYLE_FILL_AREA ( #544 ) ;
#4372 = CARTESIAN_POINT ( 'NONE',  ( -12.92405896150109434, -14.71937780238395632, -15.44909999999999961 ) ) ;
#4373 = CARTESIAN_POINT ( 'NONE',  ( -6.974196657649877729, -9.719714757477259326, 12.55599999790818622 ) ) ;
#4374 = CARTESIAN_POINT ( 'NONE',  ( 19.73284292453422850, -12.40441390036500025, 8.631000000000000227 ) ) ;
#4375 = LINE ( 'NONE', #6920, #1233 ) ;
#4376 = CARTESIAN_POINT ( 'NONE',  ( -7.106860689915234452, -8.061057165503743960, 11.80600000000000094 ) ) ;
#4377 = CIRCLE ( 'NONE', #7036, 1.399999999999999911 ) ;
#4378 = CARTESIAN_POINT ( 'NONE',  ( -9.839635637251559430, -3.791119324859781425, 1.587499999999999911 ) ) ;
#4379 = ORIENTED_EDGE ( 'NONE', *, *, #2, .T. ) ;
#4380 = CARTESIAN_POINT ( 'NONE',  ( -11.94963630523137255, 6.672263382977527968, -7.318099999999999383 ) ) ;
#4381 = ADVANCED_FACE ( 'NONE', ( #8012 ), #1193, .F. ) ;
#4382 = CARTESIAN_POINT ( 'NONE',  ( 12.69560732791649826, 12.10205801954396776, 0.000000000000000000 ) ) ;
#4383 = DIRECTION ( 'NONE',  ( 0.000000000000000000, 0.000000000000000000, -1.000000000000000000 ) ) ;
#4384 = CARTESIAN_POINT ( 'NONE',  ( 7.290481762829307044, -15.12270843337942949, 14.98100000000000520 ) ) ;
#4385 = CARTESIAN_POINT ( 'NONE',  ( -16.41965974405983175, 36.03076986445130103, 14.98099999999999454 ) ) ;
#4386 = CARTESIAN_POINT ( 'NONE',  ( -4.258885790967078755, -4.226333141092729839, 3.756000000000001560 ) ) ;
#4387 = CARTESIAN_POINT ( 'NONE',  ( -16.11509610006104865, -6.492827883625674090, -15.44909999999999961 ) ) ;
#4388 = VERTEX_POINT ( 'NONE', #3039 ) ;
#4389 = DIRECTION ( 'NONE',  ( 1.000000000000000000, 0.000000000000000000, -0.000000000000000000 ) ) ;
#4390 = CARTESIAN_POINT ( 'NONE',  ( 3.097074019723452754, 7.978537327029215476, -7.318100000000001160 ) ) ;
#4391 = FACE_OUTER_BOUND ( 'NONE', #4705, .T. ) ;
#4392 = DIRECTION ( 'NONE',  ( -0.000000000000000000, -0.000000000000000000, -1.000000000000000000 ) ) ;
#4393 = CARTESIAN_POINT ( 'NONE',  ( -11.89037289558351418, -13.15962468831480869, 0.000000000000000000 ) ) ;
#4394 = CARTESIAN_POINT ( 'NONE',  ( -47.37347727263001929, 27.19531807602060169, 11.80599999999999383 ) ) ;
#4395 = VERTEX_POINT ( 'NONE', #414 ) ;
#4396 = CARTESIAN_POINT ( 'NONE',  ( -30.03296279907226207, 0.000000000000000000, 14.98100000000000520 ) ) ;
#4397 = ORIENTED_EDGE ( 'NONE', *, *, #6448, .T. ) ;
#4398 = EDGE_LOOP ( 'NONE', ( #5407, #4299, #8067, #2944, #8222 ) ) ;
#4399 = CARTESIAN_POINT ( 'NONE',  ( -7.197681996048514996, 10.76159772008344540, -8.905599999999997962 ) ) ;
#4400 = ADVANCED_FACE ( 'NONE', ( #5566 ), #8242, .F. ) ;
#4401 = CARTESIAN_POINT ( 'NONE',  ( 2.413481677790895841, 2.062942362492865112, -8.949100000000001387 ) ) ;
#4402 = CARTESIAN_POINT ( 'NONE',  ( -6.023209881023760204, 9.282090537203728786, -7.318099999999999383 ) ) ;
#4403 = CARTESIAN_POINT ( 'NONE',  ( 18.42979199255446687, -8.659558883509054894, -5.730599999999999028 ) ) ;
#4404 = EDGE_CURVE ( 'NONE', #4085, #2819, #3176, .T. ) ;
#4405 = CARTESIAN_POINT ( 'NONE',  ( 1.636987544975536890, -1.907812321479485984, -8.577232115145568159 ) ) ;
#4406 = CARTESIAN_POINT ( 'NONE',  ( -6.974196657649674336, -9.719714757477259326, 11.05600000209201994 ) ) ;
#4407 = FACE_OUTER_BOUND ( 'NONE', #5349, .T. ) ;
#4408 = AXIS2_PLACEMENT_3D ( 'NONE', #1471, #2013, #131 ) ;
#4409 = ADVANCED_FACE ( 'NONE', ( #1832 ), #3160, .T. ) ;
#4410 = EDGE_CURVE ( 'NONE', #2375, #652, #3409, .T. ) ;
#4411 = ORIENTED_EDGE ( 'NONE', *, *, #2107, .T. ) ;
#4412 = AXIS2_PLACEMENT_3D ( 'NONE', #231, #4153, #4736 ) ;
#4413 = CARTESIAN_POINT ( 'NONE',  ( 2.420428040132277303, -3.040034490371304798, -15.44909999999999961 ) ) ;
#4414 = FACE_OUTER_BOUND ( 'NONE', #211, .T. ) ;
#4415 = CARTESIAN_POINT ( 'NONE',  ( -6.772800442731755410, -28.57256243734818213, 7.043499999999998984 ) ) ;
#4416 = CARTESIAN_POINT ( 'NONE',  ( -44.97519480863827113, 29.96679013402548719, 8.630999999999989569 ) ) ;
#4417 = LINE ( 'NONE', #6842, #3620 ) ;
#4418 = CARTESIAN_POINT ( 'NONE',  ( -45.68751235600759486, 22.77985263037423636, 8.631000000000032202 ) ) ;
#4419 = AXIS2_PLACEMENT_3D ( 'NONE', #525, #3569, #4976 ) ;
#4420 = LINE ( 'NONE', #6426, #3505 ) ;
#4421 = ORIENTED_EDGE ( 'NONE', *, *, #5054, .F. ) ;
#4422 = CARTESIAN_POINT ( 'NONE',  ( -18.90414476090728968, 34.44591281791365134, 13.39349952343965278 ) ) ;
#4423 = CARTESIAN_POINT ( 'NONE',  ( 1.886599791474628640, 6.745484338435113969, -5.730600000000005245 ) ) ;
#4424 = DIRECTION ( 'NONE',  ( -0.000000000000000000, -0.000000000000000000, -1.000000000000000000 ) ) ;
#4425 = CARTESIAN_POINT ( 'NONE',  ( -5.273267697204470750, -11.77842311985290813, 11.80600000000000271 ) ) ;
#4426 = DIRECTION ( 'NONE',  ( -1.000000000000000000, 0.000000000000000000, 0.000000000000000000 ) ) ;
#4427 = ADVANCED_FACE ( 'NONE', ( #5995 ), #3083, .T. ) ;
#4428 = FACE_BOUND ( 'NONE', #6393, .T. ) ;
#4429 = ORIENTED_EDGE ( 'NONE', *, *, #7260, .F. ) ;
#4430 = CARTESIAN_POINT ( 'NONE',  ( -16.64869579998555338, -0.9263015384992343559, -15.44909999999999961 ) ) ;
#4431 = EDGE_CURVE ( 'NONE', #5602, #2653, #2283, .T. ) ;
#4432 = FACE_OUTER_BOUND ( 'NONE', #6623, .T. ) ;
#4433 = CARTESIAN_POINT ( 'NONE',  ( 11.41814862532204877, -14.43180206062366189, 11.05600000000000271 ) ) ;
#4434 = CARTESIAN_POINT ( 'NONE',  ( 5.462736354394249538, -12.97593693034882811, 12.55600000000000094 ) ) ;
#4435 = CARTESIAN_POINT ( 'NONE',  ( -13.13121744587780526, -9.572183738367961325, 11.80600000000000271 ) ) ;
#4436 = EDGE_LOOP ( 'NONE', ( #5766, #1713, #5246 ) ) ;
#4437 = CARTESIAN_POINT ( 'NONE',  ( -5.603345093217156681, -10.05485579300199106, 9.416435412949244466 ) ) ;
#4438 = VERTEX_POINT ( 'NONE', #4699 ) ;
#4439 = DIRECTION ( 'NONE',  ( 0.000000000000000000, 0.000000000000000000, 1.000000000000000000 ) ) ;
#4440 = CARTESIAN_POINT ( 'NONE',  ( -14.58965844222981723, -8.306195325499921012, -8.905600000000001515 ) ) ;
#4441 = CARTESIAN_POINT ( 'NONE',  ( 3.436690803684963935, 4.918785414780399101, 7.017437680465905991 ) ) ;
#4442 = ADVANCED_FACE ( 'NONE', ( #2163, #6081 ), #1820, .F. ) ;
#4443 = CARTESIAN_POINT ( 'NONE',  ( 5.597506475722428654, -22.28729602020203870, -6.524349999968759306 ) ) ;
#4444 = CARTESIAN_POINT ( 'NONE',  ( 19.34890321087507914, -0.9952133602854130734, -2.865299999999999514 ) ) ;
#4445 = EDGE_CURVE ( 'NONE', #7771, #373, #3483, .T. ) ;
#4446 = VERTEX_POINT ( 'NONE', #3782 ) ;
#4447 = ADVANCED_FACE ( 'NONE', ( #6332 ), #1125, .F. ) ;
#4448 = VERTEX_POINT ( 'NONE', #1789 ) ;
#4449 = EDGE_LOOP ( 'NONE', ( #5604, #2188, #1469, #3531 ) ) ;
#4450 = CARTESIAN_POINT ( 'NONE',  ( 5.608419723831763015, 14.60362400149015549, 3.174999999999999822 ) ) ;
#4451 = SURFACE_STYLE_USAGE ( .BOTH. , #624 ) ;
#4452 = CARTESIAN_POINT ( 'NONE',  ( 2.914358635773569794, 29.94036153015169432, 8.630999999999993122 ) ) ;
#4453 = LINE ( 'NONE', #7581, #5188 ) ;
#4454 = CARTESIAN_POINT ( 'NONE',  ( 3.313884498999439376, -14.05062876676627681, 8.631000000000183192 ) ) ;
#4455 = CARTESIAN_POINT ( 'NONE',  ( 11.21447422040046682, -23.85251226333732077, -8.905600000000001515 ) ) ;
#4456 = CARTESIAN_POINT ( 'NONE',  ( 19.34913917407838468, 2.669487341995716800, 1.587499999999999911 ) ) ;
#4457 = CARTESIAN_POINT ( 'NONE',  ( -39.73768208424983328, 9.451145619418197086, 8.630999999999994898 ) ) ;
#4458 = AXIS2_PLACEMENT_3D ( 'NONE', #4758, #346, #5975 ) ;
#4459 = FACE_OUTER_BOUND ( 'NONE', #6572, .T. ) ;
#4460 = ORIENTED_EDGE ( 'NONE', *, *, #3307, .T. ) ;
#4461 = CARTESIAN_POINT ( 'NONE',  ( 1.852980599359578262, -3.294880639327786742, -11.30234708715518011 ) ) ;
#4462 = CARTESIAN_POINT ( 'NONE',  ( 3.425021620686001800, 6.148359292938955001, -5.730599999999999028 ) ) ;
#4463 = CARTESIAN_POINT ( 'NONE',  ( 10.55961939193169918, 21.13540907369177546, -1.949099999999967636 ) ) ;
#4464 = CARTESIAN_POINT ( 'NONE',  ( -14.69498572060141584, 32.80257204133727100, 14.98099999999996257 ) ) ;
#4465 = AXIS2_PLACEMENT_3D ( 'NONE', #5214, #6484, #2102 ) ;
#4466 = CARTESIAN_POINT ( 'NONE',  ( 1.132680650045853055, 10.13746235464814660, 0.000000000000000000 ) ) ;
#4467 = DIRECTION ( 'NONE',  ( -0.3489024681454918064, -0.9371590407833583214, 0.000000000000000000 ) ) ;
#4468 = VERTEX_POINT ( 'NONE', #3702 ) ;
#4469 = CARTESIAN_POINT ( 'NONE',  ( -12.20547776684155039, -12.32040931772231396, 1.587499999999999911 ) ) ;
#4470 = B_SPLINE_CURVE_WITH_KNOTS ( 'NONE', 3,
 ( #5549, #482, #5382, #5421, #7277, #4230, #3526, #5506, #2360, #7971 ),
 .UNSPECIFIED., .F., .F.,
 ( 4, 2, 2, 2, 4 ),
 ( 0.001885710093876020533, 0.002356066790361883989, 0.002826423486847747663, 0.003296780183333611336, 0.003767136879819474576 ),
 .UNSPECIFIED. ) ;
#4471 = CARTESIAN_POINT ( 'NONE',  ( -3.634024352127970925, -10.58222667935891792, 8.631000000000002004 ) ) ;
#4472 = CARTESIAN_POINT ( 'NONE',  ( -2.204894577754120011, -10.96236130471560521, 11.05600000209201994 ) ) ;
#4473 = CARTESIAN_POINT ( 'NONE',  ( 19.34890321087421228, -0.9952133531469472549, -7.318099999999999383 ) ) ;
#4474 = VECTOR ( 'NONE', #6916, 1000.000000000000000 ) ;
#4475 = CARTESIAN_POINT ( 'NONE',  ( 10.67431220372968959, -14.27759558364368075, 12.55600000000000271 ) ) ;
#4476 = CARTESIAN_POINT ( 'NONE',  ( -1.622867371715112528, -12.76438399408419500, 11.80600000000000271 ) ) ;
#4477 = CARTESIAN_POINT ( 'NONE',  ( -30.03296279907226207, 0.000000000000000000, 13.39349904687931847 ) ) ;
#4478 = ORIENTED_EDGE ( 'NONE', *, *, #5881, .F. ) ;
#4479 = CARTESIAN_POINT ( 'NONE',  ( -4.296518034863787250, 10.69925849700219445, -8.905599999999997962 ) ) ;
#4480 = EDGE_CURVE ( 'NONE', #5919, #5817, #610, .T. ) ;
#4481 = FACE_BOUND ( 'NONE', #6096, .T. ) ;
#4482 = CARTESIAN_POINT ( 'NONE',  ( -14.84865981886881947, 1.076030287531293039, -8.248035969732711692 ) ) ;
#4483 = CARTESIAN_POINT ( 'NONE',  ( 1.589729586401846584, -19.94823386702750057, -5.730599999999999028 ) ) ;
#4484 = CARTESIAN_POINT ( 'NONE',  ( 3.562226646565246568, 4.395751585142436131E-16, -11.08632664656526678 ) ) ;
#4485 = CARTESIAN_POINT ( 'NONE',  ( 7.752585897537890958, 12.32233939093727138, -0.6197547854537885925 ) ) ;
#4486 = EDGE_LOOP ( 'NONE', ( #1211, #105, #1862, #2777 ) ) ;
#4487 = ORIENTED_EDGE ( 'NONE', *, *, #1450, .T. ) ;
#4488 = EDGE_LOOP ( 'NONE', ( #158, #272, #4056, #531 ) ) ;
#4489 = CARTESIAN_POINT ( 'NONE',  ( 4.289051226172818865, 12.53125708338927424, 2.517435969732711776 ) ) ;
#4490 = CARTESIAN_POINT ( 'NONE',  ( 19.34890321087421228, -0.9952133531469556926, -7.318099999999999383 ) ) ;
#4491 = CARTESIAN_POINT ( 'NONE',  ( -3.634024352127970925, -10.58222667935891792, 8.631000000000002004 ) ) ;
#4492 = CARTESIAN_POINT ( 'NONE',  ( 19.34913917186174359, 1.726690403594009160, 1.587499999999999911 ) ) ;
#4493 = CARTESIAN_POINT ( 'NONE',  ( -48.95355762924555165, 21.84880566579361982, 8.631000000000021544 ) ) ;
#4494 = CARTESIAN_POINT ( 'NONE',  ( -14.97325935547807596, 0.1018444315613157708, -5.730599999999999028 ) ) ;
#4495 = CARTESIAN_POINT ( 'NONE',  ( 17.21994782483925235, 8.021164140500950168, 0.000000000000000000 ) ) ;
#4496 = CARTESIAN_POINT ( 'NONE',  ( -37.63074280117568549, 30.59158252159165770, 8.630999999999875882 ) ) ;
#4497 = CARTESIAN_POINT ( 'NONE',  ( -0.2653667188482610184, 10.93062915889242070, 8.631000000000000227 ) ) ;
#4498 = ORIENTED_EDGE ( 'NONE', *, *, #1781, .F. ) ;
#4499 = CARTESIAN_POINT ( 'NONE',  ( 2.728516148304919398, -2.286043219899695167, -11.07544610610792901 ) ) ;
#4500 = LINE ( 'NONE', #1463, #2148 ) ;
#4501 = DIRECTION ( 'NONE',  ( 0.000000000000000000, 0.000000000000000000, 1.000000000000000000 ) ) ;
#4502 = CARTESIAN_POINT ( 'NONE',  ( 24.41231104288262443, 3.775411083462778983, 14.98100000000006915 ) ) ;
#4503 = ADVANCED_FACE ( 'NONE', ( #6830 ), #1740, .F. ) ;
#4504 = AXIS2_PLACEMENT_3D ( 'NONE', #1274, #1936, #4977 ) ;
#4505 = CARTESIAN_POINT ( 'NONE',  ( 17.85576811464564528, 6.961590861296272692, 0.000000000000000000 ) ) ;
#4506 = DIRECTION ( 'NONE',  ( -0.3489024681454918064, -0.9371590407833582104, -0.000000000000000000 ) ) ;
#4507 = EDGE_LOOP ( 'NONE', ( #4855, #1440, #6181, #5058, #3508, #7520, #5067, #32, #45, #1864 ) ) ;
#4508 = CARTESIAN_POINT ( 'NONE',  ( -12.62753096754016902, -7.417023407159901716, 3.174999999999999822 ) ) ;
#4509 = CYLINDRICAL_SURFACE ( 'NONE', #2670, 0.6499999999999995781 ) ;
#4510 = CARTESIAN_POINT ( 'NONE',  ( -11.94963630523137255, 6.672263382977527968, -7.318099999999999383 ) ) ;
#4511 = CARTESIAN_POINT ( 'NONE',  ( -8.565050193019002833, -16.92647862052163177, 0.000000000000000000 ) ) ;
#4512 = DIRECTION ( 'NONE',  ( -0.000000000000000000, -0.000000000000000000, -1.000000000000000000 ) ) ;
#4513 = VECTOR ( 'NONE', #7840, 1000.000000000000000 ) ;
#4514 = CARTESIAN_POINT ( 'NONE',  ( 20.92266734777798831, -0.7550195714615791642, -15.44909999999999961 ) ) ;
#4515 = CARTESIAN_POINT ( 'NONE',  ( -30.03296279907226207, 0.000000000000000000, 13.39349904687931847 ) ) ;
#4516 = ORIENTED_EDGE ( 'NONE', *, *, #8203, .T. ) ;
#4517 = CARTESIAN_POINT ( 'NONE',  ( 20.28929364769153310, 0.5399543597513153381, -8.905600000000001515 ) ) ;
#4518 = CARTESIAN_POINT ( 'NONE',  ( -15.49666407911718480, 1.193691676421391179, -8.905600000000001515 ) ) ;
#4519 = CARTESIAN_POINT ( 'NONE',  ( -4.258885790967078755, -4.226333141092729839, 14.98100000000000165 ) ) ;
#4520 = CARTESIAN_POINT ( 'NONE',  ( 0.000000000000000000, 0.000000000000000000, 1.256000000000000671 ) ) ;
#4521 = CARTESIAN_POINT ( 'NONE',  ( 6.522359701308754865, 12.14896759022394335, -0.7045307492907185720 ) ) ;
#4522 = ORIENTED_EDGE ( 'NONE', *, *, #2548, .F. ) ;
#4523 = ORIENTED_EDGE ( 'NONE', *, *, #3228, .F. ) ;
#4524 = ORIENTED_EDGE ( 'NONE', *, *, #1459, .F. ) ;
#4525 = CARTESIAN_POINT ( 'NONE',  ( 7.909015576370189926, 14.84851624245665391, 3.174999999999999822 ) ) ;
#4526 = DIRECTION ( 'NONE',  ( -0.000000000000000000, -0.000000000000000000, 1.000000000000000000 ) ) ;
#4527 = B_SPLINE_CURVE_WITH_KNOTS ( 'NONE', 3,
 ( #3418, #7946, #2711, #7908, #2210 ),
 .UNSPECIFIED., .F., .F.,
 ( 4, 1, 4 ),
 ( 0.04088631517368473273, 0.06184399580365035343, 0.1590669060950009872 ),
 .UNSPECIFIED. ) ;
#4528 = VECTOR ( 'NONE', #966, 1000.000000000000000 ) ;
#4529 = DIRECTION ( 'NONE',  ( -0.7071067811865487940, 8.659560562354950115E-17, 0.7071067811865463515 ) ) ;
#4530 = CARTESIAN_POINT ( 'NONE',  ( 12.16856079579352645, -14.54943197970156454, 10.21850029855793807 ) ) ;
#4531 = AXIS2_PLACEMENT_3D ( 'NONE', #7991, #2333, #4829 ) ;
#4532 = CARTESIAN_POINT ( 'NONE',  ( 28.63184273261631674, -1.233121942092602064, 8.630999999999998451 ) ) ;
#4533 = DIRECTION ( 'NONE',  ( -0.3489024681454918064, -0.9371590407833582104, -0.000000000000000000 ) ) ;
#4534 = LINE ( 'NONE', #1380, #869 ) ;
#4535 = CARTESIAN_POINT ( 'NONE',  ( 23.15220087576790675, 9.544644554831304362, 8.630999999999994898 ) ) ;
#4536 = CARTESIAN_POINT ( 'NONE',  ( 4.565458970256451643, -12.74065374295750530, 12.55600000000000094 ) ) ;
#4537 = ORIENTED_EDGE ( 'NONE', *, *, #2611, .F. ) ;
#4538 = CARTESIAN_POINT ( 'NONE',  ( -8.075920189769499657, -18.89007583987516981, 3.174999999999999822 ) ) ;
#4539 = CARTESIAN_POINT ( 'NONE',  ( -5.462015592765184557, 9.269133915182298011, -5.730599999999998140 ) ) ;
#4540 = CARTESIAN_POINT ( 'NONE',  ( -44.69879262735814507, 25.43413383263218464, 14.98099999999999454 ) ) ;
#4541 = CARTESIAN_POINT ( 'NONE',  ( 1.899908723034107849, 0.5910842894470826892, -2.984787120201023658 ) ) ;
#4542 = AXIS2_PLACEMENT_3D ( 'NONE', #4189, #4851, #3106 ) ;
#4543 = CARTESIAN_POINT ( 'NONE',  ( 18.72737036885385109, 4.742486964862748344, 0.000000000000000000 ) ) ;
#4544 = EDGE_CURVE ( 'NONE', #6085, #6373, #6777, .T. ) ;
#4545 = DIRECTION ( 'NONE',  ( -1.000000000000000000, 0.000000000000000000, 0.000000000000000000 ) ) ;
#4546 = VERTEX_POINT ( 'NONE', #1208 ) ;
#4547 = EDGE_CURVE ( 'NONE', #396, #6977, #4367, .T. ) ;
#4548 = VECTOR ( 'NONE', #4238, 1000.000000000000000 ) ;
#4549 = CARTESIAN_POINT ( 'NONE',  ( -10.21135826824111348, -4.292784631358589564, 2.517435969732711776 ) ) ;
#4550 = DIRECTION ( 'NONE',  ( -2.645097801367780019E-16, -1.058039120547112008E-15, -1.000000000000000000 ) ) ;
#4551 = CARTESIAN_POINT ( 'NONE',  ( -9.311884644447030013, 8.519060930577110113, -7.318099999999999383 ) ) ;
#4552 = CARTESIAN_POINT ( 'NONE',  ( 5.571559769077778945, -14.65035004269344832, 11.80599999999961547 ) ) ;
#4553 = CARTESIAN_POINT ( 'NONE',  ( 27.51580630283823936, -2.931758095046658852, 13.39349904687932025 ) ) ;
#4554 = CARTESIAN_POINT ( 'NONE',  ( 0.3071816777607083715, -13.26177876956085377, 11.80600000000000271 ) ) ;
#4555 = PRODUCT_RELATED_PRODUCT_CATEGORY ( 'part', '', ( #559 ) ) ;
#4556 = AXIS2_PLACEMENT_3D ( 'NONE', #7292, #3452, #4706 ) ;
#4557 = DIRECTION ( 'NONE',  ( -0.000000000000000000, 0.000000000000000000, -1.000000000000000000 ) ) ;
#4558 = ORIENTED_EDGE ( 'NONE', *, *, #7002, .F. ) ;
#4559 = CARTESIAN_POINT ( 'NONE',  ( 28.11328294592867394, 1.509902505737491074, 11.80599999999999916 ) ) ;
#4560 = CARTESIAN_POINT ( 'NONE',  ( -14.04790815498809486, 3.666967612582114011, -8.248035969732711692 ) ) ;
#4561 = CARTESIAN_POINT ( 'NONE',  ( -4.922295945821538510, 9.206671115927083093, -5.730600000000002581 ) ) ;
#4562 = CARTESIAN_POINT ( 'NONE',  ( 3.387615804203918835, 1.788222218430985944, -11.35211340508945455 ) ) ;
#4563 = CARTESIAN_POINT ( 'NONE',  ( 16.84304982582465726, 2.659214079982014756, -8.905600000000001515 ) ) ;
#4564 = AXIS2_PLACEMENT_3D ( 'NONE', #4960, #1180, #8132 ) ;
#4565 = VERTEX_POINT ( 'NONE', #2650 ) ;
#4566 = EDGE_LOOP ( 'NONE', ( #1025, #5492, #7021 ) ) ;
#4567 = EDGE_LOOP ( 'NONE', ( #8166, #7155, #2555, #1961 ) ) ;
#4568 = CARTESIAN_POINT ( 'NONE',  ( 0.9656174468386756748, 9.928214956165348326, 2.517435969732711776 ) ) ;
#4569 = CARTESIAN_POINT ( 'NONE',  ( 7.209815938886828590, 16.15035236110072958, -9.949099999999969413 ) ) ;
#4570 = CARTESIAN_POINT ( 'NONE',  ( 16.34252431190909149, 22.72080760079458983, 8.630999999999996675 ) ) ;
#4571 = CARTESIAN_POINT ( 'NONE',  ( -9.476301957370496964, -8.304153293431365768, 11.36663415283822864 ) ) ;
#4572 = CARTESIAN_POINT ( 'NONE',  ( 23.45242983988415375, 16.68862540272189676, 8.630999999999994898 ) ) ;
#4573 = CARTESIAN_POINT ( 'NONE',  ( 20.93663917186203349, 1.726690403594030476, 8.631000000000000227 ) ) ;
#4574 = CARTESIAN_POINT ( 'NONE',  ( 14.89387173257746255, 10.61803224443205806, 0.000000000000000000 ) ) ;
#4575 = CARTESIAN_POINT ( 'NONE',  ( -10.34038013285051782, 32.29016240817401240, 8.630999999999938055 ) ) ;
#4576 = CARTESIAN_POINT ( 'NONE',  ( -8.834550332455144428, -27.80497700742809641, 7.043499999999998984 ) ) ;
#4577 = ADVANCED_FACE ( 'NONE', ( #7026 ), #3974, .F. ) ;
#4578 = EDGE_LOOP ( 'NONE', ( #4256, #1903 ) ) ;
#4579 = CARTESIAN_POINT ( 'NONE',  ( 9.641394808829524266, 21.47726228047343255, -8.949100000000001387 ) ) ;
#4580 = CARTESIAN_POINT ( 'NONE',  ( 7.807092347222589268, 14.82055509559836004, 7.411077934724377592 ) ) ;
#4581 = DIRECTION ( 'NONE',  ( -0.3489024681454917509, -0.9371590407833582104, -0.000000000000000000 ) ) ;
#4582 = CYLINDRICAL_SURFACE ( 'NONE', #4134, 18.81048697705378459 ) ;
#4583 = EDGE_CURVE ( 'NONE', #6968, #766, #1711, .T. ) ;
#4584 = CARTESIAN_POINT ( 'NONE',  ( -7.765330261643532239, 31.60045012614736493, 14.98099999999999454 ) ) ;
#4585 = CARTESIAN_POINT ( 'NONE',  ( 0.06109842651478186726, 10.66916405458023931, 3.132789485328264067 ) ) ;
#4586 =( NAMED_UNIT ( * ) SI_UNIT ( $, .STERADIAN. ) SOLID_ANGLE_UNIT ( ) );
#4587 = CARTESIAN_POINT ( 'NONE',  ( 9.950466015422524180, 21.36219567798634955, 6.050900000000025258 ) ) ;
#4588 = ORIENTED_EDGE ( 'NONE', *, *, #2926, .F. ) ;
#4589 = CARTESIAN_POINT ( 'NONE',  ( -12.85690891066475672, -8.129245182550505433, 3.174999999999999822 ) ) ;
#4590 = CARTESIAN_POINT ( 'NONE',  ( 5.597675622850812438, -22.28684168761611062, 0.7937499999999999556 ) ) ;
#4591 = CARTESIAN_POINT ( 'NONE',  ( -14.76875028746344931, -5.206464281081047751, 0.000000000000000000 ) ) ;
#4592 = CARTESIAN_POINT ( 'NONE',  ( 5.860127906673534781, 30.35954048764050128, 11.80599999999999383 ) ) ;
#4593 = CARTESIAN_POINT ( 'NONE',  ( -11.98636671717563651, -12.92129186477549219, -5.730600000000000804 ) ) ;
#4594 = CARTESIAN_POINT ( 'NONE',  ( -11.11513831578101907, -2.846000725388373898, 3.175000000000000266 ) ) ;
#4595 = AXIS2_PLACEMENT_3D ( 'NONE', #5457, #7881, #5978 ) ;
#4596 = CARTESIAN_POINT ( 'NONE',  ( -12.64633658977693997, 34.64295991251769635, 13.39349904687931136 ) ) ;
#4597 = EDGE_CURVE ( 'NONE', #8059, #2064, #6453, .T. ) ;
#4598 = AXIS2_PLACEMENT_3D ( 'NONE', #8151, #3728, #5719 ) ;
#4599 = ORIENTED_EDGE ( 'NONE', *, *, #5800, .F. ) ;
#4600 = CARTESIAN_POINT ( 'NONE',  ( 27.54192536631284938, 4.318195128450602382, 11.80599999999999916 ) ) ;
#4601 = CARTESIAN_POINT ( 'NONE',  ( -3.429443744414332862, 8.808644534118453606, -8.248035969732711692 ) ) ;
#4602 = CARTESIAN_POINT ( 'NONE',  ( -9.392557478943123428, -16.42452542160103235, 1.587499999999999911 ) ) ;
#4603 = CARTESIAN_POINT ( 'NONE',  ( 3.137887501127385015, 2.133949907810317903, -11.31626179329584048 ) ) ;
#4604 = CARTESIAN_POINT ( 'NONE',  ( 14.41385967686997027, 10.99875499969034820, 1.587499999999999911 ) ) ;
#4605 = CIRCLE ( 'NONE', #1548, 6.000000000000000888 ) ;
#4606 = ADVANCED_FACE ( 'NONE', ( #700 ), #5138, .F. ) ;
#4607 = VERTEX_POINT ( 'NONE', #1982 ) ;
#4608 = VERTEX_POINT ( 'NONE', #820 ) ;
#4609 = ORIENTED_EDGE ( 'NONE', *, *, #6044, .F. ) ;
#4610 = DIRECTION ( 'NONE',  ( -1.000000000000000000, 0.000000000000000000, 0.000000000000000000 ) ) ;
#4611 = CARTESIAN_POINT ( 'NONE',  ( -11.98760145179330117, -12.91539444275432125, -5.730599999999999028 ) ) ;
#4612 = CARTESIAN_POINT ( 'NONE',  ( -2.277130133557175196, 8.361598714017540956, -5.730599999999999028 ) ) ;
#4613 = CARTESIAN_POINT ( 'NONE',  ( -2.834902986796340674, -10.02022730372671866, 11.36663415283823042 ) ) ;
#4614 = CARTESIAN_POINT ( 'NONE',  ( -44.97519480863827113, 29.96679013402548364, 11.80599999999999383 ) ) ;
#4615 = CARTESIAN_POINT ( 'NONE',  ( 4.556062044032398006, 6.464988482938033520, -8.638615618567484944 ) ) ;
#4616 = CARTESIAN_POINT ( 'NONE',  ( 5.089656768021824540, -10.74103297613638830, 13.00400180856847321 ) ) ;
#4617 = CARTESIAN_POINT ( 'NONE',  ( 28.74950554974190808, -2.214734616449840487, 8.630999999999982464 ) ) ;
#4618 = ORIENTED_EDGE ( 'NONE', *, *, #5628, .T. ) ;
#4619 = ORIENTED_EDGE ( 'NONE', *, *, #1098, .F. ) ;
#4620 = CARTESIAN_POINT ( 'NONE',  ( 1.754488115447359053, -3.367606702855398648, -11.31934634379939730 ) ) ;
#4621 = VECTOR ( 'NONE', #6995, 1000.000000000000000 ) ;
#4622 = CARTESIAN_POINT ( 'NONE',  ( 0.01503851390308469545, -3.174964384540334361, -9.949099999999967636 ) ) ;
#4623 = LINE ( 'NONE', #7704, #6412 ) ;
#4624 = LINE ( 'NONE', #7211, #3937 ) ;
#4625 = CARTESIAN_POINT ( 'NONE',  ( -4.419640609212264870, -12.01210068695296229, 14.98099999999999454 ) ) ;
#4626 = CARTESIAN_POINT ( 'NONE',  ( 1.854118221578091141, 0.7165915429722793384, -2.902404767097800597 ) ) ;
#4627 = CARTESIAN_POINT ( 'NONE',  ( 24.41231104288262443, 3.775411083462778983, 14.98100000000006915 ) ) ;
#4628 = CARTESIAN_POINT ( 'NONE',  ( 26.89447618733375478, -0.5000000000000008882, 14.98099999999999987 ) ) ;
#4629 = FACE_OUTER_BOUND ( 'NONE', #3606, .T. ) ;
#4630 = ADVANCED_FACE ( 'NONE', ( #67 ), #1946, .F. ) ;
#4631 = VERTEX_POINT ( 'NONE', #6370 ) ;
#4632 = CARTESIAN_POINT ( 'NONE',  ( -10.31729970230708560, -15.60574307419588358, 2.517435969732711776 ) ) ;
#4633 = CARTESIAN_POINT ( 'NONE',  ( -30.03296279907226207, 0.000000000000000000, 14.98099999999999810 ) ) ;
#4634 = B_SPLINE_CURVE_WITH_KNOTS ( 'NONE', 3,
 ( #7365, #7323, #6785, #2989, #5514, #1655, #1612, #8068, #8026, #2947, #995 ),
 .UNSPECIFIED., .F., .F.,
 ( 4, 1, 1, 1, 1, 1, 1, 1, 4 ),
 ( 0.000000000000000000, 0.1250000000000000000, 0.2500000000000000000, 0.3750000000000000000, 0.5000000000000000000, 0.6250000000000000000, 0.7500000000000000000, 0.8750000000000000000, 1.000000000000000000 ),
 .UNSPECIFIED. ) ;
#4635 = VECTOR ( 'NONE', #2907, 1000.000000000000114 ) ;
#4636 = CARTESIAN_POINT ( 'NONE',  ( -13.88357108138302642, -8.312627936532434703, -7.318099999999999383 ) ) ;
#4637 = CARTESIAN_POINT ( 'NONE',  ( 13.38164866021849875, 26.72609921577227965, 14.98099999999999454 ) ) ;
#4638 = CARTESIAN_POINT ( 'NONE',  ( 4.444947969636359630, 5.752483566023333772, -0.5939794120350322393 ) ) ;
#4639 = FACE_OUTER_BOUND ( 'NONE', #2832, .T. ) ;
#4640 = B_SPLINE_CURVE_WITH_KNOTS ( 'NONE', 3,
 ( #435, #2974, #3342, #5119, #2671, #4543, #2092, #50, #4505, #6391, #678, #6512, #2553, #9, #721, #3958, #5794, #3299, #2716, #3215, #764, #2588, #5712, #3840, #1391, #7669, #4466, #3882 ),
 .UNSPECIFIED., .F., .F.,
 ( 4, 1, 1, 1, 1, 1, 1, 1, 1, 1, 1, 1, 1, 1, 1, 1, 1, 1, 1, 1, 1, 1, 1, 1, 1, 4 ),
 ( 0.1307500000000381968, 0.1540578125000370002, 0.1773656250000357759, 0.2006734375000345794, 0.2239812500000333828, 0.2472890625000321307, 0.2705968750000309342, 0.2939046875000297376, 0.3172125000000285411, 0.3405203125000273445, 0.3638281250000261480, 0.3871359375000248404, 0.4104437500000237549, 0.4337515625000225583, 0.4570593750000213618, 0.5036750000000188576, 0.5502906250000162425, 0.5969062500000140714, 0.6435218750000114563, 0.6901375000000092852, 0.7367531250000070031, 0.7833687500000044990, 0.8066765625000033024, 0.8299843750000018838, 0.8532921875000007983, 0.8765999999999996017 ),
 .UNSPECIFIED. ) ;
#4641 = CARTESIAN_POINT ( 'NONE',  ( -40.67401417322093948, 6.922186682037451355, 14.98100000000000165 ) ) ;
#4642 = CARTESIAN_POINT ( 'NONE',  ( -9.586657712543104282, -16.24503456458049300, -7.318099999999999383 ) ) ;
#4643 = VERTEX_POINT ( 'NONE', #3359 ) ;
#4644 = CARTESIAN_POINT ( 'NONE',  ( 28.39358412624508432, -7.233045574204664874, 11.80600000000000094 ) ) ;
#4645 = DIRECTION ( 'NONE',  ( 0.6804018808999479084, 0.7328391914109213534, 0.000000000000000000 ) ) ;
#4646 = CARTESIAN_POINT ( 'NONE',  ( -6.745295863755812249, 9.248437319659540634, -5.730599999999990146 ) ) ;
#4647 = CARTESIAN_POINT ( 'NONE',  ( -12.78862819483944691, -14.99455307598308273, 3.174999999999999822 ) ) ;
#4648 = CARTESIAN_POINT ( 'NONE',  ( 2.870011529898834457, 11.75559239679175327, -5.730599999999999028 ) ) ;
#4649 = ORIENTED_EDGE ( 'NONE', *, *, #8224, .T. ) ;
#4650 = ORIENTED_EDGE ( 'NONE', *, *, #2975, .F. ) ;
#4651 = ADVANCED_FACE ( 'NONE', ( #5221 ), #3192, .F. ) ;
#4652 = CARTESIAN_POINT ( 'NONE',  ( 1.759916674635157552, 10.85446673156586783, 1.587499999999999911 ) ) ;
#4653 = CARTESIAN_POINT ( 'NONE',  ( 7.209815938886871223, 16.15035236110071892, -9.752879360267320052 ) ) ;
#4654 = DIRECTION ( 'NONE',  ( -1.000000000000000000, 0.000000000000000000, 0.000000000000000000 ) ) ;
#4655 = CARTESIAN_POINT ( 'NONE',  ( -6.873425546873050074, -9.292060148414140741, 12.55603281448365394 ) ) ;
#4656 = CARTESIAN_POINT ( 'NONE',  ( 7.290481762829306156, -15.12270843337942949, 11.80600000000000449 ) ) ;
#4657 = CARTESIAN_POINT ( 'NONE',  ( -0.9626068097610805951, -19.84497874318359578, -6.524349999968759306 ) ) ;
#4658 = DIRECTION ( 'NONE',  ( 0.000000000000000000, 1.000000000000000000, -2.950846729373555806E-16 ) ) ;
#4659 = CARTESIAN_POINT ( 'NONE',  ( -48.86279541950757732, 23.23735313982445305, 8.631000000000032202 ) ) ;
#4660 = EDGE_LOOP ( 'NONE', ( #6024, #5695, #7030, #600, #3318, #1793 ) ) ;
#4661 = ORIENTED_EDGE ( 'NONE', *, *, #7630, .F. ) ;
#4662 = VECTOR ( 'NONE', #7170, 1000.000000000000000 ) ;
#4663 = CARTESIAN_POINT ( 'NONE',  ( 8.026447555241595921, 10.31867593714609299, -1.949099999999967636 ) ) ;
#4664 = CARTESIAN_POINT ( 'NONE',  ( 0.3806793846580737162, -16.23688503106220438, -12.77410000000000068 ) ) ;
#4665 = CARTESIAN_POINT ( 'NONE',  ( 4.853520841404590946, 9.448206306400759757, -2.561850886618437961 ) ) ;
#4666 = FACE_BOUND ( 'NONE', #5579, .T. ) ;
#4667 = B_SPLINE_CURVE_WITH_KNOTS ( 'NONE', 3,
 ( #3168, #7121, #7739, #4305, #3791, #3641, #7658, #6186, #3249, #2543, #5744, #78, #6423, #5785, #3831, #472, #3013, #2621, #5149, #6342, #5537, #629, #5075, #5704, #1996, #8247, #4456, #8090 ),
 .UNSPECIFIED., .F., .F.,
 ( 4, 2, 2, 2, 2, 2, 2, 2, 2, 2, 2, 2, 2, 4 ),
 ( 0.0004609305074616519842, 0.06879089441601586585, 0.1238236099496764914, 0.1926145043665161705, 0.2614053987832659631, 0.3439544720834166180, 0.4127453665001959426, 0.4815362609169593910, 0.5640853342174033669, 0.6328762286338756038, 0.7154253019340063302, 0.7979743752341311724, 0.8667652696509180466, 1.000000000000000000 ),
 .UNSPECIFIED. ) ;
#4668 = CARTESIAN_POINT ( 'NONE',  ( 16.84548851959756277, -13.15329702478594598, 11.80600000000000271 ) ) ;
#4669 = CARTESIAN_POINT ( 'NONE',  ( 1.622441699901653100, 1.142552874507448912, -1.949099999999967414 ) ) ;
#4670 = VECTOR ( 'NONE', #4046, 1000.000000000000000 ) ;
#4671 = CARTESIAN_POINT ( 'NONE',  ( -9.469569509203036972, -16.33149153382311880, -7.250715970537441102 ) ) ;
#4672 = VERTEX_POINT ( 'NONE', #5177 ) ;
#4673 = DIRECTION ( 'NONE',  ( -1.268985151628515551E-16, 9.993880339906687800E-17, -1.000000000000000000 ) ) ;
#4674 = CARTESIAN_POINT ( 'NONE',  ( 9.247596734834996113, 21.62387252909546476, -9.949099999999967636 ) ) ;
#4675 = AXIS2_PLACEMENT_3D ( 'NONE', #3830, #1840, #5661 ) ;
#4676 = CARTESIAN_POINT ( 'NONE',  ( 19.64128800687952747, -0.1579918734575995742, -8.905600000000001515 ) ) ;
#4677 = CARTESIAN_POINT ( 'NONE',  ( -14.66956674034015862, -5.694116509850370988, -7.318099999999999383 ) ) ;
#4678 = CARTESIAN_POINT ( 'NONE',  ( 17.23119601743744411, -16.31721190939495614, 14.98100000000000520 ) ) ;
#4679 = CARTESIAN_POINT ( 'NONE',  ( -10.53164724252042284, -15.34591682630248499, -5.730600000000001693 ) ) ;
#4680 = CYLINDRICAL_SURFACE ( 'NONE', #4595, 1.587499999999998579 ) ;
#4681 = PRESENTATION_LAYER_ASSIGNMENT (  '', '', ( #6425 ) ) ;
#4682 = DIRECTION ( 'NONE',  ( 0.9322399881385086129, -0.3618405788679777135, 0.000000000000000000 ) ) ;
#4683 = FACE_OUTER_BOUND ( 'NONE', #5734, .T. ) ;
#4684 = ORIENTED_EDGE ( 'NONE', *, *, #6855, .F. ) ;
#4685 = EDGE_CURVE ( 'NONE', #1411, #5919, #7151, .T. ) ;
#4686 = CARTESIAN_POINT ( 'NONE',  ( 28.63184273261631674, -1.233121942092601619, 11.80600000000000094 ) ) ;
#4687 = CARTESIAN_POINT ( 'NONE',  ( -16.41308049243611222, 1.360090008357381253, -8.905600000000001515 ) ) ;
#4688 = CARTESIAN_POINT ( 'NONE',  ( 11.41814862532204877, -14.43180206062366189, 11.05600000000000271 ) ) ;
#4689 = DIRECTION ( 'NONE',  ( -5.492972175442562479E-17, -1.475423364686777903E-16, -1.000000000000000000 ) ) ;
#4690 = CARTESIAN_POINT ( 'NONE',  ( 15.85082825701439724, 9.731027992418974648, 1.587499999999999911 ) ) ;
#4691 = EDGE_CURVE ( 'NONE', #1009, #1293, #5601, .T. ) ;
#4692 = VECTOR ( 'NONE', #51, 1000.000000000000114 ) ;
#4693 = VERTEX_POINT ( 'NONE', #778 ) ;
#4694 = ORIENTED_EDGE ( 'NONE', *, *, #6494, .T. ) ;
#4695 = CARTESIAN_POINT ( 'NONE',  ( 12.24582441186483095, -14.04351264109663155, 13.31241918631916477 ) ) ;
#4696 = CARTESIAN_POINT ( 'NONE',  ( -7.522971541091881598, -17.40198893812960179, 1.587077315546960410 ) ) ;
#4697 = CARTESIAN_POINT ( 'NONE',  ( -6.346370424762275420, -9.097365523878567117, 12.24536584716177146 ) ) ;
#4698 = CARTESIAN_POINT ( 'NONE',  ( -13.13121744587703787, -9.572183738367961325, 8.630999999999973582 ) ) ;
#4699 = CARTESIAN_POINT ( 'NONE',  ( -3.508530634592839537, -14.78893978825842836, 6.050900000000025258 ) ) ;
#4700 = DIRECTION ( 'NONE',  ( -1.000000000000000000, 0.000000000000000000, 0.000000000000000000 ) ) ;
#4701 = CARTESIAN_POINT ( 'NONE',  ( 17.17154391907870092, 24.07817789789695340, 8.630999999999993122 ) ) ;
#4702 = EDGE_CURVE ( 'NONE', #145, #2601, #5968, .T. ) ;
#4703 = ORIENTED_EDGE ( 'NONE', *, *, #5509, .T. ) ;
#4704 = EDGE_CURVE ( 'NONE', #2406, #4893, #1324, .T. ) ;
#4705 = EDGE_LOOP ( 'NONE', ( #6945, #6135, #7952, #34, #5086 ) ) ;
#4706 = DIRECTION ( 'NONE',  ( -1.000000000000000000, 0.000000000000000000, 0.000000000000000000 ) ) ;
#4707 = DIRECTION ( 'NONE',  ( 0.000000000000000000, 1.000000000000000000, -2.950846729373555806E-16 ) ) ;
#4708 = CARTESIAN_POINT ( 'NONE',  ( 4.445256645258710115, 4.034482665927370704, 4.660003844747071966 ) ) ;
#4709 = LINE ( 'NONE', #842, #1082 ) ;
#4710 = CARTESIAN_POINT ( 'NONE',  ( -39.73768208424982618, 9.451145619418195309, 11.80599999999999739 ) ) ;
#4711 = CARTESIAN_POINT ( 'NONE',  ( -14.66956674034015862, -5.694116509850370988, -5.730599999999999916 ) ) ;
#4712 = CARTESIAN_POINT ( 'NONE',  ( -7.106860689915234452, -8.061057165503743960, 14.98100000000000165 ) ) ;
#4713 = EDGE_CURVE ( 'NONE', #4937, #3442, #2606, .T. ) ;
#4714 = CARTESIAN_POINT ( 'NONE',  ( 11.43429947588379747, 20.80976739832203393, -8.905599999999999739 ) ) ;
#4715 = ORIENTED_EDGE ( 'NONE', *, *, #1853, .F. ) ;
#4716 = CARTESIAN_POINT ( 'NONE',  ( -40.67401417322093948, 6.922186682037451355, 8.630999999999998451 ) ) ;
#4717 = DIRECTION ( 'NONE',  ( -0.9885385202538172766, 0.1509688510070652523, -3.352181887784972504E-17 ) ) ;
#4718 = CARTESIAN_POINT ( 'NONE',  ( 1.984375000000000000, 0.000000000000000000, -3.182602741592007956 ) ) ;
#4719 = CARTESIAN_POINT ( 'NONE',  ( -13.13121744587780526, -9.572183738367961325, 11.80600000000000271 ) ) ;
#4720 = CARTESIAN_POINT ( 'NONE',  ( -6.000000000000000888, 7.347880794884120722E-16, 8.631000000000000227 ) ) ;
#4721 = CARTESIAN_POINT ( 'NONE',  ( -13.89092137571473984, -8.293294202557373040, -3.659049999999999692 ) ) ;
#4722 = AXIS2_PLACEMENT_3D ( 'NONE', #3288, #5826, #7475 ) ;
#4723 = DIRECTION ( 'NONE',  ( -0.3618405788679777690, -0.9322399881385087239, 0.000000000000000000 ) ) ;
#4724 = EDGE_CURVE ( 'NONE', #1199, #1714, #5874, .T. ) ;
#4725 = ORIENTED_EDGE ( 'NONE', *, *, #1860, .F. ) ;
#4726 = CARTESIAN_POINT ( 'NONE',  ( -6.908491289137258740, 34.65822918375732087, 11.80599999999999206 ) ) ;
#4727 = CARTESIAN_POINT ( 'NONE',  ( -13.93570320730526824, 6.857472193501338964, -8.905600000000001515 ) ) ;
#4728 = DIRECTION ( 'NONE',  ( 0.9371590407833580993, -0.3489024681454918619, 0.000000000000000000 ) ) ;
#4729 = DIRECTION ( 'NONE',  ( -0.7856175890622009161, 0.6187123756286881937, -3.945746519608543737E-13 ) ) ;
#4730 = CARTESIAN_POINT ( 'NONE',  ( 2.499390839117278329, 11.49427392629204014, 1.587499999999999911 ) ) ;
#4731 = VERTEX_POINT ( 'NONE', #3899 ) ;
#4732 = ORIENTED_EDGE ( 'NONE', *, *, #994, .T. ) ;
#4733 = EDGE_CURVE ( 'NONE', #4044, #6593, #7873, .T. ) ;
#4734 = ORIENTED_EDGE ( 'NONE', *, *, #6394, .F. ) ;
#4735 = CARTESIAN_POINT ( 'NONE',  ( -14.15519348680691536, 6.537551929112112248, -8.905599999999999739 ) ) ;
#4736 = DIRECTION ( 'NONE',  ( 1.000000000000000000, 0.000000000000000000, 0.000000000000000000 ) ) ;
#4737 = CARTESIAN_POINT ( 'NONE',  ( -6.802166949865470436, -8.989651380556258786, 11.80600000000000271 ) ) ;
#4738 = CARTESIAN_POINT ( 'NONE',  ( 28.31198947043230518, 0.6227037764108297457, 11.80600000000000094 ) ) ;
#4739 = CARTESIAN_POINT ( 'NONE',  ( 12.83493300735199050, 2.495982223866532568, 0.000000000000000000 ) ) ;
#4740 = CARTESIAN_POINT ( 'NONE',  ( 0.3806793846580737162, -16.23688503106220438, -12.77410000000000068 ) ) ;
#4741 = VECTOR ( 'NONE', #5410, 1000.000000000000000 ) ;
#4742 = CARTESIAN_POINT ( 'NONE',  ( 20.98205252773206908, -15.34149038294230394, 8.631000000000000227 ) ) ;
#4743 = VECTOR ( 'NONE', #7389, 1000.000000000000114 ) ;
#4744 = VERTEX_POINT ( 'NONE', #4060 ) ;
#4745 = CARTESIAN_POINT ( 'NONE',  ( -14.58480082940163314, 2.174848942770986948, -5.730599999999999028 ) ) ;
#4746 = CARTESIAN_POINT ( 'NONE',  ( 0.1745039881083556010, -3.171133760633742416, -10.58918606534675355 ) ) ;
#4747 = CARTESIAN_POINT ( 'NONE',  ( 3.556820593538683184, 4.832632849526568464, 4.953603322167621670 ) ) ;
#4748 = CARTESIAN_POINT ( 'NONE',  ( 5.089656768021824540, -10.74103297613638830, 10.60799819143153044 ) ) ;
#4749 = CARTESIAN_POINT ( 'NONE',  ( 22.32431652841541947, -10.97356072241889713, 11.80600000000000271 ) ) ;
#4750 = CARTESIAN_POINT ( 'NONE',  ( -3.838956224274429729, 3.827207690901893056, 0.000000000000000000 ) ) ;
#4751 = CARTESIAN_POINT ( 'NONE',  ( -7.765330261643532239, 31.60045012614736493, 14.98099999999999454 ) ) ;
#4752 = CARTESIAN_POINT ( 'NONE',  ( -3.930252202945377249, -14.63193367759294716, 7.043499999999998984 ) ) ;
#4753 = ORIENTED_EDGE ( 'NONE', *, *, #6178, .T. ) ;
#4754 = FACE_OUTER_BOUND ( 'NONE', #5480, .T. ) ;
#4755 = EDGE_CURVE ( 'NONE', #4818, #7217, #4933, .T. ) ;
#4756 = CARTESIAN_POINT ( 'NONE',  ( 19.34890321087421583, -0.9952133531469556926, -5.730599999999999028 ) ) ;
#4757 = CARTESIAN_POINT ( 'NONE',  ( 20.93640320732840721, -0.4104517516507580344, -8.905599999999999739 ) ) ;
#4758 = CARTESIAN_POINT ( 'NONE',  ( -9.686723918748485929, -9.024030087174462977, 11.80600000000000271 ) ) ;
#4759 = CARTESIAN_POINT ( 'NONE',  ( 28.11328294592867394, 1.509902505737878320, 14.98099999999997323 ) ) ;
#4760 = CARTESIAN_POINT ( 'NONE',  ( -11.11513831576380973, -2.846000725366038431, 3.174999999999999822 ) ) ;
#4761 = CARTESIAN_POINT ( 'NONE',  ( 20.93640321647909985, -17.24164145425758221, -8.905600000000001515 ) ) ;
#4762 = CARTESIAN_POINT ( 'NONE',  ( -7.645255606506423440, -17.73179431181803523, 2.621928576086695717 ) ) ;
#4763 = ADVANCED_FACE ( 'NONE', ( #5304 ), #7846, .F. ) ;
#4764 = CARTESIAN_POINT ( 'NONE',  ( 3.555560986992869488, 14.00187721219304038, 3.174999999999999822 ) ) ;
#4765 = VERTEX_POINT ( 'NONE', #7235 ) ;
#4766 = CARTESIAN_POINT ( 'NONE',  ( -25.19530689742510177, -5.040814917066635203, 14.98100000000000165 ) ) ;
#4767 = CARTESIAN_POINT ( 'NONE',  ( -4.395479652063559506, 10.72219085093778368, -8.905600000000001515 ) ) ;
#4768 = DIRECTION ( 'NONE',  ( 1.000000000000000000, -7.785520915623709543E-11, 0.000000000000000000 ) ) ;
#4769 = CARTESIAN_POINT ( 'NONE',  ( -25.21712816269271329, 34.35674000225326807, 10.21850059711604253 ) ) ;
#4770 = CARTESIAN_POINT ( 'NONE',  ( -11.03479504990174931, -8.606588811822936336, 14.48100000000000165 ) ) ;
#4771 = AXIS2_PLACEMENT_3D ( 'NONE', #6398, #1857, #3689 ) ;
#4772 = ORIENTED_EDGE ( 'NONE', *, *, #1652, .F. ) ;
#4773 = ORIENTED_EDGE ( 'NONE', *, *, #3078, .F. ) ;
#4774 = ORIENTED_EDGE ( 'NONE', *, *, #4724, .T. ) ;
#4775 = CARTESIAN_POINT ( 'NONE',  ( 26.70411030644963191, 0.5000000000000003331, 14.98099999999999987 ) ) ;
#4776 = CARTESIAN_POINT ( 'NONE',  ( -8.075756382246241927, -18.89114725270801642, -12.77409999999999890 ) ) ;
#4777 = CARTESIAN_POINT ( 'NONE',  ( -0.9947644520454841377, -5.916997837647706149, 6.246557203981870643 ) ) ;
#4778 = CARTESIAN_POINT ( 'NONE',  ( -9.669967158881936697, 35.40818001634448819, 11.80599999999999206 ) ) ;
#4779 = CARTESIAN_POINT ( 'NONE',  ( -13.40914248972956635, -13.64434887661692564, -15.44909999999999961 ) ) ;
#4780 = DIRECTION ( 'NONE',  ( -0.9673143870489525620, 0.2535801187161744741, -5.630609727717551074E-17 ) ) ;
#4781 = CARTESIAN_POINT ( 'NONE',  ( -10.52473805582482669, -10.44028279238031587, 11.80600000000000271 ) ) ;
#4782 = EDGE_CURVE ( 'NONE', #7364, #756, #294, .T. ) ;
#4783 = CARTESIAN_POINT ( 'NONE',  ( 6.358563739839704354, -13.21675123544820529, 11.05600000000000271 ) ) ;
#4784 = ORIENTED_EDGE ( 'NONE', *, *, #5933, .T. ) ;
#4785 = CARTESIAN_POINT ( 'NONE',  ( -14.82146631774189238, 1.189275344672944712, -5.730599999999999028 ) ) ;
#4786 = LINE ( 'NONE', #331, #6607 ) ;
#4787 = CARTESIAN_POINT ( 'NONE',  ( 5.026373508522747002, 3.277389775042706344, 5.115462419036776787 ) ) ;
#4788 = CARTESIAN_POINT ( 'NONE',  ( -1.336563837028515112, 7.004650961141550169, 0.000000000000000000 ) ) ;
#4789 = CARTESIAN_POINT ( 'NONE',  ( 13.16981931603447187, -13.16666720972293803, 11.80599999999961547 ) ) ;
#4790 = DIRECTION ( 'NONE',  ( 0.9371590407833582104, -0.3489024681454917509, 0.000000000000000000 ) ) ;
#4791 = CARTESIAN_POINT ( 'NONE',  ( -8.789758684990994553, -7.637995023984107235, 14.98100000000000165 ) ) ;
#4792 = CARTESIAN_POINT ( 'NONE',  ( -7.862740732795874266, -17.27383330946799234, -7.318099999999996719 ) ) ;
#4793 = ORIENTED_EDGE ( 'NONE', *, *, #5037, .F. ) ;
#4794 = ORIENTED_EDGE ( 'NONE', *, *, #6070, .T. ) ;
#4795 = CARTESIAN_POINT ( 'NONE',  ( -11.19984111205484112, -5.893991113273777671, 1.587499999999999911 ) ) ;
#4796 = CARTESIAN_POINT ( 'NONE',  ( 7.754278138792708219, -13.57932890675671800, 11.05600000000000271 ) ) ;
#4797 = CARTESIAN_POINT ( 'NONE',  ( 20.00646724069225613, -0.9952376597464305252, -8.905600000000001515 ) ) ;
#4798 = ADVANCED_FACE ( 'NONE', ( #1606 ), #5985, .T. ) ;
#4799 = VECTOR ( 'NONE', #4887, 1000.000000000000114 ) ;
#4800 = CARTESIAN_POINT ( 'NONE',  ( 3.766291807603387998, 12.28644048611909589, 0.000000000000000000 ) ) ;
#4801 = AXIS2_PLACEMENT_3D ( 'NONE', #1908, #3856, #3074 ) ;
#4802 = CARTESIAN_POINT ( 'NONE',  ( -20.13484170071160406, 36.03706295988247632, 11.80599999999999206 ) ) ;
#4803 = LINE ( 'NONE', #978, #83 ) ;
#4804 = EDGE_CURVE ( 'NONE', #4446, #5908, #5552, .T. ) ;
#4805 = CARTESIAN_POINT ( 'NONE',  ( 2.420428040132277303, -3.040034490371304798, 8.631000000000000227 ) ) ;
#4806 = ADVANCED_FACE ( 'NONE', ( #267 ), #2816, .F. ) ;
#4807 = CARTESIAN_POINT ( 'NONE',  ( 3.544955848817076038, 6.101807855870599262, -2.399954833865685977 ) ) ;
#4808 = CARTESIAN_POINT ( 'NONE',  ( -11.26624397905538011, -14.38126842802861916, -8.248035969732711692 ) ) ;
#4809 = AXIS2_PLACEMENT_3D ( 'NONE', #1533, #2119, #1656 ) ;
#4810 = EDGE_LOOP ( 'NONE', ( #3332, #1663, #7165, #3112, #1925, #7448 ) ) ;
#4811 = CARTESIAN_POINT ( 'NONE',  ( 11.49377828653212497, 12.59704495981061356, 2.517435969732711776 ) ) ;
#4812 = CARTESIAN_POINT ( 'NONE',  ( 12.74199028093019237, -16.33159447792379382, 14.98099999999976717 ) ) ;
#4813 = CARTESIAN_POINT ( 'NONE',  ( -4.289195265756758246, 9.753587866269061379, -8.905600000000001515 ) ) ;
#4814 = CARTESIAN_POINT ( 'NONE',  ( 3.174999999999999822, 0.000000000000000000, 1.256000000000000671 ) ) ;
#4815 = CARTESIAN_POINT ( 'NONE',  ( 17.63675259740917411, 7.377901119531987462, -5.730599999999999028 ) ) ;
#4816 = AXIS2_PLACEMENT_3D ( 'NONE', #4124, #7253, #7993 ) ;
#4817 = ORIENTED_EDGE ( 'NONE', *, *, #613, .T. ) ;
#4818 = VERTEX_POINT ( 'NONE', #5345 ) ;
#4819 = CARTESIAN_POINT ( 'NONE',  ( 9.950466015422520627, 21.36219567798635310, -9.949099999999974742 ) ) ;
#4820 = CARTESIAN_POINT ( 'NONE',  ( -30.03296512515854388, -3.575746509924240810E-06, 13.39349952342820060 ) ) ;
#4821 = DIRECTION ( 'NONE',  ( 0.000000000000000000, 0.000000000000000000, -1.000000000000000000 ) ) ;
#4822 = CARTESIAN_POINT ( 'NONE',  ( 1.707223932449998927, 6.815107828259478140, 0.000000000000000000 ) ) ;
#4823 = CARTESIAN_POINT ( 'NONE',  ( 0.6687478862120407319, -1.870526009156305181, -1.292233315209681654 ) ) ;
#4824 = CARTESIAN_POINT ( 'NONE',  ( 11.68894969801998585, -12.95213167120606634, 11.05600000000000271 ) ) ;
#4825 = ORIENTED_EDGE ( 'NONE', *, *, #516, .T. ) ;
#4826 = CARTESIAN_POINT ( 'NONE',  ( 14.25586860289650559, 24.17862009158087133, 10.21850030203495052 ) ) ;
#4827 = DIRECTION ( 'NONE',  ( -0.6427876096865352551, 0.7660444431189814551, -1.700960357273699293E-16 ) ) ;
#4828 = LINE ( 'NONE', #5962, #949 ) ;
#4829 = DIRECTION ( 'NONE',  ( 0.3489024681454921395, 0.9371590407833580993, 0.000000000000000000 ) ) ;
#4830 = CARTESIAN_POINT ( 'NONE',  ( -35.53768265111549596, 31.38543395455020146, 11.80599999999999383 ) ) ;
#4831 = CARTESIAN_POINT ( 'NONE',  ( -2.638067209385873468, 5.352051171928428275, 0.000000000000000000 ) ) ;
#4832 = CARTESIAN_POINT ( 'NONE',  ( 25.59606568476175781, -4.805342444250243261, 11.80600000000000094 ) ) ;
#4833 = EDGE_CURVE ( 'NONE', #297, #3320, #7456, .T. ) ;
#4834 = LINE ( 'NONE', #5490, #7371 ) ;
#4835 = VERTEX_POINT ( 'NONE', #988 ) ;
#4836 = EDGE_LOOP ( 'NONE', ( #972, #2583, #614, #5886, #456, #7814 ) ) ;
#4837 = CARTESIAN_POINT ( 'NONE',  ( 2.420428040132277303, -3.040034490371304798, -13.94910000000000139 ) ) ;
#4838 = ADVANCED_FACE ( 'NONE', ( #3527 ), #6349, .F. ) ;
#4839 = CARTESIAN_POINT ( 'NONE',  ( 19.31799504754692265, -0.8160951902601147889, -5.730599999999995475 ) ) ;
#4840 = CARTESIAN_POINT ( 'NONE',  ( -9.297271766812119864, -7.691671218279197753, 11.00668281602663257 ) ) ;
#4841 = CARTESIAN_POINT ( 'NONE',  ( 5.874447809818362565, -21.54342603156560898, -6.524354979597465132 ) ) ;
#4842 = CARTESIAN_POINT ( 'NONE',  ( 8.110213314787003469, -12.05396096807256434, 14.98100000000000520 ) ) ;
#4843 = DIRECTION ( 'NONE',  ( -0.9322399881385087239, 0.3618405788679778246, 1.544617847435024914E-16 ) ) ;
#4844 = DIRECTION ( 'NONE',  ( -0.000000000000000000, 0.000000000000000000, 1.000000000000000000 ) ) ;
#4845 = CARTESIAN_POINT ( 'NONE',  ( 1.590095104038063534, -19.94836994353698501, 0.7937499999999999556 ) ) ;
#4846 = ORIENTED_EDGE ( 'NONE', *, *, #1210, .T. ) ;
#4847 = PLANE ( 'NONE',  #5883 ) ;
#4848 = CARTESIAN_POINT ( 'NONE',  ( 19.67346976725402996, 19.47390449454989891, 13.39349904687931492 ) ) ;
#4849 = ORIENTED_EDGE ( 'NONE', *, *, #7444, .F. ) ;
#4850 = CARTESIAN_POINT ( 'NONE',  ( 11.49377828653212319, 12.59704495981061534, 1.587499999999999911 ) ) ;
#4851 = DIRECTION ( 'NONE',  ( -0.3489024681454918619, -0.9371590407833583214, 0.000000000000000000 ) ) ;
#4852 = DIRECTION ( 'NONE',  ( -7.785527778025876375E-11, -1.000000000000000000, 0.000000000000000000 ) ) ;
#4853 = CARTESIAN_POINT ( 'NONE',  ( 17.21994782483925235, 8.021164140500950168, -5.730599999999999028 ) ) ;
#4854 = EDGE_CURVE ( 'NONE', #7638, #2071, #2136, .T. ) ;
#4855 = ORIENTED_EDGE ( 'NONE', *, *, #6292, .T. ) ;
#4856 = ORIENTED_EDGE ( 'NONE', *, *, #1919, .T. ) ;
#4857 = DIRECTION ( 'NONE',  ( -0.000000000000000000, -0.000000000000000000, -1.000000000000000000 ) ) ;
#4858 = CARTESIAN_POINT ( 'NONE',  ( 2.162650043783425957, 2.324906046828162598, -10.47001691089877085 ) ) ;
#4859 = DIRECTION ( 'NONE',  ( -0.9371590407833582104, 0.3489024681454918064, -0.000000000000000000 ) ) ;
#4860 = CARTESIAN_POINT ( 'NONE',  ( -0.8872122126997832314, -19.64246734039021902, 1.587499999999999911 ) ) ;
#4861 = CARTESIAN_POINT ( 'NONE',  ( 18.54179568032909486, -0.07296632773196926047, 0.000000000000000000 ) ) ;
#4862 = CARTESIAN_POINT ( 'NONE',  ( -7.522971541091881598, -17.40198893812960179, 1.587077315546960410 ) ) ;
#4863 = EDGE_CURVE ( 'NONE', #4388, #5816, #6137, .T. ) ;
#4864 = CARTESIAN_POINT ( 'NONE',  ( 4.566370287237146108, -12.73717740565215628, 12.55600000000000094 ) ) ;
#4865 = EDGE_LOOP ( 'NONE', ( #6141, #329, #4846, #7096 ) ) ;
#4866 = FACE_OUTER_BOUND ( 'NONE', #5306, .T. ) ;
#4867 = CARTESIAN_POINT ( 'NONE',  ( 2.551088272595281037, 13.47269945004986980, 8.631000000000000227 ) ) ;
#4868 = CIRCLE ( 'NONE', #1417, 0.4848803914277929894 ) ;
#4869 = CARTESIAN_POINT ( 'NONE',  ( 7.432504316309183068, 14.81311299866550968, 4.799954279793518630 ) ) ;
#4870 = CARTESIAN_POINT ( 'NONE',  ( -4.036108563097333679, -20.39408905309382547, 8.631000000000000227 ) ) ;
#4871 = CARTESIAN_POINT ( 'NONE',  ( 6.400655110004744408, -11.58547895595570765, 8.630999999999419359 ) ) ;
#4872 = CARTESIAN_POINT ( 'NONE',  ( -1.795736547368972591, 6.421610808931544234, 0.000000000000000000 ) ) ;
#4873 = CARTESIAN_POINT ( 'NONE',  ( -39.73768208424982618, 9.451145619418195309, 11.80599999999999739 ) ) ;
#4874 = CARTESIAN_POINT ( 'NONE',  ( -12.47876764460021981, -10.30295747460158040, 1.587499999999999911 ) ) ;
#4875 = ORIENTED_EDGE ( 'NONE', *, *, #3141, .T. ) ;
#4876 = VERTEX_POINT ( 'NONE', #6055 ) ;
#4877 = SURFACE_STYLE_USAGE ( .BOTH. , #2470 ) ;
#4878 = CARTESIAN_POINT ( 'NONE',  ( 19.34913917186175070, -0.5027467310678341850, 0.000000000000000000 ) ) ;
#4879 = CYLINDRICAL_SURFACE ( 'NONE', #1159, 1.587500000000000133 ) ;
#4880 = CARTESIAN_POINT ( 'NONE',  ( 0.4802552723118781453, -1.925382822724262422, -1.949099999999967636 ) ) ;
#4881 = CARTESIAN_POINT ( 'NONE',  ( -6.179433900825434200, -13.79456775404376145, -12.77410000000000068 ) ) ;
#4882 = CARTESIAN_POINT ( 'NONE',  ( -3.814366790046009204, -10.53271460351527722, 10.21850059711605141 ) ) ;
#4883 = DIRECTION ( 'NONE',  ( -2.940280123376413621E-16, -1.050218897352779953E-15, -1.000000000000000000 ) ) ;
#4884 = CARTESIAN_POINT ( 'NONE',  ( -10.67816996588947731, -16.15371218006999143, -8.905600000000001515 ) ) ;
#4885 = VERTEX_POINT ( 'NONE', #6097 ) ;
#4886 = CARTESIAN_POINT ( 'NONE',  ( -8.518953277101237731, -18.71595190785787466, -8.905600000000001515 ) ) ;
#4887 = DIRECTION ( 'NONE',  ( 0.6187123756285676235, 0.7856175890622957292, -0.000000000000000000 ) ) ;
#4888 = CARTESIAN_POINT ( 'NONE',  ( 19.34913917186175780, -0.4726560771111049664, 0.000000000000000000 ) ) ;
#4889 = CARTESIAN_POINT ( 'NONE',  ( 0.000000000000000000, 0.000000000000000000, -7.949100000000000499 ) ) ;
#4890 = DIRECTION ( 'NONE',  ( 1.000000000000000000, 0.000000000000000000, 0.000000000000000000 ) ) ;
#4891 = ORIENTED_EDGE ( 'NONE', *, *, #4112, .F. ) ;
#4892 = CARTESIAN_POINT ( 'NONE',  ( 14.25591115432482070, 24.17868099317998443, 13.39349904687931314 ) ) ;
#4893 = VERTEX_POINT ( 'NONE', #428 ) ;
#4894 =( BOUNDED_SURFACE ( )  B_SPLINE_SURFACE ( 3, 3, ( 
 ( #2105, #1600, #7924, #5298, #6605, #4097, #5896, #4642, #5980, #5339, #3434, #7186, #941, #7841, #6564, #903, #5378, #7230, #1478, #1522, #2809, #7883 ),
 ( #3396, #4054, #179, #7966, #2187, #3472, #6023, #6690, #981, #3520, #6063, #351, #2891, #4808, #6233, #476, #3102, #3019, #4923, #5542, #6106, #5589 ),
 ( #7519, #5500, #6773, #5634, #1810, #1064, #6894, #3603, #8143, #4884, #393, #2307, #5009, #3060, #2352, #3645, #1771, #8095, #6813, #6729, #7557, #3683 ),
 ( #2440, #6148, #4972, #4182, #2935, #1190, #1021, #437, #6272, #2978, #1684, #8056, #520, #4310, #6853, #8013, #563, #3563, #5459, #7393, #7436, #1148 ) ),
 .UNSPECIFIED., .F., .F., .T. ) 
 B_SPLINE_SURFACE_WITH_KNOTS ( ( 4, 4 ),
 ( 4, 2, 2, 2, 2, 2, 2, 2, 2, 2, 4 ),
 ( 0.000000000000000000, 1.000000000000000000 ),
 ( 0.8588486556437868735, 0.8716853858841903113, 0.8899009454731731106, 0.9044730433523903157, 0.9226813626088121723, 0.9408997517909335473, 0.9591210407714405584, 0.9773353880055931642, 0.9918904835717163859, 1.000000000000000000, 1.003592095398861739 ),
 .UNSPECIFIED. ) 
 GEOMETRIC_REPRESENTATION_ITEM ( )  RATIONAL_B_SPLINE_SURFACE ( (
 ( 1.000000000000000000, 1.000000000000000000, 1.000000000000000000, 1.000000000000000000, 1.000000000000000000, 1.000000000000000000, 1.000000000000000000, 1.000000000000000000, 1.000000000000000000, 1.000000000000000000, 1.000000000000000000, 1.000000000000000000, 1.000000000000000000, 1.000000000000000000, 1.000000000000000000, 1.000000000000000000, 1.000000000000000000, 1.000000000000000000, 1.000000000000000000, 1.000000000000000000, 1.000000000000000000, 1.000000000000000000),
 ( 0.8047378541243648264, 0.8047378541243648264, 0.8047378541243648264, 0.8047378541243648264, 0.8047378541243648264, 0.8047378541243648264, 0.8047378541243648264, 0.8047378541243648264, 0.8047378541243648264, 0.8047378541243648264, 0.8047378541243648264, 0.8047378541243648264, 0.8047378541243648264, 0.8047378541243648264, 0.8047378541243648264, 0.8047378541243648264, 0.8047378541243648264, 0.8047378541243648264, 0.8047378541243648264, 0.8047378541243648264, 0.8047378541243648264, 0.8047378541243648264),
 ( 0.8047378541243648264, 0.8047378541243648264, 0.8047378541243648264, 0.8047378541243648264, 0.8047378541243648264, 0.8047378541243648264, 0.8047378541243648264, 0.8047378541243648264, 0.8047378541243648264, 0.8047378541243648264, 0.8047378541243648264, 0.8047378541243648264, 0.8047378541243648264, 0.8047378541243648264, 0.8047378541243648264, 0.8047378541243648264, 0.8047378541243648264, 0.8047378541243648264, 0.8047378541243648264, 0.8047378541243648264, 0.8047378541243648264, 0.8047378541243648264),
 ( 1.000000000000000000, 1.000000000000000000, 1.000000000000000000, 1.000000000000000000, 1.000000000000000000, 1.000000000000000000, 1.000000000000000000, 1.000000000000000000, 1.000000000000000000, 1.000000000000000000, 1.000000000000000000, 1.000000000000000000, 1.000000000000000000, 1.000000000000000000, 1.000000000000000000, 1.000000000000000000, 1.000000000000000000, 1.000000000000000000, 1.000000000000000000, 1.000000000000000000, 1.000000000000000000, 1.000000000000000000) ) ) 
 REPRESENTATION_ITEM ( '' )  SURFACE ( )  );
#4895 = EDGE_LOOP ( 'NONE', ( #7690, #2486, #2477, #3051 ) ) ;
#4896 = LINE ( 'NONE', #1035, #5279 ) ;
#4897 = FACE_OUTER_BOUND ( 'NONE', #4320, .T. ) ;
#4898 = CARTESIAN_POINT ( 'NONE',  ( -1.005148506366562167, -5.915207222080144156, 6.148021276885341280 ) ) ;
#4899 = CARTESIAN_POINT ( 'NONE',  ( 0.8615394099539062100, -2.349345270157907617, -8.865776865418540709 ) ) ;
#4900 = CARTESIAN_POINT ( 'NONE',  ( -9.853225687248778897, -3.809484351455107554, -5.730599999999999028 ) ) ;
#4901 = CARTESIAN_POINT ( 'NONE',  ( 8.211375289489110330, 11.44073641957684906, -1.193545394346745558 ) ) ;
#4902 = ADVANCED_FACE ( 'NONE', ( #299 ), #1552, .F. ) ;
#4903 = EDGE_CURVE ( 'NONE', #7331, #6085, #6014, .T. ) ;
#4904 = ORIENTED_EDGE ( 'NONE', *, *, #1530, .F. ) ;
#4905 = CARTESIAN_POINT ( 'NONE',  ( -12.22631926680553249, -12.33791679854705770, -5.730599999999999028 ) ) ;
#4906 = CARTESIAN_POINT ( 'NONE',  ( -13.26846490816514113, -13.42624446432590268, -8.905600000000001515 ) ) ;
#4907 = CARTESIAN_POINT ( 'NONE',  ( -10.94507972258137585, -14.84553058644234014, -7.318099999999999383 ) ) ;
#4908 = CARTESIAN_POINT ( 'NONE',  ( -8.369248915659845522, -1.925186736856493885, 0.000000000000000000 ) ) ;
#4909 = CARTESIAN_POINT ( 'NONE',  ( 3.034299951601164391, -10.69440557877959286, 8.631000000000000227 ) ) ;
#4910 = CARTESIAN_POINT ( 'NONE',  ( 1.590095104038063534, -19.94836994353698501, 0.7937499999999999556 ) ) ;
#4911 = CARTESIAN_POINT ( 'NONE',  ( -37.63074280117568549, 30.59158252159359748, 11.80599999999999383 ) ) ;
#4912 = AXIS2_PLACEMENT_3D ( 'NONE', #6563, #220, #4138 ) ;
#4913 = CARTESIAN_POINT ( 'NONE',  ( -7.374207007253636093, -17.45714841008690499, -5.730599999999999028 ) ) ;
#4914 = EDGE_LOOP ( 'NONE', ( #1988, #1985, #6565, #6405, #3530 ) ) ;
#4915 = VERTEX_POINT ( 'NONE', #7346 ) ;
#4916 = CARTESIAN_POINT ( 'NONE',  ( -14.94984990498404542, 0.4166052085571269048, -7.318099999999999383 ) ) ;
#4917 = CARTESIAN_POINT ( 'NONE',  ( 11.16019136842704285, 12.74039699110842427, 0.000000000000000000 ) ) ;
#4918 = CARTESIAN_POINT ( 'NONE',  ( -9.686569713148177385, -9.023495126771175379, 13.39349952335688521 ) ) ;
#4919 = DIRECTION ( 'NONE',  ( 0.000000000000000000, -1.000000000000000000, 1.475423364686777903E-16 ) ) ;
#4920 = CARTESIAN_POINT ( 'NONE',  ( 22.32431652841541947, -10.97356072241889713, 14.98100000000000520 ) ) ;
#4921 = CARTESIAN_POINT ( 'NONE',  ( 9.526638916354750464, 15.33721487950563933, -10.87404586040063492 ) ) ;
#4922 = CARTESIAN_POINT ( 'NONE',  ( -0.5406471965504807686, -12.69271272560661146, -1.949099999999967636 ) ) ;
#4923 = CARTESIAN_POINT ( 'NONE',  ( -11.93380714760685102, -13.05735525345597914, -8.248035969732711692 ) ) ;
#4924 = ORIENTED_EDGE ( 'NONE', *, *, #6093, .F. ) ;
#4925 = CARTESIAN_POINT ( 'NONE',  ( -9.041094711510233140, -18.47313958429525727, -8.905600000000001515 ) ) ;
#4926 = CARTESIAN_POINT ( 'NONE',  ( 9.169603263354870748, -13.98518257472503379, 8.631000000000003780 ) ) ;
#4927 = VECTOR ( 'NONE', #7325, 1000.000000000000000 ) ;
#4928 = DIRECTION ( 'NONE',  ( -1.000000000000000000, 0.000000000000000000, 0.000000000000000000 ) ) ;
#4929 = CARTESIAN_POINT ( 'NONE',  ( -5.603345093216948847, -10.05485579300198928, 11.05600000209201994 ) ) ;
#4930 = CARTESIAN_POINT ( 'NONE',  ( 20.93645520024646700, -0.9927811046649085425, -8.905599999999999739 ) ) ;
#4931 = CARTESIAN_POINT ( 'NONE',  ( 2.229183074677310028, -13.76562875766001781, 11.80600000000000094 ) ) ;
#4932 = AXIS2_PLACEMENT_3D ( 'NONE', #407, #5649, #2322 ) ;
#4933 = CIRCLE ( 'NONE', #685, 3.174999999999999822 ) ;
#4934 = FACE_OUTER_BOUND ( 'NONE', #2257, .T. ) ;
#4935 = ADVANCED_FACE ( 'NONE', ( #2258 ), #1674, .F. ) ;
#4936 = ORIENTED_EDGE ( 'NONE', *, *, #1853, .T. ) ;
#4937 = VERTEX_POINT ( 'NONE', #5448 ) ;
#4938 = DIRECTION ( 'NONE',  ( -0.000000000000000000, -0.000000000000000000, 1.000000000000000000 ) ) ;
#4939 = CARTESIAN_POINT ( 'NONE',  ( -10.32067812157115938, 7.973551672692352099, -7.318099999999999383 ) ) ;
#4940 = LINE ( 'NONE', #3578, #2672 ) ;
#4941 = CIRCLE ( 'NONE', #4675, 0.7499999999999993339 ) ;
#4942 = CARTESIAN_POINT ( 'NONE',  ( 2.420428040132277303, -3.040034490371304798, -7.318099999999999383 ) ) ;
#4943 = EDGE_CURVE ( 'NONE', #3664, #5555, #3510, .T. ) ;
#4944 = DIRECTION ( 'NONE',  ( 1.000000000000000000, 0.000000000000000000, -0.000000000000000000 ) ) ;
#4945 = DIRECTION ( 'NONE',  ( 0.000000000000000000, 0.000000000000000000, 1.000000000000000000 ) ) ;
#4946 = CARTESIAN_POINT ( 'NONE',  ( 7.754278138792708219, -13.57932890675671800, 11.05600000000000271 ) ) ;
#4947 = AXIS2_PLACEMENT_3D ( 'NONE', #1438, #7059, #3848 ) ;
#4948 = VERTEX_POINT ( 'NONE', #8000 ) ;
#4949 = CARTESIAN_POINT ( 'NONE',  ( -12.06778573262370280, -12.72311895054607511, -5.730599999999999028 ) ) ;
#4950 = CARTESIAN_POINT ( 'NONE',  ( -13.46324943797793239, -13.50393851900893338, -8.905599999999999739 ) ) ;
#4951 = CARTESIAN_POINT ( 'NONE',  ( 6.853800266027207044, 14.77045905883134758, 5.417998912030332015 ) ) ;
#4952 = DIRECTION ( 'NONE',  ( 0.000000000000000000, 0.000000000000000000, 1.000000000000000000 ) ) ;
#4953 = CARTESIAN_POINT ( 'NONE',  ( -35.53768265111548885, 31.38543395455019791, 8.630999999999989569 ) ) ;
#4954 = CARTESIAN_POINT ( 'NONE',  ( 0.9172477489568980902, -5.932241593074692787, 4.700815050375888760 ) ) ;
#4955 = EDGE_CURVE ( 'NONE', #6825, #2562, #6720, .T. ) ;
#4956 = VECTOR ( 'NONE', #6681, 1000.000000000000114 ) ;
#4957 = CARTESIAN_POINT ( 'NONE',  ( 11.50783914886425308, -12.85637688752249552, 11.80600000000000271 ) ) ;
#4958 = EDGE_CURVE ( 'NONE', #2064, #4448, #4045, .T. ) ;
#4959 = VECTOR ( 'NONE', #7095, 1000.000000000000000 ) ;
#4960 = CARTESIAN_POINT ( 'NONE',  ( 0.000000000000000000, 0.000000000000000000, -15.44909999999999961 ) ) ;
#4961 = ORIENTED_EDGE ( 'NONE', *, *, #786, .F. ) ;
#4962 = ORIENTED_EDGE ( 'NONE', *, *, #3964, .F. ) ;
#4963 = CARTESIAN_POINT ( 'NONE',  ( -4.673023078167660493, 9.158108384588148354, -7.318099999999999383 ) ) ;
#4964 = B_SPLINE_CURVE_WITH_KNOTS ( 'NONE', 3,
 ( #7859, #3449, #5355, #960, #6502, #7778, #6541, #1537 ),
 .UNSPECIFIED., .F., .F.,
 ( 4, 1, 1, 1, 1, 4 ),
 ( 0.3224109095203864239, 0.3548185461005952113, 0.3872261826808048868, 0.4277357284060636644, 0.4763471832763853664, 0.5079342641458755025 ),
 .UNSPECIFIED. ) ;
#4965 = CARTESIAN_POINT ( 'NONE',  ( 10.07764572962518379, 3.566199828708670694, -5.730599999999997252 ) ) ;
#4966 = DIRECTION ( 'NONE',  ( -0.2535801187161745296, -0.9673143870489525620, 2.147869409105835423E-16 ) ) ;
#4967 = CARTESIAN_POINT ( 'NONE',  ( -44.97519480863827113, 29.96679013402548719, 14.98099999999999454 ) ) ;
#4968 = CARTESIAN_POINT ( 'NONE',  ( -20.13484170071160761, 36.03706295988247632, 14.98099999999999454 ) ) ;
#4969 = CARTESIAN_POINT ( 'NONE',  ( 8.716646042536959627, 15.66130548911876019, -11.34922400809086973 ) ) ;
#4970 = EDGE_CURVE ( 'NONE', #2386, #1783, #5344, .T. ) ;
#4971 = CARTESIAN_POINT ( 'NONE',  ( -16.64869579998555338, -0.9263015384992343559, -8.905599999999997962 ) ) ;
#4972 = CARTESIAN_POINT ( 'NONE',  ( -8.518794115176419268, -18.71602592319977632, -8.905600000000001515 ) ) ;
#4973 = ORIENTED_EDGE ( 'NONE', *, *, #8069, .T. ) ;
#4974 = CARTESIAN_POINT ( 'NONE',  ( -13.35042394584824166, -13.78302038808278418, -8.905600000000001515 ) ) ;
#4975 = CARTESIAN_POINT ( 'NONE',  ( -16.11478866409434119, 2.572347371083869572, -15.44909999999999961 ) ) ;
#4976 = DIRECTION ( 'NONE',  ( 1.000000000000000000, 0.000000000000000000, 0.000000000000000000 ) ) ;
#4977 = DIRECTION ( 'NONE',  ( -0.9673143870489525620, 0.2535801187161744741, -5.630609727717551074E-17 ) ) ;
#4978 = CARTESIAN_POINT ( 'NONE',  ( -11.89037289558351418, -13.15962468831480869, -7.318099999999999383 ) ) ;
#4979 = CARTESIAN_POINT ( 'NONE',  ( 20.98205252773207263, -15.34149038294230216, 11.80600000000000449 ) ) ;
#4980 = ORIENTED_EDGE ( 'NONE', *, *, #7050, .T. ) ;
#4981 = ADVANCED_FACE ( 'NONE', ( #4754 ), #2344, .T. ) ;
#4982 = ORIENTED_EDGE ( 'NONE', *, *, #327, .T. ) ;
#4983 = VERTEX_POINT ( 'NONE', #4422 ) ;
#4984 = CARTESIAN_POINT ( 'NONE',  ( -33.50011498293680745, 34.60976076831700254, 14.98099999999999099 ) ) ;
#4985 = CARTESIAN_POINT ( 'NONE',  ( 2.087658458310429843, 2.392134436323571922, -9.949099999999891253 ) ) ;
#4986 = CARTESIAN_POINT ( 'NONE',  ( 16.27235997607809637, 1.161774182866610383, -5.730599999999999028 ) ) ;
#4987 = SURFACE_STYLE_FILL_AREA ( #8162 ) ;
#4988 = CARTESIAN_POINT ( 'NONE',  ( -12.36827209147682005, -8.872725683140465947, -5.730599999999997252 ) ) ;
#4989 = CARTESIAN_POINT ( 'NONE',  ( 16.83780437368767480, 2.645196265574356609, -8.905600000000001515 ) ) ;
#4990 = EDGE_CURVE ( 'NONE', #6874, #5094, #3758, .T. ) ;
#4991 = EDGE_LOOP ( 'NONE', ( #2268, #4322, #2362, #8239 ) ) ;
#4992 = CARTESIAN_POINT ( 'NONE',  ( 19.19388020386136517, -0.6398805656883057580, -5.730599999999999916 ) ) ;
#4993 = CARTESIAN_POINT ( 'NONE',  ( -2.899377258083656983, -15.01572639255299180, -9.949099999999974742 ) ) ;
#4994 = CARTESIAN_POINT ( 'NONE',  ( -1.681543941320843505, -8.965972145123165760, 13.00400180856847321 ) ) ;
#4995 = CARTESIAN_POINT ( 'NONE',  ( -3.030030175635520351, -10.74447544034259572, 12.55599999790798549 ) ) ;
#4996 = CARTESIAN_POINT ( 'NONE',  ( -12.07136088887016534, -6.579286415174190772, 11.80600000000000094 ) ) ;
#4997 = CARTESIAN_POINT ( 'NONE',  ( 2.091087627872094235, -5.623820101368845137, 6.050900000000028811 ) ) ;
#4998 = CARTESIAN_POINT ( 'NONE',  ( -3.585675646930079896, -8.948570147270297426, 11.80600000000000271 ) ) ;
#4999 = MANIFOLD_SOLID_BREP ( 'Join1[1]', #5988 ) ;
#5000 = CARTESIAN_POINT ( 'NONE',  ( -12.20547776684155039, -12.32040931772231396, 1.587499999999999911 ) ) ;
#5001 = ORIENTED_EDGE ( 'NONE', *, *, #7510, .T. ) ;
#5002 = CARTESIAN_POINT ( 'NONE',  ( -14.98520256183472199, -3.731293133095731740, -7.318099999999999383 ) ) ;
#5003 = CARTESIAN_POINT ( 'NONE',  ( 7.714639565866646009, 4.483380572707835299, -5.730599999999999028 ) ) ;
#5004 = CARTESIAN_POINT ( 'NONE',  ( -9.571409413789904619, -8.629526416749387252, 10.26883738088495157 ) ) ;
#5005 = CARTESIAN_POINT ( 'NONE',  ( 28.77451289708931981, -5.204147292517808054, 14.98099999999996790 ) ) ;
#5006 = VECTOR ( 'NONE', #6120, 1000.000000000000114 ) ;
#5007 = CARTESIAN_POINT ( 'NONE',  ( 7.279021372824712621, 16.13092106589492758, -10.40052727491742957 ) ) ;
#5008 = CARTESIAN_POINT ( 'NONE',  ( -15.88733970060773615, -7.341554013162784997, -8.905599999999997962 ) ) ;
#5009 = CARTESIAN_POINT ( 'NONE',  ( -11.47276868734310717, -15.23855175566115783, -8.905600000000001515 ) ) ;
#5010 = EDGE_LOOP ( 'NONE', ( #5121, #3626, #2820, #3842, #7124 ) ) ;
#5011 = EDGE_CURVE ( 'NONE', #8192, #7904, #1223, .T. ) ;
#5012 = CARTESIAN_POINT ( 'NONE',  ( 20.93640320978964198, -3.040034481649643183, -7.318100000000001160 ) ) ;
#5013 = CARTESIAN_POINT ( 'NONE',  ( -15.64541451096443048, -8.115698774879472666, -15.44909999999999961 ) ) ;
#5014 = DIRECTION ( 'NONE',  ( 0.000000000000000000, 0.000000000000000000, 1.000000000000000000 ) ) ;
#5015 = FACE_OUTER_BOUND ( 'NONE', #5103, .T. ) ;
#5016 = DIRECTION ( 'NONE',  ( 0.000000000000000000, 1.000000000000000000, -2.810602228990811672E-16 ) ) ;
#5017 = CARTESIAN_POINT ( 'NONE',  ( -36.57734624587926930, 34.39605359592100342, 11.80599999999999206 ) ) ;
#5018 = EDGE_CURVE ( 'NONE', #2178, #1504, #7521, .T. ) ;
#5019 = ORIENTED_EDGE ( 'NONE', *, *, #6751, .T. ) ;
#5020 = CARTESIAN_POINT ( 'NONE',  ( 1.298463506524899280, -11.88093877015635158, 14.98100000000000875 ) ) ;
#5021 = ORIENTED_EDGE ( 'NONE', *, *, #6751, .F. ) ;
#5022 = VECTOR ( 'NONE', #2279, 1000.000000000000000 ) ;
#5023 = ORIENTED_EDGE ( 'NONE', *, *, #3010, .F. ) ;
#5024 = CARTESIAN_POINT ( 'NONE',  ( -56.07189761964543351, 23.61786509392923961, 14.98099999999999454 ) ) ;
#5025 = CARTESIAN_POINT ( 'NONE',  ( -3.277987645022796936, 9.170018492453936076, -8.367115263861501617 ) ) ;
#5026 = CARTESIAN_POINT ( 'NONE',  ( -14.05551371346903444, -7.846525016573423272, -7.318099999999999383 ) ) ;
#5027 = CARTESIAN_POINT ( 'NONE',  ( -15.00691541254492911, -3.686597052937068408, -5.730599999999994587 ) ) ;
#5028 = CARTESIAN_POINT ( 'NONE',  ( -2.500000000000000000, 0.000000000000000000, -7.949100000000000499 ) ) ;
#5029 = CARTESIAN_POINT ( 'NONE',  ( 19.31159277838962041, -0.8000082150864867847, -5.730599999999977712 ) ) ;
#5030 = CARTESIAN_POINT ( 'NONE',  ( 10.67431220372968959, -14.27759558364368075, 12.55600000000000271 ) ) ;
#5031 = ORIENTED_EDGE ( 'NONE', *, *, #6455, .F. ) ;
#5032 = CARTESIAN_POINT ( 'NONE',  ( 6.000000000000000888, 0.000000000000000000, 3.756000000000000671 ) ) ;
#5033 = FACE_OUTER_BOUND ( 'NONE', #963, .T. ) ;
#5034 = CARTESIAN_POINT ( 'NONE',  ( -13.40914248965682454, -13.64434887678946673, -15.44909999999999961 ) ) ;
#5035 = CARTESIAN_POINT ( 'NONE',  ( -1.912621489174304967, -2.257583630814017805, 14.48100000000000165 ) ) ;
#5036 = CARTESIAN_POINT ( 'NONE',  ( 19.50871581554208234, 16.82698967804242329, 8.630999999998611116 ) ) ;
#5037 = EDGE_CURVE ( 'NONE', #4276, #3664, #3048, .T. ) ;
#5038 = CARTESIAN_POINT ( 'NONE',  ( 0.009654094587011115280, -19.80222882033427823, 1.503693432725055068 ) ) ;
#5039 = CARTESIAN_POINT ( 'NONE',  ( 6.400655110004744408, -11.58547895595570765, 8.630999999999419359 ) ) ;
#5040 = EDGE_CURVE ( 'NONE', #6666, #6116, #3952, .T. ) ;
#5041 = EDGE_LOOP ( 'NONE', ( #5971, #6749, #7004, #7769 ) ) ;
#5042 = DIRECTION ( 'NONE',  ( -0.9371590407833582104, 0.3489024681454917509, -0.000000000000000000 ) ) ;
#5043 = CARTESIAN_POINT ( 'NONE',  ( 2.614363602307288925, 11.57959063067964500, 0.000000000000000000 ) ) ;
#5044 = CARTESIAN_POINT ( 'NONE',  ( 5.089656768021824540, -10.74103297613638830, 10.60799819143153044 ) ) ;
#5045 = CARTESIAN_POINT ( 'NONE',  ( -13.13121744587857265, -9.572183738367961325, 14.98100000000003185 ) ) ;
#5046 = CARTESIAN_POINT ( 'NONE',  ( 9.579874226475315169, 15.31438161043353929, -10.80354162443606469 ) ) ;
#5047 = CARTESIAN_POINT ( 'NONE',  ( -4.901673400653727697, -3.460288697973585847, 14.98100000000000165 ) ) ;
#5048 = ORIENTED_EDGE ( 'NONE', *, *, #4733, .F. ) ;
#5049 = ADVANCED_FACE ( 'NONE', ( #3293 ), #5238, .F. ) ;
#5050 = CARTESIAN_POINT ( 'NONE',  ( 21.40792010887400920, -14.11408924160253342, 10.21850059711605319 ) ) ;
#5051 = CARTESIAN_POINT ( 'NONE',  ( 16.34252431190909149, 22.72080760079458983, 14.98099999999999454 ) ) ;
#5052 = EDGE_CURVE ( 'NONE', #2819, #4085, #955, .T. ) ;
#5053 = CARTESIAN_POINT ( 'NONE',  ( -12.03221265217366032, -12.80259548204367981, 0.000000000000000000 ) ) ;
#5054 = EDGE_CURVE ( 'NONE', #2601, #5989, #3734, .T. ) ;
#5055 = CARTESIAN_POINT ( 'NONE',  ( -42.00193863272111372, 7.125692526716533415, 11.80599999999999739 ) ) ;
#5056 = ORIENTED_EDGE ( 'NONE', *, *, #3722, .F. ) ;
#5057 = ORIENTED_EDGE ( 'NONE', *, *, #631, .T. ) ;
#5058 = ORIENTED_EDGE ( 'NONE', *, *, #20, .F. ) ;
#5059 = CARTESIAN_POINT ( 'NONE',  ( -4.216952831166175031, 10.68371196171505311, -8.905599999999997962 ) ) ;
#5060 = CARTESIAN_POINT ( 'NONE',  ( -3.301741194543028612, 9.107370590575596836, -8.285426516924596640 ) ) ;
#5061 = CARTESIAN_POINT ( 'NONE',  ( -4.673023078167661382, 9.158108384588148354, -8.248035969732711692 ) ) ;
#5062 = CARTESIAN_POINT ( 'NONE',  ( -0.5406471965504785482, -12.69271272560661146, 6.050900000000028811 ) ) ;
#5063 = CARTESIAN_POINT ( 'NONE',  ( -11.15118470830668684, -5.827695183272060042, -5.730599999999999028 ) ) ;
#5064 = CARTESIAN_POINT ( 'NONE',  ( 6.881736416667858514, 12.33405173810435507, -0.5958554473253906414 ) ) ;
#5065 = CIRCLE ( 'NONE', #2415, 6.000000000000000888 ) ;
#5066 = ORIENTED_EDGE ( 'NONE', *, *, #1757, .T. ) ;
#5067 = ORIENTED_EDGE ( 'NONE', *, *, #6247, .F. ) ;
#5068 = AXIS2_PLACEMENT_3D ( 'NONE', #2793, #5322, #5703 ) ;
#5069 = CARTESIAN_POINT ( 'NONE',  ( 1.364381787387545009, 10.41790534419867953, 2.517435969732711776 ) ) ;
#5070 = CARTESIAN_POINT ( 'NONE',  ( -18.40158467912231188, -6.030282401385134605, 14.98100000000000165 ) ) ;
#5071 = CARTESIAN_POINT ( 'NONE',  ( -56.07189761964543351, 23.61786509392923961, 8.630999999999994898 ) ) ;
#5072 = CARTESIAN_POINT ( 'NONE',  ( 15.90800951584286871, -14.98663331773224883, 10.21850059711605319 ) ) ;
#5073 = CARTESIAN_POINT ( 'NONE',  ( -18.57456196277539817, -4.252665149888139595, 8.631000000000177863 ) ) ;
#5074 = CARTESIAN_POINT ( 'NONE',  ( 20.93652119082585372, -3.040034486010473991, -8.905599999999999739 ) ) ;
#5075 = CARTESIAN_POINT ( 'NONE',  ( 17.63675259740917411, 7.377901119531988350, 1.587499999999999911 ) ) ;
#5076 = CARTESIAN_POINT ( 'NONE',  ( 15.81603941767345489, -13.23563869823644801, 8.631000000000344841 ) ) ;
#5077 = VECTOR ( 'NONE', #5718, 1000.000000000000000 ) ;
#5078 = MANIFOLD_SOLID_BREP ( 'Join1[4]', #6656 ) ;
#5079 = ORIENTED_EDGE ( 'NONE', *, *, #1431, .F. ) ;
#5080 =( NAMED_UNIT ( * ) SI_UNIT ( $, .STERADIAN. ) SOLID_ANGLE_UNIT ( ) );
#5081 = CARTESIAN_POINT ( 'NONE',  ( 14.47373102190152494, 1.859896713256550704, -5.730599999999999028 ) ) ;
#5082 = CARTESIAN_POINT ( 'NONE',  ( -11.26858164461518186, -3.040837264634771664, 3.174999999999999822 ) ) ;
#5083 = CARTESIAN_POINT ( 'NONE',  ( 25.01005285694784774, 0.8374367091048500189, 14.98099999999997323 ) ) ;
#5084 = CARTESIAN_POINT ( 'NONE',  ( 2.322890746187656674, 0.9307709837705095968, -8.716229968550690543 ) ) ;
#5085 = EDGE_CURVE ( 'NONE', #1714, #5340, #7800, .T. ) ;
#5086 = ORIENTED_EDGE ( 'NONE', *, *, #736, .F. ) ;
#5087 = CARTESIAN_POINT ( 'NONE',  ( -3.634024352127970925, -10.58222667935891792, 10.21850059711605141 ) ) ;
#5088 = CARTESIAN_POINT ( 'NONE',  ( 19.19388020387351901, -0.6398805656995832924, -7.318099999999999383 ) ) ;
#5089 = CARTESIAN_POINT ( 'NONE',  ( 26.35318203560210648, -11.46868643948620203, 11.80600000000000271 ) ) ;
#5090 = CARTESIAN_POINT ( 'NONE',  ( 4.566370287237146108, -12.73717740565215628, 12.55600000000000094 ) ) ;
#5091 = FACE_OUTER_BOUND ( 'NONE', #7176, .T. ) ;
#5092 = CARTESIAN_POINT ( 'NONE',  ( 2.914358635773569794, 29.94036153015169432, 13.39349904687931136 ) ) ;
#5093 = CARTESIAN_POINT ( 'NONE',  ( -5.140174604103816769, -10.17574938492209746, 9.416435412949244466 ) ) ;
#5094 = VERTEX_POINT ( 'NONE', #6470 ) ;
#5095 = CARTESIAN_POINT ( 'NONE',  ( 4.566370287237146108, -12.73717740565215628, 11.05600000000000271 ) ) ;
#5096 = CARTESIAN_POINT ( 'NONE',  ( -14.44633099061022108, 2.625710786495083049, -8.248035969732711692 ) ) ;
#5097 = DIRECTION ( 'NONE',  ( -0.000000000000000000, -0.000000000000000000, -1.000000000000000000 ) ) ;
#5098 = CARTESIAN_POINT ( 'NONE',  ( 3.586478970822892798, 1.112502460414798389, -11.27659986319314278 ) ) ;
#5099 = CARTESIAN_POINT ( 'NONE',  ( 16.84042709975616603, 2.652205172778185904, -8.905600000000001515 ) ) ;
#5100 = ORIENTED_EDGE ( 'NONE', *, *, #3493, .T. ) ;
#5101 = ORIENTED_EDGE ( 'NONE', *, *, #3482, .T. ) ;
#5102 = EDGE_CURVE ( 'NONE', #5328, #4468, #7089, .T. ) ;
#5103 = EDGE_LOOP ( 'NONE', ( #7753, #2769, #5951, #4361 ) ) ;
#5104 = CARTESIAN_POINT ( 'NONE',  ( 19.87557174054774478, 6.288581930109777396, 3.174999999999999822 ) ) ;
#5105 = CARTESIAN_POINT ( 'NONE',  ( 0.000000000000000000, 0.000000000000000000, -10.69910000000001737 ) ) ;
#5106 = CARTESIAN_POINT ( 'NONE',  ( -12.35431845283325636, -8.700216048916015410, 0.000000000000000000 ) ) ;
#5107 = FACE_OUTER_BOUND ( 'NONE', #2236, .T. ) ;
#5108 = CARTESIAN_POINT ( 'NONE',  ( 27.54192536631284938, 4.318195128451486120, 8.630999999999927397 ) ) ;
#5109 = LINE ( 'NONE', #4573, #5331 ) ;
#5110 = CARTESIAN_POINT ( 'NONE',  ( 7.202779167234853119, 13.23207438966029770, 0.000000000000000000 ) ) ;
#5111 = CARTESIAN_POINT ( 'NONE',  ( 22.32431652841541947, -10.97356072241889713, 8.631000000000000227 ) ) ;
#5112 = AXIS2_PLACEMENT_3D ( 'NONE', #4576, #1998, #5707 ) ;
#5113 = LINE ( 'NONE', #1263, #2328 ) ;
#5114 = EDGE_LOOP ( 'NONE', ( #1611, #4772, #7105, #3654 ) ) ;
#5115 = PRESENTATION_STYLE_ASSIGNMENT (( #2626 ) ) ;
#5116 = CARTESIAN_POINT ( 'NONE',  ( -11.98739699550838544, -12.91531502102366602, -5.730600000000000804 ) ) ;
#5117 = CARTESIAN_POINT ( 'NONE',  ( 19.34913917186177557, -3.040034490371325671, 1.587499999999999911 ) ) ;
#5118 = CARTESIAN_POINT ( 'NONE',  ( 20.73429099352363991, 15.02051468739542806, 14.98099999999999632 ) ) ;
#5119 = CARTESIAN_POINT ( 'NONE',  ( 19.15419645555989447, 3.242502156249409406, 0.000000000000000000 ) ) ;
#5120 = LINE ( 'NONE', #3959, #1112 ) ;
#5121 = ORIENTED_EDGE ( 'NONE', *, *, #5622, .F. ) ;
#5122 = CARTESIAN_POINT ( 'NONE',  ( -11.98482337663964437, -14.51956793716646921, 3.174999999999999822 ) ) ;
#5123 = B_SPLINE_CURVE_WITH_KNOTS ( 'NONE', 3,
 ( #5677, #7435, #8055, #601, #1063, #1722, #5588, #6147, #3682, #6271 ),
 .UNSPECIFIED., .F., .F.,
 ( 4, 2, 2, 2, 4 ),
 ( 0.000000000000000000, 0.3312314344345015926, 0.5170122668105440189, 0.6979999127215934518, 1.000000000000000000 ),
 .UNSPECIFIED. ) ;
#5124 = LINE ( 'NONE', #1970, #6275 ) ;
#5126 = CARTESIAN_POINT ( 'NONE',  ( -6.023209881023760204, 9.282090537204314984, 0.000000000000000000 ) ) ;
#5125 = VECTOR ( 'NONE', #7063, 999.9999999999998863 ) ;
#5127 = CARTESIAN_POINT ( 'NONE',  ( 19.74102292354263355, -15.78402317582673930, 11.80600000000000449 ) ) ;
#5128 = AXIS2_PLACEMENT_3D ( 'NONE', #4050, #2059, #7226 ) ;
#5129 = CARTESIAN_POINT ( 'NONE',  ( 2.420428040132277303, -3.040034490371304798, -12.77410000000000423 ) ) ;
#5130 = DIRECTION ( 'NONE',  ( 0.9322399881385087239, -0.3618405788679776580, 0.000000000000000000 ) ) ;
#5131 = CARTESIAN_POINT ( 'NONE',  ( -7.522362553998433121, -17.40279457806805397, -7.318099999999999383 ) ) ;
#5132 = CARTESIAN_POINT ( 'NONE',  ( -6.974196657649674336, -9.719714757477259326, 11.05600000209201994 ) ) ;
#5133 = ORIENTED_EDGE ( 'NONE', *, *, #3323, .T. ) ;
#5134 = CARTESIAN_POINT ( 'NONE',  ( 2.522652101163071592, 6.498606346870369421, 0.000000000000000000 ) ) ;
#5135 = CARTESIAN_POINT ( 'NONE',  ( 2.420428040132277303, -3.040034490371304798, -15.44909999999999961 ) ) ;
#5136 = CARTESIAN_POINT ( 'NONE',  ( -14.64754187469982405, 3.939868879599691454, -8.905600000000001515 ) ) ;
#5137 = CARTESIAN_POINT ( 'NONE',  ( 19.34890321097594779, -4.182626699479369492, -5.730599999999998140 ) ) ;
#5138 = CYLINDRICAL_SURFACE ( 'NONE', #1976, 0.6499999999999995781 ) ;
#5139 = CARTESIAN_POINT ( 'NONE',  ( 7.145528581629667642, 12.41069772765929891, -0.5532366731700851803 ) ) ;
#5140 = ORIENTED_EDGE ( 'NONE', *, *, #3722, .T. ) ;
#5141 = EDGE_LOOP ( 'NONE', ( #3, #5367, #7280, #3187, #3362, #3386 ) ) ;
#5142 = EDGE_LOOP ( 'NONE', ( #6648, #5818 ) ) ;
#5143 = CARTESIAN_POINT ( 'NONE',  ( 5.368521280657215122, 12.90997370325365345, 2.517435969732711776 ) ) ;
#5144 = DIRECTION ( 'NONE',  ( 0.000000000000000000, 0.000000000000000000, 1.000000000000000000 ) ) ;
#5145 = CARTESIAN_POINT ( 'NONE',  ( 14.71917428041942699, -15.17523840950907932, 8.631000000000003780 ) ) ;
#5146 = CARTESIAN_POINT ( 'NONE',  ( -1.868502313221983790, -15.39951910751302933, -13.94910000000000139 ) ) ;
#5147 = CARTESIAN_POINT ( 'NONE',  ( -11.24625595282668122, -6.869833192725216975, 8.631000000000000227 ) ) ;
#5148 = CARTESIAN_POINT ( 'NONE',  ( -7.245778761148651270, -16.65879147752872314, -6.524354979597465132 ) ) ;
#5149 = CARTESIAN_POINT ( 'NONE',  ( 14.89387173257804875, 10.61803224443205629, 1.587499999999999911 ) ) ;
#5150 = ADVANCED_FACE ( 'NONE', ( #4078 ), #7373, .T. ) ;
#5151 = CARTESIAN_POINT ( 'NONE',  ( -45.15773347201727006, 24.57605692322762181, 8.630999999999954042 ) ) ;
#5152 = AXIS2_PLACEMENT_3D ( 'NONE', #1577, #1498, #2868 ) ;
#5153 = EDGE_CURVE ( 'NONE', #868, #7193, #1851, .T. ) ;
#5154 = EDGE_CURVE ( 'NONE', #3655, #2082, #7012, .T. ) ;
#5155 = DIRECTION ( 'NONE',  ( -0.6187123756285676235, -0.7856175890622957292, 0.000000000000000000 ) ) ;
#5156 = VERTEX_POINT ( 'NONE', #3497 ) ;
#5157 = CARTESIAN_POINT ( 'NONE',  ( -14.17272213271614945, -10.19946128823908715, 3.174999999999999822 ) ) ;
#5158 = DIRECTION ( 'NONE',  ( 0.9371590407833580993, -0.3489024681454918064, 0.000000000000000000 ) ) ;
#5159 = CARTESIAN_POINT ( 'NONE',  ( -39.73768208424983328, 9.451145619418197086, 14.98099999999999987 ) ) ;
#5160 = CARTESIAN_POINT ( 'NONE',  ( -15.07851313103464896, -2.245596035779637401, -5.730599999999999916 ) ) ;
#5161 = VECTOR ( 'NONE', #6780, 1000.000000000000000 ) ;
#5162 = CARTESIAN_POINT ( 'NONE',  ( 7.753399129574218840, -13.58281354763943405, 10.21850000016612192 ) ) ;
#5163 = DIRECTION ( 'NONE',  ( -0.9673143870489525620, 0.2535801187161744741, -5.630609727717551074E-17 ) ) ;
#5164 = EDGE_LOOP ( 'NONE', ( #7943, #7204, #4244, #2310, #5101, #1610, #3876, #6182 ) ) ;
#5165 = CARTESIAN_POINT ( 'NONE',  ( -12.47876764460022159, -10.30295747460228739, 2.517435969732711776 ) ) ;
#5166 = DIRECTION ( 'NONE',  ( -0.000000000000000000, -0.000000000000000000, 1.000000000000000000 ) ) ;
#5167 = CARTESIAN_POINT ( 'NONE',  ( -7.696762300786941680, 9.074866323787089684, 0.000000000000000000 ) ) ;
#5168 = CARTESIAN_POINT ( 'NONE',  ( 10.86804480477624857, -15.96762004994088713, 11.80600000000000449 ) ) ;
#5169 = CARTESIAN_POINT ( 'NONE',  ( 26.55051723955111598, -9.162243075185559249, 13.39349904687932202 ) ) ;
#5170 = DIRECTION ( 'NONE',  ( 0.000000000000000000, 0.000000000000000000, 1.000000000000000000 ) ) ;
#5171 = CARTESIAN_POINT ( 'NONE',  ( 8.945847058240147476, 27.23474620158858528, 13.39349904687931314 ) ) ;
#5172 = CARTESIAN_POINT ( 'NONE',  ( -9.589494263335424762, -9.130963092593336938, 13.39349904687932025 ) ) ;
#5173 = ORIENTED_EDGE ( 'NONE', *, *, #20, .T. ) ;
#5174 = CARTESIAN_POINT ( 'NONE',  ( 19.19388020387351190, -0.6398805656995824043, -7.318099999999999383 ) ) ;
#5175 = CARTESIAN_POINT ( 'NONE',  ( -14.94984990498404542, 0.4166052085571264607, -8.248035969732711692 ) ) ;
#5176 = CARTESIAN_POINT ( 'NONE',  ( 4.565458974024221739, -12.74065372858485290, 11.05600000000000271 ) ) ;
#5177 = CARTESIAN_POINT ( 'NONE',  ( -0.7382928528652035194, 7.764312843947698717, 0.000000000000000000 ) ) ;
#5178 = CARTESIAN_POINT ( 'NONE',  ( 16.84567255189314849, 2.666222987185844051, -8.905600000000001515 ) ) ;
#5179 = ORIENTED_EDGE ( 'NONE', *, *, #7050, .F. ) ;
#5180 = EDGE_LOOP ( 'NONE', ( #3363, #5970, #1075, #1863 ) ) ;
#5181 = EDGE_CURVE ( 'NONE', #53, #2450, #6046, .T. ) ;
#5182 = ORIENTED_EDGE ( 'NONE', *, *, #4090, .T. ) ;
#5183 = CARTESIAN_POINT ( 'NONE',  ( 10.07216600223971525, 14.63526996521948931, 3.174999999999999822 ) ) ;
#5184 = CARTESIAN_POINT ( 'NONE',  ( 7.517674375770662998, 16.06216768543084328, -9.037427644355474854 ) ) ;
#5185 = AXIS2_PLACEMENT_3D ( 'NONE', #4413, #543, #1747 ) ;
#5186 = CARTESIAN_POINT ( 'NONE',  ( -9.589494263335424762, -9.130963092593336938, 8.631000000000002004 ) ) ;
#5187 = CARTESIAN_POINT ( 'NONE',  ( -4.950910143045011758, -9.449961203740805615, 12.24536584716177146 ) ) ;
#5188 = VECTOR ( 'NONE', #6339, 1000.000000000000000 ) ;
#5189 = CARTESIAN_POINT ( 'NONE',  ( -23.76691292083733131, -2.182336403359665056, 8.630999999999998451 ) ) ;
#5190 = CARTESIAN_POINT ( 'NONE',  ( 6.097445184037894705, 6.527756646337466329, -8.888200477723305681 ) ) ;
#5191 = CARTESIAN_POINT ( 'NONE',  ( 9.776788755915754692, 13.07298447920190831, 0.000000000000000000 ) ) ;
#5192 = CARTESIAN_POINT ( 'NONE',  ( 19.73284292453422850, -12.40441390036500025, 8.631000000000000227 ) ) ;
#5193 = AXIS2_PLACEMENT_3D ( 'NONE', #5351, #7896, #7283 ) ;
#5194 = DIRECTION ( 'NONE',  ( 0.9322399881385086129, -0.3618405788679777690, 0.000000000000000000 ) ) ;
#5195 = ORIENTED_EDGE ( 'NONE', *, *, #5181, .T. ) ;
#5196 = DIRECTION ( 'NONE',  ( 1.000000000000000000, 0.000000000000000000, 0.000000000000000000 ) ) ;
#5197 = CARTESIAN_POINT ( 'NONE',  ( -15.17496853754664343, -8.801436913525053640, -8.905600000000003291 ) ) ;
#5198 = CARTESIAN_POINT ( 'NONE',  ( 6.385591680546710336, 8.541180000624356339, -3.267036720871865807 ) ) ;
#5199 = CARTESIAN_POINT ( 'NONE',  ( -2.204880372682497924, -10.96230711761995202, 11.80600000000000271 ) ) ;
#5200 = CARTESIAN_POINT ( 'NONE',  ( 4.608195843500102917, 27.43994001211607880, 14.98099999999999454 ) ) ;
#5201 = DIRECTION ( 'NONE',  ( 5.492972175442562479E-17, 1.475423364686777903E-16, 1.000000000000000000 ) ) ;
#5202 = CIRCLE ( 'NONE', #5469, 0.7499999999999996669 ) ;
#5203 = EDGE_CURVE ( 'NONE', #3320, #4765, #8212, .T. ) ;
#5204 = CARTESIAN_POINT ( 'NONE',  ( 14.71917428041942699, -15.17523840950907932, 14.98100000000000342 ) ) ;
#5205 = CARTESIAN_POINT ( 'NONE',  ( 12.16856080006045460, -14.54943194811307450, 10.21850000016612370 ) ) ;
#5206 = DIRECTION ( 'NONE',  ( 0.000000000000000000, 0.000000000000000000, 1.000000000000000000 ) ) ;
#5207 = EDGE_LOOP ( 'NONE', ( #4973, #6414, #1512, #705, #8204, #7933, #2735, #3292, #7345 ) ) ;
#5208 = CARTESIAN_POINT ( 'NONE',  ( -13.11073984387343394, -9.564113100915180965, 3.174999999999999822 ) ) ;
#5209 = CARTESIAN_POINT ( 'NONE',  ( -0.7382928528645930077, 7.764312843947256404, -5.730599999999998140 ) ) ;
#5210 = CARTESIAN_POINT ( 'NONE',  ( -7.139688768580557010, 9.184898826891243928, -7.318099999999999383 ) ) ;
#5211 = EDGE_CURVE ( 'NONE', #5624, #2406, #5278, .T. ) ;
#5212 = CARTESIAN_POINT ( 'NONE',  ( 17.17154391907870448, 24.07817789789695340, 11.80599999999999383 ) ) ;
#5213 = CARTESIAN_POINT ( 'NONE',  ( 16.34252431190908084, 22.72080760079460049, 13.39349904687931669 ) ) ;
#5214 = CARTESIAN_POINT ( 'NONE',  ( 0.000000000000000000, 0.000000000000000000, -11.44909999999999961 ) ) ;
#5215 = CARTESIAN_POINT ( 'NONE',  ( -56.07189761964543351, 23.61786509392923961, 13.39349904687931314 ) ) ;
#5216 = VERTEX_POINT ( 'NONE', #7826 ) ;
#5217 = CARTESIAN_POINT ( 'NONE',  ( 28.31198947043230518, 0.6227037764108297457, 11.80600000000000094 ) ) ;
#5218 = B_SPLINE_CURVE_WITH_KNOTS ( 'NONE', 3,
 ( #3089, #1753, #8082, #3670, #6221, #3046, #3790, #2424, #6303, #1921, #3167, #5574, #4954, #2542, #5619, #628, #1217, #6999, #7506, #8173, #2464, #4997 ),
 .UNSPECIFIED., .F., .F.,
 ( 4, 2, 2, 2, 2, 2, 2, 2, 2, 2, 4 ),
 ( 0.004643865954409544076, 0.005223557784552591496, 0.005513403699624113904, 0.005803249614695637180, 0.006382941444838680263, 0.006962633274981724213, 0.007542325105124767295, 0.008122016935267810378, 0.008411862850339331052, 0.008701708765410851726, 0.009281400595553893074 ),
 .UNSPECIFIED. ) ;
#5219 = CARTESIAN_POINT ( 'NONE',  ( -12.41236349582395704, 7.140526181054677402, -8.905600000000001515 ) ) ;
#5220 = CARTESIAN_POINT ( 'NONE',  ( -0.8871288235855958604, -19.64224335555377721, -7.288051838879123778 ) ) ;
#5221 = FACE_OUTER_BOUND ( 'NONE', #6365, .T. ) ;
#5222 = CARTESIAN_POINT ( 'NONE',  ( 2.870011529898834457, 11.75559239679175327, 1.587499999999999911 ) ) ;
#5223 = VECTOR ( 'NONE', #2623, 1000.000000000000000 ) ;
#5224 = VERTEX_POINT ( 'NONE', #4663 ) ;
#5225 = ORIENTED_EDGE ( 'NONE', *, *, #3465, .F. ) ;
#5226 = ORIENTED_EDGE ( 'NONE', *, *, #1812, .F. ) ;
#5227 = CARTESIAN_POINT ( 'NONE',  ( 13.41386635224356638, 13.50061867461521281, 3.174999999999999822 ) ) ;
#5228 = CARTESIAN_POINT ( 'NONE',  ( 12.40067991540996672, -13.02952446203503456, 11.39473154799026844 ) ) ;
#5229 = CARTESIAN_POINT ( 'NONE',  ( 14.25591115432990641, 24.17868099317643171, 8.630999999999994898 ) ) ;
#5230 = CARTESIAN_POINT ( 'NONE',  ( -5.418058252156182419, -9.328021996280892125, 11.36663415283823042 ) ) ;
#5231 = CARTESIAN_POINT ( 'NONE',  ( -43.06915103936022859, 31.30670315768118428, 8.631000000000105032 ) ) ;
#5232 = CARTESIAN_POINT ( 'NONE',  ( 19.34890321087421228, -2.358427444629869196, -5.730599999999999028 ) ) ;
#5233 = CARTESIAN_POINT ( 'NONE',  ( 4.565458968152779740, -12.74065375098221331, 9.414506594396105044 ) ) ;
#5234 = CARTESIAN_POINT ( 'NONE',  ( -36.57734624587926930, 34.39605359592100342, 8.630999999999989569 ) ) ;
#5235 = EDGE_CURVE ( 'NONE', #5315, #2320, #5065, .T. ) ;
#5236 = ORIENTED_EDGE ( 'NONE', *, *, #5153, .F. ) ;
#5237 = ORIENTED_EDGE ( 'NONE', *, *, #5572, .F. ) ;
#5238 = CYLINDRICAL_SURFACE ( 'NONE', #6028, 0.6499999999999995781 ) ;
#5239 = CARTESIAN_POINT ( 'NONE',  ( -10.95545900269810247, -8.654613803960574003, 13.39349904687932202 ) ) ;
#5240 = DIRECTION ( 'NONE',  ( 6.550624015266702829E-15, -1.000000000000000000, 0.000000000000000000 ) ) ;
#5241 = FACE_OUTER_BOUND ( 'NONE', #5164, .T. ) ;
#5242 = CARTESIAN_POINT ( 'NONE',  ( 18.80718129388836246, -12.73655414860664692, 14.98100000000000520 ) ) ;
#5243 = CARTESIAN_POINT ( 'NONE',  ( -14.97325935547807596, 0.1018444315613157708, -5.730599999999999028 ) ) ;
#5244 = CARTESIAN_POINT ( 'NONE',  ( -10.34038013284806468, 32.29016240817401240, 14.98100000000004783 ) ) ;
#5245 = DIRECTION ( 'NONE',  ( 0.9371590407833585434, -0.3489024681454908627, 0.000000000000000000 ) ) ;
#5246 = ORIENTED_EDGE ( 'NONE', *, *, #7035, .F. ) ;
#5247 = CARTESIAN_POINT ( 'NONE',  ( -11.89541722196372220, -3.958343393054610804, 3.174999999999999822 ) ) ;
#5248 = LINE ( 'NONE', #93, #2810 ) ;
#5249 = CARTESIAN_POINT ( 'NONE',  ( -3.452816812823029213, 8.817250506599817683, 0.000000000000000000 ) ) ;
#5250 = CARTESIAN_POINT ( 'NONE',  ( 3.313884498999439376, -14.05062876676627681, 11.80600000000012528 ) ) ;
#5251 = CARTESIAN_POINT ( 'NONE',  ( 3.920184182658982053, 5.956166169561481816, -0.8952450291284667072 ) ) ;
#5252 = CARTESIAN_POINT ( 'NONE',  ( 16.27235997608165263, 1.161774182865244587, -5.730599999999999028 ) ) ;
#5253 = EDGE_CURVE ( 'NONE', #3583, #2429, #4032, .T. ) ;
#5254 = ADVANCED_FACE ( 'NONE', ( #5960, #240 ), #2788, .T. ) ;
#5255 = CARTESIAN_POINT ( 'NONE',  ( -30.03296279907226207, 0.000000000000000000, 14.98100000000000342 ) ) ;
#5256 = CARTESIAN_POINT ( 'NONE',  ( 0.5357743835374749741, 11.87317651836101362, 3.174999999999999822 ) ) ;
#5257 = VECTOR ( 'NONE', #1419, 1000.000000000000114 ) ;
#5258 = ORIENTED_EDGE ( 'NONE', *, *, #4970, .T. ) ;
#5259 = CARTESIAN_POINT ( 'NONE',  ( 3.313884498999439376, -14.05062876676627681, 11.80600000000012528 ) ) ;
#5260 = CARTESIAN_POINT ( 'NONE',  ( 20.27401818980218451, 0.5235016506652500068, -7.318100000000001160 ) ) ;
#5261 = CARTESIAN_POINT ( 'NONE',  ( -8.825214408935632804, -16.80551438950678289, 1.587499999999999911 ) ) ;
#5262 = ADVANCED_FACE ( 'NONE', ( #6792 ), #7501, .T. ) ;
#5263 = CARTESIAN_POINT ( 'NONE',  ( -11.45824962891080467, -16.71587239263802616, 3.174999999999999822 ) ) ;
#5264 = CARTESIAN_POINT ( 'NONE',  ( 17.63675259740917411, 7.377901119531987462, 1.587499999999999911 ) ) ;
#5265 = VECTOR ( 'NONE', #6057, 1000.000000000000114 ) ;
#5266 = VERTEX_POINT ( 'NONE', #3084 ) ;
#5267 = ORIENTED_EDGE ( 'NONE', *, *, #6641, .F. ) ;
#5268 = CARTESIAN_POINT ( 'NONE',  ( 2.420428040132277303, -3.040034490371304798, 0.000000000000000000 ) ) ;
#5269 = CARTESIAN_POINT ( 'NONE',  ( -11.18395479659539760, -5.858903761477699312, -5.730599999999993699 ) ) ;
#5270 = DIRECTION ( 'NONE',  ( 0.3489024681454918064, 0.9371590407833583214, -0.000000000000000000 ) ) ;
#5271 = CARTESIAN_POINT ( 'NONE',  ( -6.346370424762276308, -9.097365523878567117, 11.80600000000000271 ) ) ;
#5272 = CARTESIAN_POINT ( 'NONE',  ( 15.95516603052824323, -16.41534318459394726, 11.80600000000025140 ) ) ;
#5273 = FACE_OUTER_BOUND ( 'NONE', #4567, .T. ) ;
#5274 = CYLINDRICAL_SURFACE ( 'NONE', #4095, 0.4848803914277929894 ) ;
#5275 = CARTESIAN_POINT ( 'NONE',  ( -30.54033267322048317, 35.95643332430390871, 8.630999999999989569 ) ) ;
#5276 = VERTEX_POINT ( 'NONE', #4992 ) ;
#5277 = ORIENTED_EDGE ( 'NONE', *, *, #174, .F. ) ;
#5278 = LINE ( 'NONE', #6583, #3466 ) ;
#5279 = VECTOR ( 'NONE', #4857, 1000.000000000000000 ) ;
#5280 = CARTESIAN_POINT ( 'NONE',  ( -14.08565318235120145, -8.370309038491360099, -8.112905470031385846 ) ) ;
#5281 = DIRECTION ( 'NONE',  ( -1.495426859468111024E-09, -9.792003747390797365E-09, 0.9999999999999998890 ) ) ;
#5282 = DIRECTION ( 'NONE',  ( 0.3489024681454929167, 0.9371590407833578773, 0.000000000000000000 ) ) ;
#5283 = CARTESIAN_POINT ( 'NONE',  ( -27.08947745728853462, 32.80811324254457872, 11.80599999999999206 ) ) ;
#5284 = CARTESIAN_POINT ( 'NONE',  ( 0.3589607364893719899, 10.43056367081176639, 2.974238768442603487 ) ) ;
#5285 = CARTESIAN_POINT ( 'NONE',  ( 22.51648795791860991, 11.38776055877447924, 14.98099999999999987 ) ) ;
#5286 = EDGE_CURVE ( 'NONE', #3333, #7638, #5452, .T. ) ;
#5287 = DIRECTION ( 'NONE',  ( 0.000000000000000000, 0.000000000000000000, 1.000000000000000000 ) ) ;
#5288 = ORIENTED_EDGE ( 'NONE', *, *, #6873, .F. ) ;
#5289 = CARTESIAN_POINT ( 'NONE',  ( -11.73792050015868682, -13.58042259290912313, 1.587499999999999911 ) ) ;
#5290 = FACE_OUTER_BOUND ( 'NONE', #7958, .T. ) ;
#5291 = ADVANCED_FACE ( 'NONE', ( #4866 ), #1794, .F. ) ;
#5292 = AXIS2_PLACEMENT_3D ( 'NONE', #4520, #6989, #3857 ) ;
#5293 = CARTESIAN_POINT ( 'NONE',  ( -13.76229623950490222, 4.245151003387815258, -7.318099999999999383 ) ) ;
#5294 = CARTESIAN_POINT ( 'NONE',  ( -4.419640609211103133, -12.01210068695334776, 11.80600000000000271 ) ) ;
#5295 = CARTESIAN_POINT ( 'NONE',  ( 3.924999999999977174, 4.806738686653333069E-16, -11.44909999999999961 ) ) ;
#5296 = CARTESIAN_POINT ( 'NONE',  ( 8.686675194393600918, -23.43346126757722558, -7.318099999999999383 ) ) ;
#5297 = CARTESIAN_POINT ( 'NONE',  ( -7.798979200892635077, -18.14620677803258886, 2.962316083380589937 ) ) ;
#5298 = CARTESIAN_POINT ( 'NONE',  ( -8.317659564491716395, -17.05880492909819424, -7.318099999999999383 ) ) ;
#5299 = ORIENTED_EDGE ( 'NONE', *, *, #539, .F. ) ;
#5300 = CARTESIAN_POINT ( 'NONE',  ( 11.48444867788076529, 27.70592705193344329, 11.80599999999999383 ) ) ;
#5301 = CARTESIAN_POINT ( 'NONE',  ( -3.226146504528707215, 9.434512626408073643, -8.905600000000001515 ) ) ;
#5302 = CARTESIAN_POINT ( 'NONE',  ( -8.036082407117906001, 9.019530349039843742, -5.730600000000006133 ) ) ;
#5303 = EDGE_CURVE ( 'NONE', #2842, #2375, #8167, .T. ) ;
#5304 = FACE_OUTER_BOUND ( 'NONE', #823, .T. ) ;
#5305 = CARTESIAN_POINT ( 'NONE',  ( 19.34902119136799570, -3.040005145349425231, -5.730599999999999028 ) ) ;
#5306 = EDGE_LOOP ( 'NONE', ( #33, #8085, #7383, #2396 ) ) ;
#5307 = ORIENTED_EDGE ( 'NONE', *, *, #6445, .T. ) ;
#5308 = CARTESIAN_POINT ( 'NONE',  ( 2.091087627872094235, -5.623820101368845137, 6.050900000000028811 ) ) ;
#5309 = CARTESIAN_POINT ( 'NONE',  ( -10.01964890274845921, -3.682492874882751455, 2.382178182331410099 ) ) ;
#5310 = CARTESIAN_POINT ( 'NONE',  ( -5.494808253699537737, -9.629092998952769378, 11.05596718551655400 ) ) ;
#5311 = CARTESIAN_POINT ( 'NONE',  ( -42.00193863272112083, 7.125692526716533415, 8.630999999999994898 ) ) ;
#5312 = CARTESIAN_POINT ( 'NONE',  ( -0.4665474400295201995, 7.658837302524588608, -5.730599999999999028 ) ) ;
#5313 = FACE_OUTER_BOUND ( 'NONE', #8107, .T. ) ;
#5314 = CARTESIAN_POINT ( 'NONE',  ( -10.52473805582482669, -10.44028279238031764, 8.631000000000000227 ) ) ;
#5315 = VERTEX_POINT ( 'NONE', #1086 ) ;
#5316 = CIRCLE ( 'NONE', #4531, 0.7932652022746237153 ) ;
#5317 = CARTESIAN_POINT ( 'NONE',  ( 5.824385480035573437, -13.07707081246105396, 12.55600000000000094 ) ) ;
#5318 = CARTESIAN_POINT ( 'NONE',  ( 8.557532163502825640, 14.80183658117644363, 7.413571790320334642 ) ) ;
#5319 = CARTESIAN_POINT ( 'NONE',  ( 4.572215918159777459, 3.889457106604868208, 4.700294249232553234 ) ) ;
#5320 = LINE ( 'NONE', #3995, #4662 ) ;
#5321 = CARTESIAN_POINT ( 'NONE',  ( -45.42288820622445655, 18.78351911223738213, 11.80599999999999561 ) ) ;
#5322 = DIRECTION ( 'NONE',  ( 0.000000000000000000, 0.000000000000000000, -1.000000000000000000 ) ) ;
#5323 = CARTESIAN_POINT ( 'NONE',  ( -34.34269062145452267, 4.697388634174215483, 14.98099999999999987 ) ) ;
#5324 = AXIS2_PLACEMENT_3D ( 'NONE', #1386, #7127, #6508 ) ;
#5325 = AXIS2_PLACEMENT_3D ( 'NONE', #1527, #6611, #5383 ) ;
#5326 = ADVANCED_FACE ( 'NONE', ( #6127 ), #7418, .F. ) ;
#5327 = DIRECTION ( 'NONE',  ( -1.000000000000000000, 0.000000000000000000, 0.000000000000000000 ) ) ;
#5328 = VERTEX_POINT ( 'NONE', #5032 ) ;
#5329 = CARTESIAN_POINT ( 'NONE',  ( 14.25591115432990641, 24.17868099317643171, 8.630999999999994898 ) ) ;
#5330 = CARTESIAN_POINT ( 'NONE',  ( -2.899377258083653430, -15.01572639255299357, 6.050900000000025258 ) ) ;
#5331 = VECTOR ( 'NONE', #6381, 1000.000000000000000 ) ;
#5332 = PLANE ( 'NONE',  #7640 ) ;
#5333 = CARTESIAN_POINT ( 'NONE',  ( 15.95516603052774940, -16.41534318459394726, 14.98100000000015974 ) ) ;
#5334 = CARTESIAN_POINT ( 'NONE',  ( -11.93380714760685102, -13.05735525345597914, -5.730600000000001693 ) ) ;
#5335 = CARTESIAN_POINT ( 'NONE',  ( 20.00646724069226678, -3.040000106926999734, -8.905600000000001515 ) ) ;
#5336 = EDGE_CURVE ( 'NONE', #911, #4948, #3340, .T. ) ;
#5337 = AXIS2_PLACEMENT_3D ( 'NONE', #8113, #2411, #1787 ) ;
#5338 = CARTESIAN_POINT ( 'NONE',  ( -0.9160954094073177068, -19.72004818716688490, -7.832319903681813855 ) ) ;
#5339 = CARTESIAN_POINT ( 'NONE',  ( -10.21505875053794199, -15.68629689704059693, -7.318099999999999383 ) ) ;
#5340 = VERTEX_POINT ( 'NONE', #6299 ) ;
#5341 = CARTESIAN_POINT ( 'NONE',  ( -14.51444827866959209, 35.97823366288712776, 11.80599999999999206 ) ) ;
#5342 = CARTESIAN_POINT ( 'NONE',  ( -16.66036468884557209, -1.196578931002857393, -8.905600000000001515 ) ) ;
#5343 = DIRECTION ( 'NONE',  ( -0.3487310680775924654, -0.9372228348463674807, 0.000000000000000000 ) ) ;
#5344 = CIRCLE ( 'NONE', #2831, 18.51621113172978639 ) ;
#5345 = CARTESIAN_POINT ( 'NONE',  ( 0.4768114424116882688, -3.138992807953736808, -8.949100000000001387 ) ) ;
#5346 = CARTESIAN_POINT ( 'NONE',  ( 11.49377828653153522, 12.59704495981061534, -5.730599999999999028 ) ) ;
#5347 = AXIS2_PLACEMENT_3D ( 'NONE', #89, #5206, #3883 ) ;
#5348 = ORIENTED_EDGE ( 'NONE', *, *, #3891, .F. ) ;
#5349 = EDGE_LOOP ( 'NONE', ( #448, #8034, #405, #1609 ) ) ;
#5350 = DIRECTION ( 'NONE',  ( 0.9371590407833580993, -0.3489024681454918064, 0.000000000000000000 ) ) ;
#5351 = CARTESIAN_POINT ( 'NONE',  ( 0.000000000000000000, 0.000000000000000000, 14.48099999999999987 ) ) ;
#5352 = CARTESIAN_POINT ( 'NONE',  ( -6.418453418622712014, -9.399587381842794187, 12.55603281448345143 ) ) ;
#5353 = CARTESIAN_POINT ( 'NONE',  ( 12.74199028092941788, -16.33159447792379382, 11.80599999999961547 ) ) ;
#5354 = CARTESIAN_POINT ( 'NONE',  ( -13.46335915026455332, -13.50398159642895912, -8.905599999999996186 ) ) ;
#5355 = CARTESIAN_POINT ( 'NONE',  ( 8.945847058240140370, 27.23474620158858528, 13.39349904687931314 ) ) ;
#5356 = CARTESIAN_POINT ( 'NONE',  ( 10.86804480477624679, -15.96762004994088713, 8.631000000000000227 ) ) ;
#5357 = ADVANCED_FACE ( 'NONE', ( #584 ), #4331, .T. ) ;
#5358 = ORIENTED_EDGE ( 'NONE', *, *, #3751, .F. ) ;
#5359 = CARTESIAN_POINT ( 'NONE',  ( 9.930396827575336260, -14.11395300742826109, 12.55600000000000271 ) ) ;
#5360 = CARTESIAN_POINT ( 'NONE',  ( 6.894710311945407177, 14.77443713697874372, 6.770670067339678688 ) ) ;
#5361 = CARTESIAN_POINT ( 'NONE',  ( 3.478382830679524584, 6.127648047708921020, -1.949099999999967414 ) ) ;
#5362 = CARTESIAN_POINT ( 'NONE',  ( 4.565458974024221739, -12.74065372858485290, 11.05600000000000271 ) ) ;
#5363 = CARTESIAN_POINT ( 'NONE',  ( 3.579375667900572822, -10.83729641830301382, 11.80600000000000271 ) ) ;
#5364 = DIRECTION ( 'NONE',  ( -0.9371590407833582104, 0.3489024681454917509, -0.000000000000000000 ) ) ;
#5365 = CARTESIAN_POINT ( 'NONE',  ( 10.55961939193170451, 21.13540907369177901, -1.949099999999974520 ) ) ;
#5366 = ORIENTED_EDGE ( 'NONE', *, *, #2616, .T. ) ;
#5367 = ORIENTED_EDGE ( 'NONE', *, *, #5905, .T. ) ;
#5368 = CARTESIAN_POINT ( 'NONE',  ( -10.55765160132026281, -4.814631706476139250, 1.587499999999999911 ) ) ;
#5369 = CARTESIAN_POINT ( 'NONE',  ( 11.41814862115080054, -14.43180208340886672, 13.39349999983421569 ) ) ;
#5370 = CARTESIAN_POINT ( 'NONE',  ( 16.87070072443274427, 0.9242452481529364050, -5.730600000000000804 ) ) ;
#5371 = CARTESIAN_POINT ( 'NONE',  ( 19.29417074208854999, -0.7329654491517947346, -8.248035969732713468 ) ) ;
#5372 = DIRECTION ( 'NONE',  ( 0.000000000000000000, 0.000000000000000000, 1.000000000000000000 ) ) ;
#5373 = CARTESIAN_POINT ( 'NONE',  ( 12.74199028093019237, -16.33159447792379382, 14.98099999999976717 ) ) ;
#5374 = ADVANCED_FACE ( 'NONE', ( #2956 ), #3679, .F. ) ;
#5375 = CYLINDRICAL_SURFACE ( 'NONE', #7664, 18.51621113172978639 ) ;
#5376 = CARTESIAN_POINT ( 'NONE',  ( 20.94388675655209298, -3.040034758276043636, -8.905600000000001515 ) ) ;
#5377 = CARTESIAN_POINT ( 'NONE',  ( -3.164692510743881027, -11.71578581479923464, 6.050900000000028811 ) ) ;
#5378 = CARTESIAN_POINT ( 'NONE',  ( -11.73804094493852546, -13.50742943260773110, -7.318099999999999383 ) ) ;
#5379 = ORIENTED_EDGE ( 'NONE', *, *, #4863, .F. ) ;
#5380 = CARTESIAN_POINT ( 'NONE',  ( 26.18805509819400257, 10.49240108418684692, 14.98099999999999987 ) ) ;
#5381 = CARTESIAN_POINT ( 'NONE',  ( -11.18702374069943239, 8.185588255184084616, -8.905600000000001515 ) ) ;
#5382 = CARTESIAN_POINT ( 'NONE',  ( 1.642037862120637959, 1.115976294060743168, -1.633132211745357498 ) ) ;
#5383 = DIRECTION ( 'NONE',  ( -0.3805874007937319337, 0.9247449542209307261, 0.000000000000000000 ) ) ;
#5384 = DIRECTION ( 'NONE',  ( -0.3489024681454917509, -0.9371590407833582104, -0.000000000000000000 ) ) ;
#5385 = EDGE_LOOP ( 'NONE', ( #3403, #8120, #7031, #6428, #4487, #3777 ) ) ;
#5386 = ORIENTED_EDGE ( 'NONE', *, *, #1098, .T. ) ;
#5387 = CARTESIAN_POINT ( 'NONE',  ( -8.075426939931087844, -18.89025876392038938, 8.631000000000000227 ) ) ;
#5388 = CARTESIAN_POINT ( 'NONE',  ( -9.917652785065623533, -3.760325228352406679, 2.098889828118243095 ) ) ;
#5389 = CARTESIAN_POINT ( 'NONE',  ( -0.4694643792908115842, -5.982049497414849704, 7.148196677832436841 ) ) ;
#5390 = CARTESIAN_POINT ( 'NONE',  ( -6.908491289137258740, 34.65822918375732087, 11.80599999999999206 ) ) ;
#5391 = CARTESIAN_POINT ( 'NONE',  ( -8.075426939931087844, -18.89025876392038938, 8.631000000000000227 ) ) ;
#5392 = DIRECTION ( 'NONE',  ( -0.000000000000000000, -0.000000000000000000, -1.000000000000000000 ) ) ;
#5393 = VECTOR ( 'NONE', #1144, 1000.000000000000000 ) ;
#5394 = CARTESIAN_POINT ( 'NONE',  ( 22.08385952095340699, 18.69922293381420886, 8.630999999998609340 ) ) ;
#5395 = ORIENTED_EDGE ( 'NONE', *, *, #2692, .F. ) ;
#5396 = CARTESIAN_POINT ( 'NONE',  ( -13.08427867658368626, 5.346220250491161785, -5.730599999999999028 ) ) ;
#5397 = CARTESIAN_POINT ( 'NONE',  ( 18.06285638181418207, 9.636161558233819591, 8.631000000000000227 ) ) ;
#5398 = ADVANCED_FACE ( 'NONE', ( #2419 ), #853, .F. ) ;
#5399 = CARTESIAN_POINT ( 'NONE',  ( 5.228032575053432218, 2.944205009404100348, 5.669408251704822099 ) ) ;
#5400 = CARTESIAN_POINT ( 'NONE',  ( 6.207791566545113326, 6.771266805357639917, -8.905599999728858407 ) ) ;
#5401 = CARTESIAN_POINT ( 'NONE',  ( -30.17479237114828905, 32.77157383640864197, 11.80599999999999206 ) ) ;
#5402 = CARTESIAN_POINT ( 'NONE',  ( 0.2261927530288012078, -3.167451041730332317, -9.230127124158341800 ) ) ;
#5403 = ADVANCED_FACE ( 'NONE', ( #2982 ), #4187, .T. ) ;
#5404 = CARTESIAN_POINT ( 'NONE',  ( -21.90804218314094598, 32.82804663215440399, 14.98099999999999454 ) ) ;
#5405 = CARTESIAN_POINT ( 'NONE',  ( -10.04887060431727619, -15.84119603488161410, -7.069061889553679201 ) ) ;
#5406 = VERTEX_POINT ( 'NONE', #7157 ) ;
#5407 = ORIENTED_EDGE ( 'NONE', *, *, #4090, .F. ) ;
#5408 = CARTESIAN_POINT ( 'NONE',  ( -7.245778761148653935, -16.65879147752872314, 0.000000000000000000 ) ) ;
#5409 = CARTESIAN_POINT ( 'NONE',  ( -8.076413439607996736, -18.88989291583022734, 7.043499999999999872 ) ) ;
#5410 = DIRECTION ( 'NONE',  ( -6.550624015266702829E-15, 1.000000000000000000, -0.000000000000000000 ) ) ;
#5411 = CARTESIAN_POINT ( 'NONE',  ( 1.984374999999999556, -0.2727650100852835324, -3.233691225189255114 ) ) ;
#5412 = CARTESIAN_POINT ( 'NONE',  ( -6.967105568256431347, -11.34794501770343977, 11.80600000000000271 ) ) ;
#5413 = CARTESIAN_POINT ( 'NONE',  ( -9.396224586226946229, -18.34033154151630995, 8.631000000000000227 ) ) ;
#5414 = DIRECTION ( 'NONE',  ( 0.7071067811865487940, 0.000000000000000000, 0.7071067811865463515 ) ) ;
#5415 = CARTESIAN_POINT ( 'NONE',  ( -3.614711222565202497, 8.880768800784526462, -7.318099999999999383 ) ) ;
#5416 = CARTESIAN_POINT ( 'NONE',  ( 1.449519804217432428, 12.70084435787760491, 3.174999999999999822 ) ) ;
#5417 = ORIENTED_EDGE ( 'NONE', *, *, #736, .T. ) ;
#5418 = CARTESIAN_POINT ( 'NONE',  ( 14.89387173257804697, 10.61803224443205451, 2.517435969732711776 ) ) ;
#5419 = CARTESIAN_POINT ( 'NONE',  ( 10.86804480477624679, -15.96762004994088713, 14.98100000000000520 ) ) ;
#5420 = CARTESIAN_POINT ( 'NONE',  ( -3.217203034259950467, 10.42121353885704949, -8.905600000000001515 ) ) ;
#5421 = CARTESIAN_POINT ( 'NONE',  ( 1.709344383494915576, 1.009867916193821324, -1.345313168512297874 ) ) ;
#5422 = CARTESIAN_POINT ( 'NONE',  ( -10.33863229515618798, -17.70720044669522864, 3.174999999999999822 ) ) ;
#5423 = CARTESIAN_POINT ( 'NONE',  ( 19.34913917186174004, 1.726690403717615174, -5.730599999999999028 ) ) ;
#5424 = VECTOR ( 'NONE', #314, 1000.000000000000000 ) ;
#5425 = ORIENTED_EDGE ( 'NONE', *, *, #4724, .F. ) ;
#5426 = EDGE_LOOP ( 'NONE', ( #7731, #5001, #1065, #2685 ) ) ;
#5427 = ORIENTED_EDGE ( 'NONE', *, *, #44, .F. ) ;
#5428 = CARTESIAN_POINT ( 'NONE',  ( -10.55855558020808083, -4.807921687094308005, -5.730599999999996363 ) ) ;
#5429 = PLANE ( 'NONE',  #1227 ) ;
#5430 = FACE_OUTER_BOUND ( 'NONE', #4436, .T. ) ;
#5431 = CARTESIAN_POINT ( 'NONE',  ( -30.54033267322048317, 35.95643332430391581, 11.80599999999999206 ) ) ;
#5432 = EDGE_CURVE ( 'NONE', #5817, #7999, #5504, .T. ) ;
#5433 = CARTESIAN_POINT ( 'NONE',  ( -12.42588405310696231, -15.52700169928261786, -8.905599999999997962 ) ) ;
#5434 = CARTESIAN_POINT ( 'NONE',  ( -10.40640954659362727, -15.48209485086373327, 0.8748027230187307435 ) ) ;
#5435 = ADVANCED_FACE ( 'NONE', ( #827 ), #4202, .T. ) ;
#5436 = CARTESIAN_POINT ( 'NONE',  ( 10.67431220372968959, -14.27759558364302173, 11.05600000000000271 ) ) ;
#5437 = EDGE_LOOP ( 'NONE', ( #5998, #4588, #942, #6581 ) ) ;
#5438 = DIRECTION ( 'NONE',  ( -0.000000000000000000, -0.000000000000000000, 1.000000000000000000 ) ) ;
#5439 = CARTESIAN_POINT ( 'NONE',  ( 6.405608924346491762, 14.79585107289456580, 3.174999999999999822 ) ) ;
#5440 = CARTESIAN_POINT ( 'NONE',  ( 0.000000000000000000, 0.000000000000000000, -11.44909999999999961 ) ) ;
#5441 = CARTESIAN_POINT ( 'NONE',  ( -12.05308680556425749, 6.613262751431646436, -5.730599999999998140 ) ) ;
#5442 = CARTESIAN_POINT ( 'NONE',  ( 25.29135330922542479, -6.357112028259214398, 11.80600000000000094 ) ) ;
#5443 = CARTESIAN_POINT ( 'NONE',  ( -0.7382928528646515165, 7.764312843947264398, -8.470393969810611965E-26 ) ) ;
#5444 = CARTESIAN_POINT ( 'NONE',  ( -7.765330261643532239, 31.60045012614736493, 11.80599999999999383 ) ) ;
#5445 = CARTESIAN_POINT ( 'NONE',  ( -12.45260510949938215, -9.618601123487151128, -5.730599999999999028 ) ) ;
#5446 = ORIENTED_EDGE ( 'NONE', *, *, #6396, .F. ) ;
#5447 = EDGE_LOOP ( 'NONE', ( #5021, #1914, #1644, #6774, #5133, #4875, #4169 ) ) ;
#5448 = CARTESIAN_POINT ( 'NONE',  ( 9.652883928318475526, 14.68731671916626347, 6.050900000000028811 ) ) ;
#5449 = CARTESIAN_POINT ( 'NONE',  ( 19.34913917186175425, -0.8378785336971104059, 0.000000000000000000 ) ) ;
#5450 = CARTESIAN_POINT ( 'NONE',  ( -9.285982930621518250, -7.653050861597987087, 12.50862724674352577 ) ) ;
#5451 = EDGE_CURVE ( 'NONE', #239, #4546, #2145, .T. ) ;
#5452 = CIRCLE ( 'NONE', #6667, 2.500000000000000000 ) ;
#5453 = B_SPLINE_SURFACE_WITH_KNOTS ( 'NONE', 3, 1, ( 
 ( #4515, #4396 ),
 ( #3229, #5765 ),
 ( #1242, #60 ),
 ( #5172, #1361 ),
 ( #3893, #3270 ),
 ( #8193, #5809 ),
 ( #98, #7720 ),
 ( #2488, #5020 ),
 ( #3775, #611 ),
 ( #3022, #3521 ),
 ( #4185, #5502 ),
 ( #1023, #5462 ),
 ( #2355, #522 ),
 ( #352, #7439 ),
 ( #3063, #8016 ),
 ( #6108, #395 ),
 ( #5545, #5592 ),
 ( #4848, #7396 ),
 ( #2691, #403 ),
 ( #4892, #7355 ) ),
 .UNSPECIFIED., .F., .F., .F.,
 ( 4, 1, 1, 1, 1, 1, 1, 1, 1, 1, 1, 1, 1, 1, 1, 1, 1, 4 ),
 ( 2, 2 ),
 ( 0.000000000000000000, 0.09375000000000001388, 0.1171875000000000000, 0.1328125000000000000, 0.1484375000000047462, 0.1562500000000007494, 0.1718750000000026923, 0.1874999999999977240, 0.2109375000000000000, 0.2421875000000067168, 0.2734375000000000000, 0.3125000000000000000, 0.3437500000000000000, 0.3671874999999999445, 0.3984375000000000000, 0.4296875000000000000, 0.4609375000000001665, 0.5000000000000000000 ),
 ( 0.000000000000000000, 1.000000000000000000 ),
 .UNSPECIFIED. ) ;
#5454 = LINE ( 'NONE', #4259, #469 ) ;
#5455 = CARTESIAN_POINT ( 'NONE',  ( 28.31198947043230518, 0.6227037764108300788, 14.98099999999999987 ) ) ;
#5456 = CARTESIAN_POINT ( 'NONE',  ( 2.420428040132277303, -3.040034490371304798, -15.44909999999999961 ) ) ;
#5457 = CARTESIAN_POINT ( 'NONE',  ( 20.93663917186174217, 1.726690403594020484, 1.587499999999999689 ) ) ;
#5458 = CARTESIAN_POINT ( 'NONE',  ( 3.478382687122719918, 6.127647662112591931, -2.040476486952381041 ) ) ;
#5459 = CARTESIAN_POINT ( 'NONE',  ( -13.40890670851854338, -13.64429035875746443, -8.905600000000001515 ) ) ;
#5460 = VERTEX_POINT ( 'NONE', #645 ) ;
#5461 = AXIS2_PLACEMENT_3D ( 'NONE', #2482, #2939, #1688 ) ;
#5462 = CARTESIAN_POINT ( 'NONE',  ( 21.40792010887400920, -14.11408924160253342, 14.98100000000000875 ) ) ;
#5463 = ORIENTED_EDGE ( 'NONE', *, *, #4013, .T. ) ;
#5464 = CARTESIAN_POINT ( 'NONE',  ( 9.194136917260884445, 13.16614395657154546, 1.587499999999999911 ) ) ;
#5465 = ADVANCED_FACE ( 'NONE', ( #5715 ), #6318, .F. ) ;
#5466 = CARTESIAN_POINT ( 'NONE',  ( -1.005148506369142769, -5.915207222079752469, 6.050900000001405488 ) ) ;
#5467 = CYLINDRICAL_SURFACE ( 'NONE', #7306, 6.000000000000000888 ) ;
#5468 = CARTESIAN_POINT ( 'NONE',  ( -15.96257746985418180, -7.081668958368594780, -8.905600000000001515 ) ) ;
#5469 = AXIS2_PLACEMENT_3D ( 'NONE', #8061, #568, #2983 ) ;
#5470 = ORIENTED_EDGE ( 'NONE', *, *, #6214, .F. ) ;
#5471 = ORIENTED_EDGE ( 'NONE', *, *, #7150, .T. ) ;
#5472 = CARTESIAN_POINT ( 'NONE',  ( -10.09541055167351864, -4.137196869537717703, -5.730599999999999028 ) ) ;
#5473 = CARTESIAN_POINT ( 'NONE',  ( -8.076085479600948247, -18.89102481278431256, -12.77410000000000068 ) ) ;
#5474 = CYLINDRICAL_SURFACE ( 'NONE', #4267, 0.7937500000312376347 ) ;
#5475 = CARTESIAN_POINT ( 'NONE',  ( -18.89888435792380861, 32.85861777811342677, 12.59975000094451936 ) ) ;
#5476 = CARTESIAN_POINT ( 'NONE',  ( -5.273267697204470750, -11.77842311985290813, 11.80600000000000271 ) ) ;
#5477 = CARTESIAN_POINT ( 'NONE',  ( 17.82894280211785087, 0.4163070484396862447, 0.000000000000000000 ) ) ;
#5478 = CARTESIAN_POINT ( 'NONE',  ( 0.8377963204405066699, -1.801163127453934365, -1.084806563821461678 ) ) ;
#5479 = CARTESIAN_POINT ( 'NONE',  ( 7.754278138792708219, -13.57932890675671800, 12.55600000000000094 ) ) ;
#5480 = EDGE_LOOP ( 'NONE', ( #11, #3485, #2451, #3833, #2256 ) ) ;
#5481 = CARTESIAN_POINT ( 'NONE',  ( -14.29269913100855405, -7.137698134232686620, 0.000000000000000000 ) ) ;
#5482 = CARTESIAN_POINT ( 'NONE',  ( -12.54338633516919010, -11.56751249454902286, -5.730599999999999028 ) ) ;
#5483 = CARTESIAN_POINT ( 'NONE',  ( -12.35187625132421907, -13.06064923433267921, -8.366746809809242791 ) ) ;
#5484 = CARTESIAN_POINT ( 'NONE',  ( 4.799259429648553343, 3.605571232595770947, 4.836941024646393750 ) ) ;
#5485 = PLANE ( 'NONE',  #2276 ) ;
#5486 = EDGE_CURVE ( 'NONE', #3242, #2547, #6935, .T. ) ;
#5487 = CARTESIAN_POINT ( 'NONE',  ( -21.90804218314094598, 32.82804663215440399, 8.630999999999989569 ) ) ;
#5488 = CARTESIAN_POINT ( 'NONE',  ( 1.216095839834358205, -19.92594874172919006, -6.929914609951906002 ) ) ;
#5489 = CARTESIAN_POINT ( 'NONE',  ( 13.16981931603447187, -13.16666720972293803, 11.80599999999961547 ) ) ;
#5490 = CARTESIAN_POINT ( 'NONE',  ( -30.03296279907226207, 0.000000000000000000, 8.631000000000000227 ) ) ;
#5491 = ORIENTED_EDGE ( 'NONE', *, *, #5987, .F. ) ;
#5492 = ORIENTED_EDGE ( 'NONE', *, *, #4955, .F. ) ;
#5493 = CARTESIAN_POINT ( 'NONE',  ( -9.839635637251559430, -3.791119324859782314, 1.587499999999999911 ) ) ;
#5494 = FACE_BOUND ( 'NONE', #3130, .T. ) ;
#5495 = FACE_OUTER_BOUND ( 'NONE', #7428, .T. ) ;
#5496 = CARTESIAN_POINT ( 'NONE',  ( -6.000000000000000888, 0.000000000000000000, -11.44909999999999961 ) ) ;
#5497 = CARTESIAN_POINT ( 'NONE',  ( -14.01081225731631186, -8.662863822892155952, 3.174999999999999822 ) ) ;
#5498 = DIRECTION ( 'NONE',  ( 0.7856175890622957292, -0.6187123756285676235, 0.000000000000000000 ) ) ;
#5499 = FACE_OUTER_BOUND ( 'NONE', #564, .T. ) ;
#5500 = CARTESIAN_POINT ( 'NONE',  ( -7.951639481703749901, -17.94486195867010281, -8.905600000000001515 ) ) ;
#5501 = ORIENTED_EDGE ( 'NONE', *, *, #4480, .T. ) ;
#5502 = CARTESIAN_POINT ( 'NONE',  ( 14.71917428041942699, -15.17523840950907932, 14.98100000000000875 ) ) ;
#5503 = VERTEX_POINT ( 'NONE', #3844 ) ;
#5504 = LINE ( 'NONE', #8060, #4799 ) ;
#5505 = LINE ( 'NONE', #4229, #565 ) ;
#5506 = CARTESIAN_POINT ( 'NONE',  ( 1.965781480600255593, 0.3076828722644372460, -0.7866829205903305144 ) ) ;
#5507 = CARTESIAN_POINT ( 'NONE',  ( 4.566370287237146108, -12.73717740565215628, 12.55600000000000094 ) ) ;
#5508 = AXIS2_PLACEMENT_3D ( 'NONE', #5135, #7064, #1979 ) ;
#5509 = EDGE_CURVE ( 'NONE', #1302, #5830, #5758, .T. ) ;
#5510 = EDGE_CURVE ( 'NONE', #199, #3814, #6934, .T. ) ;
#5511 = ORIENTED_EDGE ( 'NONE', *, *, #5211, .T. ) ;
#5512 = ORIENTED_EDGE ( 'NONE', *, *, #2317, .F. ) ;
#5513 = ORIENTED_EDGE ( 'NONE', *, *, #4970, .F. ) ;
#5514 = CARTESIAN_POINT ( 'NONE',  ( -12.41715518630598503, -9.300817427404961535, -5.730599999999991923 ) ) ;
#5515 = CARTESIAN_POINT ( 'NONE',  ( 3.924999999999977174, 4.806738686653333069E-16, -11.44909999999999961 ) ) ;
#5516 = DIRECTION ( 'NONE',  ( 0.000000000000000000, -1.000000000000000000, 0.000000000000000000 ) ) ;
#5517 = DIRECTION ( 'NONE',  ( 0.9999999999939900297, 3.466942130990655369E-06, 0.000000000000000000 ) ) ;
#5518 = CARTESIAN_POINT ( 'NONE',  ( 0.3071816777607083715, -13.26177876956085377, 11.80600000000000271 ) ) ;
#5519 = CARTESIAN_POINT ( 'NONE',  ( 19.21816138206123625, -0.6624222976606087832, -5.730599999999999028 ) ) ;
#5520 = CARTESIAN_POINT ( 'NONE',  ( 0.000000000000000000, 0.000000000000000000, 1.256000000000000671 ) ) ;
#5521 = CARTESIAN_POINT ( 'NONE',  ( 9.145347856307289192, -13.92611525790092841, 12.55600000000000271 ) ) ;
#5522 = ORIENTED_EDGE ( 'NONE', *, *, #4691, .T. ) ;
#5523 = DIRECTION ( 'NONE',  ( 0.7856175890622957292, -0.6187123756285676235, 0.000000000000000000 ) ) ;
#5524 = DIRECTION ( 'NONE',  ( -0.6187123756285676235, -0.7856175890622957292, 0.000000000000000000 ) ) ;
#5525 = CARTESIAN_POINT ( 'NONE',  ( 7.805806365726673413, 14.82543727289480451, 4.656432444456871877 ) ) ;
#5526 = DIRECTION ( 'NONE',  ( -0.9371590407833582104, 0.3489024681454915844, 0.000000000000000000 ) ) ;
#5527 = VECTOR ( 'NONE', #3600, 1000.000000000000000 ) ;
#5528 = CARTESIAN_POINT ( 'NONE',  ( 0.2044901992181951955, 29.16016385193017157, 8.630999999999989569 ) ) ;
#5529 = FACE_OUTER_BOUND ( 'NONE', #541, .T. ) ;
#5530 = CARTESIAN_POINT ( 'NONE',  ( 20.73429099352363991, 15.02051468739542806, 11.80599999999999739 ) ) ;
#5531 = DIRECTION ( 'NONE',  ( 0.000000000000000000, 0.000000000000000000, 1.000000000000000000 ) ) ;
#5532 = ORIENTED_EDGE ( 'NONE', *, *, #442, .F. ) ;
#5533 = VERTEX_POINT ( 'NONE', #2055 ) ;
#5534 = PRESENTATION_STYLE_ASSIGNMENT (( #4877 ) ) ;
#5535 = CARTESIAN_POINT ( 'NONE',  ( 11.89496077522621675, 2.860824450866226165, -5.730599999999998140 ) ) ;
#5536 = LINE ( 'NONE', #8050, #7662 ) ;
#5537 = CARTESIAN_POINT ( 'NONE',  ( 16.31704527226449031, 9.208254322743227860, 1.587499999999999911 ) ) ;
#5538 = CARTESIAN_POINT ( 'NONE',  ( 18.80718129388836246, -12.73655414860664692, 14.98100000000000520 ) ) ;
#5539 = EDGE_CURVE ( 'NONE', #5340, #5908, #4129, .T. ) ;
#5540 = CARTESIAN_POINT ( 'NONE',  ( 1.622441699901653100, 1.142552874507448912, -1.949099999999967414 ) ) ;
#5541 = CARTESIAN_POINT ( 'NONE',  ( -9.686739635327779041, -9.024083855329822157, 9.416435412949244466 ) ) ;
#5542 = CARTESIAN_POINT ( 'NONE',  ( -12.00369839893808077, -12.87642469465369288, -8.248035969732711692 ) ) ;
#5543 = ORIENTED_EDGE ( 'NONE', *, *, #219, .T. ) ;
#5544 = CARTESIAN_POINT ( 'NONE',  ( -9.859684447917651084, -17.99835489795132659, -8.905600000000001515 ) ) ;
#5545 = CARTESIAN_POINT ( 'NONE',  ( 23.33091368197174020, 13.91566868371786825, 13.39349904687931492 ) ) ;
#5546 = ADVANCED_FACE ( 'NONE', ( #852 ), #6480, .F. ) ;
#5547 = CARTESIAN_POINT ( 'NONE',  ( 19.00204440975599951, 3.936513636352596546, 1.587499999999999911 ) ) ;
#5548 = DIRECTION ( 'NONE',  ( 0.000000000000000000, -1.000000000000000000, 0.000000000000000000 ) ) ;
#5549 = CARTESIAN_POINT ( 'NONE',  ( 1.622441699901653100, 1.142552874507448912, -1.949099999999967414 ) ) ;
#5550 = CARTESIAN_POINT ( 'NONE',  ( -10.28098143031145817, -8.847933038041903231, 14.48100000000000165 ) ) ;
#5551 = CARTESIAN_POINT ( 'NONE',  ( 22.08385952095340699, 18.69922293381420886, 11.80599999999899730 ) ) ;
#5552 = B_SPLINE_CURVE_WITH_KNOTS ( 'NONE', 1,
 ( #7972, #7889 ),
 .UNSPECIFIED., .F., .F.,
 ( 2, 2 ),
 ( 0.000000000000000000, 1.000000000000000000 ),
 .UNSPECIFIED. ) ;
#5553 = CARTESIAN_POINT ( 'NONE',  ( 11.87164204902840225, 20.64694561828808617, 6.050900000000028811 ) ) ;
#5554 = ORIENTED_EDGE ( 'NONE', *, *, #6434, .F. ) ;
#5555 = VERTEX_POINT ( 'NONE', #3886 ) ;
#5556 = EDGE_CURVE ( 'NONE', #1977, #4893, #5124, .T. ) ;
#5557 = FACE_OUTER_BOUND ( 'NONE', #1292, .T. ) ;
#5558 = CARTESIAN_POINT ( 'NONE',  ( -14.84865981886946784, 1.076030287531293261, -7.318099999999999383 ) ) ;
#5559 = CARTESIAN_POINT ( 'NONE',  ( 1.726696574254239724, -5.746531329597730497, 6.919826091706386961 ) ) ;
#5560 = CYLINDRICAL_SURFACE ( 'NONE', #5337, 0.7932652022746236042 ) ;
#5561 = FACE_OUTER_BOUND ( 'NONE', #7372, .T. ) ;
#5562 = CARTESIAN_POINT ( 'NONE',  ( -12.11971419733258415, -12.55102288674373767, -5.730599999999998140 ) ) ;
#5563 = CARTESIAN_POINT ( 'NONE',  ( -8.184316070315901470, -9.429466381432716204, 12.55599999790798371 ) ) ;
#5564 = AXIS2_PLACEMENT_3D ( 'NONE', #526, #6320, #5681 ) ;
#5565 = ADVANCED_FACE ( 'NONE', ( #768 ), #4509, .F. ) ;
#5566 = FACE_OUTER_BOUND ( 'NONE', #3811, .T. ) ;
#5567 = ORIENTED_EDGE ( 'NONE', *, *, #3687, .T. ) ;
#5568 = CARTESIAN_POINT ( 'NONE',  ( -10.11145738087430246, -4.158924784553586385, -0.000000000000000000 ) ) ;
#5569 = LINE ( 'NONE', #6213, #2350 ) ;
#5570 = CARTESIAN_POINT ( 'NONE',  ( -3.164692510743883247, -11.71578581479923464, -1.949099999999967414 ) ) ;
#5571 = CARTESIAN_POINT ( 'NONE',  ( -8.036082407117906001, 9.019530349039843742, -5.730600000000006133 ) ) ;
#5572 = EDGE_CURVE ( 'NONE', #4546, #5990, #213, .T. ) ;
#5573 = CARTESIAN_POINT ( 'NONE',  ( -2.472180545705637389, 30.00936299409639929, 8.630999999999989569 ) ) ;
#5574 = CARTESIAN_POINT ( 'NONE',  ( 0.7256022985552834648, -5.959124030099015812, 4.660066749269994979 ) ) ;
#5575 = CARTESIAN_POINT ( 'NONE',  ( 15.09618207182342609, 21.65501198132387373, 11.80599999999999561 ) ) ;
#5576 = CIRCLE ( 'NONE', #4912, 1.587500000000000577 ) ;
#5577 = CARTESIAN_POINT ( 'NONE',  ( -10.31729970230708560, -15.60574307419588536, -5.730599999999999028 ) ) ;
#5578 = ORIENTED_EDGE ( 'NONE', *, *, #1598, .F. ) ;
#5579 = EDGE_LOOP ( 'NONE', ( #7813, #2528 ) ) ;
#5580 = CARTESIAN_POINT ( 'NONE',  ( -14.04790815498809486, 3.666967612582114455, -7.318099999999999383 ) ) ;
#5581 = CARTESIAN_POINT ( 'NONE',  ( -0.4312732222053555220, 7.645145931676942119, -5.730599999999999028 ) ) ;
#5582 = CARTESIAN_POINT ( 'NONE',  ( -1.243516477137999399, -12.43103587449749092, -1.949099999999974520 ) ) ;
#5583 = CARTESIAN_POINT ( 'NONE',  ( 27.22101982593339287, 6.353276422773165066, 14.98099999999999987 ) ) ;
#5584 = CARTESIAN_POINT ( 'NONE',  ( -36.36428634907640145, 2.224798047900578890, 14.98099999999999987 ) ) ;
#5585 = EDGE_CURVE ( 'NONE', #7314, #7074, #2932, .T. ) ;
#5586 = CARTESIAN_POINT ( 'NONE',  ( -8.297322412242031930, -9.417808785435033414, 10.21850059711605141 ) ) ;
#5587 = B_SPLINE_CURVE_WITH_KNOTS ( 'NONE', 3,
 ( #1599, #1561, #2890, #8011, #5338, #7882, #5941, #4181, #4096, #7312, #7392, #2266, #2851, #3395 ),
 .UNSPECIFIED., .F., .F.,
 ( 4, 2, 2, 2, 2, 2, 4 ),
 ( 0.000000000000000000, 0.0003118217187845840396, 0.0006236434375691680791, 0.0009354651563537522271, 0.001247286875138336158, 0.001870930312707497082, 0.002494573750276658439 ),
 .UNSPECIFIED. ) ;
#5588 = CARTESIAN_POINT ( 'NONE',  ( -6.974196657649877729, -9.719714757477259326, 12.55599999790798371 ) ) ;
#5589 = CARTESIAN_POINT ( 'NONE',  ( -12.05430474868962953, -12.74539890315746860, -8.248035969732711692 ) ) ;
#5590 = VERTEX_POINT ( 'NONE', #2678 ) ;
#5591 = DIRECTION ( 'NONE',  ( 0.9371590407833582104, -0.3489024681454917509, 0.000000000000000000 ) ) ;
#5592 = CARTESIAN_POINT ( 'NONE',  ( 23.33091368197174020, 13.91566868371786825, 14.98100000000000165 ) ) ;
#5593 = CIRCLE ( 'NONE', #2005, 6.000000000000000888 ) ;
#5594 = CARTESIAN_POINT ( 'NONE',  ( -6.092761286508818763, -9.907193276350634292, 10.21850059711605141 ) ) ;
#5595 = CARTESIAN_POINT ( 'NONE',  ( 20.93640320978964198, -0.9952133531469468108, -7.318099999999999383 ) ) ;
#5596 = CARTESIAN_POINT ( 'NONE',  ( -6.179433900825434200, -13.79456775404376145, 7.043499999999998984 ) ) ;
#5597 = ADVANCED_FACE ( 'NONE', ( #5290 ), #3742, .F. ) ;
#5598 = CARTESIAN_POINT ( 'NONE',  ( -10.94507972258137585, -14.84553058644234014, -7.318099999999999383 ) ) ;
#5599 = CARTESIAN_POINT ( 'NONE',  ( 18.95516000675702628, 22.39092315294194435, 11.80600000000099215 ) ) ;
#5600 = CIRCLE ( 'NONE', #4809, 8.827043914571907735 ) ;
#5601 = CIRCLE ( 'NONE', #3226, 1.587499999999999467 ) ;
#5602 = VERTEX_POINT ( 'NONE', #3388 ) ;
#5603 = VERTEX_POINT ( 'NONE', #7836 ) ;
#5604 = ORIENTED_EDGE ( 'NONE', *, *, #7003, .T. ) ;
#5605 = CARTESIAN_POINT ( 'NONE',  ( -5.259945791592521402, 10.82699430550430186, -8.905599999999999739 ) ) ;
#5606 = DIRECTION ( 'NONE',  ( -0.000000000000000000, -0.000000000000000000, 1.000000000000000000 ) ) ;
#5607 = CARTESIAN_POINT ( 'NONE',  ( -14.07821362463679371, -7.799787454060525427, -5.730600000000003469 ) ) ;
#5608 = AXIS2_PLACEMENT_3D ( 'NONE', #8100, #7524, #2400 ) ;
#5609 = CARTESIAN_POINT ( 'NONE',  ( -18.90063818814644137, 33.38778806933117238, 10.21849999800213205 ) ) ;
#5610 = CARTESIAN_POINT ( 'NONE',  ( -6.967105568256431347, -11.34794501770343977, 11.80600000000000271 ) ) ;
#5611 = CARTESIAN_POINT ( 'NONE',  ( -12.40922272542286819, -11.10063532984335843, -5.730599999999999916 ) ) ;
#5612 = CARTESIAN_POINT ( 'NONE',  ( 0.5990223196138715345, -1.892438018029007241, -1.412560493867341282 ) ) ;
#5613 = CARTESIAN_POINT ( 'NONE',  ( 9.876660722348193033, -12.55885045744998685, 12.55600000000000094 ) ) ;
#5614 = ORIENTED_EDGE ( 'NONE', *, *, #8116, .T. ) ;
#5615 = CARTESIAN_POINT ( 'NONE',  ( 4.010731091804487392, 7.624162653141862478, -8.905599999999999739 ) ) ;
#5616 = DIRECTION ( 'NONE',  ( 1.000000000000000000, 0.000000000000000000, 0.000000000000000000 ) ) ;
#5617 = CARTESIAN_POINT ( 'NONE',  ( -1.619247424605126495, 6.645710026246398172, 0.000000000000000000 ) ) ;
#5618 = CARTESIAN_POINT ( 'NONE',  ( -0.8187890121307411784, -9.692814478654074861, 11.80600000000000271 ) ) ;
#5619 = CARTESIAN_POINT ( 'NONE',  ( 1.441590014148746990, -5.826190342449562465, 4.934384989992573800 ) ) ;
#5620 = PRESENTATION_LAYER_ASSIGNMENT (  '', '', ( #1354 ) ) ;
#5621 = CARTESIAN_POINT ( 'NONE',  ( 4.608195843500102917, 27.43994001211607880, 11.80599999999999383 ) ) ;
#5622 = EDGE_CURVE ( 'NONE', #7217, #6116, #2545, .T. ) ;
#5623 = CARTESIAN_POINT ( 'NONE',  ( -7.374207007253636093, -17.45714841008690499, 1.587499999999999911 ) ) ;
#5624 = VERTEX_POINT ( 'NONE', #1515 ) ;
#5625 =( NAMED_UNIT ( * ) SI_UNIT ( $, .STERADIAN. ) SOLID_ANGLE_UNIT ( ) );
#5626 = CARTESIAN_POINT ( 'NONE',  ( -0.7382928528652020761, 7.764312843947696940, -5.730599999999999028 ) ) ;
#5627 = CARTESIAN_POINT ( 'NONE',  ( -9.243921122319642691, -7.509152765120257200, 12.01368519653930456 ) ) ;
#5628 = EDGE_CURVE ( 'NONE', #1743, #4915, #6517, .T. ) ;
#5629 = CARTESIAN_POINT ( 'NONE',  ( 28.11328294592867394, 1.509902505737878320, 14.98099999999997323 ) ) ;
#5630 = CARTESIAN_POINT ( 'NONE',  ( -6.967105568256432235, -11.34794501770343977, 14.98100000000000520 ) ) ;
#5631 = CIRCLE ( 'NONE', #585, 1.587499999999998357 ) ;
#5632 = CARTESIAN_POINT ( 'NONE',  ( 0.000000000000000000, 0.000000000000000000, -7.949100000000000499 ) ) ;
#5633 = CARTESIAN_POINT ( 'NONE',  ( -15.88733970060773615, -7.341554013162784997, -15.44909999999999961 ) ) ;
#5634 = CARTESIAN_POINT ( 'NONE',  ( -8.617316213884052445, -17.64464152501562921, -8.905600000000001515 ) ) ;
#5635 = ORIENTED_EDGE ( 'NONE', *, *, #5040, .T. ) ;
#5636 = CARTESIAN_POINT ( 'NONE',  ( -9.339419351663552860, -18.31344109396468056, -8.905600000000001515 ) ) ;
#5637 = CARTESIAN_POINT ( 'NONE',  ( -16.61196196253316160, -3.358108760128377668, -15.44909999999999961 ) ) ;
#5638 = DIRECTION ( 'NONE',  ( -0.000000000000000000, -0.000000000000000000, -1.000000000000000000 ) ) ;
#5639 = DIRECTION ( 'NONE',  ( -0.000000000000000000, -0.000000000000000000, 1.000000000000000000 ) ) ;
#5640 = CARTESIAN_POINT ( 'NONE',  ( 9.538188000149865786, -14.02390433230607059, 11.05600000000000271 ) ) ;
#5641 = CARTESIAN_POINT ( 'NONE',  ( -7.706093242219577810, -17.33461775995888132, -7.318099999999999383 ) ) ;
#5642 = CARTESIAN_POINT ( 'NONE',  ( -30.54033267322048317, 35.95643332430391581, 11.80599999999999206 ) ) ;
#5643 = ORIENTED_EDGE ( 'NONE', *, *, #3836, .F. ) ;
#5644 = ORIENTED_EDGE ( 'NONE', *, *, #6571, .F. ) ;
#5645 = EDGE_CURVE ( 'NONE', #4255, #297, #5248, .T. ) ;
#5646 = VERTEX_POINT ( 'NONE', #4633 ) ;
#5647 = DIRECTION ( 'NONE',  ( -0.3489024681454917509, -0.9371590407833582104, -0.000000000000000000 ) ) ;
#5648 = CARTESIAN_POINT ( 'NONE',  ( -2.853721730829550385, 10.28847509130143401, -8.905599999999999739 ) ) ;
#5649 = DIRECTION ( 'NONE',  ( -0.9371590407833582104, 0.3489024681454918064, 0.000000000000000000 ) ) ;
#5650 = CARTESIAN_POINT ( 'NONE',  ( -15.09629382232642314, -2.105265891275788004, -5.730600000000003469 ) ) ;
#5651 = CARTESIAN_POINT ( 'NONE',  ( 1.311588871906091969, -2.132393877826185946, -8.658600420680150123 ) ) ;
#5652 = CARTESIAN_POINT ( 'NONE',  ( 19.26229391884534792, -0.7127324879406772284, 0.000000000000000000 ) ) ;
#5653 = CARTESIAN_POINT ( 'NONE',  ( 8.111828775575812500, 11.89744454326067213, -0.8955105656395556668 ) ) ;
#5654 = EDGE_CURVE ( 'NONE', #4876, #3989, #7178, .T. ) ;
#5655 = ORIENTED_EDGE ( 'NONE', *, *, #7134, .F. ) ;
#5656 = CARTESIAN_POINT ( 'NONE',  ( -0.9166854995383106885, 0.3412802089971356256, 0.000000000000000000 ) ) ;
#5657 = CARTESIAN_POINT ( 'NONE',  ( -1.447615242865005314, -21.14772114095298150, -15.44909999999999961 ) ) ;
#5658 = DIRECTION ( 'NONE',  ( 0.000000000000000000, 0.000000000000000000, -1.000000000000000000 ) ) ;
#5659 = CARTESIAN_POINT ( 'NONE',  ( -0.7382928528640985144, 7.764312843946832743, 0.000000000000000000 ) ) ;
#5660 = CARTESIAN_POINT ( 'NONE',  ( -45.15773347201727006, 24.57605692322762181, 8.630999999999954042 ) ) ;
#5661 = DIRECTION ( 'NONE',  ( 0.2805626151706535065, 0.9598357249907942812, 0.000000000000000000 ) ) ;
#5662 = CARTESIAN_POINT ( 'NONE',  ( -11.24625595282668122, -6.869833192725216975, 8.631000000000000227 ) ) ;
#5663 = EDGE_CURVE ( 'NONE', #7771, #3564, #5936, .T. ) ;
#5664 = B_SPLINE_CURVE_WITH_KNOTS ( 'NONE', 3,
 ( #6694, #6735, #1114, #4102, #3477, #6196, #987, #1030, #3651, #8101, #6069, #3570, #6113, #399, #1566, #6652 ),
 .UNSPECIFIED., .F., .F.,
 ( 4, 1, 1, 1, 1, 1, 1, 1, 1, 1, 1, 1, 1, 4 ),
 ( 0.01685922564489741524, 0.05468749999998194500, 0.07421874999997318811, 0.09765624999996203037, 0.1210937499999512473, 0.1406249999998561706, 0.1640624999999311662, 0.1835937499999220623, 0.2031249999999141798, 0.2265624999999091282, 0.2460937499998928357, 0.2656249999998837041, 0.2812499999998762656, 0.3007812499997384315 ),
 .UNSPECIFIED. ) ;
#5665 = CARTESIAN_POINT ( 'NONE',  ( 8.251932399444179111, -13.70983174109766267, 12.55600000000000271 ) ) ;
#5666 = CIRCLE ( 'NONE', #1680, 2.500000000000000000 ) ;
#5667 = ORIENTED_EDGE ( 'NONE', *, *, #2677, .T. ) ;
#5668 =( NAMED_UNIT ( * ) PLANE_ANGLE_UNIT ( ) SI_UNIT ( $, .RADIAN. ) );
#5669 = CARTESIAN_POINT ( 'NONE',  ( 9.550019641623617161, 13.14147547970798691, 0.000000000000000000 ) ) ;
#5670 = EDGE_CURVE ( 'NONE', #3152, #2527, #3304, .T. ) ;
#5671 = CARTESIAN_POINT ( 'NONE',  ( -3.731075803028094828, 8.918831801194977871, -5.730599999999998140 ) ) ;
#5672 = CARTESIAN_POINT ( 'NONE',  ( -20.13484170071160761, 36.03706295988247632, 14.98099999999999454 ) ) ;
#5673 = CARTESIAN_POINT ( 'NONE',  ( -44.97519480863827113, 29.96679013402548719, 14.98099999999999454 ) ) ;
#5674 = VECTOR ( 'NONE', #5647, 1000.000000000000227 ) ;
#5675 = CARTESIAN_POINT ( 'NONE',  ( -4.229680485269870616, 3.331080792519784506, 1.587499999999999911 ) ) ;
#5676 = EDGE_LOOP ( 'NONE', ( #3990, #593 ) ) ;
#5677 = CARTESIAN_POINT ( 'NONE',  ( -2.204894577754120011, -10.96236130471560521, 12.55599999790798371 ) ) ;
#5678 = ORIENTED_EDGE ( 'NONE', *, *, #5303, .T. ) ;
#5679 = FACE_OUTER_BOUND ( 'NONE', #3802, .T. ) ;
#5680 = CARTESIAN_POINT ( 'NONE',  ( -15.36736558150627374, -8.877658348685018908, -15.44909999999999961 ) ) ;
#5681 = DIRECTION ( 'NONE',  ( 0.6802860802513717164, 0.7329466890683279390, 0.000000000000000000 ) ) ;
#5682 = CARTESIAN_POINT ( 'NONE',  ( -11.73804094493875816, -13.50742943260773110, -7.318099999999999383 ) ) ;
#5683 = CARTESIAN_POINT ( 'NONE',  ( -48.95355762924554455, 21.84880566579361627, 11.80599999999999561 ) ) ;
#5684 = CARTESIAN_POINT ( 'NONE',  ( 5.461819735956635391, -12.97941185394564201, 10.21850000016612192 ) ) ;
#5685 = ORIENTED_EDGE ( 'NONE', *, *, #4038, .F. ) ;
#5686 = AXIS2_PLACEMENT_3D ( 'NONE', #5105, #4332, #7652 ) ;
#5687 = ORIENTED_EDGE ( 'NONE', *, *, #2600, .F. ) ;
#5688 = CARTESIAN_POINT ( 'NONE',  ( -10.37161658683881349, 9.776587560204758276, -8.905600000000001515 ) ) ;
#5689 = CARTESIAN_POINT ( 'NONE',  ( -14.58480082940163136, 2.174848942770986504, -8.248035969732711692 ) ) ;
#5690 = CARTESIAN_POINT ( 'NONE',  ( 3.286684540181274539, 5.020064548108466695, 6.789505918194512546 ) ) ;
#5691 = UNCERTAINTY_MEASURE_WITH_UNIT (LENGTH_MEASURE( 1.000000000000000082E-05 ), #7626, 'distance_accuracy_value', 'NONE');
#5692 = CARTESIAN_POINT ( 'NONE',  ( -11.89184438424410928, -7.393655464972125557, -5.730600000000000804 ) ) ;
#5693 = CARTESIAN_POINT ( 'NONE',  ( 17.67481989172242507, 1.339128955541149857, -8.905600000000001515 ) ) ;
#5694 = DIRECTION ( 'NONE',  ( 0.000000000000000000, 0.000000000000000000, -1.000000000000000000 ) ) ;
#5695 = ORIENTED_EDGE ( 'NONE', *, *, #4179, .T. ) ;
#5696 = CARTESIAN_POINT ( 'NONE',  ( 20.51924219264493132, 4.406021860444302440, 3.174999999999999822 ) ) ;
#5697 = CARTESIAN_POINT ( 'NONE',  ( -24.48110990821212596, -3.611575660193429904, 14.98099999999999987 ) ) ;
#5698 = EDGE_CURVE ( 'NONE', #7218, #2157, #6558, .T. ) ;
#5699 = AXIS2_PLACEMENT_3D ( 'NONE', #7645, #1252, #6334 ) ;
#5700 = CARTESIAN_POINT ( 'NONE',  ( -2.204894577754121343, -10.96236130471560521, 14.19556458705075919 ) ) ;
#5701 = DIRECTION ( 'NONE',  ( 0.000000000000000000, 0.000000000000000000, 1.000000000000000000 ) ) ;
#5702 = CARTESIAN_POINT ( 'NONE',  ( -12.07136088886978520, -6.579286415174191660, 8.630999999999973582 ) ) ;
#5703 = DIRECTION ( 'NONE',  ( -1.000000000000000000, 0.000000000000000000, 0.000000000000000000 ) ) ;
#5704 = CARTESIAN_POINT ( 'NONE',  ( 18.18467006882645975, 6.277871873167974570, 1.587499999999999911 ) ) ;
#5705 = CARTESIAN_POINT ( 'NONE',  ( 25.57639578305569472, -2.453975412025574787, 8.630999999999982464 ) ) ;
#5706 = ADVANCED_FACE ( 'NONE', ( #6598 ), #895, .F. ) ;
#5707 = DIRECTION ( 'NONE',  ( 0.3489024681454918064, 0.9371590407833582104, 0.000000000000000000 ) ) ;
#5708 = EDGE_LOOP ( 'NONE', ( #5724, #2718, #5195, #5860, #1149 ) ) ;
#5709 = CARTESIAN_POINT ( 'NONE',  ( 15.38185196842986713, 10.17911490700553401, 0.000000000000000000 ) ) ;
#5710 = LINE ( 'NONE', #5117, #8207 ) ;
#5711 = CARTESIAN_POINT ( 'NONE',  ( -45.68751235600759486, 22.77985263037423636, 14.98099999999995902 ) ) ;
#5712 = CARTESIAN_POINT ( 'NONE',  ( 3.496790880902192811, 12.15276323273699433, 0.000000000000000000 ) ) ;
#5713 = LINE ( 'NONE', #4587, #3894 ) ;
#5714 = ORIENTED_EDGE ( 'NONE', *, *, #621, .F. ) ;
#5715 = FACE_OUTER_BOUND ( 'NONE', #5385, .T. ) ;
#5716 = B_SPLINE_SURFACE_WITH_KNOTS ( 'NONE', 1, 3, ( 
 ( #6900, #1817, #1858, #19, #4511, #57, #7058, #6981, #6239, #3184, #1197, #3809, #6361, #6280, #7018, #2522, #2484, #4393, #1314, #3847, #5053, #3108 ),
 ( #6400, #5641, #8190, #689, #1357, #528, #7564, #3223, #7598, #6940, #3771, #2596, #5598, #8228, #3067, #6321, #5682, #4978, #1901, #2447, #7526, #3392 ) ),
 .UNSPECIFIED., .F., .F., .F.,
 ( 2, 2 ),
 ( 4, 2, 2, 2, 2, 2, 2, 2, 2, 2, 4 ),
 ( 0.000000000000000000, 1.000000000000000000 ),
 ( 0.8588486556437868735, 0.8716853858841903113, 0.8899009454731731106, 0.9044730433523903157, 0.9226813626088121723, 0.9408997517909335473, 0.9591210407714405584, 0.9773353880055931642, 0.9918904835717163859, 1.000000000000000000, 1.003592095398861739 ),
 .UNSPECIFIED. ) ;
#5717 = CARTESIAN_POINT ( 'NONE',  ( 25.33973514159382034, 8.069949888297896834, 14.98099999999999810 ) ) ;
#5718 = DIRECTION ( 'NONE',  ( 1.000000000000000000, 4.302205379782582088E-17, -9.552814938601679897E-33 ) ) ;
#5719 = DIRECTION ( 'NONE',  ( 0.9371590407833587655, -0.3489024681454906407, 0.000000000000000000 ) ) ;
#5720 = CARTESIAN_POINT ( 'NONE',  ( 3.313884498999439376, -14.05062876676627681, 11.80600000000012528 ) ) ;
#5721 = CARTESIAN_POINT ( 'NONE',  ( 6.088904874760354247, 5.114397361623271188, -1.949099999999967636 ) ) ;
#5722 = AXIS2_PLACEMENT_3D ( 'NONE', #4121, #6672, #1544 ) ;
#5723 = ADVANCED_FACE ( 'NONE', ( #1555 ), #2799, .F. ) ;
#5724 = ORIENTED_EDGE ( 'NONE', *, *, #6084, .F. ) ;
#5725 = ORIENTED_EDGE ( 'NONE', *, *, #2393, .F. ) ;
#5726 = CARTESIAN_POINT ( 'NONE',  ( -2.899377258083653430, -15.01572639255299357, 6.050900000000025258 ) ) ;
#5727 = CARTESIAN_POINT ( 'NONE',  ( -3.398848866282269565, 8.851227145880375957, -7.728811047280822244 ) ) ;
#5728 = B_SPLINE_CURVE_WITH_KNOTS ( 'NONE', 3,
 ( #536, #1828, #1078, #3621, #6293, #580, #4281, #2992, #4405, #5651, #8072, #8199, #4899, #2495 ),
 .UNSPECIFIED., .F., .F.,
 ( 4, 2, 2, 2, 2, 2, 4 ),
 ( 0.001443615552712336058, 0.002248512965672307996, 0.002650961672152294182, 0.003053410378632280368, 0.003858307791592251006, 0.004260756498072235457, 0.004663205204552220776 ),
 .UNSPECIFIED. ) ;
#5729 = CARTESIAN_POINT ( 'NONE',  ( -11.60894294004532590, 6.993843075523707320, -8.248035969732711692 ) ) ;
#5730 = CARTESIAN_POINT ( 'NONE',  ( 4.573343566119278947, 3.888105242635190084, 7.400984949624169751 ) ) ;
#5731 = CARTESIAN_POINT ( 'NONE',  ( 2.259821958597556080, 2.230208446634597053, -10.69910000000001737 ) ) ;
#5732 = CARTESIAN_POINT ( 'NONE',  ( 16.27075405297757626, 1.162380720028621806, -8.248035969732711692 ) ) ;
#5733 = VERTEX_POINT ( 'NONE', #8002 ) ;
#5734 = EDGE_LOOP ( 'NONE', ( #4849, #4962, #13, #6245, #6753 ) ) ;
#5735 = ORIENTED_EDGE ( 'NONE', *, *, #893, .F. ) ;
#5736 = B_SPLINE_SURFACE_WITH_KNOTS ( 'NONE', 3, 1, ( 
 ( #1056, #4756 ),
 ( #6806, #2925 ),
 ( #5449, #2342 ),
 ( #1097, #4839 ),
 ( #7385, #7347 ),
 ( #4878, #4130 ),
 ( #7430, #3464 ),
 ( #6015, #301 ),
 ( #974, #2845 ),
 ( #3512, #5370 ),
 ( #7917, #7304 ),
 ( #7956, #7551 ),
 ( #6184, #7007 ),
 ( #4344, #8088 ),
 ( #470, #3173 ),
 ( #3716, #5081 ),
 ( #6309, #1224 ),
 ( #1886, #2432 ),
 ( #1845, #7471 ),
 ( #3011, #2511 ),
 ( #1266, #3759 ),
 ( #2388, #5535 ),
 ( #4301, #6848 ),
 ( #5709, #6350 ),
 ( #594, #3136 ),
 ( #636, #4965 ),
 ( #4382, #1927 ),
 ( #4917, #6 ),
 ( #5669, #5003 ),
 ( #8136, #3797 ),
 ( #8216, #2549 ),
 ( #7623, #7590 ),
 ( #1762, #2471 ),
 ( #5043, #7513 ),
 ( #1143, #4462 ),
 ( #6265, #1804 ),
 ( #6888, #6924 ),
 ( #3639, #3676 ),
 ( #6970, #4423 ),
 ( #6227, #512 ),
 ( #3054, #1184 ),
 ( #555, #5581 ),
 ( #3096, #5626 ) ),
 .UNSPECIFIED., .F., .F., .F.,
 ( 4, 1, 1, 1, 2, 1, 1, 1, 2, 1, 1, 1, 1, 1, 1, 1, 1, 1, 1, 1, 1, 1, 1, 1, 1, 1, 1, 1, 1, 1, 1, 1, 1, 2, 1, 1, 1, 4 ),
 ( 2, 2 ),
 ( 0.000000000000000000, 0.004337499999999999342, 0.008674999999999998684, 0.01301249999999999803, 0.01734999999999999737, 0.04569999999999999063, 0.07405000000000000471, 0.1023999999999999633, 0.1307500000000000051, 0.1540578125000000020, 0.1773656249999999990, 0.2006734374999999959, 0.2239812500000000206, 0.2472890624999999620, 0.2705968749999999590, 0.2939046874999999837, 0.3172124999999999528, 0.3405203124999999775, 0.3638281249999999467, 0.3871359374999998604, 0.4104437499999999961, 0.4337515625000000208, 0.4570593750000000455, 0.5036749999999999838, 0.5502906249999998112, 0.5969062499999999716, 0.6435218749999997989, 0.6901374999999999593, 0.7367531250000001197, 0.7833687499999999471, 0.8066765625000000828, 0.8299843749999998854, 0.8532921874999999101, 0.8766000000000000458, 0.9074499999999999789, 0.9382999999999999119, 0.9691500000000000670, 1.000000000000000000 ),
 ( 0.000000000000000000, 1.000000000000000000 ),
 .UNSPECIFIED. ) ;
#5737 = AXIS2_PLACEMENT_3D ( 'NONE', #8246, #1799, #7583 ) ;
#5738 = CARTESIAN_POINT ( 'NONE',  ( 4.944095387229721084, 14.44343477546248167, 3.174999999999999822 ) ) ;
#5739 = CARTESIAN_POINT ( 'NONE',  ( 2.522652101162978777, 6.498606346870404948, 0.000000000000000000 ) ) ;
#5740 = CARTESIAN_POINT ( 'NONE',  ( 19.34913917186174004, 1.726690403717616062, 1.587499999999999911 ) ) ;
#5741 = DIRECTION ( 'NONE',  ( -1.000000000000000000, -6.550624015266702829E-15, 0.000000000000000000 ) ) ;
#5742 = CARTESIAN_POINT ( 'NONE',  ( -27.11334437784210039, 35.98304491953225437, 8.630999999999989569 ) ) ;
#5743 = CARTESIAN_POINT ( 'NONE',  ( 19.34913917186175425, -0.9952426981688476948, -5.730599999999999028 ) ) ;
#5744 = CARTESIAN_POINT ( 'NONE',  ( 7.909062721539013907, 13.25704616563519167, 1.587499999999999911 ) ) ;
#5745 = CARTESIAN_POINT ( 'NONE',  ( -3.585675646928918603, -8.948570147270682895, 8.631000000000009109 ) ) ;
#5746 = MECHANICAL_DESIGN_GEOMETRIC_PRESENTATION_REPRESENTATION (  '', ( #6425 ), #2954 ) ;
#5747 = ORIENTED_EDGE ( 'NONE', *, *, #6752, .T. ) ;
#5748 = CARTESIAN_POINT ( 'NONE',  ( 0.2511782605620902498, -3.165048890841333673, -10.69909999999913630 ) ) ;
#5749 = CARTESIAN_POINT ( 'NONE',  ( -12.90739954708480752, -5.530563158258122058, 3.174999999999999822 ) ) ;
#5750 = DIRECTION ( 'NONE',  ( -0.2196068247028813147, -0.8377188326305672339, -0.4999999999999975020 ) ) ;
#5751 = PRESENTATION_LAYER_ASSIGNMENT (  '', '', ( #3495 ) ) ;
#5752 = CARTESIAN_POINT ( 'NONE',  ( -45.15773347201727006, 24.57605692322762181, 14.98100000000003718 ) ) ;
#5753 = CARTESIAN_POINT ( 'NONE',  ( 9.169603263354870748, -13.98518257472503379, 14.98100000000000342 ) ) ;
#5754 = AXIS2_PLACEMENT_3D ( 'NONE', #4043, #5287, #3507 ) ;
#5755 = CARTESIAN_POINT ( 'NONE',  ( 26.89447618733375478, -0.5000000000000008882, 14.48099999999999987 ) ) ;
#5756 = EDGE_LOOP ( 'NONE', ( #4031, #2517, #188, #1001 ) ) ;
#5757 = CARTESIAN_POINT ( 'NONE',  ( -11.41644753894032149, -14.18370272454598968, 1.587499999999999911 ) ) ;
#5758 = LINE ( 'NONE', #1774, #6000 ) ;
#5759 = CARTESIAN_POINT ( 'NONE',  ( -5.140174604103816769, -10.17574938492209569, 11.05600000209201994 ) ) ;
#5760 = CARTESIAN_POINT ( 'NONE',  ( 2.229183074677310028, -13.76562875766001781, 11.80600000000000094 ) ) ;
#5761 = CARTESIAN_POINT ( 'NONE',  ( 9.145347856307289192, -13.92611525790092841, 12.55600000000000271 ) ) ;
#5762 = CARTESIAN_POINT ( 'NONE',  ( 0.000000000000000000, 0.000000000000000000, 3.005999999999991346 ) ) ;
#5763 = CARTESIAN_POINT ( 'NONE',  ( -12.64633658977693997, 34.64295991251769635, 14.98099999999999632 ) ) ;
#5764 = B_SPLINE_CURVE_WITH_KNOTS ( 'NONE', 3,
 ( #7108, #184, #865, #5261, #4602, #3973, #3933, #6528, #225, #7190, #3315, #5854, #819, #140, #3400, #5947, #7845, #5901, #2688, #2772 ),
 .UNSPECIFIED., .F., .F.,
 ( 4, 2, 2, 2, 2, 2, 2, 2, 2, 4 ),
 ( 0.000000000000000000, 0.04789616266471393574, 0.1748433409760691837, 0.2806326562355618282, 0.4075798345469330841, 0.5345270128583600178, 0.6614741911696759846, 0.7884213694802443273, 0.8942106847362268907, 0.9987097166187823838 ),
 .UNSPECIFIED. ) ;
#5765 = CARTESIAN_POINT ( 'NONE',  ( -24.48110990821212596, -3.611575660193429904, 14.98100000000000520 ) ) ;
#5766 = ORIENTED_EDGE ( 'NONE', *, *, #4958, .T. ) ;
#5767 = DIRECTION ( 'NONE',  ( 0.3805874007937319337, -0.9247449542209307261, -0.000000000000000000 ) ) ;
#5768 = CARTESIAN_POINT ( 'NONE',  ( -3.137392780313529972, 9.540769337480666579, -8.705060954000574114 ) ) ;
#5769 = CARTESIAN_POINT ( 'NONE',  ( -15.70854428081502263, -0.7082971016092944883, -8.905600000000001515 ) ) ;
#5770 = CARTESIAN_POINT ( 'NONE',  ( 19.23283021124179015, -5.325186958601233478, -5.730599999999999028 ) ) ;
#5771 = ADVANCED_FACE ( 'NONE', ( #2259 ), #6683, .F. ) ;
#5772 = EDGE_CURVE ( 'NONE', #7500, #4438, #6142, .T. ) ;
#5773 = PRODUCT_DEFINITION_CONTEXT ( 'detailed design', #683, 'design' ) ;
#5774 = DIRECTION ( 'NONE',  ( -0.3489024681454918064, -0.9371590407833582104, -0.000000000000000000 ) ) ;
#5775 = CARTESIAN_POINT ( 'NONE',  ( 5.015044247429129243, 10.25515149296784401, -1.949099999999965416 ) ) ;
#5776 = EDGE_LOOP ( 'NONE', ( #2965, #5907, #4980, #7586, #107 ) ) ;
#5777 = EDGE_CURVE ( 'NONE', #4201, #7417, #1085, .T. ) ;
#5778 = EDGE_LOOP ( 'NONE', ( #7344, #490, #6514, #7894, #4498, #1446 ) ) ;
#5779 = VERTEX_POINT ( 'NONE', #3555 ) ;
#5780 = CARTESIAN_POINT ( 'NONE',  ( 15.37035372594001892, 12.26834093408379189, 3.174999999999999822 ) ) ;
#5781 = CARTESIAN_POINT ( 'NONE',  ( -12.64633658977693997, 34.64295991251769635, 8.630999999999993122 ) ) ;
#5782 = LINE ( 'NONE', #3126, #7848 ) ;
#5783 = CARTESIAN_POINT ( 'NONE',  ( 22.08385952095340699, 18.69922293381420886, 8.630999999998609340 ) ) ;
#5784 = CARTESIAN_POINT ( 'NONE',  ( 4.391627637234627457, 7.190492924153129906, -8.888289659671190890 ) ) ;
#5785 = CARTESIAN_POINT ( 'NONE',  ( 10.92614210560904908, 12.78862863666391192, 1.587499999999999911 ) ) ;
#5786 = CARTESIAN_POINT ( 'NONE',  ( 13.16981931603369915, -13.16666720972293803, 8.630999999999465544 ) ) ;
#5787 = AXIS2_PLACEMENT_3D ( 'NONE', #2647, #3854, #64 ) ;
#5788 = ORIENTED_EDGE ( 'NONE', *, *, #631, .F. ) ;
#5789 = DIRECTION ( 'NONE',  ( 0.000000000000000000, 0.000000000000000000, 1.000000000000000000 ) ) ;
#5790 = CARTESIAN_POINT ( 'NONE',  ( 5.884248930745044071, 8.452782544627542194, -3.354158390871663453 ) ) ;
#5791 = CARTESIAN_POINT ( 'NONE',  ( -8.369248915659845522, -1.925186736856493885, 0.000000000000000000 ) ) ;
#5792 = CARTESIAN_POINT ( 'NONE',  ( 24.09583352102566423, 5.763476572495693340, 14.98099999999999987 ) ) ;
#5793 = CARTESIAN_POINT ( 'NONE',  ( -14.99832003218757848, -0.1363336006843140491, -5.730599999999999916 ) ) ;
#5794 = CARTESIAN_POINT ( 'NONE',  ( 12.69560732791655866, 12.10205801954391092, 0.000000000000000000 ) ) ;
#5795 = CARTESIAN_POINT ( 'NONE',  ( -9.901329239701590623, -8.960905357864465515, 14.48100000000000165 ) ) ;
#5796 = VERTEX_POINT ( 'NONE', #3597 ) ;
#5797 = CARTESIAN_POINT ( 'NONE',  ( -1.852669853647178400, -12.20424927020291861, 6.050900000000025258 ) ) ;
#5798 = CARTESIAN_POINT ( 'NONE',  ( -10.55765160132026104, -4.814631706476139250, 2.517435969732711776 ) ) ;
#5799 = DIRECTION ( 'NONE',  ( 0.9371590407833580993, -0.3489024681454918064, 0.000000000000000000 ) ) ;
#5800 = EDGE_CURVE ( 'NONE', #5266, #1811, #8103, .T. ) ;
#5802 = CARTESIAN_POINT ( 'NONE',  ( -14.04790815498809486, 3.666967612582114455, -7.318099999999999383 ) ) ;
#5801 = AXIS2_PLACEMENT_3D ( 'NONE', #2846, #2181, #100 ) ;
#5803 = DIRECTION ( 'NONE',  ( 0.000000000000000000, 0.000000000000000000, 1.000000000000000000 ) ) ;
#5804 = AXIS2_PLACEMENT_3D ( 'NONE', #6755, #8123, #3042 ) ;
#5805 = DIRECTION ( 'NONE',  ( 0.7071067811865445751, 8.659560562354899578E-17, -0.7071067811865504593 ) ) ;
#5806 = DIRECTION ( 'NONE',  ( 0.000000000000000000, 0.000000000000000000, 1.000000000000000000 ) ) ;
#5807 = ADVANCED_FACE ( 'NONE', ( #344 ), #6721, .F. ) ;
#5808 = CARTESIAN_POINT ( 'NONE',  ( 4.445103185858132910, 5.752423320165926945, -3.304285916773101128 ) ) ;
#5809 = CARTESIAN_POINT ( 'NONE',  ( -3.634024352127970925, -10.58222667935891792, 14.98100000000000698 ) ) ;
#5810 = VERTEX_POINT ( 'NONE', #5409 ) ;
#5811 = LINE ( 'NONE', #4174, #5265 ) ;
#5812 = CARTESIAN_POINT ( 'NONE',  ( -15.05170216074766287, -0.7453076699464331600, -8.248035969732711692 ) ) ;
#5813 = CARTESIAN_POINT ( 'NONE',  ( -13.06849237749033499, 5.403292115284542341, -5.730600000000001693 ) ) ;
#5814 = CARTESIAN_POINT ( 'NONE',  ( 11.87164204902840225, 20.64694561828808617, 6.050900000000028811 ) ) ;
#5815 = CARTESIAN_POINT ( 'NONE',  ( 19.19388020387352256, -0.6398805656995893987, -8.248035969732711692 ) ) ;
#5816 = VERTEX_POINT ( 'NONE', #8049 ) ;
#5817 = VERTEX_POINT ( 'NONE', #5973 ) ;
#5818 = ORIENTED_EDGE ( 'NONE', *, *, #6698, .F. ) ;
#5819 = CARTESIAN_POINT ( 'NONE',  ( 0.4557271103517532285, 10.34342851405888908, 3.174999999999999822 ) ) ;
#5820 = CARTESIAN_POINT ( 'NONE',  ( -12.47800740327390479, -10.52432618645817897, -5.730599999999994587 ) ) ;
#5821 = ADVANCED_FACE ( 'NONE', ( #5494, #1013 ), #5736, .F. ) ;
#5822 = CARTESIAN_POINT ( 'NONE',  ( -30.03296279907226207, 0.000000000000000000, 8.631000000000000227 ) ) ;
#5823 = CARTESIAN_POINT ( 'NONE',  ( -6.974196657649674336, -9.719714757477259326, 11.05600000209201994 ) ) ;
#5824 = CARTESIAN_POINT ( 'NONE',  ( 11.48444867788164991, 27.70592705193343974, 8.631000000000042860 ) ) ;
#5825 = DIRECTION ( 'NONE',  ( -0.000000000000000000, -0.000000000000000000, 1.000000000000000000 ) ) ;
#5826 = DIRECTION ( 'NONE',  ( 0.000000000000000000, 0.000000000000000000, 1.000000000000000000 ) ) ;
#5827 = CARTESIAN_POINT ( 'NONE',  ( -44.43695755569756756, 16.47538348345661419, 8.630999999999994898 ) ) ;
#5828 = LINE ( 'NONE', #2661, #5223 ) ;
#5829 = B_SPLINE_CURVE_WITH_KNOTS ( 'NONE', 3,
 ( #4277, #4151, #491, #4196, #6077, #364, #6659, #2198, #4735, #4108, #6742, #953, #406, #6366, #3188, #653, #2565, #5688, #8234, #3733, #7604, #6406, #4399, #696, #2408, #1866, #7531, #5605, #4323, #1202, #3154, #4479, #5059, #3778, #2529, #1906, #6287 ),
 .UNSPECIFIED., .F., .F.,
 ( 4, 1, 1, 1, 1, 2, 2, 1, 1, 1, 1, 2, 2, 1, 1, 1, 2, 2, 1, 2, 2, 2, 2, 1, 4 ),
 ( 0.000000000000000000, 0.1249999999999998612, 0.1874999999999997502, 0.2187499999999996669, 0.2343749999999995837, 0.2421874999999994449, 0.2499999999999993339, 0.3749999999999983347, 0.4374999999999979461, 0.4687499999999978351, 0.4843749999999976130, 0.4921874999999975575, 0.4999999999999975020, 0.6249999999999978906, 0.6874999999999978906, 0.7187499999999980016, 0.7343749999999980016, 0.7499999999999980016, 0.8124999999999983347, 0.8437499999999986677, 0.8749999999999988898, 0.9062499999999992228, 0.9218749999999994449, 0.9374999999999996669, 1.000000000000000000 ),
 .UNSPECIFIED. ) ;
#5830 = VERTEX_POINT ( 'NONE', #8179 ) ;
#5831 = ADVANCED_FACE ( 'NONE', ( #7169 ), #718, .F. ) ;
#5832 = CARTESIAN_POINT ( 'NONE',  ( 0.2783216443000974816, -3.249958230423469985, -10.78589056345738939 ) ) ;
#5833 = CARTESIAN_POINT ( 'NONE',  ( 6.689891647896245352, 14.75382526739852196, 6.050900000022147118 ) ) ;
#5834 = CARTESIAN_POINT ( 'NONE',  ( 5.282690877912219030, 8.629148485476841657, -3.228945319790788471 ) ) ;
#5835 = CARTESIAN_POINT ( 'NONE',  ( -9.944094376547679914, 8.177190895127880665, -5.730599999999999028 ) ) ;
#5836 = CARTESIAN_POINT ( 'NONE',  ( -6.967105568256432235, -11.34794501770343977, 14.98100000000000520 ) ) ;
#5837 = CARTESIAN_POINT ( 'NONE',  ( -11.98805894681558826, -12.91556049947388374, -5.730599999999998140 ) ) ;
#5838 = VECTOR ( 'NONE', #4392, 1000.000000000000000 ) ;
#5839 = DIRECTION ( 'NONE',  ( 0.2196068247028812870, 0.8377188326305671229, -0.4999999999999978351 ) ) ;
#5840 = CARTESIAN_POINT ( 'NONE',  ( 10.67358603348174029, -14.28111566787054798, 10.21850000016612370 ) ) ;
#5841 = B_SPLINE_CURVE_WITH_KNOTS ( 'NONE', 3,
 ( #4950, #4906, #1748, #6670, #7374, #5483, #2377, #6128, #4246, #6793, #1087, #2331, #3628, #7335 ),
 .UNSPECIFIED., .F., .F.,
 ( 4, 2, 2, 2, 2, 2, 4 ),
 ( -5.397826085125447996E-05, 0.0005747057647596194628, 0.001203389790370493250, 0.001517731803175926620, 0.001832073815981359989, 0.002146415828786793576, 0.002460757841592226946 ),
 .UNSPECIFIED. ) ;
#5842 = LINE ( 'NONE', #3801, #711 ) ;
#5843 = ORIENTED_EDGE ( 'NONE', *, *, #2611, .T. ) ;
#5844 = CARTESIAN_POINT ( 'NONE',  ( -10.36796614553444584, -3.399638382898482636, 3.174999999999999822 ) ) ;
#5845 = DIRECTION ( 'NONE',  ( 1.000000000000000000, 0.000000000000000000, 0.000000000000000000 ) ) ;
#5846 = CARTESIAN_POINT ( 'NONE',  ( -14.58480082940163314, 2.174848942770986948, -7.318099999999999383 ) ) ;
#5847 = CARTESIAN_POINT ( 'NONE',  ( -4.901673400653729473, -3.460288697973585847, 3.756000000000001560 ) ) ;
#5848 = FACE_OUTER_BOUND ( 'NONE', #402, .T. ) ;
#5849 = FACE_OUTER_BOUND ( 'NONE', #3977, .T. ) ;
#5850 = ORIENTED_EDGE ( 'NONE', *, *, #3207, .F. ) ;
#5851 = EDGE_CURVE ( 'NONE', #1009, #7825, #1349, .T. ) ;
#5852 = CARTESIAN_POINT ( 'NONE',  ( 7.290481762829306156, -15.12270843337942949, 11.80600000000000449 ) ) ;
#5853 = CARTESIAN_POINT ( 'NONE',  ( -15.21791147450650961, 2.354522071221221147, -8.905600000000001515 ) ) ;
#5854 = CARTESIAN_POINT ( 'NONE',  ( -12.47876764460021981, -10.30295747460228739, 1.587499999999999911 ) ) ;
#5855 = UNCERTAINTY_MEASURE_WITH_UNIT (LENGTH_MEASURE( 1.000000000000000082E-05 ), #3124, 'distance_accuracy_value', 'NONE');
#5856 = DIRECTION ( 'NONE',  ( -0.000000000000000000, 0.000000000000000000, -1.000000000000000000 ) ) ;
#5857 = CARTESIAN_POINT ( 'NONE',  ( 19.28357801704937202, 1.463426888481480281, -8.905599999999997962 ) ) ;
#5858 = EDGE_LOOP ( 'NONE', ( #2902, #2247, #6493, #3757 ) ) ;
#5859 = ORIENTED_EDGE ( 'NONE', *, *, #991, .T. ) ;
#5860 = ORIENTED_EDGE ( 'NONE', *, *, #1958, .T. ) ;
#5861 = CARTESIAN_POINT ( 'NONE',  ( 11.72076666769235054, 13.21518947610203121, 3.174999999999999822 ) ) ;
#5862 = CARTESIAN_POINT ( 'NONE',  ( 12.20023165550474964, -14.34205234386213235, 10.21849999996891079 ) ) ;
#5863 = AXIS2_PLACEMENT_3D ( 'NONE', #4390, #1854, #4354 ) ;
#5864 = CARTESIAN_POINT ( 'NONE',  ( 4.759815703703596412, -12.78599078537129863, 8.631000000000003780 ) ) ;
#5865 = CARTESIAN_POINT ( 'NONE',  ( -8.751285366612483685, -8.517527830486057994, 11.80600000000000094 ) ) ;
#5866 = VECTOR ( 'NONE', #6997, 1000.000000000000000 ) ;
#5867 = CARTESIAN_POINT ( 'NONE',  ( 17.23119601743744411, -16.31721190939495614, 8.631000000000000227 ) ) ;
#5868 = CARTESIAN_POINT ( 'NONE',  ( 4.420599968314253836, 7.320929491828511715, -8.905599999457720628 ) ) ;
#5869 = CARTESIAN_POINT ( 'NONE',  ( 20.93663917186206191, -0.9952720431907278176, -15.44909999999999961 ) ) ;
#5870 = CARTESIAN_POINT ( 'NONE',  ( 3.313884498999439376, -14.05062876676627681, 8.631000000000183192 ) ) ;
#5871 = ORIENTED_EDGE ( 'NONE', *, *, #596, .T. ) ;
#5872 = VECTOR ( 'NONE', #3827, 1000.000000000000000 ) ;
#5873 = VERTEX_POINT ( 'NONE', #84 ) ;
#5874 = B_SPLINE_CURVE_WITH_KNOTS ( 'NONE', 3,
 ( #103, #7319, #2233, #4145 ),
 .UNSPECIFIED., .F., .F.,
 ( 4, 4 ),
 ( 0.000000000000000000, 1.000000000000000000 ),
 .UNSPECIFIED. ) ;
#5875 = CARTESIAN_POINT ( 'NONE',  ( 1.431673882921848051, -3.551307565224261609, -11.35113090736041030 ) ) ;
#5876 = CARTESIAN_POINT ( 'NONE',  ( -13.90048358791725036, -8.297075500745396681, -7.526009500609602831 ) ) ;
#5877 = CARTESIAN_POINT ( 'NONE',  ( -11.11513831578101907, -2.846000725388373898, 3.175000000000000266 ) ) ;
#5878 = FACE_OUTER_BOUND ( 'NONE', #6492, .T. ) ;
#5879 = CARTESIAN_POINT ( 'NONE',  ( -5.273267697204471638, -11.77842311985290813, 14.98100000000000520 ) ) ;
#5881 = EDGE_CURVE ( 'NONE', #6085, #2405, #203, .T. ) ;
#5880 = CARTESIAN_POINT ( 'NONE',  ( 1.710220563265067328, 1.008448406517586049, -2.556155060026068515 ) ) ;
#5882 = EDGE_CURVE ( 'NONE', #2458, #6159, #799, .T. ) ;
#5883 = AXIS2_PLACEMENT_3D ( 'NONE', #439, #2980, #4352 ) ;
#5884 = CARTESIAN_POINT ( 'NONE',  ( 25.01005285694784774, 0.8374367091048500189, 14.98099999999997323 ) ) ;
#5885 = CARTESIAN_POINT ( 'NONE',  ( -18.38838555802680119, 2.710749426961720498, -5.730599999999997252 ) ) ;
#5886 = ORIENTED_EDGE ( 'NONE', *, *, #3280, .F. ) ;
#5887 = EDGE_CURVE ( 'NONE', #222, #7479, #161, .T. ) ;
#5888 = CARTESIAN_POINT ( 'NONE',  ( -11.20135229811853428, -15.61004671637624952, 3.174999999999999822 ) ) ;
#5889 = EDGE_CURVE ( 'NONE', #5224, #1073, #4500, .T. ) ;
#5890 = DIRECTION ( 'NONE',  ( 0.3489024681454918064, 0.9371590407833582104, 0.000000000000000000 ) ) ;
#5891 = CARTESIAN_POINT ( 'NONE',  ( -4.673023078167660493, 9.158108384588148354, 0.000000000000000000 ) ) ;
#5892 = CARTESIAN_POINT ( 'NONE',  ( 26.18805509819400612, 10.49240108418684692, 11.80599999999999739 ) ) ;
#5893 = CARTESIAN_POINT ( 'NONE',  ( -10.94507972258137585, -14.84553058644234014, -5.730600000000001693 ) ) ;
#5894 = CARTESIAN_POINT ( 'NONE',  ( -2.204894577754120011, -10.96236130471560521, 11.05600000209201994 ) ) ;
#5895 = CARTESIAN_POINT ( 'NONE',  ( 4.205707004488589362, 5.845342913502244109, -3.207732066202519050 ) ) ;
#5896 = CARTESIAN_POINT ( 'NONE',  ( -9.185092538057080702, -16.53977487947827640, -7.318099999999999383 ) ) ;
#5897 = ORIENTED_EDGE ( 'NONE', *, *, #7851, .T. ) ;
#5898 = ORIENTED_EDGE ( 'NONE', *, *, #2004, .F. ) ;
#5899 = CARTESIAN_POINT ( 'NONE',  ( 2.771976065070752338, -13.90792118376792352, 11.80600000000000271 ) ) ;
#5900 = CARTESIAN_POINT ( 'NONE',  ( -9.976889557135237396, 9.964192080244481886, -8.905600000000001515 ) ) ;
#5901 = CARTESIAN_POINT ( 'NONE',  ( -10.56156790634245546, -4.821214032401639038, 1.587499999999999911 ) ) ;
#5902 = CARTESIAN_POINT ( 'NONE',  ( 33.22189427995051147, -0.5000000000000005551, 14.48099999999999987 ) ) ;
#5903 = CARTESIAN_POINT ( 'NONE',  ( 0.9656174468386756748, 9.928214956165350102, 1.587499999999999911 ) ) ;
#5904 = VECTOR ( 'NONE', #2296, 1000.000000000000000 ) ;
#5905 = EDGE_CURVE ( 'NONE', #249, #8059, #2710, .T. ) ;
#5906 = ORIENTED_EDGE ( 'NONE', *, *, #3691, .F. ) ;
#5907 = ORIENTED_EDGE ( 'NONE', *, *, #4755, .F. ) ;
#5908 = VERTEX_POINT ( 'NONE', #7828 ) ;
#5909 = CARTESIAN_POINT ( 'NONE',  ( 7.909062721539013907, 13.25704616563519167, 2.517435969732711776 ) ) ;
#5910 = CARTESIAN_POINT ( 'NONE',  ( -12.12650021708599368, -12.53230680778728079, -5.730599999999999028 ) ) ;
#5911 = CARTESIAN_POINT ( 'NONE',  ( -11.83653967241039062, -7.195971991652622357, 0.000000000000000000 ) ) ;
#5912 = CARTESIAN_POINT ( 'NONE',  ( -3.657299401794418259, -9.794080435372821469, 11.80600000000000271 ) ) ;
#5913 = CARTESIAN_POINT ( 'NONE',  ( 1.226780418669875417, 32.16946954534166281, 11.80599999999999383 ) ) ;
#5914 = CARTESIAN_POINT ( 'NONE',  ( 5.938304175531203377, 6.324425311792819748, -8.825500569546495200 ) ) ;
#5915 = FACE_OUTER_BOUND ( 'NONE', #2921, .T. ) ;
#5916 = EDGE_CURVE ( 'NONE', #6357, #2178, #1304, .T. ) ;
#5917 = CARTESIAN_POINT ( 'NONE',  ( 7.753788007553904293, 29.50962372097942321, 8.630999999999938055 ) ) ;
#5918 = CARTESIAN_POINT ( 'NONE',  ( 10.67358602880414864, -14.28111569055089802, 12.55600000000000271 ) ) ;
#5919 = VERTEX_POINT ( 'NONE', #5116 ) ;
#5920 = CARTESIAN_POINT ( 'NONE',  ( 2.914358635773569794, 29.94036153015169432, 10.21850059711604253 ) ) ;
#5921 = CARTESIAN_POINT ( 'NONE',  ( 0.03564060272797243967, -3.175048087984587930, -10.21563232043715708 ) ) ;
#5922 = LINE ( 'NONE', #2000, #1744 ) ;
#5923 = FACE_OUTER_BOUND ( 'NONE', #3281, .T. ) ;
#5924 = CARTESIAN_POINT ( 'NONE',  ( -42.95525717008185751, 27.44897564401927070, 11.80599999999999383 ) ) ;
#5926 = CIRCLE ( 'NONE', #4722, 6.000000000000000888 ) ;
#5925 = CARTESIAN_POINT ( 'NONE',  ( -1.200775516971473555, -20.48470467685291396, 3.016225296278977286 ) ) ;
#5927 = CARTESIAN_POINT ( 'NONE',  ( 4.124617960589934462, -10.98088009208205129, 11.80600000000012351 ) ) ;
#5928 = EDGE_CURVE ( 'NONE', #3773, #602, #7718, .T. ) ;
#5929 = CARTESIAN_POINT ( 'NONE',  ( 11.41814862681614784, -14.43180205245922032, 10.21850000016612370 ) ) ;
#5930 = EDGE_CURVE ( 'NONE', #4744, #6825, #5922, .T. ) ;
#5931 = CARTESIAN_POINT ( 'NONE',  ( 9.482626980992879595, 15.35594314788943926, -8.971631053574329329 ) ) ;
#5932 = ORIENTED_EDGE ( 'NONE', *, *, #7179, .T. ) ;
#5933 = EDGE_CURVE ( 'NONE', #4643, #2297, #6471, .T. ) ;
#5934 = CARTESIAN_POINT ( 'NONE',  ( -10.31729970230708382, -15.60574307419588536, 1.587499999999999911 ) ) ;
#5935 = AXIS2_PLACEMENT_3D ( 'NONE', #7227, #6603, #1062 ) ;
#5936 = LINE ( 'NONE', #2137, #136 ) ;
#5937 = CARTESIAN_POINT ( 'NONE',  ( -15.07311084845917648, -1.246108911772247696, 0.000000000000000000 ) ) ;
#5938 = CARTESIAN_POINT ( 'NONE',  ( -48.95355762924554455, 21.84880566579361627, 11.80599999999999561 ) ) ;
#5939 = CARTESIAN_POINT ( 'NONE',  ( 3.987255855390727355, 5.930132870058145933, -0.8361121808961280433 ) ) ;
#5940 = PLANE ( 'NONE',  #4947 ) ;
#5941 = CARTESIAN_POINT ( 'NONE',  ( -0.9617993293322363302, -19.84280983452505609, -8.116286666566574937 ) ) ;
#5942 = CARTESIAN_POINT ( 'NONE',  ( 17.94165315055619914, 9.778307201251383418, 3.174999999999999822 ) ) ;
#5943 = AXIS2_PLACEMENT_3D ( 'NONE', #7192, #7768, #3480 ) ;
#5944 = ORIENTED_EDGE ( 'NONE', *, *, #486, .T. ) ;
#5945 = CARTESIAN_POINT ( 'NONE',  ( -7.829001583366465233, -11.15330637801602798, 11.80600000000000271 ) ) ;
#5946 = CARTESIAN_POINT ( 'NONE',  ( -15.95442766404777934, 3.126582670229151706, -8.905600000000001515 ) ) ;
#5947 = CARTESIAN_POINT ( 'NONE',  ( -11.48658944705459106, -6.436629345929393509, 1.587499999999999911 ) ) ;
#5948 = CARTESIAN_POINT ( 'NONE',  ( 12.16856079531247481, -14.54943197920268183, 13.39349999983421569 ) ) ;
#5949 = CARTESIAN_POINT ( 'NONE',  ( 7.909062721539013907, 13.25704616563519167, -5.730599999999999028 ) ) ;
#5950 = ORIENTED_EDGE ( 'NONE', *, *, #6833, .F. ) ;
#5951 = ORIENTED_EDGE ( 'NONE', *, *, #4713, .T. ) ;
#5952 = CARTESIAN_POINT ( 'NONE',  ( 12.32702882628709773, -13.51178910252829546, 13.00186502524240595 ) ) ;
#5953 = CARTESIAN_POINT ( 'NONE',  ( -18.90414476090728968, 34.44591281791365134, 13.39349952343965278 ) ) ;
#5954 = CARTESIAN_POINT ( 'NONE',  ( -3.030030175635520351, -10.74447544034259572, 11.05600000209201994 ) ) ;
#5955 = CARTESIAN_POINT ( 'NONE',  ( -1.622867371717699347, -12.76438399408333524, 8.630999999999984240 ) ) ;
#5956 = CARTESIAN_POINT ( 'NONE',  ( -8.075756374071776378, -18.89114725574930631, -8.905599999999996186 ) ) ;
#5957 = CARTESIAN_POINT ( 'NONE',  ( -3.416773536143489665, 8.803941065495425988, -5.730599999999999028 ) ) ;
#5958 = CARTESIAN_POINT ( 'NONE',  ( -6.908491289137257851, 34.65822918375732087, 8.630999999999989569 ) ) ;
#5959 = ORIENTED_EDGE ( 'NONE', *, *, #2215, .T. ) ;
#5960 = FACE_BOUND ( 'NONE', #3695, .T. ) ;
#5961 = CARTESIAN_POINT ( 'NONE',  ( 6.689891647898138061, 14.75382526739869782, 6.145307665752378412 ) ) ;
#5962 = CARTESIAN_POINT ( 'NONE',  ( -0.6856654756651463511, -19.10110875454716606, 0.000000000000000000 ) ) ;
#5963 = CARTESIAN_POINT ( 'NONE',  ( 2.500000000000000000, 0.000000000000000000, 0.2560000000000005604 ) ) ;
#5964 = EDGE_CURVE ( 'NONE', #189, #2095, #4623, .T. ) ;
#5965 = CARTESIAN_POINT ( 'NONE',  ( -7.765330261643532239, 31.60045012614736493, 11.80599999999999383 ) ) ;
#5966 = CARTESIAN_POINT ( 'NONE',  ( 1.627245856098459509, 1.135815180657718138, -2.108085901635522674 ) ) ;
#5967 = CARTESIAN_POINT ( 'NONE',  ( -45.42288820622445655, 18.78351911223738213, 14.98100000000005494 ) ) ;
#5968 = B_SPLINE_CURVE_WITH_KNOTS ( 'NONE', 3,
 ( #5731, #141, #7767, #2024, #2689, #2733, #4603, #7609, #4562, #30, #2570, #5098, #1368, #7110, #7643, #4484 ),
 .UNSPECIFIED., .F., .F.,
 ( 4, 2, 2, 2, 2, 2, 2, 4 ),
 ( 9.258753681432411195E-05, 0.0005196536252683384280, 0.0009467197137223526491, 0.001373785802176366979, 0.001800851890630381308, 0.002227917979084395421, 0.002654984067538409750, 0.003509116244446438410 ),
 .UNSPECIFIED. ) ;
#5969 = LINE ( 'NONE', #1468, #6832 ) ;
#5970 = ORIENTED_EDGE ( 'NONE', *, *, #4038, .T. ) ;
#5971 = ORIENTED_EDGE ( 'NONE', *, *, #7751, .F. ) ;
#5972 = DIRECTION ( 'NONE',  ( 0.000000000000000000, 0.000000000000000000, 1.000000000000000000 ) ) ;
#5973 = CARTESIAN_POINT ( 'NONE',  ( -9.853225687248778897, -3.809484351455107554, -5.730599999999999028 ) ) ;
#5974 = CARTESIAN_POINT ( 'NONE',  ( 20.70261212305837262, 0.1256046745876778503, -8.905599999999999739 ) ) ;
#5975 = DIRECTION ( 'NONE',  ( 0.2805626151706527849, 0.9598357249907945032, -2.131263443485120147E-16 ) ) ;
#5976 = CARTESIAN_POINT ( 'NONE',  ( -12.27556252960572714, -9.873853818606887600, 11.80600000000000271 ) ) ;
#5977 = LINE ( 'NONE', #5847, #891 ) ;
#5978 = DIRECTION ( 'NONE',  ( 1.000000000000000000, 6.556435184794237246E-15, 0.000000000000000000 ) ) ;
#5979 = DIRECTION ( 'NONE',  ( 0.000000000000000000, 0.000000000000000000, 1.000000000000000000 ) ) ;
#5980 = CARTESIAN_POINT ( 'NONE',  ( -9.801959106896374507, -16.06714690621811314, -7.318099999999999383 ) ) ;
#5981 = VERTEX_POINT ( 'NONE', #7087 ) ;
#5982 = CARTESIAN_POINT ( 'NONE',  ( -42.00193863272111372, 7.125692526716533415, 11.80599999999999739 ) ) ;
#5983 = CARTESIAN_POINT ( 'NONE',  ( -16.50086990307567802, -4.434013145095823560, -8.905600000000001515 ) ) ;
#5984 = CARTESIAN_POINT ( 'NONE',  ( -7.538214527868829506, -17.39707597457473298, -7.318099999999999383 ) ) ;
#5985 = PLANE ( 'NONE',  #7491 ) ;
#5986 = CARTESIAN_POINT ( 'NONE',  ( 1.364381787387329625, 10.41790534419841485, 1.587499999999999911 ) ) ;
#5987 = EDGE_CURVE ( 'NONE', #813, #5224, #3135, .T. ) ;
#5988 = CLOSED_SHELL ( 'NONE', ( #1146, #3991, #5435, #4360, #5150, #7729, #71, #4981, #523, #1102, #3260, #4333, #1911, #4302, #2970, #1051, #7902, #4400, #17, #7674, #5807, #4353, #3588, #1635, #1174, #3478, #2208, #5291, #6226, #4651, #7786, #3390 ) ) ;
#5989 = VERTEX_POINT ( 'NONE', #376 ) ;
#5990 = VERTEX_POINT ( 'NONE', #4034 ) ;
#5991 = CARTESIAN_POINT ( 'NONE',  ( 12.31468769768390104, -13.59259836169859526, 13.06889526708050298 ) ) ;
#5992 = CARTESIAN_POINT ( 'NONE',  ( -9.861397950460659700, -3.803249005346686751, 1.795373390156528082 ) ) ;
#5993 = CARTESIAN_POINT ( 'NONE',  ( -2.915729083020443202, -10.32022726748416908, 11.05596718551655400 ) ) ;
#5994 = CARTESIAN_POINT ( 'NONE',  ( 5.571559769077778945, -14.65035004269344832, 11.80599999999961547 ) ) ;
#5995 = FACE_OUTER_BOUND ( 'NONE', #2339, .T. ) ;
#5996 = LINE ( 'NONE', #3410, #511 ) ;
#5997 = CARTESIAN_POINT ( 'NONE',  ( -13.13121744587703787, -9.572183738367961325, 8.630999999999973582 ) ) ;
#5998 = ORIENTED_EDGE ( 'NONE', *, *, #5928, .F. ) ;
#5999 = ORIENTED_EDGE ( 'NONE', *, *, #3934, .F. ) ;
#6000 = VECTOR ( 'NONE', #4313, 1000.000000000000000 ) ;
#6001 = B_SPLINE_SURFACE_WITH_KNOTS ( 'NONE', 1, 3, ( 
 ( #5903, #5986, #1407, #4730, #5222, #2069, #6655, #1445, #7152, #947, #3440, #2734, #4061, #6569, #7727, #7279, #3936, #4604, #3975, #4690, #6030, #227, #5264, #7236, #2651, #6530, #6491, #821 ),
 ( #3360, #7810, #2025, #2113, #4648, #1486, #867, #3402, #1528, #6612, #5949, #909, #268, #2817, #5346, #1568, #4146, #1072, #445, #3528, #8063, #4853, #4815, #6736, #6781, #6198, #7401, #5423 ) ),
 .UNSPECIFIED., .F., .F., .F.,
 ( 2, 2 ),
 ( 4, 2, 2, 2, 2, 2, 2, 2, 2, 2, 2, 2, 2, 4 ),
 ( 0.000000000000000000, 1.000000000000000000 ),
 ( 0.000000000000000000, 0.06879089441601586585, 0.1238236099496764914, 0.1926145043665161705, 0.2614053987832659631, 0.3439544720834166180, 0.4127453665001959426, 0.4815362609169593910, 0.5640853342174033669, 0.6328762286338756038, 0.7154253019340063302, 0.7979743752341311724, 0.8667652696509180466, 1.000000000000000000 ),
 .UNSPECIFIED. ) ;
#6002 = VECTOR ( 'NONE', #7452, 1000.000000000000000 ) ;
#6003 = CARTESIAN_POINT ( 'NONE',  ( -13.76229623950490222, 4.245151003387815258, -5.730599999999999028 ) ) ;
#6004 = CARTESIAN_POINT ( 'NONE',  ( 8.914110865584669696, 14.77716033590009737, 7.290107201738980969 ) ) ;
#6005 = CARTESIAN_POINT ( 'NONE',  ( 6.088904874760355135, 5.114397361623272076, 0.8509000000000302988 ) ) ;
#6006 = PLANE ( 'NONE',  #2608 ) ;
#6007 = CARTESIAN_POINT ( 'NONE',  ( -3.585675646931240301, -8.948570147269911956, 14.98099999999999454 ) ) ;
#6008 = CARTESIAN_POINT ( 'NONE',  ( -1.852669853647183285, -12.20424927020292216, -9.949099999999967636 ) ) ;
#6009 = CARTESIAN_POINT ( 'NONE',  ( -37.63074280117568549, 30.59158252159554081, 14.98100000000010823 ) ) ;
#6010 = CIRCLE ( 'NONE', #275, 0.6500000000000007994 ) ;
#6011 = AXIS2_PLACEMENT_3D ( 'NONE', #3439, #4729, #2112 ) ;
#6012 = CARTESIAN_POINT ( 'NONE',  ( 9.805027418906101744, 15.21596170888495436, -9.556813156604400561 ) ) ;
#6013 = ORIENTED_EDGE ( 'NONE', *, *, #7754, .T. ) ;
#6014 = LINE ( 'NONE', #5408, #2166 ) ;
#6015 = CARTESIAN_POINT ( 'NONE',  ( 19.34913917186176846, 0.06723716235735102686, 0.000000000000000000 ) ) ;
#6016 = AXIS2_PLACEMENT_3D ( 'NONE', #7162, #3985, #832 ) ;
#6017 = CARTESIAN_POINT ( 'NONE',  ( -3.174999999999999822, 3.888253587292846081E-16, 1.256000000000000671 ) ) ;
#6018 = DIRECTION ( 'NONE',  ( -0.9371590407833582104, 0.3489024681454918064, 0.000000000000000000 ) ) ;
#6019 = CARTESIAN_POINT ( 'NONE',  ( 2.229183074677310028, -13.76562875766001781, 11.80600000000000094 ) ) ;
#6020 = DIRECTION ( 'NONE',  ( 1.000000000000000000, 0.000000000000000000, 0.000000000000000000 ) ) ;
#6021 = FACE_OUTER_BOUND ( 'NONE', #4488, .T. ) ;
#6022 = CARTESIAN_POINT ( 'NONE',  ( -2.555409098860968342, -1.491539187694883584, 14.48099999999999987 ) ) ;
#6023 = CARTESIAN_POINT ( 'NONE',  ( -9.185092538057080702, -16.53977487947874536, -8.248035969732711692 ) ) ;
#6024 = ORIENTED_EDGE ( 'NONE', *, *, #1958, .F. ) ;
#6025 = CARTESIAN_POINT ( 'NONE',  ( -25.19530689742510177, -5.040814917066635203, 11.80600000000000094 ) ) ;
#6026 = CARTESIAN_POINT ( 'NONE',  ( -4.558060826927802900, 9.805972554819902598, -8.905600000000001515 ) ) ;
#6027 = CARTESIAN_POINT ( 'NONE',  ( -0.7382928528652027422, 7.764312843947696940, 1.587499999999999911 ) ) ;
#6028 = AXIS2_PLACEMENT_3D ( 'NONE', #2084, #121, #674 ) ;
#6029 = DIRECTION ( 'NONE',  ( 0.000000000000000000, 0.000000000000000000, -1.000000000000000000 ) ) ;
#6030 = CARTESIAN_POINT ( 'NONE',  ( 16.31704527226449386, 9.208254322743227860, 1.587499999999999911 ) ) ;
#6031 = CIRCLE ( 'NONE', #5754, 3.174999999999999822 ) ;
#6032 = ORIENTED_EDGE ( 'NONE', *, *, #3964, .T. ) ;
#6033 = EDGE_CURVE ( 'NONE', #7568, #5156, #6625, .T. ) ;
#6034 = ORIENTED_EDGE ( 'NONE', *, *, #6682, .T. ) ;
#6035 = ORIENTED_EDGE ( 'NONE', *, *, #7260, .T. ) ;
#6036 = EDGE_CURVE ( 'NONE', #6845, #7206, #647, .T. ) ;
#6037 = CARTESIAN_POINT ( 'NONE',  ( -8.363699806487488786, -18.78337021127079254, 8.631000000000000227 ) ) ;
#6038 = DIRECTION ( 'NONE',  ( 0.9371590407833577663, -0.3489024681454928611, 0.000000000000000000 ) ) ;
#6039 = LINE ( 'NONE', #7494, #271 ) ;
#6040 = CARTESIAN_POINT ( 'NONE',  ( -4.419640609209941395, -12.01210068695373678, 8.631000000000009109 ) ) ;
#6041 = CARTESIAN_POINT ( 'NONE',  ( 15.12629086157532932, 1.605697694188590541, -5.730599999999998140 ) ) ;
#6042 = DIRECTION ( 'NONE',  ( 0.000000000000000000, 0.000000000000000000, -1.000000000000000000 ) ) ;
#6043 = CARTESIAN_POINT ( 'NONE',  ( 5.571559769077778945, -14.65035004269345009, 8.630999999999419359 ) ) ;
#6044 = EDGE_CURVE ( 'NONE', #4448, #5503, #4828, .T. ) ;
#6045 = EDGE_LOOP ( 'NONE', ( #3784, #6032, #4734, #5898, #7490, #1760, #1243, #5522, #1447, #1503, #6076 ) ) ;
#6046 = LINE ( 'NONE', #4160, #7747 ) ;
#6047 = DIRECTION ( 'NONE',  ( 0.9371590407833580993, -0.3489024681454918619, 0.000000000000000000 ) ) ;
#6048 = DIRECTION ( 'NONE',  ( 0.000000000000000000, 0.000000000000000000, 1.000000000000000000 ) ) ;
#6049 = CARTESIAN_POINT ( 'NONE',  ( 19.34890321087421228, -3.039975800327527011, -7.318099999999999383 ) ) ;
#6050 = CARTESIAN_POINT ( 'NONE',  ( 8.110213314787003469, -12.05396096807256257, 11.80600000000000271 ) ) ;
#6051 = FACE_BOUND ( 'NONE', #7468, .T. ) ;
#6052 = CARTESIAN_POINT ( 'NONE',  ( -8.146050907166204169, -17.14505243838676307, -7.318792220281264527 ) ) ;
#6053 = ORIENTED_EDGE ( 'NONE', *, *, #2976, .T. ) ;
#6054 = ORIENTED_EDGE ( 'NONE', *, *, #3794, .T. ) ;
#6055 = CARTESIAN_POINT ( 'NONE',  ( 20.93663917186177414, -3.040034490371314568, 3.174999999999999822 ) ) ;
#6056 = CARTESIAN_POINT ( 'NONE',  ( 12.16910334886818568, -14.54587935834384460, 11.05600000000000271 ) ) ;
#6057 = DIRECTION ( 'NONE',  ( -1.495427292949014688E-09, -9.791999627505709968E-09, 0.9999999999999998890 ) ) ;
#6058 = CARTESIAN_POINT ( 'NONE',  ( 1.140089554781710479, -1.628602582147469224, -3.038491192052429124 ) ) ;
#6059 = CARTESIAN_POINT ( 'NONE',  ( 26.18805509819400257, 10.49240108418684692, 14.98099999999999987 ) ) ;
#6060 = CARTESIAN_POINT ( 'NONE',  ( 5.923790518171831998, 5.178483394245128935, -1.243574255783403082 ) ) ;
#6061 = CARTESIAN_POINT ( 'NONE',  ( 9.276996878865867657, -25.35493286573577620, -8.905600000000001515 ) ) ;
#6062 = CARTESIAN_POINT ( 'NONE',  ( -16.04143873714868818, 2.813959658475118975, -15.44909999999999961 ) ) ;
#6063 = CARTESIAN_POINT ( 'NONE',  ( -10.41031883446054707, -15.48565035781351540, -8.248035969732711692 ) ) ;
#6064 = EDGE_CURVE ( 'NONE', #3442, #7648, #6119, .T. ) ;
#6065 = ORIENTED_EDGE ( 'NONE', *, *, #2244, .F. ) ;
#6066 = CARTESIAN_POINT ( 'NONE',  ( 1.364381787387545453, 10.41790534419867953, 1.587499999999999911 ) ) ;
#6067 = CARTESIAN_POINT ( 'NONE',  ( 19.74102292354263710, -15.78402317582674108, 14.98100000000000520 ) ) ;
#6068 = CARTESIAN_POINT ( 'NONE',  ( -11.72948118925235406, 8.943122867159386757, -8.905600000000001515 ) ) ;
#6069 = CARTESIAN_POINT ( 'NONE',  ( 6.405608924346491762, 14.79585107289456580, 8.631000000000000227 ) ) ;
#6070 = EDGE_CURVE ( 'NONE', #1241, #7566, #5593, .T. ) ;
#6071 = CARTESIAN_POINT ( 'NONE',  ( -8.075426939930995474, -18.89025876392011583, 3.174999999999999822 ) ) ;
#6072 = CARTESIAN_POINT ( 'NONE',  ( 20.93663917186177414, -3.040034490371314568, 1.587499999999999689 ) ) ;
#6073 = B_SPLINE_SURFACE_WITH_KNOTS ( 'NONE', 3, 1, ( 
 ( #1679, #4760 ),
 ( #6103, #2888 ),
 ( #390, #6145 ),
 ( #4136, #4220 ),
 ( #6770, #5497 ),
 ( #4093, #6640 ),
 ( #306, #2849 ),
 ( #2347, #7310 ),
 ( #2930, #1595 ),
 ( #5413, #7962 ),
 ( #2264, #1061 ),
 ( #7352, #7906 ) ),
 .UNSPECIFIED., .F., .F., .F.,
 ( 4, 1, 1, 1, 1, 1, 1, 1, 1, 4 ),
 ( 2, 2 ),
 ( 0.4687500000000000000, 0.4882812500000000000, 0.5078125000000001110, 0.5312500000000000000, 0.5546874999999906741, 0.5781250000000000000, 0.6015625000000000000, 0.6210937500000029976, 0.6445312500000000000, 0.6533740327021160255 ),
 ( 0.000000000000000000, 1.000000000000000000 ),
 .UNSPECIFIED. ) ;
#6074 = AXIS2_PLACEMENT_3D ( 'NONE', #648, #2559, #571 ) ;
#6075 = VERTEX_POINT ( 'NONE', #3544 ) ;
#6076 = ORIENTED_EDGE ( 'NONE', *, *, #4903, .F. ) ;
#6077 = CARTESIAN_POINT ( 'NONE',  ( -14.49074941858473764, 6.073500042486616124, -8.905599999999999739 ) ) ;
#6078 = CARTESIAN_POINT ( 'NONE',  ( -8.834550332455142652, -27.80497700742809641, -12.77409999999999712 ) ) ;
#6079 = CARTESIAN_POINT ( 'NONE',  ( -0.6146488037638682123, -5.968879278472283723, 7.019519763495004838 ) ) ;
#6080 = CARTESIAN_POINT ( 'NONE',  ( -20.13484170071160406, 36.03706295988247632, 11.80599999999999206 ) ) ;
#6081 = FACE_OUTER_BOUND ( 'NONE', #3575, .T. ) ;
#6082 = CARTESIAN_POINT ( 'NONE',  ( -5.140174604103816769, -10.17574938492209746, 14.19556458705075919 ) ) ;
#6083 = VECTOR ( 'NONE', #5767, 1000.000000000000000 ) ;
#6084 = EDGE_CURVE ( 'NONE', #6449, #1411, #1338, .T. ) ;
#6085 = VERTEX_POINT ( 'NONE', #3749 ) ;
#6086 = CARTESIAN_POINT ( 'NONE',  ( 5.195052038020705254, -12.90835459777834870, 12.55600000000000094 ) ) ;
#6087 = CARTESIAN_POINT ( 'NONE',  ( 16.56184815283848621, 11.32367155639641432, 3.174999999999999822 ) ) ;
#6088 = CARTESIAN_POINT ( 'NONE',  ( -9.586657712543104282, -16.24503456457990680, -7.318099999999999383 ) ) ;
#6089 = CARTESIAN_POINT ( 'NONE',  ( -15.00691541254492911, -3.686597052937068408, -5.730599999999994587 ) ) ;
#6090 = CARTESIAN_POINT ( 'NONE',  ( 0.2044901992181947792, 29.16016385193016802, 11.80599999999999383 ) ) ;
#6091 = CARTESIAN_POINT ( 'NONE',  ( -8.076413439608003841, -18.88989291583022379, 8.631000000000000227 ) ) ;
#6092 = CARTESIAN_POINT ( 'NONE',  ( -30.17479237114828905, 32.77157383640864197, 11.80599999999999206 ) ) ;
#6093 = EDGE_CURVE ( 'NONE', #7638, #3333, #7473, .T. ) ;
#6094 = FACE_OUTER_BOUND ( 'NONE', #4449, .T. ) ;
#6095 = EDGE_LOOP ( 'NONE', ( #805, #904, #4961, #6943, #3081, #4522 ) ) ;
#6096 = EDGE_LOOP ( 'NONE', ( #2219, #6286 ) ) ;
#6097 = CARTESIAN_POINT ( 'NONE',  ( 12.16910334886818568, -14.54587935834384460, 12.55600000000000271 ) ) ;
#6098 = DIRECTION ( 'NONE',  ( -0.3489024681454918619, -0.9371590407833583214, 0.000000000000000000 ) ) ;
#6099 = CARTESIAN_POINT ( 'NONE',  ( -2.204894577754120455, -10.96236130471560699, 13.39349904687932380 ) ) ;
#6100 = VERTEX_POINT ( 'NONE', #4994 ) ;
#6101 = CARTESIAN_POINT ( 'NONE',  ( -9.853225687248782450, -3.809484351455107554, 4.818676322192284402E-17 ) ) ;
#6102 = CARTESIAN_POINT ( 'NONE',  ( 7.290481762829307044, -15.12270843337942949, 14.98100000000000520 ) ) ;
#6103 = CARTESIAN_POINT ( 'NONE',  ( -11.51961056268199002, -3.391863894924190603, 8.631000000000000227 ) ) ;
#6104 = CARTESIAN_POINT ( 'NONE',  ( 5.979130371550699152, -0.5000000000000015543, 14.48099999999999987 ) ) ;
#6105 = CARTESIAN_POINT ( 'NONE',  ( -2.899377258083656983, -15.01572639255299180, -9.949099999999974742 ) ) ;
#6106 = CARTESIAN_POINT ( 'NONE',  ( -12.03221265217366209, -12.80259548204367981, -8.248035969732711692 ) ) ;
#6107 = EDGE_LOOP ( 'NONE', ( #7281, #4264, #6307, #2612, #7407, #2573 ) ) ;
#6108 = CARTESIAN_POINT ( 'NONE',  ( 25.33973514159382034, 8.069949888297896834, 13.39349904687931669 ) ) ;
#6109 = B_SPLINE_CURVE_WITH_KNOTS ( 'NONE', 3,
 ( #5822, #7159, #1952, #5186, #3943, #4491, #7037, #6498, #5864, #74, #5145, #1453, #152, #7695, #2698, #1993, #3324, #7735, #4570, #5229 ),
 .UNSPECIFIED., .F., .F.,
 ( 4, 1, 1, 1, 1, 1, 1, 1, 1, 1, 1, 1, 1, 1, 1, 1, 1, 4 ),
 ( 0.000000000000000000, 0.09375000000000001388, 0.1171875000000000000, 0.1328125000000000000, 0.1484375000000047462, 0.1562500000000007494, 0.1718750000000026923, 0.1874999999999977240, 0.2109375000000000000, 0.2421875000000067168, 0.2734375000000000000, 0.3125000000000000000, 0.3437500000000000000, 0.3671874999999999445, 0.3984375000000000000, 0.4296875000000000000, 0.4609375000000001665, 0.5000000000000000000 ),
 .UNSPECIFIED. ) ;
#6110 = EDGE_LOOP ( 'NONE', ( #2498, #7935, #5532, #6822 ) ) ;
#6111 = CARTESIAN_POINT ( 'NONE',  ( 2.499390839117278329, 11.49427392629251088, 1.587499999999999911 ) ) ;
#6112 = LINE ( 'NONE', #2359, #4004 ) ;
#6113 = CARTESIAN_POINT ( 'NONE',  ( 2.551088272595281037, 13.47269945004986980, 8.631000000000000227 ) ) ;
#6114 = FACE_OUTER_BOUND ( 'NONE', #3143, .T. ) ;
#6115 = VERTEX_POINT ( 'NONE', #7542 ) ;
#6116 = VERTEX_POINT ( 'NONE', #7420 ) ;
#6117 = EDGE_CURVE ( 'NONE', #5990, #782, #1930, .T. ) ;
#6118 = EDGE_LOOP ( 'NONE', ( #5236, #2981, #3241, #4793, #4055, #3423 ) ) ;
#6119 = B_SPLINE_CURVE_WITH_KNOTS ( 'NONE', 3,
 ( #6585, #2790, #2959, #5399, #7294, #288, #885, #3454, #4787, #7990, #5484, #5319, #4708, #2290, #1004, #1045, #7375, #2914, #1666, #1625, #4747, #6129, #2836, #332, #7907, #1543, #4120, #4080, #7336, #3499 ),
 .UNSPECIFIED., .F., .F.,
 ( 4, 2, 2, 2, 2, 2, 2, 2, 2, 2, 2, 2, 2, 2, 4 ),
 ( 0.000000000000000000, 0.0002902416221505976432, 0.0005804832443011952864, 0.0008707248664517929296, 0.001160966488602390573, 0.001741449732903585209, 0.002321932977204779844, 0.002612174599355376620, 0.002902416221505972962, 0.003192657843656569738, 0.003482899465807166080, 0.003773141087957763290, 0.004063382710108360066, 0.004353624332258955974, 0.004643865954409552750 ),
 .UNSPECIFIED. ) ;
#6120 = DIRECTION ( 'NONE',  ( 0.9371590407833582104, -0.3489024681454915844, -0.000000000000000000 ) ) ;
#6121 = CARTESIAN_POINT ( 'NONE',  ( -15.07311084845871108, -1.246108911772248140, -7.318099999999999383 ) ) ;
#6122 = CARTESIAN_POINT ( 'NONE',  ( -0.9244265028588751765, -5.928496620891634983, 6.528301515473279970 ) ) ;
#6123 = CARTESIAN_POINT ( 'NONE',  ( -10.36693721385772093, -17.66121891534364252, -15.44910000000000139 ) ) ;
#6124 = CARTESIAN_POINT ( 'NONE',  ( 0.4802552723118781453, -1.925382822724262422, -1.949099999999967636 ) ) ;
#6125 = CARTESIAN_POINT ( 'NONE',  ( 9.876660722348544752, -12.55885045745033857, 11.05600000000000271 ) ) ;
#6126 = ORIENTED_EDGE ( 'NONE', *, *, #3431, .F. ) ;
#6127 = FACE_OUTER_BOUND ( 'NONE', #7983, .T. ) ;
#6128 = CARTESIAN_POINT ( 'NONE',  ( -12.18286257524237115, -12.99323609685825431, -8.112607939720613004 ) ) ;
#6129 = CARTESIAN_POINT ( 'NONE',  ( 3.438370900435082422, 4.917613094173372446, 5.082280236505054560 ) ) ;
#6130 = CARTESIAN_POINT ( 'NONE',  ( -1.965062139854503842, 6.206607571603671936, 0.000000000000000000 ) ) ;
#6131 = CARTESIAN_POINT ( 'NONE',  ( -34.34269062145452267, 4.697388634174215483, 8.630999999999994898 ) ) ;
#6132 = CARTESIAN_POINT ( 'NONE',  ( 0.3806793846580737162, -16.23688503106220438, -12.77410000000000068 ) ) ;
#6133 = CARTESIAN_POINT ( 'NONE',  ( 3.034299951601164391, -10.69440557877959463, 11.80600000000000094 ) ) ;
#6134 = CARTESIAN_POINT ( 'NONE',  ( -10.69595452903907606, -15.18652511254910920, 1.587499999999999911 ) ) ;
#6135 = ORIENTED_EDGE ( 'NONE', *, *, #1350, .F. ) ;
#6136 = VERTEX_POINT ( 'NONE', #502 ) ;
#6137 = LINE ( 'NONE', #1590, #2029 ) ;
#6138 = DIRECTION ( 'NONE',  ( 0.000000000000000000, 0.000000000000000000, -1.000000000000000000 ) ) ;
#6139 = EDGE_CURVE ( 'NONE', #1915, #2986, #4319, .T. ) ;
#6140 = CARTESIAN_POINT ( 'NONE',  ( 6.207791566545113326, 6.771266805357639917, -8.905599999728858407 ) ) ;
#6141 = ORIENTED_EDGE ( 'NONE', *, *, #2958, .F. ) ;
#6142 = CIRCLE ( 'NONE', #6403, 0.6499999999999991340 ) ;
#6143 = DIRECTION ( 'NONE',  ( -0.9247449542209308371, -0.3805874007937316561, 0.000000000000000000 ) ) ;
#6144 = CARTESIAN_POINT ( 'NONE',  ( -10.52473805582482669, -10.44028279238031764, 14.98100000000000520 ) ) ;
#6145 = CARTESIAN_POINT ( 'NONE',  ( -12.27122387953898652, -4.524822891209272058, 3.174999999999999822 ) ) ;
#6146 = CARTESIAN_POINT ( 'NONE',  ( 7.218452541741939399, 16.14794757257522662, -10.13164371703384958 ) ) ;
#6147 = CARTESIAN_POINT ( 'NONE',  ( -8.184316070315901470, -9.429466381432716204, 12.55599999790798371 ) ) ;
#6148 = CARTESIAN_POINT ( 'NONE',  ( -8.298894287761394040, -18.80787753779909721, -8.905600000000001515 ) ) ;
#6149 = ORIENTED_EDGE ( 'NONE', *, *, #6961, .T. ) ;
#6150 = CIRCLE ( 'NONE', #5608, 1.984375000000000000 ) ;
#6151 = CARTESIAN_POINT ( 'NONE',  ( -10.08501403709840005, -17.84847424247017855, -8.905600000000001515 ) ) ;
#6152 = ORIENTED_EDGE ( 'NONE', *, *, #3859, .T. ) ;
#6153 = CARTESIAN_POINT ( 'NONE',  ( 17.21994782483924880, 8.021164140500950168, 1.587499999999999911 ) ) ;
#6154 = LINE ( 'NONE', #1154, #8145 ) ;
#6155 = LINE ( 'NONE', #444, #7694 ) ;
#6156 = FACE_OUTER_BOUND ( 'NONE', #6456, .T. ) ;
#6157 = DIRECTION ( 'NONE',  ( 0.3805874007937319892, -0.9247449542209306150, 0.000000000000000000 ) ) ;
#6158 = AXIS2_PLACEMENT_3D ( 'NONE', #7412, #2369, #2455 ) ;
#6159 = VERTEX_POINT ( 'NONE', #5570 ) ;
#6160 = EDGE_LOOP ( 'NONE', ( #2340, #1513, #5843, #5425 ) ) ;
#6161 = CARTESIAN_POINT ( 'NONE',  ( -13.29338258890768465, -6.451318146932627506, 8.631000000000000227 ) ) ;
#6162 = CARTESIAN_POINT ( 'NONE',  ( -13.97186840969330035, -8.080783377854814375, -7.318099999999999383 ) ) ;
#6163 = CARTESIAN_POINT ( 'NONE',  ( 0.7246214895798157585, -5.959218129983519852, 7.441796155252987433 ) ) ;
#6164 = CARTESIAN_POINT ( 'NONE',  ( 2.500000000000000000, 0.000000000000000000, 1.256000000000000671 ) ) ;
#6165 = CARTESIAN_POINT ( 'NONE',  ( -12.33778161821445707, -11.58641719193682107, -5.730599999999998140 ) ) ;
#6166 = CARTESIAN_POINT ( 'NONE',  ( -6.520390359068784392, -9.826977670270796494, 12.55599999790798371 ) ) ;
#6167 = ORIENTED_EDGE ( 'NONE', *, *, #6270, .T. ) ;
#6168 =( BOUNDED_SURFACE ( )  B_SPLINE_SURFACE ( 3, 3, ( 
 ( #3313, #5899, #5259, #3356, #5852, #2770, #3436, #7886, #775, #182, #2730, #263, #138, #4644, #7805, #2686, #4686, #5217, #4559, #4600, #7147, #7843, #1403, #943, #1441, #7232, #3971, #6487, #5300, #1524, #2150, #2189, #3475, #4726, #2108, #5341, #2813, #863, #6526, #223, #4057, #7275, #3398, #817, #4100, #7188, #6608, #905, #6650, #1482, #4014, #5982, #6566, #6025, #2855, #7106, #312, #7723, #2021, #5945, #3931, #4425, #3761, #7516, #7969, #3799 ),
 ( #3098, #6311, #6229, #1847, #4384, #5419, #4812, #639, #1268, #6067, #3524, #6972, #6890, #6352, #5005, #4188, #1806, #6926, #5629, #8181, #5583, #5380, #1888, #2474, #1226, #2271, #7928, #7553, #357, #4346, #985, #3678, #3056, #1028, #2895, #557, #597, #5672, #6692, #514, #8138, #3138, #7358, #2435, #4967, #1648, #8218, #6733, #2230, #1186, #3718, #2513, #7316, #4766, #6267, #5045, #7592, #4142, #1602, #125, #5836, #5879, #4625, #3338, #6433, #801 ),
 ( #3916, #6473, #6389, #1389, #720, #3297, #677, #2587, #7748, #5242, #1343, #1964, #1465, #7171, #762, #86, #163, #3257, #5083, #4502, #5792, #3175, #3880, #5118, #1929, #1306, #7009, #2048, #2667, #7048, #5200, #3996, #3212, #4584, #3838, #4464, #7129, #1427, #3956, #2712, #6550, #7787, #2629, #2089, #6510, #4540, #5752, #5711, #8, #49, #2551, #5159, #7625, #7667, #7706, #2002, #7090, #7252, #7867, #7377, #2293, #1585, #6007, #1006, #4082, #2756 ),
 ( #7339, #5363, #7830, #3546, #6050, #2211, #4789, #6673, #4668, #6627, #378, #4749, #244, #5442, #3419, #334, #2876, #1627, #1509, #2131, #4123, #7909, #968, #4208, #205, #4164, #6715, #3501, #1545, #7296, #7992, #6090, #2838, #5965, #1668, #887, #2916, #7212, #7947, #5283, #5401, #4830, #2792, #2252, #5924, #4036, #843, #3381, #6587, #5321, #2174, #4710, #926, #3456, #290, #4996, #1838, #8127, #1752, #1134, #6302, #1798, #7544, #5618, #3669, #7422 ),
 ( #4909, #4292, #2380, #4871, #4336, #2463, #6919, #8039, #7461, #6841, #4374, #2334, #6220, #504, #1707, #3709, #4250, #3589, #6797, #1090, #6882, #421, #8210, #1177, #5036, #6259, #3045, #3088, #2505, #3002, #2961, #5528, #5573, #3631, #548, #1879, #1216, #2423, #5487, #3752, #8172, #4953, #588, #3127, #6175, #7505, #5660, #7582, #461, #6758, #8081, #1047, #6131, #5189, #5073, #5702, #5147, #712, #7697, #7776, #3789, #7737, #2036, #7080, #2579, #76 ),
 ( #6998, #2700, #4454, #6500, #8245, #3286, #6340, #6421, #5867, #1298, #2619, #1259, #2541, #1994, #3326, #3908, #4532, #1378, #6463, #5108, #752, #1416, #2657, #4572, #5783, #7656, #7039, #3945, #5824, #7119, #113, #1334, #7617, #3202, #1920, #789, #3829, #6380, #666, #5742, #40, #154, #1954, #5231, #4416, #6962, #627, #3166, #4493, #3869, #3247, #5311, #7326, #2906, #6539, #4698, #1616, #2162, #4155, #7285, #7898, #3447, #6040, #5955, #3535, #6618 ),
 ( #7857, #7939, #2866, #5994, #4656, #2826, #5353, #5272, #279, #7242, #2201, #7819, #1496, #998, #1575, #4111, #1455, #4738, #2240, #915, #7200, #1535, #6662, #958, #4025, #233, #2743, #3490, #322, #6577, #4069, #5913, #2121, #5390, #4778, #2781, #6704, #6080, #875, #3408, #5431, #367, #2078, #194, #4614, #7161, #3984, #831, #3370, #4282, #6870, #2412, #7495, #2370, #1207, #3738, #1788, #3701, #2324, #1658, #5610, #5476, #1124, #409, #5518, #3660 ) ),
 .UNSPECIFIED., .T., .T., .T. ) 
 B_SPLINE_SURFACE_WITH_KNOTS ( ( 4, 3, 4 ),
 ( 4, 2, 2, 2, 2, 2, 2, 2, 2, 2, 2, 2, 2, 2, 2, 2, 2, 2, 2, 2, 2, 2, 2, 2, 2, 2, 2, 2, 2, 2, 2, 2, 4 ),
 ( 0.000000000000000000, 0.5000000000000000000, 1.000000000000000000 ),
 ( 0.000000000000000000, 0.008602279888498043370, 0.03594602988850257447, 0.06328977988850710557, 0.08086790488850542635, 0.09844602988850373326, 0.1336022798885003748, 0.1609460298885003193, 0.1746179048885002916, 0.1882897798885002638, 0.2195397798885003193, 0.2507897798885003748, 0.2859460298884995977, 0.3211022798884988205, 0.3523522798884995977, 0.3836022798885003748, 0.4265710298885028173, 0.4695397798885052598, 0.4968835298885041496, 0.5242272798885030394, 0.5789147798885007079, 0.6101647798884999307, 0.6414147798884992646, 0.6638757173884992646, 0.6863366548884991536, 0.7312585298884990426, 0.8211022798884987095, 0.9148522798885003748, 0.9285241548885014851, 0.9421960298885027063, 0.9558679048885039276, 0.9695397798885050378, 1.000000000000000000 ),
 .UNSPECIFIED. ) 
 GEOMETRIC_REPRESENTATION_ITEM ( )  RATIONAL_B_SPLINE_SURFACE ( (
 ( 1.000000000000000000, 1.000000000000000000, 1.000000000000000000, 1.000000000000000000, 1.000000000000000000, 1.000000000000000000, 1.000000000000000000, 1.000000000000000000, 1.000000000000000000, 1.000000000000000000, 1.000000000000000000, 1.000000000000000000, 1.000000000000000000, 1.000000000000000000, 1.000000000000000000, 1.000000000000000000, 1.000000000000000000, 1.000000000000000000, 1.000000000000000000, 1.000000000000000000, 1.000000000000000000, 1.000000000000000000, 1.000000000000000000, 1.000000000000000000, 1.000000000000000000, 1.000000000000000000, 1.000000000000000000, 1.000000000000000000, 1.000000000000000000, 1.000000000000000000, 1.000000000000000000, 1.000000000000000000, 1.000000000000000000, 1.000000000000000000, 1.000000000000000000, 1.000000000000000000, 1.000000000000000000, 1.000000000000000000, 1.000000000000000000, 1.000000000000000000, 1.000000000000000000, 1.000000000000000000, 1.000000000000000000, 1.000000000000000000, 1.000000000000000000, 1.000000000000000000, 1.000000000000000000, 1.000000000000000000, 1.000000000000000000, 1.000000000000000000, 1.000000000000000000, 1.000000000000000000, 1.000000000000000000, 1.000000000000000000, 1.000000000000000000, 1.000000000000000000, 1.000000000000000000, 1.000000000000000000, 1.000000000000000000, 1.000000000000000000, 1.000000000000000000, 1.000000000000000000, 1.000000000000000000, 1.000000000000000000, 1.000000000000000000, 1.000000000000000000),
 ( 0.3333333333333333703, 0.3333333333333333703, 0.3333333333333333703, 0.3333333333333333703, 0.3333333333333333703, 0.3333333333333333703, 0.3333333333333333703, 0.3333333333333333703, 0.3333333333333333703, 0.3333333333333333703, 0.3333333333333333703, 0.3333333333333333703, 0.3333333333333333703, 0.3333333333333333703, 0.3333333333333333703, 0.3333333333333333703, 0.3333333333333333703, 0.3333333333333333703, 0.3333333333333333703, 0.3333333333333333703, 0.3333333333333333703, 0.3333333333333333703, 0.3333333333333333703, 0.3333333333333333703, 0.3333333333333333703, 0.3333333333333333703, 0.3333333333333333703, 0.3333333333333333703, 0.3333333333333333703, 0.3333333333333333703, 0.3333333333333333703, 0.3333333333333333703, 0.3333333333333333703, 0.3333333333333333703, 0.3333333333333333703, 0.3333333333333333703, 0.3333333333333333703, 0.3333333333333333703, 0.3333333333333333703, 0.3333333333333333703, 0.3333333333333333703, 0.3333333333333333703, 0.3333333333333333703, 0.3333333333333333703, 0.3333333333333333703, 0.3333333333333333703, 0.3333333333333333703, 0.3333333333333333703, 0.3333333333333333703, 0.3333333333333333703, 0.3333333333333333703, 0.3333333333333333703, 0.3333333333333333703, 0.3333333333333333703, 0.3333333333333333703, 0.3333333333333333703, 0.3333333333333333703, 0.3333333333333333703, 0.3333333333333333703, 0.3333333333333333703, 0.3333333333333333703, 0.3333333333333333703, 0.3333333333333333703, 0.3333333333333333703, 0.3333333333333333703, 0.3333333333333333703),
 ( 0.3333333333333333703, 0.3333333333333333703, 0.3333333333333333703, 0.3333333333333333703, 0.3333333333333333703, 0.3333333333333333703, 0.3333333333333333703, 0.3333333333333333703, 0.3333333333333333703, 0.3333333333333333703, 0.3333333333333333703, 0.3333333333333333703, 0.3333333333333333703, 0.3333333333333333703, 0.3333333333333333703, 0.3333333333333333703, 0.3333333333333333703, 0.3333333333333333703, 0.3333333333333333703, 0.3333333333333333703, 0.3333333333333333703, 0.3333333333333333703, 0.3333333333333333703, 0.3333333333333333703, 0.3333333333333333703, 0.3333333333333333703, 0.3333333333333333703, 0.3333333333333333703, 0.3333333333333333703, 0.3333333333333333703, 0.3333333333333333703, 0.3333333333333333703, 0.3333333333333333703, 0.3333333333333333703, 0.3333333333333333703, 0.3333333333333333703, 0.3333333333333333703, 0.3333333333333333703, 0.3333333333333333703, 0.3333333333333333703, 0.3333333333333333703, 0.3333333333333333703, 0.3333333333333333703, 0.3333333333333333703, 0.3333333333333333703, 0.3333333333333333703, 0.3333333333333333703, 0.3333333333333333703, 0.3333333333333333703, 0.3333333333333333703, 0.3333333333333333703, 0.3333333333333333703, 0.3333333333333333703, 0.3333333333333333703, 0.3333333333333333703, 0.3333333333333333703, 0.3333333333333333703, 0.3333333333333333703, 0.3333333333333333703, 0.3333333333333333703, 0.3333333333333333703, 0.3333333333333333703, 0.3333333333333333703, 0.3333333333333333703, 0.3333333333333333703, 0.3333333333333333703),
 ( 1.000000000000000000, 1.000000000000000000, 1.000000000000000000, 1.000000000000000000, 1.000000000000000000, 1.000000000000000000, 1.000000000000000000, 1.000000000000000000, 1.000000000000000000, 1.000000000000000000, 1.000000000000000000, 1.000000000000000000, 1.000000000000000000, 1.000000000000000000, 1.000000000000000000, 1.000000000000000000, 1.000000000000000000, 1.000000000000000000, 1.000000000000000000, 1.000000000000000000, 1.000000000000000000, 1.000000000000000000, 1.000000000000000000, 1.000000000000000000, 1.000000000000000000, 1.000000000000000000, 1.000000000000000000, 1.000000000000000000, 1.000000000000000000, 1.000000000000000000, 1.000000000000000000, 1.000000000000000000, 1.000000000000000000, 1.000000000000000000, 1.000000000000000000, 1.000000000000000000, 1.000000000000000000, 1.000000000000000000, 1.000000000000000000, 1.000000000000000000, 1.000000000000000000, 1.000000000000000000, 1.000000000000000000, 1.000000000000000000, 1.000000000000000000, 1.000000000000000000, 1.000000000000000000, 1.000000000000000000, 1.000000000000000000, 1.000000000000000000, 1.000000000000000000, 1.000000000000000000, 1.000000000000000000, 1.000000000000000000, 1.000000000000000000, 1.000000000000000000, 1.000000000000000000, 1.000000000000000000, 1.000000000000000000, 1.000000000000000000, 1.000000000000000000, 1.000000000000000000, 1.000000000000000000, 1.000000000000000000, 1.000000000000000000, 1.000000000000000000),
 ( 0.3333333333333333703, 0.3333333333333333703, 0.3333333333333333703, 0.3333333333333333703, 0.3333333333333333703, 0.3333333333333333703, 0.3333333333333333703, 0.3333333333333333703, 0.3333333333333333703, 0.3333333333333333703, 0.3333333333333333703, 0.3333333333333333703, 0.3333333333333333703, 0.3333333333333333703, 0.3333333333333333703, 0.3333333333333333703, 0.3333333333333333703, 0.3333333333333333703, 0.3333333333333333703, 0.3333333333333333703, 0.3333333333333333703, 0.3333333333333333703, 0.3333333333333333703, 0.3333333333333333703, 0.3333333333333333703, 0.3333333333333333703, 0.3333333333333333703, 0.3333333333333333703, 0.3333333333333333703, 0.3333333333333333703, 0.3333333333333333703, 0.3333333333333333703, 0.3333333333333333703, 0.3333333333333333703, 0.3333333333333333703, 0.3333333333333333703, 0.3333333333333333703, 0.3333333333333333703, 0.3333333333333333703, 0.3333333333333333703, 0.3333333333333333703, 0.3333333333333333703, 0.3333333333333333703, 0.3333333333333333703, 0.3333333333333333703, 0.3333333333333333703, 0.3333333333333333703, 0.3333333333333333703, 0.3333333333333333703, 0.3333333333333333703, 0.3333333333333333703, 0.3333333333333333703, 0.3333333333333333703, 0.3333333333333333703, 0.3333333333333333703, 0.3333333333333333703, 0.3333333333333333703, 0.3333333333333333703, 0.3333333333333333703, 0.3333333333333333703, 0.3333333333333333703, 0.3333333333333333703, 0.3333333333333333703, 0.3333333333333333703, 0.3333333333333333703, 0.3333333333333333703),
 ( 0.3333333333333333703, 0.3333333333333333703, 0.3333333333333333703, 0.3333333333333333703, 0.3333333333333333703, 0.3333333333333333703, 0.3333333333333333703, 0.3333333333333333703, 0.3333333333333333703, 0.3333333333333333703, 0.3333333333333333703, 0.3333333333333333703, 0.3333333333333333703, 0.3333333333333333703, 0.3333333333333333703, 0.3333333333333333703, 0.3333333333333333703, 0.3333333333333333703, 0.3333333333333333703, 0.3333333333333333703, 0.3333333333333333703, 0.3333333333333333703, 0.3333333333333333703, 0.3333333333333333703, 0.3333333333333333703, 0.3333333333333333703, 0.3333333333333333703, 0.3333333333333333703, 0.3333333333333333703, 0.3333333333333333703, 0.3333333333333333703, 0.3333333333333333703, 0.3333333333333333703, 0.3333333333333333703, 0.3333333333333333703, 0.3333333333333333703, 0.3333333333333333703, 0.3333333333333333703, 0.3333333333333333703, 0.3333333333333333703, 0.3333333333333333703, 0.3333333333333333703, 0.3333333333333333703, 0.3333333333333333703, 0.3333333333333333703, 0.3333333333333333703, 0.3333333333333333703, 0.3333333333333333703, 0.3333333333333333703, 0.3333333333333333703, 0.3333333333333333703, 0.3333333333333333703, 0.3333333333333333703, 0.3333333333333333703, 0.3333333333333333703, 0.3333333333333333703, 0.3333333333333333703, 0.3333333333333333703, 0.3333333333333333703, 0.3333333333333333703, 0.3333333333333333703, 0.3333333333333333703, 0.3333333333333333703, 0.3333333333333333703, 0.3333333333333333703, 0.3333333333333333703),
 ( 1.000000000000000000, 1.000000000000000000, 1.000000000000000000, 1.000000000000000000, 1.000000000000000000, 1.000000000000000000, 1.000000000000000000, 1.000000000000000000, 1.000000000000000000, 1.000000000000000000, 1.000000000000000000, 1.000000000000000000, 1.000000000000000000, 1.000000000000000000, 1.000000000000000000, 1.000000000000000000, 1.000000000000000000, 1.000000000000000000, 1.000000000000000000, 1.000000000000000000, 1.000000000000000000, 1.000000000000000000, 1.000000000000000000, 1.000000000000000000, 1.000000000000000000, 1.000000000000000000, 1.000000000000000000, 1.000000000000000000, 1.000000000000000000, 1.000000000000000000, 1.000000000000000000, 1.000000000000000000, 1.000000000000000000, 1.000000000000000000, 1.000000000000000000, 1.000000000000000000, 1.000000000000000000, 1.000000000000000000, 1.000000000000000000, 1.000000000000000000, 1.000000000000000000, 1.000000000000000000, 1.000000000000000000, 1.000000000000000000, 1.000000000000000000, 1.000000000000000000, 1.000000000000000000, 1.000000000000000000, 1.000000000000000000, 1.000000000000000000, 1.000000000000000000, 1.000000000000000000, 1.000000000000000000, 1.000000000000000000, 1.000000000000000000, 1.000000000000000000, 1.000000000000000000, 1.000000000000000000, 1.000000000000000000, 1.000000000000000000, 1.000000000000000000, 1.000000000000000000, 1.000000000000000000, 1.000000000000000000, 1.000000000000000000, 1.000000000000000000) ) ) 
 REPRESENTATION_ITEM ( '' )  SURFACE ( )  );
#6169 = CARTESIAN_POINT ( 'NONE',  ( 3.097192760286754165, 7.978681073701757498, -8.905599999999999739 ) ) ;
#6170 = DIRECTION ( 'NONE',  ( 0.000000000000000000, 0.000000000000000000, 1.000000000000000000 ) ) ;
#6171 = ADVANCED_FACE ( 'NONE', ( #4414 ), #6959, .T. ) ;
#6172 = CARTESIAN_POINT ( 'NONE',  ( 9.652883928318475526, 14.68731671916626524, 5.860355483493680850 ) ) ;
#6173 = CARTESIAN_POINT ( 'NONE',  ( -15.05362860479056586, -0.5226788800019546155, -5.730599999999993699 ) ) ;
#6174 =( BOUNDED_SURFACE ( )  B_SPLINE_SURFACE ( 3, 3, ( 
 ( #2850, #1560, #5296, #4094 ),
 ( #1019, #7353, #6771, #2226 ),
 ( #5335, #4180, #218, #1520 ),
 ( #3430, #4761, #2185, #6643 ),
 ( #5376, #2265, #6061, #6688 ),
 ( #2305, #2143, #1641, #4051 ),
 ( #901, #7311, #1597, #391 ) ),
 .UNSPECIFIED., .F., .F., .T. ) 
 B_SPLINE_SURFACE_WITH_KNOTS ( ( 4, 3, 4 ),
 ( 4, 4 ),
 ( 0.000000000000000000, 1.000000000000000000, 1.010000000000000009 ),
 ( 0.000000000000000000, 1.000000000000000000 ),
 .UNSPECIFIED. ) 
 GEOMETRIC_REPRESENTATION_ITEM ( )  RATIONAL_B_SPLINE_SURFACE ( (
 ( 1.000000000000000000, 0.7137727214797360276, 0.7137727214797360276, 1.000000000000000000),
 ( 0.8047378541243648264, 0.5743999282161107445, 0.5743999282161107445, 0.8047378541243648264),
 ( 0.8047378541243648264, 0.5743999282161107445, 0.5743999282161107445, 0.8047378541243648264),
 ( 1.000000000000000000, 0.7137727214797360276, 0.7137727214797360276, 1.000000000000000000),
 ( 1.000000000000000000, 0.7137727214797360276, 0.7137727214797360276, 1.000000000000000000),
 ( 1.000000000000000000, 0.7137727214797360276, 0.7137727214797360276, 1.000000000000000000),
 ( 1.000000000000000000, 0.7137727214797360276, 0.7137727214797360276, 1.000000000000000000) ) ) 
 REPRESENTATION_ITEM ( '' )  SURFACE ( )  );
#6175 = CARTESIAN_POINT ( 'NONE',  ( -42.95525717008185751, 27.44897564401927070, 8.630999999999989569 ) ) ;
#6176 = CARTESIAN_POINT ( 'NONE',  ( 0.01503851390308443697, -3.174964384540334805, -9.760321821671682940 ) ) ;
#6177 = CARTESIAN_POINT ( 'NONE',  ( 25.01005285694785130, 0.8374367091044628841, 11.80600000000000094 ) ) ;
#6178 = EDGE_CURVE ( 'NONE', #1339, #4937, #837, .T. ) ;
#6179 = B_SPLINE_CURVE_WITH_KNOTS ( 'NONE', 3,
 ( #8227, #3727, #606, #5717, #6238, #3147, #5051, #2446 ),
 .UNSPECIFIED., .F., .F.,
 ( 4, 1, 1, 1, 1, 4 ),
 ( 0.3591133529189384221, 0.3671874999999999445, 0.3984375000000000000, 0.4296875000000000000, 0.4609375000000001665, 0.5000000000000000000 ),
 .UNSPECIFIED. ) ;
#6180 = CARTESIAN_POINT ( 'NONE',  ( 18.86402282299834710, -0.9952720431907391418, -7.318099999999999383 ) ) ;
#6181 = ORIENTED_EDGE ( 'NONE', *, *, #3518, .T. ) ;
#6182 = ORIENTED_EDGE ( 'NONE', *, *, #8069, .F. ) ;
#6183 = CARTESIAN_POINT ( 'NONE',  ( -7.139688768580557010, 9.184898826891243928, -7.318099999999999383 ) ) ;
#6184 = CARTESIAN_POINT ( 'NONE',  ( 19.30136538586410566, 2.486910886431538348, 0.000000000000000000 ) ) ;
#6185 = CARTESIAN_POINT ( 'NONE',  ( -9.241092983777972947, -7.499477390495465023, 11.59777937909162837 ) ) ;
#6186 = CARTESIAN_POINT ( 'NONE',  ( 5.368521280657216010, 12.90997370325365345, 1.587499999999999911 ) ) ;
#6187 = CARTESIAN_POINT ( 'NONE',  ( -5.273267697204471638, -11.77842311985290813, 14.98100000000000520 ) ) ;
#6188 = CARTESIAN_POINT ( 'NONE',  ( 8.886704925143954270, 15.59690397709538523, -11.31338366714302168 ) ) ;
#6189 = EDGE_CURVE ( 'NONE', #7850, #4255, #3413, .T. ) ;
#6190 = CARTESIAN_POINT ( 'NONE',  ( -16.66874587210071468, -1.737183387894205122, -8.905599999999997962 ) ) ;
#6191 = ORIENTED_EDGE ( 'NONE', *, *, #6727, .T. ) ;
#6192 = CARTESIAN_POINT ( 'NONE',  ( 4.565458968152779740, -12.74065375098223285, 13.39349999983421569 ) ) ;
#6193 = EDGE_CURVE ( 'NONE', #574, #7611, #3245, .T. ) ;
#6194 = CARTESIAN_POINT ( 'NONE',  ( 17.21994782483924880, 8.021164140500950168, 2.517435969732711776 ) ) ;
#6195 = FACE_OUTER_BOUND ( 'NONE', #3723, .T. ) ;
#6196 = CARTESIAN_POINT ( 'NONE',  ( 16.56184815283848621, 11.32367155639641432, 8.631000000000000227 ) ) ;
#6197 = PLANE ( 'NONE',  #4286 ) ;
#6198 = CARTESIAN_POINT ( 'NONE',  ( 19.00204440975599951, 3.936513636352595658, -5.730599999999999028 ) ) ;
#6199 = VECTOR ( 'NONE', #3514, 1000.000000000000000 ) ;
#6200 = CARTESIAN_POINT ( 'NONE',  ( 12.74199028092941788, -16.33159447792379382, 11.80599999999961547 ) ) ;
#6201 = ORIENTED_EDGE ( 'NONE', *, *, #44, .T. ) ;
#6202 = EDGE_CURVE ( 'NONE', #1531, #2547, #7117, .T. ) ;
#6203 = ORIENTED_EDGE ( 'NONE', *, *, #1235, .F. ) ;
#6204 = VERTEX_POINT ( 'NONE', #664 ) ;
#6205 = CARTESIAN_POINT ( 'NONE',  ( -11.51961056268199002, -3.391863894924190603, 8.631000000000000227 ) ) ;
#6206 = CIRCLE ( 'NONE', #7789, 1.984375000000000000 ) ;
#6207 = CARTESIAN_POINT ( 'NONE',  ( -14.94984990498404720, 0.4166052085570460806, -7.318099999999999383 ) ) ;
#6208 = CARTESIAN_POINT ( 'NONE',  ( -8.075756382246241927, -18.89114725270801642, -15.44909999999999961 ) ) ;
#6209 = CARTESIAN_POINT ( 'NONE',  ( -3.852868218153464586, -10.51820357379661175, 11.05600000209201994 ) ) ;
#6210 = CARTESIAN_POINT ( 'NONE',  ( -8.936074138464071837, -16.70880768400465399, 1.575704746495880881 ) ) ;
#6211 = ORIENTED_EDGE ( 'NONE', *, *, #1662, .T. ) ;
#6212 = CARTESIAN_POINT ( 'NONE',  ( -10.60288352446186622, -4.877117477416113012, 0.000000000000000000 ) ) ;
#6213 = CARTESIAN_POINT ( 'NONE',  ( -4.780802112644048307, 2.631287380859118841, 0.000000000000000000 ) ) ;
#6214 = EDGE_CURVE ( 'NONE', #4607, #3636, #2577, .T. ) ;
#6215 = B_SPLINE_CURVE_WITH_KNOTS ( 'NONE', 3,
 ( #111, #37, #787, #6419, #5106, #5911, #2655, #3906, #3284, #1917 ),
 .UNSPECIFIED., .F., .F.,
 ( 4, 1, 1, 1, 1, 1, 1, 4 ),
 ( 0.000000000000000000, 0.1250000000000000000, 0.2500000000000000000, 0.5000000000000000000, 0.6250000000000000000, 0.7500000000000000000, 0.8750000000000000000, 1.000000000000000000 ),
 .UNSPECIFIED. ) ;
#6216 = VECTOR ( 'NONE', #6549, 1000.000000000000114 ) ;
#6217 = CARTESIAN_POINT ( 'NONE',  ( -11.64005917702012383, -13.71557504678705719, -7.318099999999999383 ) ) ;
#6218 = CARTESIAN_POINT ( 'NONE',  ( -4.922295945821538510, 9.206671115927083093, -5.730600000000002581 ) ) ;
#6219 = AXIS2_PLACEMENT_3D ( 'NONE', #501, #4827, #3585 ) ;
#6220 = CARTESIAN_POINT ( 'NONE',  ( 23.80368188292203513, -9.445347389392313886, 8.631000000000000227 ) ) ;
#6221 = CARTESIAN_POINT ( 'NONE',  ( -0.7964032722605628445, -5.947191367509096160, 5.312294081805541524 ) ) ;
#6222 = CARTESIAN_POINT ( 'NONE',  ( -14.69498572060063601, 32.80257204133727100, 11.80599999999999206 ) ) ;
#6223 = CARTESIAN_POINT ( 'NONE',  ( -7.995319230445771197, -17.21320990794778538, 1.587499999999999911 ) ) ;
#6224 = ORIENTED_EDGE ( 'NONE', *, *, #219, .F. ) ;
#6225 = ORIENTED_EDGE ( 'NONE', *, *, #1280, .T. ) ;
#6226 = ADVANCED_FACE ( 'NONE', ( #3368 ), #6378, .F. ) ;
#6227 = CARTESIAN_POINT ( 'NONE',  ( 0.01392726898469804492, 8.719453522961106984, 0.000000000000000000 ) ) ;
#6228 = CARTESIAN_POINT ( 'NONE',  ( 2.500000000000000000, 0.000000000000000000, 0.2560000000000005604 ) ) ;
#6229 = CARTESIAN_POINT ( 'NONE',  ( 3.313884498999439376, -14.05062876676627681, 14.98100000000006560 ) ) ;
#6230 = CARTESIAN_POINT ( 'NONE',  ( 23.80368188292203513, -9.445347389392313886, 14.98100000000000520 ) ) ;
#6231 = DIRECTION ( 'NONE',  ( -0.000000000000000000, -0.000000000000000000, -1.000000000000000000 ) ) ;
#6232 = CARTESIAN_POINT ( 'NONE',  ( 18.86402282299834710, -0.9952720431907391418, 0.000000000000000000 ) ) ;
#6233 = CARTESIAN_POINT ( 'NONE',  ( -11.41158442011775165, -14.14504739044597592, -8.248035969732711692 ) ) ;
#6234 = VERTEX_POINT ( 'NONE', #5740 ) ;
#6235 = CARTESIAN_POINT ( 'NONE',  ( -4.901673400653727697, -3.460288697973585847, 14.48100000000000165 ) ) ;
#6236 = CARTESIAN_POINT ( 'NONE',  ( 26.21613685041451092, 2.538123062335156721, 8.631000000000000227 ) ) ;
#6237 = DIRECTION ( 'NONE',  ( 0.000000000000000000, -0.000000000000000000, -1.000000000000000000 ) ) ;
#6238 = CARTESIAN_POINT ( 'NONE',  ( 23.33091368197174020, 13.91566868371786825, 14.98099999999999632 ) ) ;
#6239 = CARTESIAN_POINT ( 'NONE',  ( -9.801959106896667606, -16.06714690621811314, 0.000000000000000000 ) ) ;
#6240 = VECTOR ( 'NONE', #324, 1000.000000000000114 ) ;
#6241 = CARTESIAN_POINT ( 'NONE',  ( 1.226780418669875417, 32.16946954534166281, 11.80599999999999383 ) ) ;
#6242 = CARTESIAN_POINT ( 'NONE',  ( 7.753399129574218840, -13.58281354763943405, 10.21850000016612192 ) ) ;
#6243 = B_SPLINE_CURVE_WITH_KNOTS ( 'NONE', 3,
 ( #7680, #1978, #6807, #5004, #6266, #7431, #3055, #7515, #6889, #556, #4840, #1805, #6185, #1100, #5627, #4345, #1846, #5450, #3640, #3097, #7386, #2343, #3677, #4217, #3012, #7552 ),
 .UNSPECIFIED., .F., .F.,
 ( 4, 2, 2, 2, 2, 2, 2, 2, 2, 2, 2, 2, 4 ),
 ( 0.000000000000000000, 0.0003102742940175218407, 0.0006205485880350436814, 0.0009308228820525654137, 0.001241097176070087363, 0.001861645764105133646, 0.002482194352140180364, 0.002792468646157706107, 0.003102742940175231851, 0.003413017234192757595, 0.003723291528210282905, 0.004343840116245334393, 0.004964388704280385881 ),
 .UNSPECIFIED. ) ;
#6244 = EDGE_LOOP ( 'NONE', ( #8018, #1362, #3414, #1101, #7446, #695, #4298, #4226 ) ) ;
#6245 = ORIENTED_EDGE ( 'NONE', *, *, #6084, .T. ) ;
#6246 = CARTESIAN_POINT ( 'NONE',  ( 2.914358635773569794, 29.94036153015169432, 14.98099999999999277 ) ) ;
#6247 = EDGE_CURVE ( 'NONE', #3564, #2178, #1375, .T. ) ;
#6248 = CARTESIAN_POINT ( 'NONE',  ( -14.58480082940116418, 2.174848942770986948, -7.318099999999999383 ) ) ;
#6249 = DIRECTION ( 'NONE',  ( -1.000000000000000000, 0.000000000000000000, 0.000000000000000000 ) ) ;
#6250 = FACE_OUTER_BOUND ( 'NONE', #5776, .T. ) ;
#6251 = CARTESIAN_POINT ( 'NONE',  ( -10.82022814837418778, -5.253614673674402269, -5.730599999999998140 ) ) ;
#6252 = CARTESIAN_POINT ( 'NONE',  ( -3.852868218153464586, -10.51820357379661175, 12.55599999790798371 ) ) ;
#6253 = AXIS2_PLACEMENT_3D ( 'NONE', #2857, #2897, #4728 ) ;
#6254 = EDGE_CURVE ( 'NONE', #7246, #1199, #6215, .T. ) ;
#6255 = ORIENTED_EDGE ( 'NONE', *, *, #3207, .T. ) ;
#6256 = CARTESIAN_POINT ( 'NONE',  ( -13.41532077316924898, -9.448900658554427068, -5.730599999999998140 ) ) ;
#6257 = CARTESIAN_POINT ( 'NONE',  ( -11.98637146586493962, -12.92127957136805882, -7.318099999999999383 ) ) ;
#6258 = CARTESIAN_POINT ( 'NONE',  ( -2.385987311968688296, 5.672132697788751621, 0.000000000000000000 ) ) ;
#6259 = CARTESIAN_POINT ( 'NONE',  ( 16.68600726385845689, 20.15763671921128974, 8.631000000001376904 ) ) ;
#6260 = LINE ( 'NONE', #2381, #3352 ) ;
#6261 = CARTESIAN_POINT ( 'NONE',  ( -11.24625595282668300, -6.869833192725216975, 11.80600000000000094 ) ) ;
#6262 = DIRECTION ( 'NONE',  ( 0.6802860802513717164, 0.7329466890683279390, 0.000000000000000000 ) ) ;
#6263 = ORIENTED_EDGE ( 'NONE', *, *, #4804, .F. ) ;
#6264 = SURFACE_STYLE_FILL_AREA ( #1141 ) ;
#6265 = CARTESIAN_POINT ( 'NONE',  ( 1.466755042524039210, 10.52621844150207764, 0.000000000000000000 ) ) ;
#6266 = CARTESIAN_POINT ( 'NONE',  ( -9.543108841840268752, -8.532707031250041041, 10.29930767026956140 ) ) ;
#6267 = CARTESIAN_POINT ( 'NONE',  ( -19.71033619878172161, -7.218401743463203957, 14.98099999999982401 ) ) ;
#6268 = CARTESIAN_POINT ( 'NONE',  ( -7.829001583366465233, -11.15330637801602798, 14.98100000000000520 ) ) ;
#6269 = PLANE ( 'NONE',  #1675 ) ;
#6270 = EDGE_CURVE ( 'NONE', #6613, #5908, #1414, .T. ) ;
#6271 = CARTESIAN_POINT ( 'NONE',  ( -9.686739635327779041, -9.024083855329820381, 12.55599999790798371 ) ) ;
#6272 = CARTESIAN_POINT ( 'NONE',  ( -10.83613325224053270, -17.27292142887492687, -8.905600000000001515 ) ) ;
#6273 = EDGE_LOOP ( 'NONE', ( #4650, #3061, #4773, #2009 ) ) ;
#6274 = CARTESIAN_POINT ( 'NONE',  ( 0.000000000000000000, 0.000000000000000000, -15.47176309777416137 ) ) ;
#6275 = VECTOR ( 'NONE', #5890, 1000.000000000000000 ) ;
#6276 = CARTESIAN_POINT ( 'NONE',  ( 25.33973514159382034, 8.069949888297896834, 10.21850059711604786 ) ) ;
#6277 = VECTOR ( 'NONE', #6960, 1000.000000000000000 ) ;
#6278 = DIRECTION ( 'NONE',  ( -0.000000000000000000, 0.000000000000000000, -1.000000000000000000 ) ) ;
#6279 = FACE_OUTER_BOUND ( 'NONE', #6824, .T. ) ;
#6280 = CARTESIAN_POINT ( 'NONE',  ( -11.26624397905537833, -14.38126842802861916, 0.000000000000000000 ) ) ;
#6281 = CARTESIAN_POINT ( 'NONE',  ( 13.38164866021849875, 26.72609921577227965, 11.80599999999999383 ) ) ;
#6282 = VECTOR ( 'NONE', #3866, 1000.000000000000000 ) ;
#6283 = CARTESIAN_POINT ( 'NONE',  ( 9.538188002017227163, -14.02390432422313538, 10.21850000016612192 ) ) ;
#6284 =( BOUNDED_SURFACE ( )  B_SPLINE_SURFACE ( 3, 3, ( 
 ( #1376, #4995, #1918, #7543, #665, #1837, #4373, #1215, #788, #1415 ),
 ( #7775, #3944, #1495, #7241, #6499, #5352, #4655, #1454, #914, #3325 ),
 ( #7897, #2200, #2742, #5187, #2077, #4697, #1534, #3407, #3983, #153 ),
 ( #4068, #193, #5912, #1574, #830, #5271, #4737, #874, #5865, #278 ),
 ( #3369, #4613, #2699, #6617, #5230, #7160, #6661, #7818, #4110, #4571 ),
 ( #3446, #5993, #2825, #2161, #5310, #6538, #2120, #7199, #7284, #957 ),
 ( #4024, #5954, #232, #6576, #2780, #7856, #5823, #112, #2656, #7736 ) ),
 .UNSPECIFIED., .F., .F., .T. ) 
 B_SPLINE_SURFACE_WITH_KNOTS ( ( 4, 3, 4 ),
 ( 4, 2, 2, 2, 4 ),
 ( 0.000000000000000000, 0.5000000000000000000, 1.000000000000000000 ),
 ( 0.000000000000000000, 0.3312314344345015926, 0.5170122668105440189, 0.6979999127215934518, 1.000000000000000000 ),
 .UNSPECIFIED. ) 
 GEOMETRIC_REPRESENTATION_ITEM ( )  RATIONAL_B_SPLINE_SURFACE ( (
 ( 1.000000000000000000, 1.000000000000000000, 1.000000000000000000, 1.000000000000000000, 1.000000000000000000, 1.000000000000000000, 1.000000000000000000, 1.000000000000000000, 1.000000000000000000, 1.000000000000000000),
 ( 0.8047202490112146389, 0.8047202490112146389, 0.8047202490112146389, 0.8047202490112146389, 0.8047202490112146389, 0.8047202490112146389, 0.8047202490112146389, 0.8047202490112146389, 0.8047202490112146389, 0.8047202490112146389),
 ( 0.8047202490112146389, 0.8047202490112146389, 0.8047202490112146389, 0.8047202490112146389, 0.8047202490112146389, 0.8047202490112146389, 0.8047202490112146389, 0.8047202490112146389, 0.8047202490112146389, 0.8047202490112146389),
 ( 1.000000000000000000, 1.000000000000000000, 1.000000000000000000, 1.000000000000000000, 1.000000000000000000, 1.000000000000000000, 1.000000000000000000, 1.000000000000000000, 1.000000000000000000, 1.000000000000000000),
 ( 0.8047202490112146389, 0.8047202490112146389, 0.8047202490112146389, 0.8047202490112146389, 0.8047202490112146389, 0.8047202490112146389, 0.8047202490112146389, 0.8047202490112146389, 0.8047202490112146389, 0.8047202490112146389),
 ( 0.8047202490112146389, 0.8047202490112146389, 0.8047202490112146389, 0.8047202490112146389, 0.8047202490112146389, 0.8047202490112146389, 0.8047202490112146389, 0.8047202490112146389, 0.8047202490112146389, 0.8047202490112146389),
 ( 1.000000000000000000, 1.000000000000000000, 1.000000000000000000, 1.000000000000000000, 1.000000000000000000, 1.000000000000000000, 1.000000000000000000, 1.000000000000000000, 1.000000000000000000, 1.000000000000000000) ) ) 
 REPRESENTATION_ITEM ( '' )  SURFACE ( )  );
#6285 = ORIENTED_EDGE ( 'NONE', *, *, #5556, .T. ) ;
#6286 = ORIENTED_EDGE ( 'NONE', *, *, #5235, .T. ) ;
#6287 = CARTESIAN_POINT ( 'NONE',  ( -2.853721730829550385, 10.28847509130143401, -8.905599999999999739 ) ) ;
#6288 = CARTESIAN_POINT ( 'NONE',  ( 2.087658458310452048, 2.392134436323515523, -9.759667933168870491 ) ) ;
#6289 = CARTESIAN_POINT ( 'NONE',  ( -4.425450163291727357, 9.109798709189501409, -7.318099999999999383 ) ) ;
#6290 = CARTESIAN_POINT ( 'NONE',  ( 5.026407225413516144, 3.277331128089942869, 6.986249779554439598 ) ) ;
#6291 = CIRCLE ( 'NONE', #2683, 1.587499999999998357 ) ;
#6292 = EDGE_CURVE ( 'NONE', #4255, #7850, #6109, .T. ) ;
#6293 = CARTESIAN_POINT ( 'NONE',  ( 2.274874791468187052, -1.045531026527621421, -8.549219240701800615 ) ) ;
#6294 = CARTESIAN_POINT ( 'NONE',  ( 19.26229391656446310, -0.7127324851519252213, -5.730600000000013239 ) ) ;
#6295 = CARTESIAN_POINT ( 'NONE',  ( 19.27483029591568098, 1.451125243416885313, -8.905599999999997962 ) ) ;
#6296 = ADVANCED_FACE ( 'NONE', ( #3982 ), #5429, .T. ) ;
#6297 = EDGE_CURVE ( 'NONE', #4983, #3178, #7300, .T. ) ;
#6298 = VERTEX_POINT ( 'NONE', #996 ) ;
#6299 = CARTESIAN_POINT ( 'NONE',  ( -4.229680485269319057, 3.331080792519351519, -5.730599999999999028 ) ) ;
#6300 = CARTESIAN_POINT ( 'NONE',  ( -1.681543941320843505, -8.965972145123165760, 13.00400180856847321 ) ) ;
#6301 = DIRECTION ( 'NONE',  ( 0.000000000000000000, 0.000000000000000000, 1.000000000000000000 ) ) ;
#6302 = CARTESIAN_POINT ( 'NONE',  ( -6.222808689321803755, -8.261172570105257407, 11.80600000000000094 ) ) ;
#6303 = CARTESIAN_POINT ( 'NONE',  ( -0.2275424529495206349, -5.998556178352521862, 4.793186717957379273 ) ) ;
#6304 = CARTESIAN_POINT ( 'NONE',  ( 16.84548851959756277, -13.15329702478594598, 8.631000000000000227 ) ) ;
#6305 = B_SPLINE_CURVE_WITH_KNOTS ( 'NONE', 3,
 ( #5243, #7788, #5793, #2630, #87, #5160, #1708, #7340, #3547, #1628, #4711, #4209, #969, #4251, #7297, #7378 ),
 .UNSPECIFIED., .F., .F.,
 ( 4, 2, 2, 2, 2, 2, 2, 4 ),
 ( 0.001231012052110284265, 0.001594155027251532722, 0.003077768614975711671, 0.004561382202698517803, 0.006044995790417942091, 0.007528609378157741575, 0.009012222965867693406, 0.009733415727891450708 ),
 .UNSPECIFIED. ) ;
#6306 = CARTESIAN_POINT ( 'NONE',  ( -12.47876764460021981, -10.30295747460158040, -5.730599999999999028 ) ) ;
#6307 = ORIENTED_EDGE ( 'NONE', *, *, #1959, .F. ) ;
#6308 = CARTESIAN_POINT ( 'NONE',  ( -12.93972017062377056, -10.60450711455147221, -5.730599999999999028 ) ) ;
#6309 = CARTESIAN_POINT ( 'NONE',  ( 18.47238313837003787, 5.489533652473727265, 0.000000000000000000 ) ) ;
#6310 = CARTESIAN_POINT ( 'NONE',  ( -9.853225687248782450, -3.809484351455107554, 4.818676322192284402E-17 ) ) ;
#6311 = CARTESIAN_POINT ( 'NONE',  ( 2.771976065070752782, -13.90792118376792175, 14.98100000000000520 ) ) ;
#6312 = CARTESIAN_POINT ( 'NONE',  ( -1.622867371712526152, -12.76438399408505653, 14.98100000000002119 ) ) ;
#6313 = VECTOR ( 'NONE', #7258, 1000.000000000000000 ) ;
#6314 = CARTESIAN_POINT ( 'NONE',  ( 1.984375000000000000, 0.000000000000000000, -15.47176309777416137 ) ) ;
#6315 = DIRECTION ( 'NONE',  ( 0.000000000000000000, 0.000000000000000000, -1.000000000000000000 ) ) ;
#6316 = ORIENTED_EDGE ( 'NONE', *, *, #116, .F. ) ;
#6317 = DIRECTION ( 'NONE',  ( -0.000000000000000000, 0.000000000000000000, -1.000000000000000000 ) ) ;
#6318 = CYLINDRICAL_SURFACE ( 'NONE', #5863, 1.587499999457716360 ) ;
#6319 = DIRECTION ( 'NONE',  ( 0.000000000000000000, -1.000000000000000000, 1.475423364686777903E-16 ) ) ;
#6320 = DIRECTION ( 'NONE',  ( -0.000000000000000000, -0.000000000000000000, -1.000000000000000000 ) ) ;
#6321 = CARTESIAN_POINT ( 'NONE',  ( -11.64005917702012383, -13.71557504678705719, -7.318099999999999383 ) ) ;
#6322 = CARTESIAN_POINT ( 'NONE',  ( 17.23119601743744411, -16.31721190939495614, 11.80600000000000449 ) ) ;
#6323 = DIRECTION ( 'NONE',  ( -0.3489024681454917509, -0.9371590407833582104, -0.000000000000000000 ) ) ;
#6324 = ADVANCED_FACE ( 'NONE', ( #3577 ), #2160, .F. ) ;
#6325 = VERTEX_POINT ( 'NONE', #4776 ) ;
#6326 = ORIENTED_EDGE ( 'NONE', *, *, #8005, .F. ) ;
#6327 = DIRECTION ( 'NONE',  ( 1.000000000000000000, 0.000000000000000000, 0.000000000000000000 ) ) ;
#6328 = EDGE_CURVE ( 'NONE', #2095, #1811, #192, .T. ) ;
#6329 = CARTESIAN_POINT ( 'NONE',  ( -3.342547082195711283, 8.999742611164872841, -8.112912769946152736 ) ) ;
#6330 = CARTESIAN_POINT ( 'NONE',  ( -15.06145482490004639, -2.740503098923020797, -8.248035969732711692 ) ) ;
#6331 = CARTESIAN_POINT ( 'NONE',  ( 6.136182451782782543, -19.59515326730809193, -5.730599999999999028 ) ) ;
#6332 = FACE_OUTER_BOUND ( 'NONE', #8177, .T. ) ;
#6333 = CARTESIAN_POINT ( 'NONE',  ( 7.286080876526647820, 12.43169327620071307, -0.5428548085128639400 ) ) ;
#6334 = DIRECTION ( 'NONE',  ( 1.000000000000000000, 0.000000000000000000, 0.000000000000000000 ) ) ;
#6335 = ORIENTED_EDGE ( 'NONE', *, *, #3159, .T. ) ;
#6336 = CARTESIAN_POINT ( 'NONE',  ( 11.11963937988673834, 13.41814609446669770, 3.174999999999999822 ) ) ;
#6337 = DIRECTION ( 'NONE',  ( 0.3489024681454918064, 0.9371590407833583214, 0.000000000000000000 ) ) ;
#6338 = CARTESIAN_POINT ( 'NONE',  ( -12.42588405310696231, -15.52700169928261786, -15.44909999999999961 ) ) ;
#6339 = DIRECTION ( 'NONE',  ( -4.798584253715395423E-16, 1.786503482190089390E-16, -1.000000000000000000 ) ) ;
#6340 = CARTESIAN_POINT ( 'NONE',  ( 12.74199028092864694, -16.33159447792379382, 8.630999999999465544 ) ) ;
#6341 = CARTESIAN_POINT ( 'NONE',  ( -9.686739635327779041, -9.024083855329820381, 12.55599999790798371 ) ) ;
#6342 = CARTESIAN_POINT ( 'NONE',  ( 15.85082825701369202, 9.731027992418974648, 1.587499999999999911 ) ) ;
#6343 = CARTESIAN_POINT ( 'NONE',  ( -12.07136088886978520, -6.579286415174191660, 8.630999999999973582 ) ) ;
#6344 = EDGE_CURVE ( 'NONE', #1241, #8233, #2741, .T. ) ;
#6345 = FACE_OUTER_BOUND ( 'NONE', #5756, .T. ) ;
#6346 = CIRCLE ( 'NONE', #2744, 18.81048697705378459 ) ;
#6347 = VERTEX_POINT ( 'NONE', #2238 ) ;
#6348 = CARTESIAN_POINT ( 'NONE',  ( -14.92656653629867591, -4.225130301441974545, -7.318099999999999383 ) ) ;
#6349 =( BOUNDED_SURFACE ( )  B_SPLINE_SURFACE ( 3, 3, ( 
 ( #6071, #866, #360, #2898, #5422, #5263, #7809, #4647, #7191, #3401, #2010, #7054, #806, #2054, #170, #1351, #7013, #5247, #7794, #1311 ),
 ( #7672, #54, #1433, #6440, #2591, #130, #5888, #5122, #726, #2676, #2096, #1969, #5208, #4589, #4508, #3962, #767, #3262, #2635, #5844 ),
 ( #3303, #2720, #6479, #7834, #3885, #4632, #7177, #1470, #4002, #7138, #7755, #5165, #6516, #92, #6557, #7712, #2761, #5798, #4549, #7098 ),
 ( #3346, #1394, #3920, #851, #3387, #5934, #212, #5757, #5289, #4469, #3843, #6395, #682, #3219, #3596, #6765, #4795, #5368, #7953, #5493 ) ),
 .UNSPECIFIED., .F., .F., .T. ) 
 B_SPLINE_SURFACE_WITH_KNOTS ( ( 4, 4 ),
 ( 4, 2, 2, 2, 2, 2, 2, 2, 2, 4 ),
 ( 0.000000000000000000, 1.000000000000000000 ),
 ( 0.000000000000000000, 0.04789616266471393574, 0.1748433409760691837, 0.2806326562355618282, 0.4075798345469330841, 0.5345270128583600178, 0.6614741911696759846, 0.7884213694802443273, 0.8942106847362268907, 1.000000000000000000 ),
 .UNSPECIFIED. ) 
 GEOMETRIC_REPRESENTATION_ITEM ( )  RATIONAL_B_SPLINE_SURFACE ( (
 ( 1.000000000000000000, 1.000000000000000000, 1.000000000000000000, 1.000000000000000000, 1.000000000000000000, 1.000000000000000000, 1.000000000000000000, 1.000000000000000000, 1.000000000000000000, 1.000000000000000000, 1.000000000000000000, 1.000000000000000000, 1.000000000000000000, 1.000000000000000000, 1.000000000000000000, 1.000000000000000000, 1.000000000000000000, 1.000000000000000000, 1.000000000000000000, 1.000000000000000000),
 ( 0.8047378541243649375, 0.8047378541243649375, 0.8047378541243649375, 0.8047378541243649375, 0.8047378541243649375, 0.8047378541243649375, 0.8047378541243649375, 0.8047378541243649375, 0.8047378541243649375, 0.8047378541243649375, 0.8047378541243649375, 0.8047378541243649375, 0.8047378541243649375, 0.8047378541243649375, 0.8047378541243649375, 0.8047378541243649375, 0.8047378541243649375, 0.8047378541243649375, 0.8047378541243649375, 0.8047378541243649375),
 ( 0.8047378541243649375, 0.8047378541243649375, 0.8047378541243649375, 0.8047378541243649375, 0.8047378541243649375, 0.8047378541243649375, 0.8047378541243649375, 0.8047378541243649375, 0.8047378541243649375, 0.8047378541243649375, 0.8047378541243649375, 0.8047378541243649375, 0.8047378541243649375, 0.8047378541243649375, 0.8047378541243649375, 0.8047378541243649375, 0.8047378541243649375, 0.8047378541243649375, 0.8047378541243649375, 0.8047378541243649375),
 ( 1.000000000000000000, 1.000000000000000000, 1.000000000000000000, 1.000000000000000000, 1.000000000000000000, 1.000000000000000000, 1.000000000000000000, 1.000000000000000000, 1.000000000000000000, 1.000000000000000000, 1.000000000000000000, 1.000000000000000000, 1.000000000000000000, 1.000000000000000000, 1.000000000000000000, 1.000000000000000000, 1.000000000000000000, 1.000000000000000000, 1.000000000000000000, 1.000000000000000000) ) ) 
 REPRESENTATION_ITEM ( '' )  SURFACE ( )  );
#6350 = CARTESIAN_POINT ( 'NONE',  ( 11.05346397620403209, 3.187444276086003558, -5.730599999999997252 ) ) ;
#6351 = CARTESIAN_POINT ( 'NONE',  ( -5.889637072824547737, 1.223330659128233577, 0.000000000000000000 ) ) ;
#6352 = CARTESIAN_POINT ( 'NONE',  ( 28.39358412624508432, -7.233045574204665762, 14.98100000000000165 ) ) ;
#6353 = VECTOR ( 'NONE', #5750, 1000.000000000000000 ) ;
#6354 = APPLICATION_PROTOCOL_DEFINITION ( 'draft international standard', 'automotive_design', 1998, #6966 ) ;
#6355 = EDGE_CURVE ( 'NONE', #3939, #6458, #1613, .T. ) ;
#6356 = CARTESIAN_POINT ( 'NONE',  ( 0.000000000000000000, 0.000000000000000000, 14.98099999999999987 ) ) ;
#6357 = VERTEX_POINT ( 'NONE', #1494 ) ;
#6358 = CARTESIAN_POINT ( 'NONE',  ( -16.43012180872675287, -4.901778099245506226, -15.44909999999999961 ) ) ;
#6359 = CARTESIAN_POINT ( 'NONE',  ( -10.02141372197878688, -4.023043160945122487, 1.587499999999999911 ) ) ;
#6360 = CARTESIAN_POINT ( 'NONE',  ( 22.08385952095340699, 18.69922293381420886, 11.80599999999899730 ) ) ;
#6361 = CARTESIAN_POINT ( 'NONE',  ( -10.94507972258137585, -14.84553058644234014, 0.000000000000000000 ) ) ;
#6362 = CARTESIAN_POINT ( 'NONE',  ( -48.07305788143924019, 25.91494184313012994, 11.80599999999999383 ) ) ;
#6363 = CARTESIAN_POINT ( 'NONE',  ( 6.088904321202408099, 5.114395874755502724, -2.134111642275612120 ) ) ;
#6364 = VECTOR ( 'NONE', #7936, 1000.000000000000000 ) ;
#6365 = EDGE_LOOP ( 'NONE', ( #3929, #1540, #8096, #4703 ) ) ;
#6366 = CARTESIAN_POINT ( 'NONE',  ( -11.26047712787496913, 9.236958290425613782, -8.905599999999997962 ) ) ;
#6367 = LINE ( 'NONE', #3779, #3394 ) ;
#6368 = CARTESIAN_POINT ( 'NONE',  ( -3.731075803028095272, 8.918831801194979647, -8.248035969732711692 ) ) ;
#6369 = CARTESIAN_POINT ( 'NONE',  ( 17.52944591435024080, -10.75990284693979149, -5.730599999999998140 ) ) ;
#6370 = CARTESIAN_POINT ( 'NONE',  ( -0.7382928528652021871, 7.764312843947697829, -5.730599999999999028 ) ) ;
#6371 = CARTESIAN_POINT ( 'NONE',  ( 7.906336332215900597, 12.20368533939658207, -0.6971494675738946212 ) ) ;
#6372 = EDGE_LOOP ( 'NONE', ( #4411, #4753 ) ) ;
#6373 = VERTEX_POINT ( 'NONE', #4696 ) ;
#6374 = ORIENTED_EDGE ( 'NONE', *, *, #2727, .T. ) ;
#6375 = CARTESIAN_POINT ( 'NONE',  ( 19.00020686609616760, 5.974391187396159708, 3.174999999999999822 ) ) ;
#6376 = CARTESIAN_POINT ( 'NONE',  ( -1.868502313221988453, -15.39951910751302755, 8.631000000000000227 ) ) ;
#6377 = AXIS2_PLACEMENT_3D ( 'NONE', #3316, #5856, #1406 ) ;
#6378 = PLANE ( 'NONE',  #1353 ) ;
#6379 = DIRECTION ( 'NONE',  ( 0.7660444431189816772, 0.6427876096865349220, -1.427275208435518990E-16 ) ) ;
#6380 = CARTESIAN_POINT ( 'NONE',  ( -20.13484170071160761, 36.03706295988247632, 8.630999999999989569 ) ) ;
#6381 = DIRECTION ( 'NONE',  ( -0.000000000000000000, -0.000000000000000000, -1.000000000000000000 ) ) ;
#6382 = DIRECTION ( 'NONE',  ( 5.492972175442562479E-17, 1.475423364686777903E-16, 1.000000000000000000 ) ) ;
#6383 = CARTESIAN_POINT ( 'NONE',  ( -2.472180545705637389, 30.00936299409639929, 8.630999999999989569 ) ) ;
#6384 = CARTESIAN_POINT ( 'NONE',  ( -10.55765160132026281, -4.814631706476727224, -5.730599999999999028 ) ) ;
#6385 = ORIENTED_EDGE ( 'NONE', *, *, #8118, .T. ) ;
#6386 = CARTESIAN_POINT ( 'NONE',  ( -3.416773536141808787, 8.803941065494790053, -7.318099999999999383 ) ) ;
#6387 = CARTESIAN_POINT ( 'NONE',  ( 4.987357362811363437, 8.959375812296462627, -2.960279354483837277 ) ) ;
#6388 = CARTESIAN_POINT ( 'NONE',  ( -8.782548804159709732, 8.741916582865714602, -5.730599999999998140 ) ) ;
#6389 = CARTESIAN_POINT ( 'NONE',  ( 4.124617960589934462, -10.98088009208205129, 14.98100000000006560 ) ) ;
#6390 = VECTOR ( 'NONE', #2227, 1000.000000000000000 ) ;
#6391 = CARTESIAN_POINT ( 'NONE',  ( 17.44611340266510169, 7.656533872797451679, 0.000000000000000000 ) ) ;
#6392 = DIRECTION ( 'NONE',  ( 0.6187123756285676235, 0.7856175890622958402, 0.000000000000000000 ) ) ;
#6393 = EDGE_LOOP ( 'NONE', ( #3694, #4715 ) ) ;
#6394 = EDGE_CURVE ( 'NONE', #3684, #2862, #7240, .T. ) ;
#6395 = CARTESIAN_POINT ( 'NONE',  ( -12.47876764460021981, -10.30295747460228739, 1.587499999999999911 ) ) ;
#6396 = EDGE_CURVE ( 'NONE', #1948, #3122, #7728, .T. ) ;
#6397 = CARTESIAN_POINT ( 'NONE',  ( 23.33091368197174020, 13.91566868371786825, 10.21850059711604608 ) ) ;
#6398 = CARTESIAN_POINT ( 'NONE',  ( 2.420428040132277303, -3.040034490371304798, 0.000000000000000000 ) ) ;
#6399 = CARTESIAN_POINT ( 'NONE',  ( 28.11328294592867394, 1.509902505737491074, 11.80599999999999916 ) ) ;
#6400 = CARTESIAN_POINT ( 'NONE',  ( -7.522063524368013177, -17.40308485334662691, -7.318099999999999383 ) ) ;
#6401 = DIRECTION ( 'NONE',  ( 0.7660444431189816772, 0.6427876096865349220, -1.427275208435518990E-16 ) ) ;
#6402 = CARTESIAN_POINT ( 'NONE',  ( -4.439039386445601032, 32.30869805997172506, 14.98099999999999632 ) ) ;
#6403 = AXIS2_PLACEMENT_3D ( 'NONE', #5330, #6098, #2884 ) ;
#6404 = AXIS2_PLACEMENT_3D ( 'NONE', #4492, #5741, #3200 ) ;
#6405 = ORIENTED_EDGE ( 'NONE', *, *, #6504, .T. ) ;
#6406 = CARTESIAN_POINT ( 'NONE',  ( -7.371063224702565364, 10.73603209539351866, -8.905599999999999739 ) ) ;
#6407 = CARTESIAN_POINT ( 'NONE',  ( -3.388040221737608881, 8.879740285037277303, -7.829580735201536079 ) ) ;
#6408 = CARTESIAN_POINT ( 'NONE',  ( -15.73615962858498918, -2.258951199618117744, -8.905600000000001515 ) ) ;
#6409 = CARTESIAN_POINT ( 'NONE',  ( 13.18822505451070981, -7.108946224410507497, -7.318099999999999383 ) ) ;
#6410 = CARTESIAN_POINT ( 'NONE',  ( -3.930252202945376361, -14.63193367759294716, 8.631000000000000227 ) ) ;
#6411 = CARTESIAN_POINT ( 'NONE',  ( 18.34699435588117566, 0.1463387466780844692, -7.318099999999999383 ) ) ;
#6412 = VECTOR ( 'NONE', #5281, 1000.000000000000114 ) ;
#6413 = VECTOR ( 'NONE', #185, 1000.000000000000000 ) ;
#6414 = ORIENTED_EDGE ( 'NONE', *, *, #3364, .T. ) ;
#6415 = VERTEX_POINT ( 'NONE', #6702 ) ;
#6416 = ORIENTED_EDGE ( 'NONE', *, *, #8118, .F. ) ;
#6417 = CIRCLE ( 'NONE', #149, 0.7499999999999993339 ) ;
#6418 = CARTESIAN_POINT ( 'NONE',  ( 3.044997636897679882, 13.70428404997682925, 3.174999999999999822 ) ) ;
#6419 = CARTESIAN_POINT ( 'NONE',  ( -12.51825233670075654, -10.22913083099695264, 0.000000000000000000 ) ) ;
#6420 = LINE ( 'NONE', #5146, #1608 ) ;
#6421 = CARTESIAN_POINT ( 'NONE',  ( 15.95516603052874061, -16.41534318459394726, 8.631000000000346617 ) ) ;
#6422 = CARTESIAN_POINT ( 'NONE',  ( 12.16910334886818568, -14.54587935834384460, 11.80600000000000271 ) ) ;
#6423 = CARTESIAN_POINT ( 'NONE',  ( 9.776788755915751139, 13.07298447920190831, 1.587499999999999911 ) ) ;
#6424 = CARTESIAN_POINT ( 'NONE',  ( 1.104215542453945265, -10.18843664028698370, 8.631000000000000227 ) ) ;
#6425 = STYLED_ITEM ( 'NONE', ( #8042 ), #7668 ) ;
#6426 = CARTESIAN_POINT ( 'NONE',  ( 9.247596734834999666, 21.62387252909546476, 6.050900000000028811 ) ) ;
#6427 = EDGE_CURVE ( 'NONE', #2986, #4388, #3445, .T. ) ;
#6428 = ORIENTED_EDGE ( 'NONE', *, *, #147, .F. ) ;
#6429 = CARTESIAN_POINT ( 'NONE',  ( 2.595029951790845058, -2.493078836850213698, -11.11470456542122776 ) ) ;
#6430 = CARTESIAN_POINT ( 'NONE',  ( 4.870788010627527420, 9.243827266504565543, -2.727258059479177099 ) ) ;
#6431 = CARTESIAN_POINT ( 'NONE',  ( -9.358681107995392878, -3.181530337052272284, 0.000000000000000000 ) ) ;
#6432 = COLOUR_RGB ( '',0.7921568627450980005, 0.8196078431372548767, 0.9333333333333333481 ) ;
#6433 = CARTESIAN_POINT ( 'NONE',  ( 0.3071816777607070392, -13.26177876956085733, 14.98100000000000520 ) ) ;
#6434 = EDGE_CURVE ( 'NONE', #3776, #5276, #5600, .T. ) ;
#6435 = CARTESIAN_POINT ( 'NONE',  ( -6.092761286508818763, -9.907193276350634292, 14.98100000000000165 ) ) ;
#6436 = AXIS2_PLACEMENT_3D ( 'NONE', #6232, #6315, #518 ) ;
#6437 = PLANE ( 'NONE',  #2169 ) ;
#6438 = EDGE_LOOP ( 'NONE', ( #4117, #508, #1580, #3765 ) ) ;
#6439 = CARTESIAN_POINT ( 'NONE',  ( -2.290223881574472209, -15.24251299684757299, 6.050900000000025258 ) ) ;
#6440 = CARTESIAN_POINT ( 'NONE',  ( -9.168668310772037700, -17.36941593109173354, 3.174999999999999822 ) ) ;
#6441 = DIRECTION ( 'NONE',  ( -1.000000000000000000, 0.000000000000000000, 0.000000000000000000 ) ) ;
#6442 = CARTESIAN_POINT ( 'NONE',  ( -5.462015592765184557, 9.269133915182298011, 0.000000000000000000 ) ) ;
#6443 = CARTESIAN_POINT ( 'NONE',  ( 23.45242983988415375, 16.68862540272189676, 11.80599999999999561 ) ) ;
#6444 = CARTESIAN_POINT ( 'NONE',  ( 25.33973514159382034, 8.069949888297896834, 13.39349904687931847 ) ) ;
#6445 = EDGE_CURVE ( 'NONE', #6075, #7577, #6010, .T. ) ;
#6446 = FACE_OUTER_BOUND ( 'NONE', #3208, .T. ) ;
#6447 = CARTESIAN_POINT ( 'NONE',  ( 6.088904321202407210, 5.114395874755501836, -1.949099999999967636 ) ) ;
#6448 = EDGE_CURVE ( 'NONE', #7825, #396, #234, .T. ) ;
#6449 = VERTEX_POINT ( 'NONE', #2824 ) ;
#6450 = CARTESIAN_POINT ( 'NONE',  ( 20.27911000909863404, 0.5289858870272700075, -8.905600000000001515 ) ) ;
#6451 = CARTESIAN_POINT ( 'NONE',  ( -15.07851313103418001, -2.245596035779755084, -8.248035969732711692 ) ) ;
#6452 = CARTESIAN_POINT ( 'NONE',  ( -13.88634983169436232, 4.049917912792635910, -5.730599999999991923 ) ) ;
#6453 = LINE ( 'NONE', #3818, #1317 ) ;
#6454 = CARTESIAN_POINT ( 'NONE',  ( 7.858721449551719473, 12.24779660476413135, -0.6685034542309569172 ) ) ;
#6455 = EDGE_CURVE ( 'NONE', #7302, #7951, #4140, .T. ) ;
#6456 = EDGE_LOOP ( 'NONE', ( #6718, #6532, #6992, #4223 ) ) ;
#6457 = ORIENTED_EDGE ( 'NONE', *, *, #1283, .T. ) ;
#6458 = VERTEX_POINT ( 'NONE', #5515 ) ;
#6459 = CARTESIAN_POINT ( 'NONE',  ( 13.65279430490866375, 12.30728699034124141, 3.174999999999999822 ) ) ;
#6460 = FACE_OUTER_BOUND ( 'NONE', #6160, .T. ) ;
#6461 = CARTESIAN_POINT ( 'NONE',  ( 14.25591115432990641, 24.17868099317643171, 8.630999999999994898 ) ) ;
#6462 = CARTESIAN_POINT ( 'NONE',  ( -0.7382928528652016320, 7.764312843947698717, -5.730599999999999028 ) ) ;
#6463 = CARTESIAN_POINT ( 'NONE',  ( 28.11328294592867394, 1.509902505737104272, 8.631000000000026873 ) ) ;
#6464 = CYLINDRICAL_SURFACE ( 'NONE', #692, 6.000000000000000888 ) ;
#6465 = PLANE ( 'NONE',  #63 ) ;
#6466 = CARTESIAN_POINT ( 'NONE',  ( -45.42288820622445655, 18.78351911223738213, 8.630999999999936279 ) ) ;
#6467 = CARTESIAN_POINT ( 'NONE',  ( 20.93640320978964908, -0.9952720344690636489, -7.318100000000001160 ) ) ;
#6468 = ADVANCED_FACE ( 'NONE', ( #8160 ), #7410, .T. ) ;
#6469 = ORIENTED_EDGE ( 'NONE', *, *, #4547, .T. ) ;
#6470 = CARTESIAN_POINT ( 'NONE',  ( -13.89092137571474161, -8.293294202557374817, -5.730600000000000804 ) ) ;
#6471 = LINE ( 'NONE', #2627, #7061 ) ;
#6472 = LINE ( 'NONE', #638, #6481 ) ;
#6473 = CARTESIAN_POINT ( 'NONE',  ( 3.579375667900573266, -10.83729641830301382, 14.98100000000000520 ) ) ;
#6474 = CARTESIAN_POINT ( 'NONE',  ( -1.301698571290259121, -20.75578602884518631, 3.133954857680982808 ) ) ;
#6475 = CARTESIAN_POINT ( 'NONE',  ( -9.901329239701597729, -8.960905357864469067, 14.98100000000000165 ) ) ;
#6476 = CARTESIAN_POINT ( 'NONE',  ( -1.852669853647181952, -12.20424927020292216, -1.949099999999967636 ) ) ;
#6477 = EDGE_CURVE ( 'NONE', #145, #6136, #328, .T. ) ;
#6478 = ORIENTED_EDGE ( 'NONE', *, *, #5772, .F. ) ;
#6479 = CARTESIAN_POINT ( 'NONE',  ( -7.995319230445503855, -17.21320990794778538, 2.517435969732711776 ) ) ;
#6480 = CYLINDRICAL_SURFACE ( 'NONE', #7984, 0.7932652022746236042 ) ;
#6482 = CARTESIAN_POINT ( 'NONE',  ( -14.94984990498404542, 0.4166052085571269048, 0.000000000000000000 ) ) ;
#6481 = VECTOR ( 'NONE', #4501, 1000.000000000000000 ) ;
#6483 = CARTESIAN_POINT ( 'NONE',  ( 3.739801657435721349, 6.026180112844048864, -1.088983762545163270 ) ) ;
#6484 = DIRECTION ( 'NONE',  ( -0.000000000000000000, -0.000000000000000000, -1.000000000000000000 ) ) ;
#6485 = CARTESIAN_POINT ( 'NONE',  ( 5.585956636717727797, 5.309610744981308805, -3.068399477715476831 ) ) ;
#6486 = EDGE_LOOP ( 'NONE', ( #1850, #4516 ) ) ;
#6487 = CARTESIAN_POINT ( 'NONE',  ( 13.38164866021849875, 26.72609921577227965, 11.80599999999999383 ) ) ;
#6488 = CARTESIAN_POINT ( 'NONE',  ( -14.49808754690226742, -8.546636413958143663, -8.905600000000001515 ) ) ;
#6489 = CARTESIAN_POINT ( 'NONE',  ( -5.701314311419365843, 9.273084182315001200, -5.730600000000000804 ) ) ;
#6490 = DIRECTION ( 'NONE',  ( -0.000000000000000000, -0.000000000000000000, -1.000000000000000000 ) ) ;
#6491 = CARTESIAN_POINT ( 'NONE',  ( 19.34913917407838468, 2.669487341995716356, 1.587499999999999911 ) ) ;
#6492 = EDGE_LOOP ( 'NONE', ( #7603, #7823, #6854, #4107, #6905, #554, #2871, #1222, #3696, #5031 ) ) ;
#6493 = ORIENTED_EDGE ( 'NONE', *, *, #2934, .T. ) ;
#6494 = EDGE_CURVE ( 'NONE', #5094, #1199, #8197, .T. ) ;
#6495 = ORIENTED_EDGE ( 'NONE', *, *, #8119, .T. ) ;
#6496 = CARTESIAN_POINT ( 'NONE',  ( 1.990856991271415799, 13.07993856111000319, 3.174999999999999822 ) ) ;
#6497 = CARTESIAN_POINT ( 'NONE',  ( -11.73141501711418577, -6.953802425814743948, 0.000000000000000000 ) ) ;
#6498 = CARTESIAN_POINT ( 'NONE',  ( 1.298463506524899280, -11.88093877015635158, 8.631000000000003780 ) ) ;
#6499 = CARTESIAN_POINT ( 'NONE',  ( -5.494808253699537737, -9.629092998952769378, 12.55603281448345143 ) ) ;
#6500 = CARTESIAN_POINT ( 'NONE',  ( 5.571559769077778945, -14.65035004269345009, 8.630999999999419359 ) ) ;
#6501 = DIRECTION ( 'NONE',  ( 0.3489024681454924171, 0.9371590407833579883, 0.000000000000000000 ) ) ;
#6502 = CARTESIAN_POINT ( 'NONE',  ( -4.439039386445601032, 32.30869805997172506, 13.39349904687931314 ) ) ;
#6503 = CARTESIAN_POINT ( 'NONE',  ( -38.87205052441449737, 33.52680027512989369, 8.630999999999875882 ) ) ;
#6504 = EDGE_CURVE ( 'NONE', #3684, #6325, #2722, .T. ) ;
#6505 = ORIENTED_EDGE ( 'NONE', *, *, #2953, .F. ) ;
#6506 = CARTESIAN_POINT ( 'NONE',  ( 0.000000000000000000, 0.000000000000000000, 1.256000000000000671 ) ) ;
#6507 = DIRECTION ( 'NONE',  ( 0.3489024681454918064, 0.9371590407833583214, -0.000000000000000000 ) ) ;
#6508 = DIRECTION ( 'NONE',  ( -1.000000000000000000, 0.000000000000000000, 0.000000000000000000 ) ) ;
#6509 = CARTESIAN_POINT ( 'NONE',  ( 9.641394808829524266, 21.47726228047343255, -8.949100000000001387 ) ) ;
#6510 = CARTESIAN_POINT ( 'NONE',  ( -42.95525717008185751, 27.44897564401927070, 14.98099999999999454 ) ) ;
#6511 = CARTESIAN_POINT ( 'NONE',  ( 0.9736327287355466265, 9.938051241704659589, 1.587500000000000133 ) ) ;
#6512 = CARTESIAN_POINT ( 'NONE',  ( 16.49557840086361793, 8.975035046512845227, 0.000000000000000000 ) ) ;
#6513 = LINE ( 'NONE', #12, #7093 ) ;
#6514 = ORIENTED_EDGE ( 'NONE', *, *, #5622, .T. ) ;
#6515 = FACE_BOUND ( 'NONE', #4578, .T. ) ;
#6516 = CARTESIAN_POINT ( 'NONE',  ( -12.45260510950008737, -9.618601123487151128, 2.517435969732711776 ) ) ;
#6517 = LINE ( 'NONE', #2721, #1219 ) ;
#6518 = CARTESIAN_POINT ( 'NONE',  ( -7.139688768580557010, 9.184898826891243928, 0.000000000000000000 ) ) ;
#6519 = ADVANCED_FACE ( 'NONE', ( #4897 ), #1247, .F. ) ;
#6520 = LINE ( 'NONE', #1437, #3543 ) ;
#6521 = DIRECTION ( 'NONE',  ( 0.000000000000000000, 0.000000000000000000, 1.000000000000000000 ) ) ;
#6522 = CARTESIAN_POINT ( 'NONE',  ( 4.698974106722697108, 5.653885479232384270, -3.349132143791716754 ) ) ;
#6523 = CARTESIAN_POINT ( 'NONE',  ( 17.15571736022158333, 10.71336519412938060, 3.174999999999999822 ) ) ;
#6524 = ORIENTED_EDGE ( 'NONE', *, *, #8005, .T. ) ;
#6525 = EDGE_CURVE ( 'NONE', #6204, #1504, #3034, .T. ) ;
#6526 = CARTESIAN_POINT ( 'NONE',  ( -21.91443029615336613, 36.00304555153040553, 11.80599999999999206 ) ) ;
#6527 = DIRECTION ( 'NONE',  ( 0.9371590407833585434, -0.3489024681454910848, 0.000000000000000000 ) ) ;
#6528 = CARTESIAN_POINT ( 'NONE',  ( -11.41644753894032149, -14.18370272454598968, 1.587499999999999911 ) ) ;
#6529 = CARTESIAN_POINT ( 'NONE',  ( -11.98851896553278706, -12.91572002654558560, -3.659049999999999692 ) ) ;
#6530 = CARTESIAN_POINT ( 'NONE',  ( 19.00204440975599951, 3.936513636352595658, 1.587499999999999911 ) ) ;
#6531 = VERTEX_POINT ( 'NONE', #1736 ) ;
#6532 = ORIENTED_EDGE ( 'NONE', *, *, #8047, .T. ) ;
#6533 = ORIENTED_EDGE ( 'NONE', *, *, #3968, .F. ) ;
#6534 = CARTESIAN_POINT ( 'NONE',  ( 19.00204440975599951, 3.936513636352596102, 2.517435969732711776 ) ) ;
#6535 = CARTESIAN_POINT ( 'NONE',  ( -11.18634297575902359, -5.858539208204924797, 0.000000000000000000 ) ) ;
#6536 = ADVANCED_FACE ( 'NONE', ( #3618 ), #1501, .F. ) ;
#6537 = CARTESIAN_POINT ( 'NONE',  ( 12.58662062826657291, 25.34497970708189030, 8.630999999999994898 ) ) ;
#6538 = CARTESIAN_POINT ( 'NONE',  ( -6.418453418622712014, -9.399587381842794187, 11.05596718551655400 ) ) ;
#6539 = CARTESIAN_POINT ( 'NONE',  ( -19.71033619879224119, -7.218401743463203957, 8.631000000000181416 ) ) ;
#6540 = CARTESIAN_POINT ( 'NONE',  ( 5.497440259704096555, 6.096471442760909909, -8.636645348352299578 ) ) ;
#6541 = CARTESIAN_POINT ( 'NONE',  ( -16.87260717593671444, 34.45333303647404222, 13.39349904687931314 ) ) ;
#6542 = CARTESIAN_POINT ( 'NONE',  ( 26.35318203560210648, -11.46868643948620203, 8.631000000000000227 ) ) ;
#6543 = EDGE_CURVE ( 'NONE', #2515, #2861, #3746, .T. ) ;
#6544 = VECTOR ( 'NONE', #6937, 1000.000000000000114 ) ;
#6545 = ORIENTED_EDGE ( 'NONE', *, *, #5881, .T. ) ;
#6546 =( LENGTH_UNIT ( ) NAMED_UNIT ( * ) SI_UNIT ( .MILLI., .METRE. ) );
#6547 = CARTESIAN_POINT ( 'NONE',  ( 9.352027363338482502, 14.72992111116484182, 6.932535640846435143 ) ) ;
#6548 = CARTESIAN_POINT ( 'NONE',  ( -10.93407658414520611, -17.36528700092747712, 3.174999999999999822 ) ) ;
#6549 = DIRECTION ( 'NONE',  ( -2.511846452726839220E-09, -9.581767388058305849E-09, 0.9999999999999998890 ) ) ;
#6550 = CARTESIAN_POINT ( 'NONE',  ( -30.17479237114829260, 32.77157383640863486, 14.98099999999999454 ) ) ;
#6551 = CARTESIAN_POINT ( 'NONE',  ( -1.107044373219206790, -20.23294094116684150, 2.852146236903407850 ) ) ;
#6552 = COLOUR_RGB ( '',0.7921568627450980005, 0.8196078431372548767, 0.9333333333333333481 ) ;
#6553 = CARTESIAN_POINT ( 'NONE',  ( -6.222808689321803755, -8.261172570105257407, 14.98100000000000165 ) ) ;
#6554 = CARTESIAN_POINT ( 'NONE',  ( 5.461819735956635391, -12.97941185394564201, 10.21850000016612192 ) ) ;
#6555 = CARTESIAN_POINT ( 'NONE',  ( -8.075756382246241927, -18.89114725270801642, -15.44909999999999961 ) ) ;
#6556 = ORIENTED_EDGE ( 'NONE', *, *, #198, .T. ) ;
#6557 = CARTESIAN_POINT ( 'NONE',  ( -12.00749707126930943, -7.639939279345855816, 2.517435969732711776 ) ) ;
#6558 = LINE ( 'NONE', #4674, #2801 ) ;
#6559 = CARTESIAN_POINT ( 'NONE',  ( -14.44633099061022108, 2.625710786495084381, 0.000000000000000000 ) ) ;
#6560 = CARTESIAN_POINT ( 'NONE',  ( 5.571559769077778945, -14.65035004269345009, 14.98099999999981335 ) ) ;
#6561 = CARTESIAN_POINT ( 'NONE',  ( 4.954656471383954930, 5.554644541502755217, -0.5489454565974398736 ) ) ;
#6562 = FACE_OUTER_BOUND ( 'NONE', #7259, .T. ) ;
#6563 = CARTESIAN_POINT ( 'NONE',  ( 3.097128724798487109, 7.978516093745651183, -7.318100000000001160 ) ) ;
#6564 = CARTESIAN_POINT ( 'NONE',  ( -11.41158442011745855, -14.14504739044597592, -7.318099999999999383 ) ) ;
#6565 = ORIENTED_EDGE ( 'NONE', *, *, #2004, .T. ) ;
#6566 = CARTESIAN_POINT ( 'NONE',  ( -36.36428634907640145, 2.224798047900578446, 11.80599999999999916 ) ) ;
#6567 = CARTESIAN_POINT ( 'NONE',  ( -3.764673518677136510, -20.49267306973825242, 7.043499999999998984 ) ) ;
#6568 = CARTESIAN_POINT ( 'NONE',  ( -3.416773536149415591, 8.803941065497687291, -5.730599999999999028 ) ) ;
#6569 = CARTESIAN_POINT ( 'NONE',  ( 10.92614210560905086, 12.78862863666391192, 1.587499999999999911 ) ) ;
#6570 = VERTEX_POINT ( 'NONE', #818 ) ;
#6571 = EDGE_CURVE ( 'NONE', #4351, #7314, #3347, .T. ) ;
#6572 = EDGE_LOOP ( 'NONE', ( #5100, #1893, #850, #7601 ) ) ;
#6573 = CARTESIAN_POINT ( 'NONE',  ( 13.31780050810802862, 11.74001846247078440, 2.517435969732711776 ) ) ;
#6574 = CARTESIAN_POINT ( 'NONE',  ( 12.39615588259220758, -13.05914766362537272, 11.29575986998145076 ) ) ;
#6575 = CARTESIAN_POINT ( 'NONE',  ( 10.55961939193170096, 21.13540907369177546, 6.050900000000028811 ) ) ;
#6576 = CARTESIAN_POINT ( 'NONE',  ( -5.140174604103816769, -10.17574938492209569, 11.05600000209201994 ) ) ;
#6577 = CARTESIAN_POINT ( 'NONE',  ( 7.753788007554789807, 29.50962372097941966, 11.80599999999999383 ) ) ;
#6578 = CARTESIAN_POINT ( 'NONE',  ( -13.24549356549966816, -14.03251783848994627, -15.44909999999999961 ) ) ;
#6579 = CARTESIAN_POINT ( 'NONE',  ( 1.984374999999999556, -0.1364946990255467840, -0.6900320028419806295 ) ) ;
#6580 = CARTESIAN_POINT ( 'NONE',  ( 26.18805509819400257, 10.49240108418684692, 8.630999999999994898 ) ) ;
#6581 = ORIENTED_EDGE ( 'NONE', *, *, #7708, .F. ) ;
#6582 = VERTEX_POINT ( 'NONE', #4015 ) ;
#6583 = CARTESIAN_POINT ( 'NONE',  ( -6.772800442731756299, -28.57256243734818213, 8.631000000000000227 ) ) ;
#6584 = CARTESIAN_POINT ( 'NONE',  ( -14.45913974769479537, -8.518067935391323786, -8.586748896483111793 ) ) ;
#6585 = CARTESIAN_POINT ( 'NONE',  ( 5.259699972728243189, 2.887136331537275336, 6.050900000000028811 ) ) ;
#6586 = CARTESIAN_POINT ( 'NONE',  ( -4.284484338431732375, 3.261492931199596157, 0.000000000000000000 ) ) ;
#6587 = CARTESIAN_POINT ( 'NONE',  ( -45.75774510664813022, 21.83306024433469616, 11.80599999999999561 ) ) ;
#6589 = CIRCLE ( 'NONE', #5508, 18.51621113172978639 ) ;
#6588 = CARTESIAN_POINT ( 'NONE',  ( -0.9018918145981437151, -19.68189704608210988, 2.004910899980774097 ) ) ;
#6590 = CARTESIAN_POINT ( 'NONE',  ( -27.08947745728853107, 32.80811324254457872, 14.98099999999999454 ) ) ;
#6591 = PRODUCT_CONTEXT ( 'NONE', #6966, 'mechanical' ) ;
#6592 = CARTESIAN_POINT ( 'NONE',  ( -10.38745360744688462, -15.50250858791848430, -6.680692025235177134 ) ) ;
#6593 = VERTEX_POINT ( 'NONE', #6567 ) ;
#6594 = CARTESIAN_POINT ( 'NONE',  ( -23.43310772915992146, 34.30224345088092974, 10.21850059711604253 ) ) ;
#6595 = ADVANCED_FACE ( 'NONE', ( #3399 ), #3650, .F. ) ;
#6596 = CARTESIAN_POINT ( 'NONE',  ( 9.538187994936750513, -14.02390435486695885, 13.39349999983439155 ) ) ;
#6597 = VECTOR ( 'NONE', #5839, 1000.000000000000000 ) ;
#6598 = FACE_OUTER_BOUND ( 'NONE', #8014, .T. ) ;
#6599 = B_SPLINE_SURFACE_WITH_KNOTS ( 'NONE', 3, 1, ( 
 ( #3142, #4263 ),
 ( #6812, #436 ),
 ( #6893, #4350 ),
 ( #8221, #1849 ),
 ( #7556, #2476 ),
 ( #1107, #2439 ),
 ( #3644, #4971 ),
 ( #1809, #6190 ),
 ( #562, #3764 ),
 ( #475, #2516 ),
 ( #7518, #3101 ),
 ( #3018, #1189 ),
 ( #8184, #3059 ),
 ( #4387, #3721 ),
 ( #5633, #5008 ),
 ( #7478, #1231 ),
 ( #8094, #1683 ),
 ( #6930, #4222 ) ),
 .UNSPECIFIED., .F., .F., .F.,
 ( 4, 1, 1, 1, 1, 1, 1, 1, 1, 1, 1, 1, 1, 1, 1, 4 ),
 ( 2, 2 ),
 ( 0.4126244474604915391, 0.4199218750000000000, 0.4277343750000000000, 0.4335937499999978351, 0.4414062499999855671, 0.4492187500000000000, 0.4570312500000000000, 0.4648437500000000000, 0.4726562500000000000, 0.4804687500000000000, 0.4882812499999999445, 0.4941406250000000000, 0.5039062500000000000, 0.5117187500000000000, 0.5195312500000057732, 0.5273437499999966693 ),
 ( 0.000000000000000000, 1.000000000000000000 ),
 .UNSPECIFIED. ) ;
#6600 = CARTESIAN_POINT ( 'NONE',  ( -13.08427867658368449, 5.346220250491161785, 0.000000000000000000 ) ) ;
#6601 = CARTESIAN_POINT ( 'NONE',  ( 2.771976065070752782, -13.90792118376792175, 14.98100000000000520 ) ) ;
#6602 = LINE ( 'NONE', #5295, #3017 ) ;
#6603 = DIRECTION ( 'NONE',  ( 0.000000000000000000, 0.000000000000000000, -1.000000000000000000 ) ) ;
#6604 = DIRECTION ( 'NONE',  ( -0.9371590407833582104, 0.3489024681454918064, -0.000000000000000000 ) ) ;
#6605 = CARTESIAN_POINT ( 'NONE',  ( -8.565050193019002833, -16.92647862052221797, -7.318099999999999383 ) ) ;
#6606 = VERTEX_POINT ( 'NONE', #1113 ) ;
#6607 = VECTOR ( 'NONE', #1665, 1000.000000000000000 ) ;
#6608 = CARTESIAN_POINT ( 'NONE',  ( -48.07305788143924019, 25.91494184313012994, 11.80599999999999383 ) ) ;
#6609 = CARTESIAN_POINT ( 'NONE',  ( -5.422144762331466694, 9.927568289029835569, -8.905600000000001515 ) ) ;
#6610 = CARTESIAN_POINT ( 'NONE',  ( 6.357654241726757860, -13.22022809262043097, 11.05600000000000271 ) ) ;
#6611 = DIRECTION ( 'NONE',  ( 0.9247449542209307261, 0.3805874007937319337, 0.000000000000000000 ) ) ;
#6612 = CARTESIAN_POINT ( 'NONE',  ( 7.202779167234852231, 13.23207438966029592, -5.730599999999999028 ) ) ;
#6613 = VERTEX_POINT ( 'NONE', #443 ) ;
#6614 = ORIENTED_EDGE ( 'NONE', *, *, #8154, .F. ) ;
#6615 = CARTESIAN_POINT ( 'NONE',  ( 12.31584843294385578, -13.58499790962765452, 10.53591405485070176 ) ) ;
#6616 = CARTESIAN_POINT ( 'NONE',  ( 12.16910334886818568, -14.54587935834384460, 11.05600000000000271 ) ) ;
#6617 = CARTESIAN_POINT ( 'NONE',  ( -4.950910143045011758, -9.449961203740805615, 11.36663415283823042 ) ) ;
#6618 = CARTESIAN_POINT ( 'NONE',  ( 2.229183074677309584, -13.76562875766001959, 8.631000000000000227 ) ) ;
#6619 = CARTESIAN_POINT ( 'NONE',  ( 1.707223932449999371, 6.815107828259483469, -5.730600000000004357 ) ) ;
#6620 = CARTESIAN_POINT ( 'NONE',  ( -11.98851896552692509, -12.91572002656052121, -7.318099999999999383 ) ) ;
#6621 = CARTESIAN_POINT ( 'NONE',  ( -7.829001583366465233, -11.15330637801602798, 8.631000000000000227 ) ) ;
#6622 = ADVANCED_BREP_SHAPE_REPRESENTATION ( 'Part1^asm-cams-manual-switching', ( #4999, #7668, #2374, #5078, #1278 ), #7262 ) ;
#6623 = EDGE_LOOP ( 'NONE', ( #6776, #477, #3279, #446, #8134, #6054 ) ) ;
#6624 = CARTESIAN_POINT ( 'NONE',  ( 8.277873292152833073, 14.81419829112149600, 7.452141035641878020 ) ) ;
#6625 = LINE ( 'NONE', #7249, #4528 ) ;
#6626 = CARTESIAN_POINT ( 'NONE',  ( -4.893531080939470534, 2.488148397741977824, 0.000000000000000000 ) ) ;
#6627 = CARTESIAN_POINT ( 'NONE',  ( 18.80718129388836601, -12.73655414860664692, 11.80600000000000271 ) ) ;
#6628 = CARTESIAN_POINT ( 'NONE',  ( -1.965062139854503842, 6.206607571603671936, 0.000000000000000000 ) ) ;
#6629 = AXIS2_PLACEMENT_3D ( 'NONE', #3372, #6042, #196 ) ;
#6630 = CARTESIAN_POINT ( 'NONE',  ( 6.426220926797029165, 26.62486273173800200, 14.98100000000004783 ) ) ;
#6631 = B_SPLINE_CURVE_WITH_KNOTS ( 'NONE', 3,
 ( #6827, #6205, #3617, #6161, #449, #1120, #3657, #2237, #2321, #3576, #6037, #5387 ),
 .UNSPECIFIED., .F., .F.,
 ( 4, 1, 1, 1, 1, 1, 1, 1, 1, 4 ),
 ( 0.4687499999978241294, 0.4882812499980543341, 0.5078124999982845944, 0.5312499999985607069, 0.5546874999988276045, 0.5781249999991131538, 0.6015624999993893773, 0.6210937499996225242, 0.6445312499998958611, 0.6533740327021160255 ),
 .UNSPECIFIED. ) ;
#6632 = CARTESIAN_POINT ( 'NONE',  ( -8.963016036430317968, -16.69055598547431174, -7.305055488514359929 ) ) ;
#6633 = ORIENTED_EDGE ( 'NONE', *, *, #2104, .T. ) ;
#6634 = CARTESIAN_POINT ( 'NONE',  ( -12.64633658977693997, 34.64295991251769635, 8.630999999999993122 ) ) ;
#6635 = CARTESIAN_POINT ( 'NONE',  ( 10.16852945880552817, -14.16342776514918533, 11.05600000000000271 ) ) ;
#6636 = CARTESIAN_POINT ( 'NONE',  ( 0.9736327287353242488, 9.938051241704384253, -2.071549999999999336 ) ) ;
#6637 = VECTOR ( 'NONE', #2068, 1000.000000000000114 ) ;
#6638 = CARTESIAN_POINT ( 'NONE',  ( 2.870011529898834457, 11.75559239679175327, 0.000000000000000000 ) ) ;
#6639 = CARTESIAN_POINT ( 'NONE',  ( -21.91443029615336613, 36.00304555153040553, 11.80599999999999206 ) ) ;
#6640 = CARTESIAN_POINT ( 'NONE',  ( -14.10282422150180537, -11.13543855904509705, 3.174999999999999822 ) ) ;
#6641 = EDGE_CURVE ( 'NONE', #7566, #6804, #5505, .T. ) ;
#6642 = B_SPLINE_CURVE_WITH_KNOTS ( 'NONE', 3,
 ( #3993, #3453, #5876, #241, #2171, #2835, #5280, #160, #122, #6584, #1506, #2664, #5197, #7744 ),
 .UNSPECIFIED., .F., .F.,
 ( 4, 2, 2, 2, 2, 2, 4 ),
 ( 0.000000000000000000, 0.0003100271508935037923, 0.0006200543017870075845, 0.0009300814526805064979, 0.001240108603574005628, 0.001860162905361003455, 0.002480217207148001281 ),
 .UNSPECIFIED. ) ;
#6643 = CARTESIAN_POINT ( 'NONE',  ( -4.036026275792284679, -20.39386790405104932, -8.905600000000001515 ) ) ;
#6644 = EDGE_CURVE ( 'NONE', #4149, #5460, #6154, .T. ) ;
#6645 = CARTESIAN_POINT ( 'NONE',  ( 6.000000000000000888, -7.347880794884120722E-16, 3.756000000000000671 ) ) ;
#6646 = EDGE_CURVE ( 'NONE', #6234, #4744, #1195, .T. ) ;
#6647 = DIRECTION ( 'NONE',  ( -1.000000000000000000, 0.000000000000000000, -0.000000000000000000 ) ) ;
#6648 = ORIENTED_EDGE ( 'NONE', *, *, #2519, .F. ) ;
#6649 = EDGE_LOOP ( 'NONE', ( #5655, #4106, #3133, #3070 ) ) ;
#6650 = CARTESIAN_POINT ( 'NONE',  ( -48.95355762924554455, 21.84880566579361627, 11.80599999999999561 ) ) ;
#6651 = CARTESIAN_POINT ( 'NONE',  ( -5.365758893188782963, 10.85873511045645756, -8.905600000000001515 ) ) ;
#6652 = CARTESIAN_POINT ( 'NONE',  ( -0.2653667188482610184, 10.93062915889242070, 8.631000000000000227 ) ) ;
#6653 = EDGE_CURVE ( 'NONE', #6415, #5981, #826, .T. ) ;
#6654 = CARTESIAN_POINT ( 'NONE',  ( -33.50011498293680745, 34.60976076831700254, 10.21850059711604253 ) ) ;
#6655 = CARTESIAN_POINT ( 'NONE',  ( 4.289051226172818865, 12.53125708338927602, 1.587499999999999911 ) ) ;
#6656 = CLOSED_SHELL ( 'NONE', ( #2526, #4763, #5374, #3459, #7934 ) ) ;
#6657 = EDGE_LOOP ( 'NONE', ( #5470, #1348, #6524, #2195 ) ) ;
#6658 = ORIENTED_EDGE ( 'NONE', *, *, #2111, .T. ) ;
#6659 = CARTESIAN_POINT ( 'NONE',  ( -14.23379430170448146, 6.432134921026317897, -8.905599999999997962 ) ) ;
#6660 = CARTESIAN_POINT ( 'NONE',  ( 0.000000000000000000, 0.000000000000000000, -11.44909999999999961 ) ) ;
#6661 = CARTESIAN_POINT ( 'NONE',  ( -6.802166949865369183, -8.989651380556258786, 11.36663415283823042 ) ) ;
#6662 = CARTESIAN_POINT ( 'NONE',  ( 25.48455371229664124, 12.54643094582652729, 11.80599999999999739 ) ) ;
#6663 = CARTESIAN_POINT ( 'NONE',  ( -11.80572679239482881, -16.32977679705753005, -15.44910000000000139 ) ) ;
#6664 = LINE ( 'NONE', #5869, #3704 ) ;
#6665 = CARTESIAN_POINT ( 'NONE',  ( 27.22101982593339287, 6.353276422773165066, 8.630999999999994898 ) ) ;
#6666 = VERTEX_POINT ( 'NONE', #7359 ) ;
#6667 = AXIS2_PLACEMENT_3D ( 'NONE', #7578, #2330, #3584 ) ;
#6668 = CIRCLE ( 'NONE', #2540, 1.587500000000001465 ) ;
#6669 = CARTESIAN_POINT ( 'NONE',  ( 7.714845226176436199, -13.57393342653623947, 12.55600000000000094 ) ) ;
#6670 = CARTESIAN_POINT ( 'NONE',  ( -12.71990937226253493, -13.20744419277050063, -8.704692019481310439 ) ) ;
#6671 = CARTESIAN_POINT ( 'NONE',  ( -7.570452848992600181, -17.38489065580179371, -7.318099999999999383 ) ) ;
#6672 = DIRECTION ( 'NONE',  ( -0.000000000000000000, -0.000000000000000000, 1.000000000000000000 ) ) ;
#6673 = CARTESIAN_POINT ( 'NONE',  ( 15.81603941767295929, -13.23563869823644623, 11.80600000000024963 ) ) ;
#6674 = CARTESIAN_POINT ( 'NONE',  ( -0.8871288235855958604, -19.64224335555377721, -7.288051838879123778 ) ) ;
#6675 = CARTESIAN_POINT ( 'NONE',  ( 20.73429099352363991, 15.02051468739542806, 14.98099999999999632 ) ) ;
#6676 = AXIS2_PLACEMENT_3D ( 'NONE', #8125, #6301, #5616 ) ;
#6677 = MECHANICAL_DESIGN_GEOMETRIC_PRESENTATION_REPRESENTATION (  '', ( #1354 ), #7070 ) ;
#6678 = EDGE_CURVE ( 'NONE', #6458, #3939, #3481, .T. ) ;
#6679 = LINE ( 'NONE', #4714, #7224 ) ;
#6680 = VERTEX_POINT ( 'NONE', #5466 ) ;
#6681 = DIRECTION ( 'NONE',  ( 0.9322399881385086129, -0.3618405788679777690, 0.000000000000000000 ) ) ;
#6682 = EDGE_CURVE ( 'NONE', #2937, #681, #1649, .T. ) ;
#6683 = PLANE ( 'NONE',  #3999 ) ;
#6684 = CARTESIAN_POINT ( 'NONE',  ( -2.461823230156357845, -11.97746266590834630, 6.050900000000025258 ) ) ;
#6685 = FACE_OUTER_BOUND ( 'NONE', #2441, .T. ) ;
#6686 = CARTESIAN_POINT ( 'NONE',  ( 28.74950554974190808, -2.214734616449070437, 14.98100000000001764 ) ) ;
#6687 = CARTESIAN_POINT ( 'NONE',  ( 5.826509860944925734, 5.216242054727208810, -1.087572146544178553 ) ) ;
#6688 = CARTESIAN_POINT ( 'NONE',  ( -4.038636021049543778, -20.40088165496724670, -8.905600000000001515 ) ) ;
#6689 = CARTESIAN_POINT ( 'NONE',  ( -9.686739635327779041, -9.024083855329820381, 12.55599999790798371 ) ) ;
#6690 = CARTESIAN_POINT ( 'NONE',  ( -9.586657712543104282, -16.24503456457990680, -8.248035969732711692 ) ) ;
#6691 = ORIENTED_EDGE ( 'NONE', *, *, #380, .F. ) ;
#6692 = CARTESIAN_POINT ( 'NONE',  ( -21.91443029615336613, 36.00304555153040553, 14.98099999999999454 ) ) ;
#6693 = CARTESIAN_POINT ( 'NONE',  ( -7.392310971990772472, 10.75641645009015512, -8.905600000000001515 ) ) ;
#6694 = CARTESIAN_POINT ( 'NONE',  ( 20.93663917186203349, 1.726690403594030476, 8.631000000000000227 ) ) ;
#6695 = VECTOR ( 'NONE', #742, 1000.000000000000114 ) ;
#6696 = CARTESIAN_POINT ( 'NONE',  ( -18.90414476090749574, 34.44591281815267791, 10.21850029855801623 ) ) ;
#6697 = CARTESIAN_POINT ( 'NONE',  ( -16.41308049243611222, 1.360090008357381253, -8.905600000000001515 ) ) ;
#6698 = EDGE_CURVE ( 'NONE', #70, #681, #7861, .T. ) ;
#6699 = VERTEX_POINT ( 'NONE', #4888 ) ;
#6700 = ORIENTED_EDGE ( 'NONE', *, *, #3573, .T. ) ;
#6701 = DIRECTION ( 'NONE',  ( 1.000000000000000000, 0.000000000000000000, 0.000000000000000000 ) ) ;
#6702 = CARTESIAN_POINT ( 'NONE',  ( 1.984375000000000000, 0.000000000000000000, -7.949100000000000499 ) ) ;
#6703 = CARTESIAN_POINT ( 'NONE',  ( 4.565458970256451643, -12.74065374295750530, 12.55600000000000094 ) ) ;
#6704 = CARTESIAN_POINT ( 'NONE',  ( -16.41965974405983530, 36.03076986445130814, 11.80599999999999206 ) ) ;
#6705 = CARTESIAN_POINT ( 'NONE',  ( 18.98290374441003081, -0.4440179612351979888, 0.000000000000000000 ) ) ;
#6706 = CARTESIAN_POINT ( 'NONE',  ( -8.665932743495799784, -16.87245979698746723, 1.581980456779217059 ) ) ;
#6707 = CONICAL_SURFACE ( 'NONE', #2706, 3.924999999999977174, 0.7853981633974442822 ) ;
#6708 = EDGE_CURVE ( 'NONE', #5266, #1734, #5202, .T. ) ;
#6709 = CARTESIAN_POINT ( 'NONE',  ( 11.68894969801942985, -12.95213167120597930, 12.55600000000000094 ) ) ;
#6710 = ORIENTED_EDGE ( 'NONE', *, *, #6344, .F. ) ;
#6711 = CARTESIAN_POINT ( 'NONE',  ( 8.945847058146746633, 27.23474620163048243, 10.21850059711604430 ) ) ;
#6712 = CARTESIAN_POINT ( 'NONE',  ( 8.592382235092802745, 14.87245495631250769, 8.631000000000000227 ) ) ;
#6713 = CARTESIAN_POINT ( 'NONE',  ( 7.875777487326679704, 9.913973106947068459, -2.228696967530884532 ) ) ;
#6714 = CARTESIAN_POINT ( 'NONE',  ( -3.392520309642245380, 4.394075141335002321, 0.000000000000000000 ) ) ;
#6715 = CARTESIAN_POINT ( 'NONE',  ( 15.09618207182342609, 21.65501198132387373, 11.80599999999999561 ) ) ;
#6716 = CARTESIAN_POINT ( 'NONE',  ( 0.05689514697378533076, -3.175489651875908148, -9.570121490022589938 ) ) ;
#6717 = CARTESIAN_POINT ( 'NONE',  ( 9.843267471655178014, 15.19869074240752660, -9.949099999999967636 ) ) ;
#6718 = ORIENTED_EDGE ( 'NONE', *, *, #7257, .T. ) ;
#6719 = ORIENTED_EDGE ( 'NONE', *, *, #6297, .T. ) ;
#6720 = LINE ( 'NONE', #7219, #704 ) ;
#6721 = PLANE ( 'NONE',  #7465 ) ;
#6722 = CARTESIAN_POINT ( 'NONE',  ( 20.93640320978964198, -0.9952720344690632048, -8.905600000000001515 ) ) ;
#6723 = FACE_OUTER_BOUND ( 'NONE', #2149, .T. ) ;
#6724 = CARTESIAN_POINT ( 'NONE',  ( 18.95516000675702983, 22.39092315294194080, 14.98100000000060916 ) ) ;
#6725 = LINE ( 'NONE', #3469, #4743 ) ;
#6726 = PLANE ( 'NONE',  #3005 ) ;
#6727 = EDGE_CURVE ( 'NONE', #4643, #3376, #1890, .T. ) ;
#6728 = CARTESIAN_POINT ( 'NONE',  ( -7.548217524241007226, -17.47114807283128357, 2.140571946914124002 ) ) ;
#6729 = CARTESIAN_POINT ( 'NONE',  ( -12.61816878648236440, -13.11057329565531049, -8.905600000000001515 ) ) ;
#6730 = ORIENTED_EDGE ( 'NONE', *, *, #7307, .T. ) ;
#6731 = ORIENTED_EDGE ( 'NONE', *, *, #6873, .T. ) ;
#6732 = CARTESIAN_POINT ( 'NONE',  ( 2.870011529899069824, 11.75559239679222401, 1.587499999999999911 ) ) ;
#6733 = CARTESIAN_POINT ( 'NONE',  ( -48.86279541950757732, 23.23735313982243156, 14.98099999999995902 ) ) ;
#6734 = DIRECTION ( 'NONE',  ( -0.000000000000000000, -0.000000000000000000, 1.000000000000000000 ) ) ;
#6735 = CARTESIAN_POINT ( 'NONE',  ( 20.93663917196170132, 3.006843940391105363, 8.631000000000000227 ) ) ;
#6736 = CARTESIAN_POINT ( 'NONE',  ( 18.18467006882645975, 6.277871873167973682, -5.730599999999999028 ) ) ;
#6737 = VECTOR ( 'NONE', #2682, 1000.000000000000000 ) ;
#6738 = B_SPLINE_SURFACE_WITH_KNOTS ( 'NONE', 1, 3, ( 
 ( #4472, #7016, #1313, #5759, #4929, #7484, #5132, #3813, #1904, #6944 ),
 ( #2525, #651, #24, #5093, #4437, #7637, #7678, #1940, #1318, #3851 ) ),
 .UNSPECIFIED., .F., .F., .F.,
 ( 2, 2 ),
 ( 4, 2, 2, 2, 4 ),
 ( 0.000000000000000000, 1.000000000000000000 ),
 ( 0.000000000000000000, 0.3312314344345015926, 0.5170122668105440189, 0.6979999127215934518, 1.000000000000000000 ),
 .UNSPECIFIED. ) ;
#6739 = VECTOR ( 'NONE', #4027, 1000.000000000000114 ) ;
#6740 = VERTEX_POINT ( 'NONE', #7399 ) ;
#6741 = EDGE_LOOP ( 'NONE', ( #5056, #4924, #8106, #383, #7763 ) ) ;
#6742 = CARTESIAN_POINT ( 'NONE',  ( -12.96717554342211720, 7.938974419627391477, -8.905599999999999739 ) ) ;
#6743 = CARTESIAN_POINT ( 'NONE',  ( -6.000000000000000888, 0.000000000000000000, -11.44909999999999961 ) ) ;
#6744 = CARTESIAN_POINT ( 'NONE',  ( -1.005148506369142769, -5.915207222079752469, 6.050900000001405488 ) ) ;
#6745 = DIRECTION ( 'NONE',  ( -1.000000000000000000, 0.000000000000000000, 0.000000000000000000 ) ) ;
#6746 = CARTESIAN_POINT ( 'NONE',  ( -13.46335915026455332, -13.50398159642895912, -15.44909999999999961 ) ) ;
#6747 = CARTESIAN_POINT ( 'NONE',  ( -9.325301708745376672, -16.43856945222297483, 1.539283640477744575 ) ) ;
#6748 = VECTOR ( 'NONE', #2602, 1000.000000000000000 ) ;
#6749 = ORIENTED_EDGE ( 'NONE', *, *, #4404, .F. ) ;
#6750 = CARTESIAN_POINT ( 'NONE',  ( 5.462736354394249538, -12.97593693034882811, 11.05600000000000271 ) ) ;
#6751 = EDGE_CURVE ( 'NONE', #6606, #3583, #3065, .T. ) ;
#6752 = EDGE_CURVE ( 'NONE', #7975, #3939, #6112, .T. ) ;
#6753 = ORIENTED_EDGE ( 'NONE', *, *, #2270, .F. ) ;
#6754 = CARTESIAN_POINT ( 'NONE',  ( -11.94963630523137077, 6.672263382977527968, -5.730599999999999028 ) ) ;
#6755 = CARTESIAN_POINT ( 'NONE',  ( 0.000000000000000000, 0.000000000000000000, 1.256000000000000671 ) ) ;
#6756 = CARTESIAN_POINT ( 'NONE',  ( 8.026447555241595921, 10.31867593714609299, -1.949099999999967636 ) ) ;
#6757 = CARTESIAN_POINT ( 'NONE',  ( -9.358681107995392878, -3.181530337052272284, 0.000000000000000000 ) ) ;
#6758 = CARTESIAN_POINT ( 'NONE',  ( -45.42288820622445655, 18.78351911223738213, 8.630999999999936279 ) ) ;
#6759 = CARTESIAN_POINT ( 'NONE',  ( 1.589364074341676369, -19.94809778261844357, -6.524354979597465132 ) ) ;
#6760 = CARTESIAN_POINT ( 'NONE',  ( -18.57456196277276916, -4.252665149888141372, 11.80600000000000094 ) ) ;
#6761 = CIRCLE ( 'NONE', #1700, 0.6499999999999999112 ) ;
#6762 = CARTESIAN_POINT ( 'NONE',  ( -12.45260510949938215, -9.618601123487151128, 1.587499999999999911 ) ) ;
#6763 = ORIENTED_EDGE ( 'NONE', *, *, #1280, .F. ) ;
#6764 = EDGE_LOOP ( 'NONE', ( #3435, #8155, #7689, #1949 ) ) ;
#6765 = CARTESIAN_POINT ( 'NONE',  ( -11.48658944705459106, -6.436629345929393509, 1.587499999999999911 ) ) ;
#6766 = DIRECTION ( 'NONE',  ( 1.000000000000000000, 0.000000000000000000, -0.000000000000000000 ) ) ;
#6767 = CARTESIAN_POINT ( 'NONE',  ( -3.930252202945376361, -14.63193367759294716, -12.77409999999999712 ) ) ;
#6768 = CARTESIAN_POINT ( 'NONE',  ( 0.9354809123625636991, -1.754145383400437241, -2.899343487127960195 ) ) ;
#6769 = CARTESIAN_POINT ( 'NONE',  ( -19.71033619878172161, -7.218401743463203957, 14.98099999999982401 ) ) ;
#6770 = CARTESIAN_POINT ( 'NONE',  ( -14.01081225731631186, -8.662863822892155952, 8.631000000000000227 ) ) ;
#6771 = CARTESIAN_POINT ( 'NONE',  ( 8.686675194393602695, -23.43346126757722914, -8.248035969732711692 ) ) ;
#6772 = LINE ( 'NONE', #3602, #4296 ) ;
#6773 = CARTESIAN_POINT ( 'NONE',  ( -8.148924355849684886, -17.86245616752504262, -8.905600000000001515 ) ) ;
#6774 = ORIENTED_EDGE ( 'NONE', *, *, #6646, .F. ) ;
#6775 = FACE_OUTER_BOUND ( 'NONE', #262, .T. ) ;
#6776 = ORIENTED_EDGE ( 'NONE', *, *, #4597, .T. ) ;
#6777 = CIRCLE ( 'NONE', #7824, 0.7932652022746236042 ) ;
#6778 = CARTESIAN_POINT ( 'NONE',  ( 0.9656174468386756748, 9.928214956165350102, 1.587499999999999911 ) ) ;
#6779 = LINE ( 'NONE', #398, #424 ) ;
#6780 = DIRECTION ( 'NONE',  ( 0.000000000000000000, 0.000000000000000000, 1.000000000000000000 ) ) ;
#6781 = CARTESIAN_POINT ( 'NONE',  ( 18.38123042735837132, 5.752224782637088474, -5.730599999999999028 ) ) ;
#6782 = EDGE_CURVE ( 'NONE', #2911, #5796, #6779, .T. ) ;
#6783 = ORIENTED_EDGE ( 'NONE', *, *, #7891, .T. ) ;
#6784 = VERTEX_POINT ( 'NONE', #7442 ) ;
#6785 = CARTESIAN_POINT ( 'NONE',  ( -12.34045264662481500, -11.74362448180644591, -5.730600000000002581 ) ) ;
#6786 = DIRECTION ( 'NONE',  ( 1.000000000000000000, 0.000000000000000000, 0.000000000000000000 ) ) ;
#6787 = CARTESIAN_POINT ( 'NONE',  ( -3.416773536141808787, 8.803941065494790053, -7.318099999999999383 ) ) ;
#6788 = EDGE_CURVE ( 'NONE', #7558, #4693, #1728, .T. ) ;
#6789 = CARTESIAN_POINT ( 'NONE',  ( 19.34889918903137840, -0.9619779509089817493, -0.000000000000000000 ) ) ;
#6790 = CARTESIAN_POINT ( 'NONE',  ( -8.184316070314888947, -9.429466381433392996, 14.19556458705075919 ) ) ;
#6791 = ORIENTED_EDGE ( 'NONE', *, *, #2934, .F. ) ;
#6792 = FACE_OUTER_BOUND ( 'NONE', #2030, .T. ) ;
#6793 = CARTESIAN_POINT ( 'NONE',  ( -12.06375142879938522, -12.94572728782688742, -7.829369689933742826 ) ) ;
#6794 = CARTESIAN_POINT ( 'NONE',  ( 6.689891647893161597, 14.75382526739815248, 5.862295250392493884 ) ) ;
#6795 = CARTESIAN_POINT ( 'NONE',  ( -14.41000476459173107, -6.796399528164235981, -5.730599999999999028 ) ) ;
#6796 = ADVANCED_FACE ( 'NONE', ( #6195 ), #481, .F. ) ;
#6797 = CARTESIAN_POINT ( 'NONE',  ( 25.01005285694784774, 0.8374367091040760824, 8.631000000000026873 ) ) ;
#6798 = CARTESIAN_POINT ( 'NONE',  ( 1.589362856318319750, -19.94809772275025139, -6.583151904171199220 ) ) ;
#6799 = EDGE_CURVE ( 'NONE', #4915, #7322, #6150, .T. ) ;
#6800 = CARTESIAN_POINT ( 'NONE',  ( -44.69879262735813796, 25.43413383263218464, 11.80599999999999383 ) ) ;
#6801 = AXIS2_PLACEMENT_3D ( 'NONE', #5035, #8244, #6379 ) ;
#6802 = CARTESIAN_POINT ( 'NONE',  ( -10.19533238692447696, 8.029324202079092032, -5.730599999999997252 ) ) ;
#6803 = ORIENTED_EDGE ( 'NONE', *, *, #6070, .F. ) ;
#6804 = VERTEX_POINT ( 'NONE', #4355 ) ;
#6805 = CARTESIAN_POINT ( 'NONE',  ( -10.32067812157115760, 7.973551672692938297, -7.318099999999999383 ) ) ;
#6806 = CARTESIAN_POINT ( 'NONE',  ( 19.34913917186176135, -0.9449626134939376199, 0.000000000000000000 ) ) ;
#6807 = CARTESIAN_POINT ( 'NONE',  ( -9.628359702630559624, -8.824359651193528720, 10.22863739158535346 ) ) ;
#6808 = AXIS2_PLACEMENT_3D ( 'NONE', #1355, #7673, #6441 ) ;
#6809 = CYLINDRICAL_SURFACE ( 'NONE', #2196, 1.587499999457718580 ) ;
#6810 = CARTESIAN_POINT ( 'NONE',  ( 2.229183074677309140, -13.76562875766001959, 14.98100000000000520 ) ) ;
#6811 = FACE_OUTER_BOUND ( 'NONE', #3540, .T. ) ;
#6812 = CARTESIAN_POINT ( 'NONE',  ( -16.11478866409229127, 2.572347371091437296, -15.44909999999999961 ) ) ;
#6813 = CARTESIAN_POINT ( 'NONE',  ( -12.54481339158700059, -13.30047173430485685, -8.905600000000001515 ) ) ;
#6814 = ORIENTED_EDGE ( 'NONE', *, *, #5663, .F. ) ;
#6815 = DIRECTION ( 'NONE',  ( 1.000000000000000000, 0.000000000000000000, 0.000000000000000000 ) ) ;
#6816 = CARTESIAN_POINT ( 'NONE',  ( -17.80778387332761170, -6.266522890202998575, 10.21850059711605141 ) ) ;
#6817 = VECTOR ( 'NONE', #6604, 1000.000000000000000 ) ;
#6818 = CARTESIAN_POINT ( 'NONE',  ( 0.3806793846580737162, -16.23688503106220438, -12.77410000000000068 ) ) ;
#6819 = LINE ( 'NONE', #359, #2643 ) ;
#6820 = AXIS2_PLACEMENT_3D ( 'NONE', #6952, #452, #1738 ) ;
#6821 = CARTESIAN_POINT ( 'NONE',  ( 10.86804480477624857, -15.96762004994088713, 11.80600000000000449 ) ) ;
#6822 = ORIENTED_EDGE ( 'NONE', *, *, #3549, .T. ) ;
#6823 = EDGE_CURVE ( 'NONE', #1339, #7648, #7483, .T. ) ;
#6824 = EDGE_LOOP ( 'NONE', ( #2652, #1589, #6335, #8086, #1370, #2812, #7730, #90, #6975, #3094 ) ) ;
#6825 = VERTEX_POINT ( 'NONE', #4314 ) ;
#6826 = MECHANICAL_DESIGN_GEOMETRIC_PRESENTATION_REPRESENTATION (  '', ( #3495 ), #2438 ) ;
#6827 = CARTESIAN_POINT ( 'NONE',  ( -11.11513831576380973, -2.846000725366038431, 8.631000000000000227 ) ) ;
#6828 = CARTESIAN_POINT ( 'NONE',  ( 2.205666665587941111, 2.285082833153080362, -10.58892603794832254 ) ) ;
#6829 = CARTESIAN_POINT ( 'NONE',  ( 1.272925115304784249, -5.866233598930329585, 7.264858975353662984 ) ) ;
#6830 = FACE_OUTER_BOUND ( 'NONE', #1270, .T. ) ;
#6831 = DIRECTION ( 'NONE',  ( 1.000000000000000000, 0.000000000000000000, 0.000000000000000000 ) ) ;
#6832 = VECTOR ( 'NONE', #296, 1000.000000000000000 ) ;
#6833 = EDGE_CURVE ( 'NONE', #6075, #1291, #3726, .T. ) ;
#6834 = CARTESIAN_POINT ( 'NONE',  ( 9.538996994740129409, -14.02040265969880117, 11.05600000000000271 ) ) ;
#6835 = B_SPLINE_CURVE_WITH_KNOTS ( 'NONE', 3,
 ( #2267, #2147, #5256, #5416, #260, #4764, #860, #2228, #1643, #7802, #4139, #6523, #5942, #7313, #221, #4011, #2768, #310, #1562, #7271 ),
 .UNSPECIFIED., .F., .F.,
 ( 4, 2, 2, 2, 2, 2, 2, 2, 2, 4 ),
 ( 0.000000000000000000, 0.06250000000000000000, 0.1250000000000000000, 0.2500000000000000000, 0.5000000000000000000, 0.6250000000000000000, 0.7500000000000000000, 0.8125000000000000000, 0.8750000000000000000, 1.000000000000000000 ),
 .UNSPECIFIED. ) ;
#6836 = EDGE_LOOP ( 'NONE', ( #3180, #6814, #7691, #4982 ) ) ;
#6837 = CARTESIAN_POINT ( 'NONE',  ( -12.86045340353285660, -10.79710819055097559, -5.730599999999999028 ) ) ;
#6838 = CARTESIAN_POINT ( 'NONE',  ( 19.38922606354148570, 7.606379422729183659, 8.631000000000000227 ) ) ;
#6839 = DIRECTION ( 'NONE',  ( -1.000000000000000000, 0.000000000000000000, 0.000000000000000000 ) ) ;
#6840 = CARTESIAN_POINT ( 'NONE',  ( 0.9736327287353242488, 9.938051241704384253, 0.000000000000000000 ) ) ;
#6841 = CARTESIAN_POINT ( 'NONE',  ( 18.80718129388836246, -12.73655414860664692, 8.631000000000000227 ) ) ;
#6842 = CARTESIAN_POINT ( 'NONE',  ( 33.22189427995051147, -0.5000000000000005551, 14.48099999999999987 ) ) ;
#6843 = CARTESIAN_POINT ( 'NONE',  ( 16.84548851959756277, -13.15329702478594598, 11.80600000000000271 ) ) ;
#6844 = CARTESIAN_POINT ( 'NONE',  ( -11.73792050015868682, -13.58042259290912313, -5.730599999999999028 ) ) ;
#6845 = VERTEX_POINT ( 'NONE', #7130 ) ;
#6846 = ORIENTED_EDGE ( 'NONE', *, *, #4072, .T. ) ;
#6847 = CARTESIAN_POINT ( 'NONE',  ( -8.782548804159709732, 8.741916582865714602, -7.318099999999999383 ) ) ;
#6848 = CARTESIAN_POINT ( 'NONE',  ( 11.47345137355737954, 3.024429739990967203, -5.730599999999998140 ) ) ;
#6849 = CARTESIAN_POINT ( 'NONE',  ( 20.93663917186206547, -0.9952720431907278176, -15.44909999999999961 ) ) ;
#6850 = CARTESIAN_POINT ( 'NONE',  ( 4.124617960589934462, -10.98088009208205129, 14.98100000000006560 ) ) ;
#6851 = DIRECTION ( 'NONE',  ( -0.000000000000000000, -0.000000000000000000, 1.000000000000000000 ) ) ;
#6852 = DIRECTION ( 'NONE',  ( 0.000000000000000000, 0.000000000000000000, 1.000000000000000000 ) ) ;
#6853 = CARTESIAN_POINT ( 'NONE',  ( -12.78129171708609313, -14.95043919502033880, -8.905600000000001515 ) ) ;
#6854 = ORIENTED_EDGE ( 'NONE', *, *, #2548, .T. ) ;
#6855 = EDGE_CURVE ( 'NONE', #4885, #2082, #888, .T. ) ;
#6856 = CARTESIAN_POINT ( 'NONE',  ( -12.21903357802425028, -15.79436762346981737, -8.905600000000001515 ) ) ;
#6857 = CARTESIAN_POINT ( 'NONE',  ( 26.55051723955111598, -9.162243075185559249, 10.21850059711605141 ) ) ;
#6858 = DIRECTION ( 'NONE',  ( -0.7071067811865445751, 0.000000000000000000, -0.7071067811865504593 ) ) ;
#6859 = DIRECTION ( 'NONE',  ( -0.2535801187161745296, -0.9673143870489525620, 2.147869409105835423E-16 ) ) ;
#6860 = CARTESIAN_POINT ( 'NONE',  ( -15.46334548494149708, -8.624975958979645085, -8.905600000000001515 ) ) ;
#6861 = CARTESIAN_POINT ( 'NONE',  ( 19.74102292354263355, -15.78402317582673930, 11.80600000000000449 ) ) ;
#6862 = DIRECTION ( 'NONE',  ( 0.000000000000000000, 0.000000000000000000, 1.000000000000000000 ) ) ;
#6863 = ORIENTED_EDGE ( 'NONE', *, *, #4691, .F. ) ;
#6864 = ORIENTED_EDGE ( 'NONE', *, *, #4231, .T. ) ;
#6865 = CARTESIAN_POINT ( 'NONE',  ( 14.25591115432990641, 24.17868099317643171, 14.98099999999999454 ) ) ;
#6866 = AXIS2_PLACEMENT_3D ( 'NONE', #3967, #731, #3267 ) ;
#6867 = CARTESIAN_POINT ( 'NONE',  ( -8.076743652920773897, -18.89077987542412274, -12.77409999999999890 ) ) ;
#6868 = CARTESIAN_POINT ( 'NONE',  ( 1.440650674531523068, -5.826438292207926750, 7.168126590360068384 ) ) ;
#6869 = FILL_AREA_STYLE_COLOUR ( '', #6552 ) ;
#6870 = CARTESIAN_POINT ( 'NONE',  ( -47.26318507213461118, 14.98993600145355209, 11.80599999999999739 ) ) ;
#6871 = CARTESIAN_POINT ( 'NONE',  ( -2.204894577754120011, -10.96236130471560521, 11.05600000209201994 ) ) ;
#6872 = CARTESIAN_POINT ( 'NONE',  ( -7.820631726426649166, -17.29161762308357808, 1.587015230660521636 ) ) ;
#6873 = EDGE_CURVE ( 'NONE', #659, #8064, #734, .T. ) ;
#6874 = VERTEX_POINT ( 'NONE', #5837 ) ;
#6875 = PRODUCT_DEFINITION_SHAPE ( 'NONE', 'NONE',  #3090 ) ;
#6876 = DIRECTION ( 'NONE',  ( 0.3489024681454918064, 0.9371590407833582104, 0.000000000000000000 ) ) ;
#6877 = FACE_OUTER_BOUND ( 'NONE', #5858, .T. ) ;
#6878 = CIRCLE ( 'NONE', #2750, 0.6499999999999991340 ) ;
#6879 = CARTESIAN_POINT ( 'NONE',  ( -11.41158442011745855, -14.14504739044597592, -7.318099999999999383 ) ) ;
#6880 = CARTESIAN_POINT ( 'NONE',  ( -5.889637072824547737, 1.223330659128233577, 0.000000000000000000 ) ) ;
#6881 = AXIS2_PLACEMENT_3D ( 'NONE', #7419, #1795, #6047 ) ;
#6882 = CARTESIAN_POINT ( 'NONE',  ( 24.09583352102566423, 5.763476572495693340, 8.630999999999994898 ) ) ;
#6883 = CARTESIAN_POINT ( 'NONE',  ( 1.567619047007633215, -19.94728248617266431, 0.9080855229716036092 ) ) ;
#6884 = CARTESIAN_POINT ( 'NONE',  ( -42.95525717008185751, 27.44897564401927070, 11.80599999999999383 ) ) ;
#6885 = DIRECTION ( 'NONE',  ( 1.000000000000000000, 0.000000000000000000, 0.000000000000000000 ) ) ;
#6886 = EDGE_LOOP ( 'NONE', ( #3852, #3345 ) ) ;
#6887 = CARTESIAN_POINT ( 'NONE',  ( -4.425450163291727357, 9.109798709189764310, -7.318099999999999383 ) ) ;
#6888 = CARTESIAN_POINT ( 'NONE',  ( 1.132680650045848392, 10.13746235464814305, 0.000000000000000000 ) ) ;
#6889 = CARTESIAN_POINT ( 'NONE',  ( -9.392156383247710849, -8.016281981375799504, 10.60984605994418928 ) ) ;
#6890 = CARTESIAN_POINT ( 'NONE',  ( 26.35318203560210648, -11.46868643948620203, 14.98100000000000520 ) ) ;
#6891 = CARTESIAN_POINT ( 'NONE',  ( -43.06915103936022859, 31.30670315768118428, 14.98099999999987908 ) ) ;
#6892 = CARTESIAN_POINT ( 'NONE',  ( 7.380140309765168993, 16.10206736071607025, -10.65359810689851550 ) ) ;
#6893 = CARTESIAN_POINT ( 'NONE',  ( -16.25141662937566878, 2.067441825064930239, -15.44909999999999961 ) ) ;
#6894 = CARTESIAN_POINT ( 'NONE',  ( -9.557852228031087805, -17.08185590469851434, -8.905600000000001515 ) ) ;
#6895 = EDGE_LOOP ( 'NONE', ( #1034, #1569, #3509, #2364 ) ) ;
#6896 = CARTESIAN_POINT ( 'NONE',  ( 27.51580630283823936, -2.931758095046658852, 10.21850059711604963 ) ) ;
#6897 = EDGE_CURVE ( 'NONE', #7479, #5603, #3712, .T. ) ;
#6898 = CARTESIAN_POINT ( 'NONE',  ( 0.000000000000000000, 0.000000000000000000, -11.44909999999999961 ) ) ;
#6899 = CYLINDRICAL_SURFACE ( 'NONE', #110, 1.399999999999999911 ) ;
#6900 = CARTESIAN_POINT ( 'NONE',  ( -7.522063524368013177, -17.40308485334662691, 0.000000000000000000 ) ) ;
#6901 = EDGE_CURVE ( 'NONE', #6977, #7999, #3917, .T. ) ;
#6902 = CARTESIAN_POINT ( 'NONE',  ( 28.63184273261631674, -1.233121942092601619, 11.80600000000000094 ) ) ;
#6903 = ORIENTED_EDGE ( 'NONE', *, *, #8154, .T. ) ;
#6904 = EDGE_LOOP ( 'NONE', ( #7602, #7455, #4891, #532 ) ) ;
#6905 = ORIENTED_EDGE ( 'NONE', *, *, #1919, .F. ) ;
#6906 = CARTESIAN_POINT ( 'NONE',  ( 0.000000000000000000, 0.000000000000000000, 3.005999999999991346 ) ) ;
#6907 = CARTESIAN_POINT ( 'NONE',  ( 2.087658458310429843, 2.392134436323571922, -9.949099999999891253 ) ) ;
#6908 = CARTESIAN_POINT ( 'NONE',  ( -12.69611107861354071, 5.860204217221870238, -7.318099999999999383 ) ) ;
#6909 = CARTESIAN_POINT ( 'NONE',  ( 3.750637402333862447, 4.686914856167094356, 7.308613282042676573 ) ) ;
#6910 = FACE_OUTER_BOUND ( 'NONE', #1905, .T. ) ;
#6911 = CARTESIAN_POINT ( 'NONE',  ( -10.47998322384133907, -4.696333109345109946, -5.730599999999999916 ) ) ;
#6912 = CARTESIAN_POINT ( 'NONE',  ( 16.81519314945256482, 2.661646629134962527, -8.905600000000001515 ) ) ;
#6913 = AXIS2_PLACEMENT_3D ( 'NONE', #6359, #1816, #2557 ) ;
#6914 = EDGE_LOOP ( 'NONE', ( #1692, #7849, #6013, #2900 ) ) ;
#6915 = CARTESIAN_POINT ( 'NONE',  ( -3.614711222565202497, 8.880768800784526462, 0.000000000000000000 ) ) ;
#6916 = DIRECTION ( 'NONE',  ( 0.000000000000000000, 0.000000000000000000, -1.000000000000000000 ) ) ;
#6917 = CARTESIAN_POINT ( 'NONE',  ( -11.89037289558351418, -13.15962468831480869, -7.318099999999999383 ) ) ;
#6918 = CARTESIAN_POINT ( 'NONE',  ( 16.34252431176008002, 22.72080760093984608, 10.21850059711604608 ) ) ;
#6919 = CARTESIAN_POINT ( 'NONE',  ( 13.16981931603369915, -13.16666720972293803, 8.630999999999465544 ) ) ;
#6920 = CARTESIAN_POINT ( 'NONE',  ( -0.7382928528652022981, 7.764312843947696940, 0.000000000000000000 ) ) ;
#6921 = CARTESIAN_POINT ( 'NONE',  ( 16.68600726385845689, 20.15763671921128974, 11.80600000000099215 ) ) ;
#6922 = CARTESIAN_POINT ( 'NONE',  ( -7.523516826610324948, -17.40178589657775987, -5.730599999999999028 ) ) ;
#6923 = ORIENTED_EDGE ( 'NONE', *, *, #7403, .F. ) ;
#6924 = CARTESIAN_POINT ( 'NONE',  ( 2.674674541434729935, 6.439600175726621245, -5.730599999999998140 ) ) ;
#6925 = CARTESIAN_POINT ( 'NONE',  ( -10.19533238692447696, 8.029324202079092032, -5.730599999999997252 ) ) ;
#6926 = CARTESIAN_POINT ( 'NONE',  ( 28.31198947043230518, 0.6227037764108300788, 14.98099999999999987 ) ) ;
#6927 = CARTESIAN_POINT ( 'NONE',  ( -1.501048752687702992, 33.03278635709281730, 14.98099999999999454 ) ) ;
#6928 = EDGE_CURVE ( 'NONE', #5990, #317, #7749, .T. ) ;
#6929 = DIRECTION ( 'NONE',  ( -0.000000000000000000, -0.000000000000000000, -1.000000000000000000 ) ) ;
#6930 = CARTESIAN_POINT ( 'NONE',  ( -15.36736558150639453, -8.877658348684693834, -15.44909999999999961 ) ) ;
#6931 = EDGE_CURVE ( 'NONE', #69, #7568, #2910, .T. ) ;
#6932 = ORIENTED_EDGE ( 'NONE', *, *, #1408, .F. ) ;
#6933 = CARTESIAN_POINT ( 'NONE',  ( -13.06705121025828120, -14.41327463598827840, -8.905600000000001515 ) ) ;
#6934 = CIRCLE ( 'NONE', #2275, 1.399999999999999911 ) ;
#6935 = LINE ( 'NONE', #2556, #4132 ) ;
#6936 = CIRCLE ( 'NONE', #3868, 6.000000000000000888 ) ;
#6937 = DIRECTION ( 'NONE',  ( -0.1509688510070239797, -0.9885385202538233829, 2.194996451829353223E-16 ) ) ;
#6939 = B_SPLINE_CURVE_WITH_KNOTS ( 'NONE', 3,
 ( #4622, #2789, #5921, #2207, #4746, #7864 ),
 .UNSPECIFIED., .F., .F.,
 ( 4, 2, 4 ),
 ( 0.001132211764942285450, 0.001528926909260808469, 0.001925642053579331488 ),
 .UNSPECIFIED. ) ;
#6938 = CARTESIAN_POINT ( 'NONE',  ( 19.23573578410291418, 1.397168993702418982, -8.905600000000001515 ) ) ;
#6940 = CARTESIAN_POINT ( 'NONE',  ( -10.21505875053764889, -15.68629689704059693, -7.318099999999999383 ) ) ;
#6941 = CARTESIAN_POINT ( 'NONE',  ( -44.97519480863827113, 29.96679013402548364, 11.80599999999999383 ) ) ;
#6942 = AXIS2_PLACEMENT_3D ( 'NONE', #1442, #3972, #6527 ) ;
#6943 = ORIENTED_EDGE ( 'NONE', *, *, #7103, .F. ) ;
#6944 = CARTESIAN_POINT ( 'NONE',  ( -9.686739635327779041, -9.024083855329820381, 11.05600000209201994 ) ) ;
#6945 = ORIENTED_EDGE ( 'NONE', *, *, #2901, .F. ) ;
#6946 = ORIENTED_EDGE ( 'NONE', *, *, #1235, .T. ) ;
#6947 = CARTESIAN_POINT ( 'NONE',  ( -40.67401417322093948, 6.922186682037451355, 14.98099999999999810 ) ) ;
#6948 = CARTESIAN_POINT ( 'NONE',  ( -3.413129052785580875, 8.813555637147853616, -7.526010523711378575 ) ) ;
#6949 = CARTESIAN_POINT ( 'NONE',  ( 2.087658458310437837, 2.392134436323529290, -10.08239796010968448 ) ) ;
#6950 = CARTESIAN_POINT ( 'NONE',  ( 4.900673727127802692, 3.464978022381272282, 7.167415010007486487 ) ) ;
#6951 = AXIS2_PLACEMENT_3D ( 'NONE', #6898, #6734, #4928 ) ;
#6952 = CARTESIAN_POINT ( 'NONE',  ( 0.000000000000000000, 0.000000000000000000, -8.949100000000001387 ) ) ;
#6953 = CARTESIAN_POINT ( 'NONE',  ( -8.184316070316237202, -9.429466381432716204, 11.05600000209201994 ) ) ;
#6954 = CARTESIAN_POINT ( 'NONE',  ( 16.82519645804170949, 2.649913603694718844, -8.905600000000001515 ) ) ;
#6955 = ADVANCED_FACE ( 'NONE', ( #4391 ), #3146, .F. ) ;
#6956 = ORIENTED_EDGE ( 'NONE', *, *, #7630, .T. ) ;
#6957 = CARTESIAN_POINT ( 'NONE',  ( 20.00670319574893696, 2.809225020423251618, 3.174999999999999822 ) ) ;
#6958 = CARTESIAN_POINT ( 'NONE',  ( -0.2653667188397624832, 10.93062915890285858, 3.174999999999999822 ) ) ;
#6959 = CYLINDRICAL_SURFACE ( 'NONE', #6676, 18.51621113172978639 ) ;
#6960 = DIRECTION ( 'NONE',  ( 0.3489024681454918064, 0.9371590407833582104, 0.000000000000000000 ) ) ;
#6961 = EDGE_CURVE ( 'NONE', #7193, #5733, #6305, .T. ) ;
#6962 = CARTESIAN_POINT ( 'NONE',  ( -47.37347727263002639, 27.19531807602060169, 8.630999999999989569 ) ) ;
#6963 = CARTESIAN_POINT ( 'NONE',  ( -0.4394627874858206273, -19.73167077433263472, 1.536641990402739300 ) ) ;
#6964 = CARTESIAN_POINT ( 'NONE',  ( 18.18467006882645975, 6.277871873167974570, 0.000000000000000000 ) ) ;
#6965 = CARTESIAN_POINT ( 'NONE',  ( 24.09583352102566423, 5.763476572495693340, 8.630999999999994898 ) ) ;
#6966 = APPLICATION_CONTEXT ( 'automotive_design' ) ;
#6967 = CARTESIAN_POINT ( 'NONE',  ( 3.097192760286754165, 7.978681073701757498, -8.905599999999999739 ) ) ;
#6968 = VERTEX_POINT ( 'NONE', #3502 ) ;
#6969 = CARTESIAN_POINT ( 'NONE',  ( -14.43158449124798004, -6.659646363897024912, -7.318099999999999383 ) ) ;
#6970 = CARTESIAN_POINT ( 'NONE',  ( 0.4369467506575477889, 9.256587671895131209, 0.000000000000000000 ) ) ;
#6971 = DIRECTION ( 'NONE',  ( -0.000000000000000000, 0.000000000000000000, -1.000000000000000000 ) ) ;
#6972 = CARTESIAN_POINT ( 'NONE',  ( 24.42985965046503694, -13.43782222754919786, 14.98100000000000520 ) ) ;
#6973 = CIRCLE ( 'NONE', #3375, 0.4848803914277930449 ) ;
#6974 = CARTESIAN_POINT ( 'NONE',  ( -5.827377880173137292, -19.72765137017993098, -13.94910000000000139 ) ) ;
#6975 = ORIENTED_EDGE ( 'NONE', *, *, #1499, .T. ) ;
#6976 = PLANE ( 'NONE',  #5347 ) ;
#6977 = VERTEX_POINT ( 'NONE', #8040 ) ;
#6978 = CARTESIAN_POINT ( 'NONE',  ( 27.51580630283823936, -2.931758095046658852, 8.631000000000000227 ) ) ;
#6979 = PLANE ( 'NONE',  #238 ) ;
#6980 = EDGE_CURVE ( 'NONE', #5810, #1009, #2839, .T. ) ;
#6981 = CARTESIAN_POINT ( 'NONE',  ( -9.586657712543104282, -16.24503456457990680, 0.000000000000000000 ) ) ;
#6982 = CARTESIAN_POINT ( 'NONE',  ( -12.27556252960572714, -9.873853818606887600, 11.80600000000000271 ) ) ;
#6983 = EDGE_LOOP ( 'NONE', ( #181, #7381, #5897, #7621, #3474, #920, #2694, #4150, #6285 ) ) ;
#6984 = ORIENTED_EDGE ( 'NONE', *, *, #2215, .F. ) ;
#6985 = DIRECTION ( 'NONE',  ( 0.2535801187161278447, 0.9673143870489647744, -2.147869409105862540E-16 ) ) ;
#6986 = VECTOR ( 'NONE', #5194, 1000.000000000000114 ) ;
#6987 = CARTESIAN_POINT ( 'NONE',  ( -14.92185392696043955, -7.329694340763398763, -8.905600000000001515 ) ) ;
#6988 = CARTESIAN_POINT ( 'NONE',  ( 5.131451844556222497, 3.110027821983227359, 6.774060507691944899 ) ) ;
#6989 = DIRECTION ( 'NONE',  ( -0.000000000000000000, -0.000000000000000000, 1.000000000000000000 ) ) ;
#6990 = CARTESIAN_POINT ( 'NONE',  ( 18.34699435588117566, 0.1463387466780836088, -8.248035969732711692 ) ) ;
#6991 = ORIENTED_EDGE ( 'NONE', *, *, #1652, .T. ) ;
#6992 = ORIENTED_EDGE ( 'NONE', *, *, #1210, .F. ) ;
#6993 = ORIENTED_EDGE ( 'NONE', *, *, #3252, .T. ) ;
#6994 = CARTESIAN_POINT ( 'NONE',  ( 9.399537015999740674, 14.74308132529424320, 3.174999999999999822 ) ) ;
#6995 = DIRECTION ( 'NONE',  ( 0.3489024681454918064, 0.9371590407833582104, 0.000000000000000000 ) ) ;
#6996 = CARTESIAN_POINT ( 'NONE',  ( 8.945847058240147476, 27.23474620158858528, 8.630999999999994898 ) ) ;
#6997 = DIRECTION ( 'NONE',  ( -6.550624015266702829E-15, 1.000000000000000000, 0.000000000000000000 ) ) ;
#6998 = CARTESIAN_POINT ( 'NONE',  ( 2.229183074677309584, -13.76562875766001959, 8.631000000000000227 ) ) ;
#6999 = CARTESIAN_POINT ( 'NONE',  ( 1.848302713723412927, -5.708576719721988546, 5.327739492308114500 ) ) ;
#7000 = CARTESIAN_POINT ( 'NONE',  ( 6.689891647896245352, 14.75382526739852196, 6.050900000022147118 ) ) ;
#7001 = CARTESIAN_POINT ( 'NONE',  ( 10.04801900769776779, 24.87379885554349102, 8.631000000000044636 ) ) ;
#7002 = EDGE_CURVE ( 'NONE', #7509, #4446, #1429, .T. ) ;
#7003 = EDGE_CURVE ( 'NONE', #2937, #6784, #7732, .T. ) ;
#7004 = ORIENTED_EDGE ( 'NONE', *, *, #1891, .T. ) ;
#7005 = CARTESIAN_POINT ( 'NONE',  ( 0.7157394860962231764, -3.635291209169384530, -11.22810436920429211 ) ) ;
#7006 = CIRCLE ( 'NONE', #4075, 0.6500000000000005773 ) ;
#7007 = CARTESIAN_POINT ( 'NONE',  ( 15.81399523878355318, 1.339684557042757351, -5.730599999999998140 ) ) ;
#7008 = CARTESIAN_POINT ( 'NONE',  ( -3.436661080089675746, 8.811300223595980086, -5.730599999999998140 ) ) ;
#7009 = CARTESIAN_POINT ( 'NONE',  ( 15.09618207182342786, 21.65501198132387373, 14.98099999999999454 ) ) ;
#7010 = DIRECTION ( 'NONE',  ( 0.9371590407833582104, -0.3489024681454917509, 0.000000000000000000 ) ) ;
#7011 = ORIENTED_EDGE ( 'NONE', *, *, #1605, .T. ) ;
#7012 = B_SPLINE_CURVE_WITH_KNOTS ( 'NONE', 3,
 ( #4118, #6086, #5317, #3377, #6669, #2912, #2751, #964, #7944, #7334, #5359, #7905, #1664, #2206 ),
 .UNSPECIFIED., .F., .F.,
 ( 4, 2, 2, 2, 2, 2, 4 ),
 ( 0.000000000000000000, 0.2500000000000000000, 0.5000000000000000000, 0.5625000000000000000, 0.6250000000000000000, 0.7500000000000000000, 1.000000000000000000 ),
 .UNSPECIFIED. ) ;
#7013 = CARTESIAN_POINT ( 'NONE',  ( -12.59064847542148513, -5.126852658734943446, 3.174999999999999822 ) ) ;
#7014 = CARTESIAN_POINT ( 'NONE',  ( -16.25141662937646458, 2.067441825061092420, -15.44909999999999961 ) ) ;
#7015 =( BOUNDED_SURFACE ( )  B_SPLINE_SURFACE ( 3, 3, ( 
 ( #1910, #7068, #7027, #3193, #1325, #6411, #3158 ),
 ( #1289, #701, #5732, #68, #8238, #6990, #5815 ),
 ( #2607, #7687, #3819, #7576, #5693, #1872, #1983 ),
 ( #104, #2571, #6954, #4989, #1831, #6295, #2533 ),
 ( #4368, #6912, #1209, #5099, #7644, #3740, #1251 ),
 ( #779, #3317, #2774, #4563, #4104, #5857, #7847 ),
 ( #7111, #142, #2155, #5178, #7890, #2193, #186 ) ),
 .UNSPECIFIED., .F., .F., .T. ) 
 B_SPLINE_SURFACE_WITH_KNOTS ( ( 4, 3, 4 ),
 ( 4, 3, 4 ),
 ( 0.000000000000000000, 1.000000000000000000, 1.010000000000000009 ),
 ( -0.01000000000000000021, 0.000000000000000000, 1.000000000000000000 ),
 .UNSPECIFIED. ) 
 GEOMETRIC_REPRESENTATION_ITEM ( )  RATIONAL_B_SPLINE_SURFACE ( (
 ( 1.000000000000000000, 1.000000000000000000, 1.000000000000000000, 1.000000000000000000, 0.9873494360570841399, 0.9873494360570841399, 1.000000000000000000),
 ( 0.8047378541243648264, 0.8047378541243648264, 0.8047378541243648264, 0.8047378541243648264, 0.7945574664434796874, 0.7945574664434796874, 0.8047378541243648264),
 ( 0.8047378541243648264, 0.8047378541243648264, 0.8047378541243648264, 0.8047378541243648264, 0.7945574664434796874, 0.7945574664434796874, 0.8047378541243648264),
 ( 1.000000000000000000, 1.000000000000000000, 1.000000000000000000, 1.000000000000000000, 0.9873494360570841399, 0.9873494360570841399, 1.000000000000000000),
 ( 1.000000000000000000, 1.000000000000000000, 1.000000000000000000, 1.000000000000000000, 0.9873494360570841399, 0.9873494360570841399, 1.000000000000000000),
 ( 1.000000000000000000, 1.000000000000000000, 1.000000000000000000, 1.000000000000000000, 0.9873494360570841399, 0.9873494360570841399, 1.000000000000000000),
 ( 1.000000000000000000, 1.000000000000000000, 1.000000000000000000, 1.000000000000000000, 0.9873494360570841399, 0.9873494360570841399, 1.000000000000000000) ) ) 
 REPRESENTATION_ITEM ( '' )  SURFACE ( )  );
#7016 = CARTESIAN_POINT ( 'NONE',  ( -3.030030175635520351, -10.74447544034259572, 11.05600000209201994 ) ) ;
#7017 = CARTESIAN_POINT ( 'NONE',  ( 2.771976065070752338, -13.90792118376792352, 11.80600000000000271 ) ) ;
#7018 = CARTESIAN_POINT ( 'NONE',  ( -11.41158442011745855, -14.14504739044597592, 0.000000000000000000 ) ) ;
#7019 = LINE ( 'NONE', #7102, #1490 ) ;
#7020 = CARTESIAN_POINT ( 'NONE',  ( 11.41814862681614784, -14.43180205245922032, 10.21850000016612370 ) ) ;
#7021 = ORIENTED_EDGE ( 'NONE', *, *, #3504, .F. ) ;
#7022 = CARTESIAN_POINT ( 'NONE',  ( -8.075426939931087844, -18.89025876392038938, 7.043499999999999872 ) ) ;
#7023 = CARTESIAN_POINT ( 'NONE',  ( -3.200147623311149214, 9.375296640451992403, -8.586766650985198979 ) ) ;
#7024 = CARTESIAN_POINT ( 'NONE',  ( -13.08427867658368449, 5.346220250491162673, -8.248035969732711692 ) ) ;
#7025 = CARTESIAN_POINT ( 'NONE',  ( 5.259699972728240525, 2.887136331537274447, 6.247477037397328736 ) ) ;
#7026 = FACE_OUTER_BOUND ( 'NONE', #6914, .T. ) ;
#7027 = CARTESIAN_POINT ( 'NONE',  ( 16.27075405297757626, 1.162380720028622250, -7.318099999999999383 ) ) ;
#7028 = EDGE_CURVE ( 'NONE', #7558, #6570, #2294, .T. ) ;
#7029 = CARTESIAN_POINT ( 'NONE',  ( 12.16910334886818568, -14.54587935834384460, 12.55600000000000271 ) ) ;
#7030 = ORIENTED_EDGE ( 'NONE', *, *, #1630, .T. ) ;
#7031 = ORIENTED_EDGE ( 'NONE', *, *, #5336, .F. ) ;
#7032 = ORIENTED_EDGE ( 'NONE', *, *, #7028, .F. ) ;
#7033 = CARTESIAN_POINT ( 'NONE',  ( 2.499390839117278773, 11.49427392629251088, 2.517435969732711776 ) ) ;
#7034 = CARTESIAN_POINT ( 'NONE',  ( -10.40645332327645178, -15.48207854144270357, -5.730599999999999028 ) ) ;
#7035 = EDGE_CURVE ( 'NONE', #2064, #3903, #1859, .T. ) ;
#7036 = AXIS2_PLACEMENT_3D ( 'NONE', #4356, #1237, #646 ) ;
#7037 = CARTESIAN_POINT ( 'NONE',  ( -1.169984487269735141, -11.23817251630137015, 8.631000000000002004 ) ) ;
#7038 = CARTESIAN_POINT ( 'NONE',  ( 27.51580630283823936, -2.931758095046658852, 10.21850059711604963 ) ) ;
#7039 = CARTESIAN_POINT ( 'NONE',  ( 17.17154391907870092, 24.07817789789695340, 8.630999999999993122 ) ) ;
#7040 = DIRECTION ( 'NONE',  ( -1.000000000000000000, 0.000000000000000000, 0.000000000000000000 ) ) ;
#7041 = CARTESIAN_POINT ( 'NONE',  ( 17.63675259740917411, 7.377901119531987462, 0.000000000000000000 ) ) ;
#7042 = CARTESIAN_POINT ( 'NONE',  ( -44.69879262735814507, 25.43413383263218464, 8.630999999999993122 ) ) ;
#7043 = FACE_OUTER_BOUND ( 'NONE', #6110, .T. ) ;
#7044 = ORIENTED_EDGE ( 'NONE', *, *, #3115, .T. ) ;
#7045 = DIRECTION ( 'NONE',  ( -0.2196068247028813147, -0.8377188326305672339, -0.4999999999999975020 ) ) ;
#7046 = ADVANCED_FACE ( 'NONE', ( #3457, #6051 ), #1091, .F. ) ;
#7047 = DIRECTION ( 'NONE',  ( 0.6187123756285676235, 0.7856175890622957292, -0.000000000000000000 ) ) ;
#7048 = CARTESIAN_POINT ( 'NONE',  ( 6.426220926797029165, 26.62486273173800200, 14.98100000000004783 ) ) ;
#7049 = VECTOR ( 'NONE', #2019, 1000.000000000000000 ) ;
#7050 = EDGE_CURVE ( 'NONE', #4818, #7218, #2062, .T. ) ;
#7051 = CARTESIAN_POINT ( 'NONE',  ( -8.370241983253714935, -9.401621569430547609, 14.98100000000000165 ) ) ;
#7052 = CARTESIAN_POINT ( 'NONE',  ( 2.500000000000000000, 3.217335817602823185E-16, -8.560583766206715239 ) ) ;
#7053 = ORIENTED_EDGE ( 'NONE', *, *, #486, .F. ) ;
#7054 = CARTESIAN_POINT ( 'NONE',  ( -14.07215356657220440, -10.31124698196122402, 3.174999999999999822 ) ) ;
#7055 = CARTESIAN_POINT ( 'NONE',  ( -4.229680485269319057, 3.331080792519351519, -5.730599999999999028 ) ) ;
#7056 = CARTESIAN_POINT ( 'NONE',  ( -8.782548804159709732, 8.741916582865714602, -7.318099999999999383 ) ) ;
#7057 = EDGE_CURVE ( 'NONE', #7566, #1241, #2950, .T. ) ;
#7058 = CARTESIAN_POINT ( 'NONE',  ( -9.185092538057080702, -16.53977487947874181, 0.000000000000000000 ) ) ;
#7059 = DIRECTION ( 'NONE',  ( 0.000000000000000000, 0.000000000000000000, -1.000000000000000000 ) ) ;
#7060 = CARTESIAN_POINT ( 'NONE',  ( 14.25591115432990641, 24.17868099317643171, 13.39349904687931314 ) ) ;
#7061 = VECTOR ( 'NONE', #7784, 1000.000000000000000 ) ;
#7062 = VERTEX_POINT ( 'NONE', #6341 ) ;
#7063 = DIRECTION ( 'NONE',  ( -0.9372357249148136615, 0.3486964237605598149, -0.000000000000000000 ) ) ;
#7064 = DIRECTION ( 'NONE',  ( 0.000000000000000000, 0.000000000000000000, 1.000000000000000000 ) ) ;
#7065 = CARTESIAN_POINT ( 'NONE',  ( -14.34324000488403605, 4.555802489076622663, -8.905600000000001515 ) ) ;
#7066 = CARTESIAN_POINT ( 'NONE',  ( -7.570452848992600181, -17.38489065580179371, -7.318099999999999383 ) ) ;
#7067 = DIRECTION ( 'NONE',  ( -0.3489024681454917509, -0.9371590407833582104, -0.000000000000000000 ) ) ;
#7068 = CARTESIAN_POINT ( 'NONE',  ( 16.26006794873449124, 1.166378918243364593, -7.318099999999999383 ) ) ;
#7069 = AXIS2_PLACEMENT_3D ( 'NONE', #8070, #5606, #6786 ) ;
#7070 =( GEOMETRIC_REPRESENTATION_CONTEXT ( 3 ) GLOBAL_UNCERTAINTY_ASSIGNED_CONTEXT ( ( #1287 ) ) GLOBAL_UNIT_ASSIGNED_CONTEXT ( ( #8046, #5668, #5625 ) ) REPRESENTATION_CONTEXT ( 'NONE', 'WORKASPACE' ) );
#7071 = ADVANCED_FACE ( 'NONE', ( #462 ), #4293, .T. ) ;
#7072 = ORIENTED_EDGE ( 'NONE', *, *, #4122, .F. ) ;
#7073 = EDGE_LOOP ( 'NONE', ( #2043, #2574, #1139, #1128 ) ) ;
#7074 = VERTEX_POINT ( 'NONE', #589 ) ;
#7075 = VECTOR ( 'NONE', #379, 1000.000000000000000 ) ;
#7076 = CARTESIAN_POINT ( 'NONE',  ( 14.12654707565338619, 13.10952583596460030, 3.174999999999999822 ) ) ;
#7077 = CARTESIAN_POINT ( 'NONE',  ( 12.19996726422483846, -14.34378356830246126, 13.38321579339807954 ) ) ;
#7078 = CARTESIAN_POINT ( 'NONE',  ( -2.204894577754121787, -10.96236130471560521, 8.631000000000002004 ) ) ;
#7079 = FACE_OUTER_BOUND ( 'NONE', #6895, .T. ) ;
#7080 = CARTESIAN_POINT ( 'NONE',  ( -0.8187890121333274429, -9.692814478653213328, 8.630999999999982464 ) ) ;
#7081 = CARTESIAN_POINT ( 'NONE',  ( 4.858741488479558335, 6.220134483604662812, -8.549575610185009111 ) ) ;
#7082 = CARTESIAN_POINT ( 'NONE',  ( 13.31780050810874094, 11.74001846247007208, 0.000000000000000000 ) ) ;
#7083 = CARTESIAN_POINT ( 'NONE',  ( 4.124617960589934462, -10.98088009208205129, 8.631000000000183192 ) ) ;
#7084 = EDGE_CURVE ( 'NONE', #5156, #249, #7228, .T. ) ;
#7085 = EDGE_LOOP ( 'NONE', ( #2205, #2390, #1685, #1601 ) ) ;
#7086 = CARTESIAN_POINT ( 'NONE',  ( 3.071373533671013512, -1.639345300931192240, -10.99696747831062282 ) ) ;
#7087 = CARTESIAN_POINT ( 'NONE',  ( -1.984375000000000000, 2.430158492058029047E-16, -7.949100000000000499 ) ) ;
#7088 = CARTESIAN_POINT ( 'NONE',  ( -4.673023078167660493, 9.158108384588148354, -5.730599999999998140 ) ) ;
#7089 = CIRCLE ( 'NONE', #8157, 6.000000000000000888 ) ;
#7090 = CARTESIAN_POINT ( 'NONE',  ( -11.24625595282668122, -6.869833192725216975, 14.98100000000000165 ) ) ;
#7091 = CARTESIAN_POINT ( 'NONE',  ( 1.645525154779448940, 1.109167329932774448, -2.262492016077489954 ) ) ;
#7092 = CARTESIAN_POINT ( 'NONE',  ( 26.55051723955111598, -9.162243075185559249, 14.98100000000000165 ) ) ;
#7093 = VECTOR ( 'NONE', #5163, 1000.000000000000114 ) ;
#7094 = CARTESIAN_POINT ( 'NONE',  ( 9.538188002017227163, -14.02390432422313538, 10.21850000016612192 ) ) ;
#7095 = DIRECTION ( 'NONE',  ( 0.7946566355134700999, -0.6070591665022544436, -1.615095138036369449E-16 ) ) ;
#7096 = ORIENTED_EDGE ( 'NONE', *, *, #7366, .T. ) ;
#7097 = FACE_OUTER_BOUND ( 'NONE', #6741, .T. ) ;
#7098 = CARTESIAN_POINT ( 'NONE',  ( -9.839635637251561207, -3.791119324859782314, 2.517435969732711776 ) ) ;
#7099 = DIRECTION ( 'NONE',  ( 0.000000000000000000, 0.000000000000000000, 1.000000000000000000 ) ) ;
#7100 = CARTESIAN_POINT ( 'NONE',  ( -10.32067812157115760, 7.973551672692938297, -7.318099999999999383 ) ) ;
#7101 = CARTESIAN_POINT ( 'NONE',  ( 13.02120578881071999, -14.68302008483550303, 13.39349904687932380 ) ) ;
#7102 = CARTESIAN_POINT ( 'NONE',  ( -3.174999999999999822, 3.888253587292846081E-16, 1.256000000000000671 ) ) ;
#7103 = EDGE_CURVE ( 'NONE', #6531, #1140, #6260, .T. ) ;
#7104 = CARTESIAN_POINT ( 'NONE',  ( 12.58662062826657291, 25.34497970708189030, 14.98099999999999810 ) ) ;
#7105 = ORIENTED_EDGE ( 'NONE', *, *, #5889, .T. ) ;
#7106 = CARTESIAN_POINT ( 'NONE',  ( -13.13121744587780526, -9.572183738367961325, 11.80600000000000271 ) ) ;
#7107 = CARTESIAN_POINT ( 'NONE',  ( -15.06574254688411862, -6.834453846155375878, -8.905600000000001515 ) ) ;
#7108 = CARTESIAN_POINT ( 'NONE',  ( -7.522971541091881598, -17.40198893812960179, 1.587077315546960410 ) ) ;
#7109 = ADVANCED_FACE ( 'NONE', ( #5529 ), #8128, .T. ) ;
#7110 = CARTESIAN_POINT ( 'NONE',  ( 3.622929472399438300, 0.5558116665293042491, -11.17910117263171088 ) ) ;
#7111 = CARTESIAN_POINT ( 'NONE',  ( 16.80776726940273136, 2.680405512069165219, -8.905600000000001515 ) ) ;
#7112 = ORIENTED_EDGE ( 'NONE', *, *, #3573, .F. ) ;
#7113 = ORIENTED_EDGE ( 'NONE', *, *, #7754, .F. ) ;
#7114 = ORIENTED_EDGE ( 'NONE', *, *, #5102, .T. ) ;
#7115 = CARTESIAN_POINT ( 'NONE',  ( 16.82074698263024004, 9.632201488951482204, 3.174999999999999822 ) ) ;
#7116 = CARTESIAN_POINT ( 'NONE',  ( 12.16856079531247481, -14.54943197920268183, 13.39349999983421569 ) ) ;
#7117 = LINE ( 'NONE', #7774, #5872 ) ;
#7118 = CARTESIAN_POINT ( 'NONE',  ( -8.076413439607996736, -18.88989291583022734, 7.043499999999999872 ) ) ;
#7119 = CARTESIAN_POINT ( 'NONE',  ( 7.753788007553904293, 29.50962372097942321, 8.630999999999938055 ) ) ;
#7120 = LINE ( 'NONE', #1995, #1756 ) ;
#7121 = CARTESIAN_POINT ( 'NONE',  ( 1.369683003482796924, 10.42375202513125210, 1.587499999999999467 ) ) ;
#7122 = CARTESIAN_POINT ( 'NONE',  ( 24.42985965046503694, -13.43782222754919786, 8.631000000000000227 ) ) ;
#7123 = CARTESIAN_POINT ( 'NONE',  ( -8.834550332455142652, -27.80497700742809641, -13.94910000000000139 ) ) ;
#7124 = ORIENTED_EDGE ( 'NONE', *, *, #1137, .T. ) ;
#7125 = CARTESIAN_POINT ( 'NONE',  ( 12.16856079880803598, -14.54943195631387631, 11.05600000000000271 ) ) ;
#7126 = EDGE_CURVE ( 'NONE', #7951, #5830, #4417, .T. ) ;
#7127 = DIRECTION ( 'NONE',  ( 0.000000000000000000, 0.000000000000000000, 1.000000000000000000 ) ) ;
#7128 = CARTESIAN_POINT ( 'NONE',  ( 9.751185501068301065, 5.396056829703787194, -8.905599999999999739 ) ) ;
#7129 = CARTESIAN_POINT ( 'NONE',  ( -16.48266611867316556, 32.85587203522655386, 14.98099999999999454 ) ) ;
#7130 = CARTESIAN_POINT ( 'NONE',  ( 6.088904874760354247, 5.114397361623271188, -1.949099999999967636 ) ) ;
#7131 = AXIS2_PLACEMENT_3D ( 'NONE', #690, #4512, #96 ) ;
#7132 = CARTESIAN_POINT ( 'NONE',  ( -6.000000000000000888, 0.000000000000000000, -15.44909999999999961 ) ) ;
#7133 = AXIS2_PLACEMENT_3D ( 'NONE', #3612, #4316, #6157 ) ;
#7134 = EDGE_CURVE ( 'NONE', #6680, #2490, #5218, .T. ) ;
#7135 = DIRECTION ( 'NONE',  ( -1.000000000000000000, 0.000000000000000000, 0.000000000000000000 ) ) ;
#7136 = ORIENTED_EDGE ( 'NONE', *, *, #6928, .F. ) ;
#7137 = DIRECTION ( 'NONE',  ( -0.000000000000000000, -0.000000000000000000, -1.000000000000000000 ) ) ;
#7138 = CARTESIAN_POINT ( 'NONE',  ( -12.20547776684154861, -12.32040931772231396, 2.517435969732711776 ) ) ;
#7139 = CARTESIAN_POINT ( 'NONE',  ( -1.902088730331876310, 6.286568826803840437, -5.730599999999998140 ) ) ;
#7141 = CARTESIAN_POINT ( 'NONE',  ( -9.311884644447030013, 8.519060930577110113, 0.000000000000000000 ) ) ;
#7140 = CIRCLE ( 'NONE', #3550, 18.51621113172949507 ) ;
#7142 = CARTESIAN_POINT ( 'NONE',  ( 15.90800951566025567, -14.98663331776122121, 13.39349904687932380 ) ) ;
#7143 = DIRECTION ( 'NONE',  ( 1.000000000000000000, 0.000000000000000000, 0.000000000000000000 ) ) ;
#7144 = CARTESIAN_POINT ( 'NONE',  ( -33.50011498293680745, 34.60976076831700254, 13.39349904687931136 ) ) ;
#7145 = EDGE_CURVE ( 'NONE', #7062, #373, #4941, .T. ) ;
#7146 = ORIENTED_EDGE ( 'NONE', *, *, #5509, .F. ) ;
#7147 = CARTESIAN_POINT ( 'NONE',  ( 27.22101982593339287, 6.353276422773165955, 11.80599999999999916 ) ) ;
#7148 = CARTESIAN_POINT ( 'NONE',  ( -10.32067812157174203, 7.973551672692352099, -8.248035969732711692 ) ) ;
#7149 = CARTESIAN_POINT ( 'NONE',  ( -14.86901515784368399, 1.049209332050098142, -5.730599999999997252 ) ) ;
#7150 = EDGE_CURVE ( 'NONE', #4672, #2911, #4375, .T. ) ;
#7151 = LINE ( 'NONE', #6529, #6413 ) ;
#7152 = CARTESIAN_POINT ( 'NONE',  ( 5.934055386172463642, 13.04683675044151769, 1.587499999999999911 ) ) ;
#7153 = AXIS2_PLACEMENT_3D ( 'NONE', #8206, #6337, #3085 ) ;
#7154 = ORIENTED_EDGE ( 'NONE', *, *, #3549, .F. ) ;
#7155 = ORIENTED_EDGE ( 'NONE', *, *, #1230, .T. ) ;
#7156 = ORIENTED_EDGE ( 'NONE', *, *, #5964, .F. ) ;
#7157 = CARTESIAN_POINT ( 'NONE',  ( -5.476848407906265592, 4.313286688830135773, 3.174999999999999822 ) ) ;
#7158 = CARTESIAN_POINT ( 'NONE',  ( 12.27485642676963984, -13.85341206827951055, 13.23277905284960987 ) ) ;
#7159 = CARTESIAN_POINT ( 'NONE',  ( -24.48110990821212596, -3.611575660193429904, 8.631000000000000227 ) ) ;
#7160 = CARTESIAN_POINT ( 'NONE',  ( -6.346370424762275420, -9.097365523878567117, 11.36663415283823042 ) ) ;
#7161 = CARTESIAN_POINT ( 'NONE',  ( -47.37347727263001929, 27.19531807602060169, 11.80599999999999383 ) ) ;
#7162 = CARTESIAN_POINT ( 'NONE',  ( 16.83780437368767480, 2.645196265574356609, -7.318100000000001160 ) ) ;
#7163 = CARTESIAN_POINT ( 'NONE',  ( 0.3806793846580737162, -16.23688503106220438, -12.77410000000000068 ) ) ;
#7164 = CARTESIAN_POINT ( 'NONE',  ( 13.38164866021849875, 26.72609921577227965, 8.630999999999989569 ) ) ;
#7165 = ORIENTED_EDGE ( 'NONE', *, *, #4431, .F. ) ;
#7166 = ORIENTED_EDGE ( 'NONE', *, *, #7912, .F. ) ;
#7167 = CARTESIAN_POINT ( 'NONE',  ( 0.3200205020411306389, -3.332614258590081757, -10.87165339495277294 ) ) ;
#7168 = FACE_OUTER_BOUND ( 'NONE', #7085, .T. ) ;
#7169 = FACE_OUTER_BOUND ( 'NONE', #5207, .T. ) ;
#7170 = DIRECTION ( 'NONE',  ( -0.000000000000000000, -0.000000000000000000, -1.000000000000000000 ) ) ;
#7171 = CARTESIAN_POINT ( 'NONE',  ( 25.29135330922542479, -6.357112028259214398, 14.98100000000000165 ) ) ;
#7172 = CARTESIAN_POINT ( 'NONE',  ( 0.6682687293928385452, 10.18274841636102579, 2.636291634650535620 ) ) ;
#7173 = CARTESIAN_POINT ( 'NONE',  ( -12.07136088887055081, -6.579286415174191660, 14.98100000000002829 ) ) ;
#7174 = LINE ( 'NONE', #1965, #6597 ) ;
#7175 = CARTESIAN_POINT ( 'NONE',  ( 9.843267471655179790, 15.19869074240752660, -9.753732706516808904 ) ) ;
#7176 = EDGE_LOOP ( 'NONE', ( #671, #318, #7914, #781, #7406 ) ) ;
#7177 = CARTESIAN_POINT ( 'NONE',  ( -10.69595452903848454, -15.18652511254911275, 2.517435969732711776 ) ) ;
#7178 = LINE ( 'NONE', #2636, #4670 ) ;
#7179 = EDGE_CURVE ( 'NONE', #2547, #1802, #4042, .T. ) ;
#7180 = CARTESIAN_POINT ( 'NONE',  ( -10.80344840032195819, 7.649930394072396389, 0.000000000000000000 ) ) ;
#7181 = CARTESIAN_POINT ( 'NONE',  ( 11.48444867787988066, 27.70592705193343974, 14.98099999999994303 ) ) ;
#7182 = CARTESIAN_POINT ( 'NONE',  ( 4.611780334484103072, 5.687729001137766360, -0.5582933653128318019 ) ) ;
#7183 = DIRECTION ( 'NONE',  ( 1.000000000000000000, 0.000000000000000000, -0.000000000000000000 ) ) ;
#7184 = ADVANCED_FACE ( 'NONE', ( #2506 ), #41, .F. ) ;
#7185 = CARTESIAN_POINT ( 'NONE',  ( 5.766644335141505984, 5.239478349953152758, -2.874675584601993794 ) ) ;
#7186 = CARTESIAN_POINT ( 'NONE',  ( -10.77377632720185652, -15.06705754985584989, -7.318099999999999383 ) ) ;
#7187 = ORIENTED_EDGE ( 'NONE', *, *, #5882, .T. ) ;
#7188 = CARTESIAN_POINT ( 'NONE',  ( -47.37347727263001929, 27.19531807602060169, 11.80599999999999383 ) ) ;
#7189 = CARTESIAN_POINT ( 'NONE',  ( -16.22134418876958861, -6.031798788467400918, -8.905600000000001515 ) ) ;
#7190 = CARTESIAN_POINT ( 'NONE',  ( -12.20547776684155039, -12.32040931772231396, 1.587499999999999911 ) ) ;
#7191 = CARTESIAN_POINT ( 'NONE',  ( -13.17637683160067930, -14.26712168308213968, 3.174999999999999822 ) ) ;
#7192 = CARTESIAN_POINT ( 'NONE',  ( -1.852669853647181952, -12.20424927020292216, -1.949099999999967636 ) ) ;
#7193 = VERTEX_POINT ( 'NONE', #4494 ) ;
#7194 = ORIENTED_EDGE ( 'NONE', *, *, #1662, .F. ) ;
#7195 = CARTESIAN_POINT ( 'NONE',  ( 18.18467006882645975, 6.277871873167974570, 2.517435969732711776 ) ) ;
#7196 = CARTESIAN_POINT ( 'NONE',  ( 0.000000000000000000, 0.000000000000000000, 0.2560000000000005604 ) ) ;
#7197 = VECTOR ( 'NONE', #47, 1000.000000000000227 ) ;
#7198 = CARTESIAN_POINT ( 'NONE',  ( -10.47945512528096046, -3.331518742560676039, 2.974284951131461074 ) ) ;
#7199 = CARTESIAN_POINT ( 'NONE',  ( -8.081034836858339787, -9.002409082874351043, 11.05596718551655400 ) ) ;
#7200 = CARTESIAN_POINT ( 'NONE',  ( 27.22101982593339287, 6.353276422773165955, 11.80599999999999916 ) ) ;
#7201 = FACE_OUTER_BOUND ( 'NONE', #6886, .T. ) ;
#7202 = PLANE ( 'NONE',  #7298 ) ;
#7203 = CARTESIAN_POINT ( 'NONE',  ( 25.48455371229664124, 12.54643094582652729, 8.630999999999994898 ) ) ;
#7204 = ORIENTED_EDGE ( 'NONE', *, *, #52, .T. ) ;
#7205 = AXIS2_PLACEMENT_3D ( 'NONE', #7462, #549, #1260 ) ;
#7206 = VERTEX_POINT ( 'NONE', #2122 ) ;
#7207 = EDGE_CURVE ( 'NONE', #3008, #4948, #871, .T. ) ;
#7208 = DIRECTION ( 'NONE',  ( -1.000000000000000000, 0.000000000000000000, 0.000000000000000000 ) ) ;
#7209 = CARTESIAN_POINT ( 'NONE',  ( -3.164692510743884579, -11.71578581479923464, -9.949099999999967636 ) ) ;
#7210 = CARTESIAN_POINT ( 'NONE',  ( 6.088904874760354247, 5.114397361623271188, -1.949099999999967636 ) ) ;
#7211 = CARTESIAN_POINT ( 'NONE',  ( 9.247596734834997889, 21.62387252909546476, -1.949099999999967414 ) ) ;
#7212 = CARTESIAN_POINT ( 'NONE',  ( -20.08259148370260405, 32.86196989895048404, 11.80599999999999206 ) ) ;
#7213 = CARTESIAN_POINT ( 'NONE',  ( -1.003007285192815345, -19.95349523205809916, 2.559045406602102002 ) ) ;
#7214 = AXIS2_PLACEMENT_3D ( 'NONE', #5762, #2597, #7143 ) ;
#7215 = CARTESIAN_POINT ( 'NONE',  ( 19.50871581554208234, 16.82698967804242329, 14.98099999999938703 ) ) ;
#7216 = CARTESIAN_POINT ( 'NONE',  ( -9.710386917845829302, -16.13980279711865506, -7.199914740080977538 ) ) ;
#7217 = VERTEX_POINT ( 'NONE', #3248 ) ;
#7218 = VERTEX_POINT ( 'NONE', #1379 ) ;
#7219 = CARTESIAN_POINT ( 'NONE',  ( 19.19388020387351901, -0.6398805656995876223, 0.000000000000000000 ) ) ;
#7220 = CARTESIAN_POINT ( 'NONE',  ( 6.357654235867039816, -13.22022811502136186, 13.39349999983421569 ) ) ;
#7221 = DIRECTION ( 'NONE',  ( -0.3489024681454917509, -0.9371590407833582104, -0.000000000000000000 ) ) ;
#7222 = CARTESIAN_POINT ( 'NONE',  ( 20.95885385007697366, -0.9952728643482793291, -8.905600000000001515 ) ) ;
#7223 = CARTESIAN_POINT ( 'NONE',  ( -14.58480082940163314, 2.174848942770986948, 0.000000000000000000 ) ) ;
#7224 = VECTOR ( 'NONE', #2759, 1000.000000000000227 ) ;
#7225 = CARTESIAN_POINT ( 'NONE',  ( 1.226780418669875417, 32.16946954534166281, 11.80599999999999383 ) ) ;
#7226 = DIRECTION ( 'NONE',  ( -0.000000000000000000, 0.8730714619388892928, -0.4875922705990023420 ) ) ;
#7227 = CARTESIAN_POINT ( 'NONE',  ( -11.98851896553278884, -12.91572002654558382, -5.730599999999999028 ) ) ;
#7228 = B_SPLINE_CURVE_WITH_KNOTS ( 'NONE', 3,
 ( #4337, #6963, #5038, #1178, #1299, #1880, #3003, #7545, #3128, #6883, #505, #4910 ),
 .UNSPECIFIED., .F., .F.,
 ( 4, 2, 2, 2, 2, 4 ),
 ( 1.640695603511826916E-18, 0.001366204858682768756, 0.002049307288024152917, 0.002390858502694844564, 0.002561634110030190387, 0.002732409717365535777 ),
 .UNSPECIFIED. ) ;
#7229 = DIRECTION ( 'NONE',  ( -0.7660444431189814551, -0.6427876096865352551, 1.427275208435519729E-16 ) ) ;
#7230 = CARTESIAN_POINT ( 'NONE',  ( -11.89037289558364563, -13.15962468831480869, -7.318099999999999383 ) ) ;
#7231 = ORIENTED_EDGE ( 'NONE', *, *, #772, .T. ) ;
#7232 = CARTESIAN_POINT ( 'NONE',  ( 18.95516000675702628, 22.39092315294194435, 11.80600000000099215 ) ) ;
#7233 = CARTESIAN_POINT ( 'NONE',  ( -9.018052631484367865, 9.357487925184482691, -8.905600000000001515 ) ) ;
#7234 = CARTESIAN_POINT ( 'NONE',  ( -8.075674094941192038, -18.89092610366523672, -7.318100000000001160 ) ) ;
#7235 = CARTESIAN_POINT ( 'NONE',  ( 14.25586860289650559, 24.17862009158087133, 10.21850030203495052 ) ) ;
#7236 = CARTESIAN_POINT ( 'NONE',  ( 18.18467006882645975, 6.277871873167973682, 1.587499999999999911 ) ) ;
#7237 = ORIENTED_EDGE ( 'NONE', *, *, #6445, .F. ) ;
#7238 = ORIENTED_EDGE ( 'NONE', *, *, #3859, .F. ) ;
#7239 = CARTESIAN_POINT ( 'NONE',  ( 12.37808146068292636, -13.17749831787928372, 12.60513482663078122 ) ) ;
#7240 = LINE ( 'NONE', #7324, #3082 ) ;
#7241 = CARTESIAN_POINT ( 'NONE',  ( -5.029307764782438461, -9.750599088799750902, 12.55603281448345143 ) ) ;
#7242 = CARTESIAN_POINT ( 'NONE',  ( 19.74102292354263355, -15.78402317582673930, 11.80600000000000449 ) ) ;
#7243 = CARTESIAN_POINT ( 'NONE',  ( 0.07694338564184331763, 7.447886219678371944, 0.000000000000000000 ) ) ;
#7244 = PLANE ( 'NONE',  #6629 ) ;
#7245 = CARTESIAN_POINT ( 'NONE',  ( -1.501048752687702992, 33.03278635709281730, 8.630999999999989569 ) ) ;
#7246 = VERTEX_POINT ( 'NONE', #2037 ) ;
#7247 = CARTESIAN_POINT ( 'NONE',  ( -12.69611107861289412, 5.860204217221870238, -5.730599999999999028 ) ) ;
#7248 = CARTESIAN_POINT ( 'NONE',  ( 9.643147466489303099, 14.68880888127353934, 6.239975803882347627 ) ) ;
#7249 = CARTESIAN_POINT ( 'NONE',  ( -0.8872122126997832314, -19.64246734039021902, 0.000000000000000000 ) ) ;
#7250 = PLANE ( 'NONE',  #354 ) ;
#7251 = B_SPLINE_CURVE_WITH_KNOTS ( 'NONE', 1,
 ( #2223, #2345 ),
 .UNSPECIFIED., .F., .F.,
 ( 2, 2 ),
 ( 0.000000000000000000, 1.000000000000000000 ),
 .UNSPECIFIED. ) ;
#7252 = CARTESIAN_POINT ( 'NONE',  ( -9.599430291588570086, -7.402616337826811055, 14.98100000000000165 ) ) ;
#7254 = VECTOR ( 'NONE', #5372, 1000.000000000000000 ) ;
#7253 = DIRECTION ( 'NONE',  ( 0.3489024681454918064, 0.9371590407833583214, -0.000000000000000000 ) ) ;
#7255 = ADVANCED_FACE ( 'NONE', ( #753, #5273 ), #6464, .F. ) ;
#7256 = CARTESIAN_POINT ( 'NONE',  ( -0.8187890121281545808, -9.692814478654938171, 14.98100000000002119 ) ) ;
#7257 = EDGE_CURVE ( 'NONE', #3583, #1731, #7806, .T. ) ;
#7258 = DIRECTION ( 'NONE',  ( 0.3489024681454918064, 0.9371590407833582104, -1.574357500145857683E-16 ) ) ;
#7259 = EDGE_LOOP ( 'NONE', ( #3404, #5685, #1201, #2760 ) ) ;
#7260 = EDGE_CURVE ( 'NONE', #4565, #1843, #5109, .T. ) ;
#7261 = CARTESIAN_POINT ( 'NONE',  ( -40.67401417322093948, 6.922186682037451355, 10.21850059711604786 ) ) ;
#7262 =( GEOMETRIC_REPRESENTATION_CONTEXT ( 3 ) GLOBAL_UNCERTAINTY_ASSIGNED_CONTEXT ( ( #5691 ) ) GLOBAL_UNIT_ASSIGNED_CONTEXT ( ( #7626, #640, #4586 ) ) REPRESENTATION_CONTEXT ( 'NONE', 'WORKASPACE' ) );
#7263 = CARTESIAN_POINT ( 'NONE',  ( 8.252796624618495613, -13.70634334510367580, 11.05600000000000271 ) ) ;
#7264 = FACE_OUTER_BOUND ( 'NONE', #7833, .T. ) ;
#7265 = B_SPLINE_SURFACE_WITH_KNOTS ( 'NONE', 1, 3, ( 
 ( #1039, #3580, #496, #6082, #3076, #2952, #3038, #6790, #369, #2326 ),
 ( #7414, #3703, #6252, #1698, #8164, #6166, #454, #5563, #2994, #8074 ) ),
 .UNSPECIFIED., .F., .F., .F.,
 ( 2, 2 ),
 ( 4, 2, 2, 2, 4 ),
 ( 0.000000000000000000, 1.000000000000000000 ),
 ( 0.000000000000000000, 0.3312314344345015926, 0.5170122668105440189, 0.6979999127215934518, 1.000000000000000000 ),
 .UNSPECIFIED. ) ;
#7266 = CARTESIAN_POINT ( 'NONE',  ( 0.9736327287353242488, 9.938051241704384253, 0.000000000000000000 ) ) ;
#7267 = CARTESIAN_POINT ( 'NONE',  ( 28.39358412624508432, -7.233045574204665762, 14.98100000000000165 ) ) ;
#7268 = CARTESIAN_POINT ( 'NONE',  ( -11.64005917702012383, -13.71557504678705719, -5.730600000000001693 ) ) ;
#7269 = FACE_OUTER_BOUND ( 'NONE', #2736, .T. ) ;
#7270 = CARTESIAN_POINT ( 'NONE',  ( -7.522530305876998113, -17.40215168810991031, 1.866520202928026784 ) ) ;
#7271 = CARTESIAN_POINT ( 'NONE',  ( 20.93663917186174217, 1.726690403594020262, 3.175000000000000266 ) ) ;
#7272 = EDGE_LOOP ( 'NONE', ( #6126, #1058, #3110 ) ) ;
#7273 = VECTOR ( 'NONE', #7047, 1000.000000000000114 ) ;
#7274 = VECTOR ( 'NONE', #3516, 1000.000000000000000 ) ;
#7275 = CARTESIAN_POINT ( 'NONE',  ( -36.57734624587926930, 34.39605359592100342, 11.80599999999999206 ) ) ;
#7276 = CARTESIAN_POINT ( 'NONE',  ( -13.06675856443932204, 7.802749780849850048, -8.905600000000001515 ) ) ;
#7277 = CARTESIAN_POINT ( 'NONE',  ( 1.757384619107021706, 0.9287521156973453929, -1.213735322160253371 ) ) ;
#7278 = CARTESIAN_POINT ( 'NONE',  ( -30.03296512924009320, -3.582020856791692498E-06, 10.21850029856952702 ) ) ;
#7279 = CARTESIAN_POINT ( 'NONE',  ( 12.69427714116495842, 12.08191484158582796, 1.587499999999999911 ) ) ;
#7280 = ORIENTED_EDGE ( 'NONE', *, *, #3794, .F. ) ;
#7281 = ORIENTED_EDGE ( 'NONE', *, *, #7567, .F. ) ;
#7282 = CARTESIAN_POINT ( 'NONE',  ( -9.853225687254232312, -3.809484351451081885, -5.730599999999999028 ) ) ;
#7283 = DIRECTION ( 'NONE',  ( 1.000000000000000000, 0.000000000000000000, 0.000000000000000000 ) ) ;
#7284 = CARTESIAN_POINT ( 'NONE',  ( -8.829461512901504605, -8.818367714275568758, 11.05596718551655400 ) ) ;
#7285 = CARTESIAN_POINT ( 'NONE',  ( -7.829001583366465233, -11.15330637801602798, 8.631000000000000227 ) ) ;
#7286 = CARTESIAN_POINT ( 'NONE',  ( 15.12629086157532932, 1.605697694188590985, 0.000000000000000000 ) ) ;
#7287 = CARTESIAN_POINT ( 'NONE',  ( 5.643427785945196895, -2.101037068021307075, 0.000000000000000000 ) ) ;
#7288 = EDGE_CURVE ( 'NONE', #6845, #341, #7120, .T. ) ;
#7289 = CARTESIAN_POINT ( 'NONE',  ( -1.622867371717699347, -12.76438399408333524, 8.630999999999984240 ) ) ;
#7290 = EDGE_CURVE ( 'NONE', #1811, #4885, #6417, .T. ) ;
#7291 = ORIENTED_EDGE ( 'NONE', *, *, #6202, .F. ) ;
#7292 = CARTESIAN_POINT ( 'NONE',  ( 0.000000000000000000, 0.000000000000000000, 14.98099999999999987 ) ) ;
#7293 = CARTESIAN_POINT ( 'NONE',  ( 12.16856079656489342, -14.54943197100188534, 12.55600000000000271 ) ) ;
#7294 = CARTESIAN_POINT ( 'NONE',  ( 5.209116052122533702, 2.977813068204583580, 5.578046356050372800 ) ) ;
#7295 = CYLINDRICAL_SURFACE ( 'NONE', #5722, 6.000000000000000888 ) ;
#7296 = CARTESIAN_POINT ( 'NONE',  ( 6.426220926797029165, 26.62486273173800200, 11.80599999999999383 ) ) ;
#7297 = CARTESIAN_POINT ( 'NONE',  ( -13.97651370051146102, -8.067762232335287109, -5.730599999999999916 ) ) ;
#7298 = AXIS2_PLACEMENT_3D ( 'NONE', #7163, #2783, #4658 ) ;
#7299 = CARTESIAN_POINT ( 'NONE',  ( -42.95525717008185751, 27.44897564401927070, 14.98099999999999454 ) ) ;
#7300 = B_SPLINE_CURVE_WITH_KNOTS ( 'NONE', 3,
 ( #5953, #3533, #7937, #2281, #365, #4023, #4820 ),
 .UNSPECIFIED., .F., .F.,
 ( 4, 1, 1, 1, 4 ),
 ( 0.5079342641458755025, 0.5249586381463533513, 0.5897739113054744076, 0.6545891844645936875, 0.8409330947970671266 ),
 .UNSPECIFIED. ) ;
#7301 = CARTESIAN_POINT ( 'NONE',  ( 9.695036397251850957, 15.26439369631609466, -9.288368442305134920 ) ) ;
#7302 = VERTEX_POINT ( 'NONE', #3371 ) ;
#7303 = CARTESIAN_POINT ( 'NONE',  ( 14.25591115432990641, 24.17868099317643171, 10.21850059711604430 ) ) ;
#7304 = CARTESIAN_POINT ( 'NONE',  ( 16.45950659810347005, 1.090840008897992819, -5.730599999999999916 ) ) ;
#7305 = CARTESIAN_POINT ( 'NONE',  ( 20.95137030331452976, -0.9952725877218739914, -8.905600000000001515 ) ) ;
#7306 = AXIS2_PLACEMENT_3D ( 'NONE', #3610, #8021, #4144 ) ;
#7307 = EDGE_CURVE ( 'NONE', #3903, #4448, #2818, .T. ) ;
#7308 = CARTESIAN_POINT ( 'NONE',  ( -6.000000000000000888, 0.000000000000000000, 14.98099999999999987 ) ) ;
#7309 = CARTESIAN_POINT ( 'NONE',  ( 27.54192536631284938, 4.318195128449716869, 14.98100000000006915 ) ) ;
#7310 = CARTESIAN_POINT ( 'NONE',  ( -12.46550433297840144, -15.60074589974338011, 3.174999999999999822 ) ) ;
#7311 = CARTESIAN_POINT ( 'NONE',  ( 20.95885322025561948, -17.25886174823321539, -8.905600000000001515 ) ) ;
#7312 = CARTESIAN_POINT ( 'NONE',  ( -1.104169955732272834, -20.22522019803428250, -8.589341012693633814 ) ) ;
#7313 = CARTESIAN_POINT ( 'NONE',  ( 18.98450851252057703, 8.196921858192418142, 3.174999999999999822 ) ) ;
#7314 = VERTEX_POINT ( 'NONE', #7657 ) ;
#7315 = EDGE_CURVE ( 'NONE', #427, #1422, #284, .T. ) ;
#7316 = CARTESIAN_POINT ( 'NONE',  ( -36.36428634907640145, 2.224798047900578890, 14.98099999999999987 ) ) ;
#7317 = CARTESIAN_POINT ( 'NONE',  ( -6.045795402643761030, 10.87362297811815992, -8.905600000000001515 ) ) ;
#7318 = LINE ( 'NONE', #2314, #5161 ) ;
#7319 = CARTESIAN_POINT ( 'NONE',  ( -9.853225687248187370, -3.809484351455573403, -1.910199999999999010 ) ) ;
#7320 = CARTESIAN_POINT ( 'NONE',  ( -16.52533010065941710, 0.6231395691810641679, -8.905600000000001515 ) ) ;
#7321 = EDGE_LOOP ( 'NONE', ( #7113, #3940, #1054, #6326 ) ) ;
#7322 = VERTEX_POINT ( 'NONE', #195 ) ;
#7323 = CARTESIAN_POINT ( 'NONE',  ( -12.12650021708599368, -12.53230680778728079, -5.730599999999999028 ) ) ;
#7324 = CARTESIAN_POINT ( 'NONE',  ( -8.076743652920775673, -18.89077987542412274, -15.44909999999999783 ) ) ;
#7325 = DIRECTION ( 'NONE',  ( -1.000000000000000000, 6.453308069673872516E-17, -1.432922240790251711E-32 ) ) ;
#7326 = CARTESIAN_POINT ( 'NONE',  ( -36.36428634907640145, 2.224798047900578890, 8.630999999999998451 ) ) ;
#7327 = CARTESIAN_POINT ( 'NONE',  ( 17.07168275274868918, 0.8336293432606769471, -5.730599999999997252 ) ) ;
#7328 = CARTESIAN_POINT ( 'NONE',  ( 1.530855143659654027, -1.269955220244699756, -0.7054229061399970302 ) ) ;
#7329 = CARTESIAN_POINT ( 'NONE',  ( -6.967105568256431347, -11.34794501770343977, 11.80600000000000271 ) ) ;
#7330 = ORIENTED_EDGE ( 'NONE', *, *, #3873, .T. ) ;
#7331 = VERTEX_POINT ( 'NONE', #5148 ) ;
#7332 = VECTOR ( 'NONE', #7795, 1000.000000000000114 ) ;
#7333 = VECTOR ( 'NONE', #8171, 1000.000000000000000 ) ;
#7334 = CARTESIAN_POINT ( 'NONE',  ( 9.612959439151280705, -14.04063496526554822, 12.55600000000000271 ) ) ;
#7335 = CARTESIAN_POINT ( 'NONE',  ( -11.98851896552692509, -12.91572002656052121, -7.318099999999999383 ) ) ;
#7336 = CARTESIAN_POINT ( 'NONE',  ( 3.107845478580296916, 5.132377273863253819, 5.953778723114715454 ) ) ;
#7337 = CARTESIAN_POINT ( 'NONE',  ( -1.795736547368972591, 6.421610808931544234, 0.000000000000000000 ) ) ;
#7338 = EDGE_CURVE ( 'NONE', #5796, #4608, #2427, .T. ) ;
#7339 = CARTESIAN_POINT ( 'NONE',  ( 3.034299951601164391, -10.69440557877959463, 11.80600000000000094 ) ) ;
#7340 = CARTESIAN_POINT ( 'NONE',  ( -14.98520256183472377, -3.731293133095731740, -5.730599999999999916 ) ) ;
#7341 = CARTESIAN_POINT ( 'NONE',  ( -4.453473749772172141, -8.710837770988907991, 14.98100000000000165 ) ) ;
#7342 = VECTOR ( 'NONE', #1165, 1000.000000000000000 ) ;
#7343 = CARTESIAN_POINT ( 'NONE',  ( 16.27238438273649024, 1.161839634158190915, 0.000000000000000000 ) ) ;
#7344 = ORIENTED_EDGE ( 'NONE', *, *, #3329, .F. ) ;
#7345 = ORIENTED_EDGE ( 'NONE', *, *, #1819, .F. ) ;
#7346 = CARTESIAN_POINT ( 'NONE',  ( 1.984375000000000000, 0.000000000000000000, 0.2560000000000010045 ) ) ;
#7347 = CARTESIAN_POINT ( 'NONE',  ( 19.27251535265162019, -0.7273949869799352097, -5.730600000000004357 ) ) ;
#7348 = VECTOR ( 'NONE', #3766, 1000.000000000000000 ) ;
#7349 = CARTESIAN_POINT ( 'NONE',  ( -0.7382928528652020761, 7.764312843947696940, 0.000000000000000000 ) ) ;
#7350 = CARTESIAN_POINT ( 'NONE',  ( 1.244148851332488093, -1.551621948626066949, -3.090023998159637575 ) ) ;
#7351 = CARTESIAN_POINT ( 'NONE',  ( -6.908491289137258740, 34.65822918375732087, 11.80599999999999206 ) ) ;
#7352 = CARTESIAN_POINT ( 'NONE',  ( -8.075426939931089620, -18.89025876392038938, 8.631000000000000227 ) ) ;
#7353 = CARTESIAN_POINT ( 'NONE',  ( 19.34894822567507688, -16.02398278983774915, -8.248035969732711692 ) ) ;
#7354 = DIRECTION ( 'NONE',  ( 2.940280123376409676E-16, 1.050218897352778573E-15, -1.000000000000000000 ) ) ;
#7355 = CARTESIAN_POINT ( 'NONE',  ( 14.25591115432482070, 24.17868099317998443, 14.98099999999999987 ) ) ;
#7356 = ORIENTED_EDGE ( 'NONE', *, *, #5585, .T. ) ;
#7357 = DIRECTION ( 'NONE',  ( -0.000000000000000000, -0.000000000000000000, -1.000000000000000000 ) ) ;
#7358 = CARTESIAN_POINT ( 'NONE',  ( -38.87205052441449737, 33.52680027512989369, 14.98100000000010823 ) ) ;
#7359 = CARTESIAN_POINT ( 'NONE',  ( 2.131702957233721385, 1.306079056612197586, -8.949100000000001387 ) ) ;
#7360 = DIRECTION ( 'NONE',  ( -0.000000000000000000, 0.000000000000000000, -1.000000000000000000 ) ) ;
#7361 = CARTESIAN_POINT ( 'NONE',  ( -15.36725559823728204, -8.877615641742254482, -8.905599999999999739 ) ) ;
#7362 = ADVANCED_FACE ( 'NONE', ( #7201, #1335 ), #713, .F. ) ;
#7363 = ORIENTED_EDGE ( 'NONE', *, *, #7382, .F. ) ;
#7364 = VERTEX_POINT ( 'NONE', #6192 ) ;
#7365 = CARTESIAN_POINT ( 'NONE',  ( -11.98805894681558826, -12.91556049947388374, -5.730599999999998140 ) ) ;
#7366 = EDGE_CURVE ( 'NONE', #3312, #2547, #6291, .T. ) ;
#7367 = DIRECTION ( 'NONE',  ( -0.000000000000000000, -0.000000000000000000, -1.000000000000000000 ) ) ;
#7368 = CARTESIAN_POINT ( 'NONE',  ( 2.091087627872094235, -5.623820101368845137, 6.050900000000028811 ) ) ;
#7369 = CARTESIAN_POINT ( 'NONE',  ( -8.075756374071776378, -18.89114725574930631, -15.44909999999999961 ) ) ;
#7370 = CARTESIAN_POINT ( 'NONE',  ( -10.03884785666259205, -15.85111268654893024, 1.344410124960893516 ) ) ;
#7371 = VECTOR ( 'NONE', #5531, 1000.000000000000000 ) ;
#7372 = EDGE_LOOP ( 'NONE', ( #5267, #6803, #3020, #3196 ) ) ;
#7373 = PLANE ( 'NONE',  #4556 ) ;
#7374 = CARTESIAN_POINT ( 'NONE',  ( -12.55564755421006318, -13.14192606050813872, -8.586379819564857740 ) ) ;
#7375 = CARTESIAN_POINT ( 'NONE',  ( 3.962898792199332387, 4.505979258668820542, 4.700396987221651557 ) ) ;
#7376 = CARTESIAN_POINT ( 'NONE',  ( -4.394200834103393127, 3.122179071957130958, 0.000000000000000000 ) ) ;
#7377 = CARTESIAN_POINT ( 'NONE',  ( -7.106860689915234452, -8.061057165503743960, 14.98100000000000165 ) ) ;
#7378 = CARTESIAN_POINT ( 'NONE',  ( -13.89092137571474161, -8.293294202557373040, -5.730599999999998140 ) ) ;
#7379 = CARTESIAN_POINT ( 'NONE',  ( 6.426220926797029165, 26.62486273173800200, 11.80599999999999383 ) ) ;
#7380 = CARTESIAN_POINT ( 'NONE',  ( -12.00749707126931298, -7.639939279345855816, -5.730599999999999028 ) ) ;
#7381 = ORIENTED_EDGE ( 'NONE', *, *, #5211, .F. ) ;
#7382 = EDGE_CURVE ( 'NONE', #2515, #7500, #1192, .T. ) ;
#7383 = ORIENTED_EDGE ( 'NONE', *, *, #269, .T. ) ;
#7384 = CARTESIAN_POINT ( 'NONE',  ( 8.945847058240147476, 27.23474620158858528, 10.21850059711604430 ) ) ;
#7385 = CARTESIAN_POINT ( 'NONE',  ( 19.34913917186174714, -0.5685620954491648060, 0.000000000000000000 ) ) ;
#7386 = CARTESIAN_POINT ( 'NONE',  ( -9.350585721409538920, -7.874064151250752985, 12.85396208615931712 ) ) ;
#7387 = LINE ( 'NONE', #2847, #7254 ) ;
#7388 = CARTESIAN_POINT ( 'NONE',  ( 11.50783914886425308, -12.85637688752249552, 14.98100000000000520 ) ) ;
#7389 = DIRECTION ( 'NONE',  ( -0.7856175890622957292, 0.6187123756285676235, 1.615270800063376759E-16 ) ) ;
#7390 = ADVANCED_FACE ( 'NONE', ( #3685, #6775 ), #4847, .T. ) ;
#7391 = DIRECTION ( 'NONE',  ( 1.000000000000000000, 0.000000000000000000, 0.000000000000000000 ) ) ;
#7392 = CARTESIAN_POINT ( 'NONE',  ( -1.166618694689298241, -20.39295876580700551, -8.706837449345945501 ) ) ;
#7393 = CARTESIAN_POINT ( 'NONE',  ( -13.48716114222405693, -13.44170942280261016, -8.905600000000001515 ) ) ;
#7394 = ORIENTED_EDGE ( 'NONE', *, *, #4990, .T. ) ;
#7395 = DIRECTION ( 'NONE',  ( -0.3489024681454918064, -0.9371590407833583214, 0.000000000000000000 ) ) ;
#7396 = CARTESIAN_POINT ( 'NONE',  ( 19.67346976725402996, 19.47390449454989891, 14.98100000000000165 ) ) ;
#7397 = ORIENTED_EDGE ( 'NONE', *, *, #2568, .T. ) ;
#7398 = CARTESIAN_POINT ( 'NONE',  ( 14.41385967687056358, 10.99875499968975667, 1.587499999999999911 ) ) ;
#7399 = CARTESIAN_POINT ( 'NONE',  ( 19.34913917186177557, -3.040034490371259501, 1.587499999999999911 ) ) ;
#7400 = FACE_OUTER_BOUND ( 'NONE', #2135, .T. ) ;
#7401 = CARTESIAN_POINT ( 'NONE',  ( 19.34913917407838468, 2.669487341995716356, -5.730599999999999028 ) ) ;
#7402 = AXIS2_PLACEMENT_3D ( 'NONE', #1105, #6231, #8219 ) ;
#7403 = EDGE_CURVE ( 'NONE', #2297, #7646, #2286, .T. ) ;
#7404 = AXIS2_PLACEMENT_3D ( 'NONE', #361, #2315, #2899 ) ;
#7405 = ADVANCED_FACE ( 'NONE', ( #479, #8058 ), #7438, .F. ) ;
#7406 = ORIENTED_EDGE ( 'NONE', *, *, #519, .T. ) ;
#7407 = ORIENTED_EDGE ( 'NONE', *, *, #3518, .F. ) ;
#7408 = ADVANCED_FACE ( 'NONE', ( #3648 ), #1066, .F. ) ;
#7409 = DIRECTION ( 'NONE',  ( 0.6187123756285676235, 0.7856175890622957292, -0.000000000000000000 ) ) ;
#7410 = PLANE ( 'NONE',  #4932 ) ;
#7411 = LINE ( 'NONE', #408, #6002 ) ;
#7412 = CARTESIAN_POINT ( 'NONE',  ( 0.000000000000000000, 0.000000000000000000, 0.2560000000000005604 ) ) ;
#7413 = CARTESIAN_POINT ( 'NONE',  ( 18.54179568032909486, -0.07296632773197443689, -5.730600000000000804 ) ) ;
#7414 = CARTESIAN_POINT ( 'NONE',  ( -2.204894577754120011, -10.96236130471560521, 12.55599999790798371 ) ) ;
#7415 = AXIS2_PLACEMENT_3D ( 'NONE', #5199, #3760, #7624 ) ;
#7416 = CARTESIAN_POINT ( 'NONE',  ( 5.845321746761171333, -11.52554606551525751, 12.55600000000000094 ) ) ;
#7417 = VERTEX_POINT ( 'NONE', #6235 ) ;
#7418 = PLANE ( 'NONE',  #8130 ) ;
#7419 = CARTESIAN_POINT ( 'NONE',  ( -1.852669853647183285, -12.20424927020292216, -9.949099999999967636 ) ) ;
#7420 = CARTESIAN_POINT ( 'NONE',  ( 2.413481677790895841, 2.062942362492865112, -8.949100000000001387 ) ) ;
#7421 = CARTESIAN_POINT ( 'NONE',  ( -9.507326696905600727, 8.457349256652838321, -5.730599999999993699 ) ) ;
#7422 = CARTESIAN_POINT ( 'NONE',  ( 3.034299951601164391, -10.69440557877959463, 11.80600000000000094 ) ) ;
#7423 = CARTESIAN_POINT ( 'NONE',  ( -0.4404843982025533067, -19.73122560164002337, -7.267530778416166903 ) ) ;
#7424 = CARTESIAN_POINT ( 'NONE',  ( -21.90804218314094243, 32.82804663215440399, 11.80599999999999206 ) ) ;
#7425 = STYLED_ITEM ( 'NONE', ( #3864 ), #2374 ) ;
#7426 = CARTESIAN_POINT ( 'NONE',  ( -12.22002286999613752, -8.303848861734206110, 1.587499999999999911 ) ) ;
#7427 = VERTEX_POINT ( 'NONE', #1110 ) ;
#7428 = EDGE_LOOP ( 'NONE', ( #838, #1941, #2797, #2417 ) ) ;
#7429 = CARTESIAN_POINT ( 'NONE',  ( -30.03296279907226207, 0.000000000000000000, 10.21850059711604963 ) ) ;
#7430 = CARTESIAN_POINT ( 'NONE',  ( 19.34913917186178978, -0.2759828692096333302, 0.000000000000000000 ) ) ;
#7431 = CARTESIAN_POINT ( 'NONE',  ( -9.489140950273817765, -8.348076907609355501, 10.37890763463511945 ) ) ;
#7432 = CARTESIAN_POINT ( 'NONE',  ( -3.405855749582381797, 8.799896514024602823, -7.318099999999999383 ) ) ;
#7433 = DIRECTION ( 'NONE',  ( 0.000000000000000000, 0.000000000000000000, 1.000000000000000000 ) ) ;
#7434 = CARTESIAN_POINT ( 'NONE',  ( -6.092761286508818763, -9.907193276350634292, 10.21850059711605141 ) ) ;
#7435 = CARTESIAN_POINT ( 'NONE',  ( -3.030030175635520351, -10.74447544034259572, 12.55599999790798371 ) ) ;
#7436 = CARTESIAN_POINT ( 'NONE',  ( -13.51118010017174953, -13.37951795812901423, -8.905600000000001515 ) ) ;
#7437 = EDGE_LOOP ( 'NONE', ( #8133, #3714, #1633, #7363 ) ) ;
#7438 = PLANE ( 'NONE',  #1763 ) ;
#7439 = CARTESIAN_POINT ( 'NONE',  ( 27.51580630283823936, -2.931758095046658852, 14.98100000000000520 ) ) ;
#7440 = AXIS2_PLACEMENT_3D ( 'NONE', #1689, #1070, #7360 ) ;
#7441 = CARTESIAN_POINT ( 'NONE',  ( -30.03296279907226207, 0.000000000000000000, 8.631000000000000227 ) ) ;
#7442 = CARTESIAN_POINT ( 'NONE',  ( -2.461823230156359177, -11.97746266590834630, -1.949099999999974520 ) ) ;
#7443 = DIRECTION ( 'NONE',  ( -0.000000000000000000, -0.000000000000000000, -1.000000000000000000 ) ) ;
#7444 = EDGE_CURVE ( 'NONE', #2862, #317, #4029, .T. ) ;
#7445 = CARTESIAN_POINT ( 'NONE',  ( -16.11524486346072749, 2.569439185875654452, -8.905600000000001515 ) ) ;
#7446 = ORIENTED_EDGE ( 'NONE', *, *, #6247, .T. ) ;
#7447 = ORIENTED_EDGE ( 'NONE', *, *, #3582, .F. ) ;
#7448 = ORIENTED_EDGE ( 'NONE', *, *, #5851, .F. ) ;
#7449 = CARTESIAN_POINT ( 'NONE',  ( 19.19388020387351901, -0.6398805656995832924, 0.000000000000000000 ) ) ;
#7450 = AXIS2_PLACEMENT_3D ( 'NONE', #5415, #4723, #4682 ) ;
#7451 = CARTESIAN_POINT ( 'NONE',  ( 4.565458968152778851, -12.74065375098221331, 8.631000000000003780 ) ) ;
#7452 = DIRECTION ( 'NONE',  ( -0.000000000000000000, -0.000000000000000000, -1.000000000000000000 ) ) ;
#7453 = CARTESIAN_POINT ( 'NONE',  ( -12.49665410076816485, -10.03317704336826566, -5.730599999999995475 ) ) ;
#7454 = CARTESIAN_POINT ( 'NONE',  ( -10.32447428430153913, -15.56853735889060886, 1.085740499185509078 ) ) ;
#7455 = ORIENTED_EDGE ( 'NONE', *, *, #7103, .T. ) ;
#7456 = B_SPLINE_CURVE_WITH_KNOTS ( 'NONE', 3,
 ( #7278, #1567, #4103, #6654, #4769, #3479, #6696 ),
 .UNSPECIFIED., .F., .F.,
 ( 4, 1, 1, 1, 4 ),
 ( 0.1590669060950009872, 0.3454108174725035729, 0.4102260909951112033, 0.4750413645177207211, 0.4920657386136739753 ),
 .UNSPECIFIED. ) ;
#7457 = CARTESIAN_POINT ( 'NONE',  ( -12.32826802965615087, -11.79569405646802771, 0.000000000000000000 ) ) ;
#7458 = CARTESIAN_POINT ( 'NONE',  ( 20.97421985396444910, 2.880499808793624883, 3.174999999999999822 ) ) ;
#7459 = CARTESIAN_POINT ( 'NONE',  ( -11.73804094493875816, -13.50742943260773110, -7.318099999999999383 ) ) ;
#7460 = CARTESIAN_POINT ( 'NONE',  ( -7.874189604955129873, -1.296579135912097946, 0.000000000000000000 ) ) ;
#7461 = CARTESIAN_POINT ( 'NONE',  ( 16.84548851959756277, -13.15329702478594598, 8.631000000000000227 ) ) ;
#7462 = CARTESIAN_POINT ( 'NONE',  ( 13.18822505451070981, -7.108946224410507497, 0.000000000000000000 ) ) ;
#7463 = CARTESIAN_POINT ( 'NONE',  ( -23.76691292083732776, -2.182336403359665500, 11.80600000000000094 ) ) ;
#7464 = ADVANCED_FACE ( 'NONE', ( #8186 ), #1852, .T. ) ;
#7465 = AXIS2_PLACEMENT_3D ( 'NONE', #4257, #4717, #934 ) ;
#7466 = VECTOR ( 'NONE', #2865, 1000.000000000000000 ) ;
#7467 = CARTESIAN_POINT ( 'NONE',  ( -10.69595452903907606, -15.18652511254910920, -5.730599999999999028 ) ) ;
#7468 = EDGE_LOOP ( 'NONE', ( #7237, #4274 ) ) ;
#7469 = ORIENTED_EDGE ( 'NONE', *, *, #4013, .F. ) ;
#7470 = CARTESIAN_POINT ( 'NONE',  ( -7.696762300786941680, 9.074866323787089684, -7.318099999999999383 ) ) ;
#7471 = CARTESIAN_POINT ( 'NONE',  ( 13.17147767661466062, 2.365355272960778965, -5.730599999999999028 ) ) ;
#7472 = CARTESIAN_POINT ( 'NONE',  ( -2.517015674973707817, -10.87939893623049059, 13.39349904687932202 ) ) ;
#7473 = CIRCLE ( 'NONE', #1889, 2.500000000000000000 ) ;
#7474 = VECTOR ( 'NONE', #7067, 1000.000000000000227 ) ;
#7475 = DIRECTION ( 'NONE',  ( 1.000000000000000000, 0.000000000000000000, 0.000000000000000000 ) ) ;
#7476 = CARTESIAN_POINT ( 'NONE',  ( 5.860127906673534781, 30.35954048764050484, 14.98099999999999454 ) ) ;
#7477 = CARTESIAN_POINT ( 'NONE',  ( 9.125253569359779604, 15.50293098804898229, -11.20725964850068834 ) ) ;
#7478 = CARTESIAN_POINT ( 'NONE',  ( -15.64541451096443048, -8.115698774879472666, -15.44909999999999961 ) ) ;
#7479 = VERTEX_POINT ( 'NONE', #603 ) ;
#7480 = VECTOR ( 'NONE', #763, 1000.000000000000000 ) ;
#7481 = CARTESIAN_POINT ( 'NONE',  ( -10.57535302520171427, -17.48856966650146916, -8.905600000000001515 ) ) ;
#7482 = CARTESIAN_POINT ( 'NONE',  ( -16.59678491889878060, -0.1168331933133186645, -15.44909999999999961 ) ) ;
#7483 = LINE ( 'NONE', #1815, #1359 ) ;
#7484 = CARTESIAN_POINT ( 'NONE',  ( -6.520390359068784392, -9.826977670270796494, 11.05600000209201994 ) ) ;
#7485 = CARTESIAN_POINT ( 'NONE',  ( -2.853721730829550385, 10.28847509130143401, -8.905599999999999739 ) ) ;
#7486 = CARTESIAN_POINT ( 'NONE',  ( 5.860127906673534781, 30.35954048764050128, 11.80599999999999383 ) ) ;
#7487 = CARTESIAN_POINT ( 'NONE',  ( 4.566370287237146108, -12.73717740565215628, 11.05600000000000271 ) ) ;
#7488 = ORIENTED_EDGE ( 'NONE', *, *, #2317, .T. ) ;
#7489 = B_SPLINE_CURVE_WITH_KNOTS ( 'NONE', 3,
 ( #6447, #6363, #3969, #2684, #732, #3927, #7185, #6485, #650, #773, #3269, #6522, #3353, #5808, #7717, #5895, #2728, #3186, #23, #1642, #309, #4807, #2808, #350, #5458, #3471 ),
 .UNSPECIFIED., .F., .F.,
 ( 4, 2, 2, 2, 2, 2, 2, 2, 2, 2, 2, 2, 4 ),
 ( 0.000000000000000000, 0.0005471567187631201255, 0.0008207350781446801340, 0.001094313437526240251, 0.001641470156289359618, 0.002188626875052479201, 0.002462205234434038017, 0.002735783593815597266, 0.003009361953197156082, 0.003282940312578715332, 0.003830097031341833397, 0.004103675390723393948, 0.004377253750104953198 ),
 .UNSPECIFIED. ) ;
#7490 = ORIENTED_EDGE ( 'NONE', *, *, #1895, .F. ) ;
#7491 = AXIS2_PLACEMENT_3D ( 'NONE', #2859, #2154, #946 ) ;
#7492 = CARTESIAN_POINT ( 'NONE',  ( 0.000000000000000000, 0.000000000000000000, 3.756000000000000671 ) ) ;
#7493 = CARTESIAN_POINT ( 'NONE',  ( -8.782548804159711509, 8.741916582865714602, -7.318099999999999383 ) ) ;
#7494 = CARTESIAN_POINT ( 'NONE',  ( 4.565458968152778851, -12.74065375098221331, 14.18724952343966272 ) ) ;
#7495 = CARTESIAN_POINT ( 'NONE',  ( -36.36428634907640145, 2.224798047900578446, 11.80599999999999916 ) ) ;
#7496 = CARTESIAN_POINT ( 'NONE',  ( -8.940015150338160410, -9.243803669068361373, 11.05600000209201994 ) ) ;
#7497 = CARTESIAN_POINT ( 'NONE',  ( 8.215747060369029242, 11.21064092556444436, -1.345523511502946690 ) ) ;
#7498 = VECTOR ( 'NONE', #4883, 1000.000000000000000 ) ;
#7499 = CARTESIAN_POINT ( 'NONE',  ( 8.252796624618495613, -13.70634334510367580, 11.05600000000000271 ) ) ;
#7500 = VERTEX_POINT ( 'NONE', #6439 ) ;
#7501 = PLANE ( 'NONE',  #814 ) ;
#7502 = FACE_OUTER_BOUND ( 'NONE', #120, .T. ) ;
#7503 = CARTESIAN_POINT ( 'NONE',  ( 6.903497971295878166, 14.77507348615496241, 5.336103578571118611 ) ) ;
#7504 = CARTESIAN_POINT ( 'NONE',  ( -5.391978791913061286, 1.855238334207745643, 0.000000000000000000 ) ) ;
#7505 = CARTESIAN_POINT ( 'NONE',  ( -44.69879262735814507, 25.43413383263218464, 8.630999999999993122 ) ) ;
#7506 = CARTESIAN_POINT ( 'NONE',  ( 1.903183130261167255, -5.690356379264687625, 5.408095274415901876 ) ) ;
#7507 = CARTESIAN_POINT ( 'NONE',  ( 8.110213314787003469, -12.05396096807256257, 11.80600000000000271 ) ) ;
#7508 = CARTESIAN_POINT ( 'NONE',  ( 10.55961939193169918, 21.13540907369177546, -1.949099999999967636 ) ) ;
#7509 = VERTEX_POINT ( 'NONE', #725 ) ;
#7510 = EDGE_CURVE ( 'NONE', #2861, #2515, #699, .T. ) ;
#7511 = ORIENTED_EDGE ( 'NONE', *, *, #2261, .T. ) ;
#7512 = CARTESIAN_POINT ( 'NONE',  ( -2.204894577754121343, -10.96236130471560521, 9.416435412949244466 ) ) ;
#7513 = CARTESIAN_POINT ( 'NONE',  ( 3.868360152134618701, 5.976281212757068140, -5.730599999999999916 ) ) ;
#7514 = ADVANCED_FACE ( 'NONE', ( #7097 ), #2518, .F. ) ;
#7515 = CARTESIAN_POINT ( 'NONE',  ( -9.415094719021350755, -8.094756564078080530, 10.54280364726265518 ) ) ;
#7516 = CARTESIAN_POINT ( 'NONE',  ( -1.622867371715112528, -12.76438399408419500, 11.80600000000000271 ) ) ;
#7517 = CARTESIAN_POINT ( 'NONE',  ( 9.407007291913421554, 15.38771617855343621, -11.00381142403445622 ) ) ;
#7518 = CARTESIAN_POINT ( 'NONE',  ( -16.53301447364963295, -4.165364360595476434, -15.44909999999999961 ) ) ;
#7519 = CARTESIAN_POINT ( 'NONE',  ( -7.751376530972530432, -18.01936887788673758, -8.905600000000001515 ) ) ;
#7520 = ORIENTED_EDGE ( 'NONE', *, *, #5018, .F. ) ;
#7521 = B_SPLINE_CURVE_WITH_KNOTS ( 'NONE', 3,
 ( #7512, #3715, #1803, #3675 ),
 .UNSPECIFIED., .F., .F.,
 ( 4, 4 ),
 ( 4.823156037405204469E-05, 0.007048232585111907471 ),
 .UNSPECIFIED. ) ;
#7522 = CARTESIAN_POINT ( 'NONE',  ( -13.40890670851854338, -13.64429035875746443, -8.905600000000001515 ) ) ;
#7523 = CARTESIAN_POINT ( 'NONE',  ( -16.65746720359356559, -2.548208754440649315, -15.44909999999999961 ) ) ;
#7524 = DIRECTION ( 'NONE',  ( -0.000000000000000000, -0.000000000000000000, -1.000000000000000000 ) ) ;
#7525 = FACE_OUTER_BOUND ( 'NONE', #951, .T. ) ;
#7526 = CARTESIAN_POINT ( 'NONE',  ( -12.03221265217366032, -12.80259548204367981, -7.318099999999999383 ) ) ;
#7527 = CARTESIAN_POINT ( 'NONE',  ( 26.18805509819400612, 10.49240108418684692, 11.80599999999999739 ) ) ;
#7528 = PLANE ( 'NONE',  #1725 ) ;
#7529 = ORIENTED_EDGE ( 'NONE', *, *, #3568, .F. ) ;
#7530 = ORIENTED_EDGE ( 'NONE', *, *, #4147, .T. ) ;
#7531 = CARTESIAN_POINT ( 'NONE',  ( -5.610691671601981234, 10.84618284200478833, -8.905600000000001515 ) ) ;
#7532 = CARTESIAN_POINT ( 'NONE',  ( 2.259821958597556080, 2.230208446634597053, -10.69910000000001737 ) ) ;
#7533 = CARTESIAN_POINT ( 'NONE',  ( 12.35822493393811072, -16.79208820840369043, -5.730599999999998140 ) ) ;
#7534 = PLANE ( 'NONE',  #6158 ) ;
#7535 = CARTESIAN_POINT ( 'NONE',  ( -11.42209473143380549, -6.321669908126500204, -5.730599999999998140 ) ) ;
#7536 = CARTESIAN_POINT ( 'NONE',  ( 7.496363366593856270, 12.41353006254682434, -0.5580837375009694012 ) ) ;
#7537 = ORIENTED_EDGE ( 'NONE', *, *, #7885, .T. ) ;
#7538 = CARTESIAN_POINT ( 'NONE',  ( -0.2653667188310332992, 10.93062915891311881, 3.174999999999999822 ) ) ;
#7539 = FACE_BOUND ( 'NONE', #2318, .T. ) ;
#7540 = ADVANCED_FACE ( 'NONE', ( #6515, #5679 ), #733, .T. ) ;
#7541 = CIRCLE ( 'NONE', #7415, 0.7499999999999996669 ) ;
#7542 = CARTESIAN_POINT ( 'NONE',  ( 0.7585901629688581727, -2.382129502073067950, -8.949100000000001387 ) ) ;
#7543 = CARTESIAN_POINT ( 'NONE',  ( -5.140174604103816769, -10.17574938492209569, 12.55599999790798549 ) ) ;
#7544 = CARTESIAN_POINT ( 'NONE',  ( -3.585675646930079896, -8.948570147270297426, 11.80600000000000271 ) ) ;
#7545 = CARTESIAN_POINT ( 'NONE',  ( 1.460344547328721543, -19.94156038527972541, 1.041908294611374242 ) ) ;
#7546 = CARTESIAN_POINT ( 'NONE',  ( -0.8187890121307411784, -9.692814478654074861, 11.80600000000000271 ) ) ;
#7547 = EDGE_CURVE ( 'NONE', #7479, #1843, #6835, .T. ) ;
#7548 = CARTESIAN_POINT ( 'NONE',  ( -11.48658944705459106, -6.436629345929392620, 1.587499999999999911 ) ) ;
#7549 = EDGE_LOOP ( 'NONE', ( #3553, #7053, #7967, #3637 ) ) ;
#7550 = B_SPLINE_CURVE_WITH_KNOTS ( 'NONE', 3,
 ( #6907, #6288, #577, #7571, #1867, #4401 ),
 .UNSPECIFIED., .F., .F.,
 ( 4, 2, 4 ),
 ( 0.0007953221620630775840, 0.001360445292349651055, 0.001925568422636224309 ),
 .UNSPECIFIED. ) ;
#7551 = CARTESIAN_POINT ( 'NONE',  ( 16.11849830496726454, 1.220092363700203020, -5.730599999999999028 ) ) ;
#7552 = CARTESIAN_POINT ( 'NONE',  ( -9.686569713148177385, -9.023495126771175379, 13.39349952335688521 ) ) ;
#7553 = CARTESIAN_POINT ( 'NONE',  ( 13.38164866021849875, 26.72609921577227965, 14.98099999999999454 ) ) ;
#7554 = CARTESIAN_POINT ( 'NONE',  ( 7.209815938886868558, 16.15035236110071537, -10.04084891081726205 ) ) ;
#7555 = PRESENTATION_LAYER_ASSIGNMENT (  '', '', ( #7425 ) ) ;
#7556 = CARTESIAN_POINT ( 'NONE',  ( -16.51453429913218685, 0.6222326473570627403, -15.44909999999999961 ) ) ;
#7557 = CARTESIAN_POINT ( 'NONE',  ( -12.64482102744277903, -13.04156459607613705, -8.905600000000001515 ) ) ;
#7558 = VERTEX_POINT ( 'NONE', #3354 ) ;
#7559 = DIRECTION ( 'NONE',  ( 0.9999999993168087187, -3.696461235719233825E-05, 0.000000000000000000 ) ) ;
#7560 = ADVANCED_FACE ( 'NONE', ( #4683 ), #4894, .F. ) ;
#7561 = CARTESIAN_POINT ( 'NONE',  ( -16.66874587210071468, -1.737183387894205122, -15.44909999999999961 ) ) ;
#7562 = CARTESIAN_POINT ( 'NONE',  ( -1.078799920293147530, -20.15707577302306319, 2.786905563211881542 ) ) ;
#7563 = CARTESIAN_POINT ( 'NONE',  ( -4.258885790967076979, -4.226333141092728951, 14.48100000000000165 ) ) ;
#7564 = CARTESIAN_POINT ( 'NONE',  ( -9.185092538057080702, -16.53977487947874181, -7.318099999999999383 ) ) ;
#7565 = CARTESIAN_POINT ( 'NONE',  ( -38.87205052441449737, 33.52680027512989369, 11.80599999999999206 ) ) ;
#7566 = VERTEX_POINT ( 'NONE', #1723 ) ;
#7567 = EDGE_CURVE ( 'NONE', #4983, #3320, #1749, .T. ) ;
#7568 = VERTEX_POINT ( 'NONE', #4860 ) ;
#7569 = ORIENTED_EDGE ( 'NONE', *, *, #5018, .T. ) ;
#7570 = CARTESIAN_POINT ( 'NONE',  ( 2.151278356618460119, -1.967197634488866864, -8.905599999999999739 ) ) ;
#7571 = CARTESIAN_POINT ( 'NONE',  ( 2.236001179979751452, 2.255512855926026905, -9.225879064482676029 ) ) ;
#7572 = CARTESIAN_POINT ( 'NONE',  ( -9.311884644447031789, 8.519060930577696311, -7.318099999999999383 ) ) ;
#7573 = CARTESIAN_POINT ( 'NONE',  ( 10.42011122090994135, -18.00278348824492980, -5.730599999999998140 ) ) ;
#7574 = CYLINDRICAL_SURFACE ( 'NONE', #6820, 3.174999999999999822 ) ;
#7575 = CARTESIAN_POINT ( 'NONE',  ( -5.140174604103816769, -10.17574938492209569, 11.05600000209201994 ) ) ;
#7576 = CARTESIAN_POINT ( 'NONE',  ( 16.51189376130038156, 1.774240939202185174, -8.905600000000001515 ) ) ;
#7577 = VERTEX_POINT ( 'NONE', #1870 ) ;
#7578 = CARTESIAN_POINT ( 'NONE',  ( 0.000000000000000000, 0.000000000000000000, -7.949100000000000499 ) ) ;
#7579 = CARTESIAN_POINT ( 'NONE',  ( -0.2653667188397624832, 10.93062915890285858, 8.631000000000000227 ) ) ;
#7580 = CARTESIAN_POINT ( 'NONE',  ( 2.310720785006332711, -12.14010762276945421, 14.19220479991719230 ) ) ;
#7581 = CARTESIAN_POINT ( 'NONE',  ( -5.827231276178006958, -19.72725758890293335, 8.631000000000002004 ) ) ;
#7582 = CARTESIAN_POINT ( 'NONE',  ( -45.68751235600759486, 22.77985263037423636, 8.631000000000032202 ) ) ;
#7583 = DIRECTION ( 'NONE',  ( 1.000000000000000000, 0.000000000000000000, -0.000000000000000000 ) ) ;
#7584 = CARTESIAN_POINT ( 'NONE',  ( 18.80718129388836246, -12.73655414860664692, 8.631000000000000227 ) ) ;
#7585 = CARTESIAN_POINT ( 'NONE',  ( 2.522652101162977889, 6.498606346870407613, -7.318099999999999383 ) ) ;
#7586 = ORIENTED_EDGE ( 'NONE', *, *, #2086, .T. ) ;
#7587 = CARTESIAN_POINT ( 'NONE',  ( -13.08427867658368449, 5.346220250491161785, -7.318099999999999383 ) ) ;
#7588 = ADVANCED_FACE ( 'NONE', ( #6910, #1206 ), #7534, .T. ) ;
#7589 = B_SPLINE_CURVE_WITH_KNOTS ( 'NONE', 3,
 ( #5297, #7964, #4762, #6728, #7270, #7923 ),
 .UNSPECIFIED., .F., .F.,
 ( 4, 2, 4 ),
 ( 0.000000000000000000, 0.5000000000000000000, 1.000000000000000000 ),
 .UNSPECIFIED. ) ;
#7590 = CARTESIAN_POINT ( 'NONE',  ( 5.175622008456705281, 5.468878642094232134, -5.730600000000002581 ) ) ;
#7591 = DIRECTION ( 'NONE',  ( -0.3489024681454917509, -0.9371590407833582104, -0.000000000000000000 ) ) ;
#7592 = CARTESIAN_POINT ( 'NONE',  ( -12.27556252960572714, -9.873853818606887600, 14.98100000000000520 ) ) ;
#7593 = CARTESIAN_POINT ( 'NONE',  ( 7.727835898533895964, 15.99813278972673025, -11.06766412649630915 ) ) ;
#7594 = ORIENTED_EDGE ( 'NONE', *, *, #4195, .T. ) ;
#7595 = AXIS2_PLACEMENT_3D ( 'NONE', #3425, #5166, #5845 ) ;
#7596 = CARTESIAN_POINT ( 'NONE',  ( -1.169984487269735141, -11.23817251630137015, 8.631000000000002004 ) ) ;
#7597 = CYLINDRICAL_SURFACE ( 'NONE', #4771, 16.92847517084367581 ) ;
#7598 = CARTESIAN_POINT ( 'NONE',  ( -9.801959106896667606, -16.06714690621811314, -7.318099999999999383 ) ) ;
#7599 = CARTESIAN_POINT ( 'NONE',  ( -36.36428634907640145, 2.224798047900578446, 11.80599999999999916 ) ) ;
#7600 = AXIS2_PLACEMENT_3D ( 'NONE', #5595, #5548, #8148 ) ;
#7601 = ORIENTED_EDGE ( 'NONE', *, *, #5556, .F. ) ;
#7602 = ORIENTED_EDGE ( 'NONE', *, *, #3691, .T. ) ;
#7603 = ORIENTED_EDGE ( 'NONE', *, *, #266, .F. ) ;
#7604 = CARTESIAN_POINT ( 'NONE',  ( -7.630305352141318664, 10.69424046324987110, -8.905599999999997962 ) ) ;
#7605 = CARTESIAN_POINT ( 'NONE',  ( -3.452816812823029657, 8.817250506599817683, -8.248035969732711692 ) ) ;
#7606 = CARTESIAN_POINT ( 'NONE',  ( 13.18822505451070981, -7.108946224410507497, 0.000000000000000000 ) ) ;
#7607 = EDGE_CURVE ( 'NONE', #3312, #1884, #3486, .T. ) ;
#7608 = CIRCLE ( 'NONE', #7214, 3.174999999999999822 ) ;
#7609 = CARTESIAN_POINT ( 'NONE',  ( 3.317049307826154259, 1.915901972241813134, -11.35214223664625877 ) ) ;
#7610 = CARTESIAN_POINT ( 'NONE',  ( 5.593876091252123928, 11.28590709481078314, -1.241758963917399150 ) ) ;
#7611 = VERTEX_POINT ( 'NONE', #1696 ) ;
#7612 = ORIENTED_EDGE ( 'NONE', *, *, #2061, .F. ) ;
#7613 = CARTESIAN_POINT ( 'NONE',  ( 3.766291807603092234, 12.28644048611850614, 2.517435969732711776 ) ) ;
#7614 = CARTESIAN_POINT ( 'NONE',  ( -11.84225739864726101, -8.343169862440319662, 14.98100000000000165 ) ) ;
#7615 = DIRECTION ( 'NONE',  ( 0.000000000000000000, 0.000000000000000000, 1.000000000000000000 ) ) ;
#7616 = DIRECTION ( 'NONE',  ( 1.000000000000000000, 0.000000000000000000, 0.000000000000000000 ) ) ;
#7617 = CARTESIAN_POINT ( 'NONE',  ( -1.501048752687702992, 33.03278635709281730, 8.630999999999989569 ) ) ;
#7618 = CARTESIAN_POINT ( 'NONE',  ( 20.93663917198677993, -15.59479342055142759, -8.905600000000003291 ) ) ;
#7619 = CARTESIAN_POINT ( 'NONE',  ( 9.194136917260884445, 13.16614395657154546, 0.000000000000000000 ) ) ;
#7620 = CARTESIAN_POINT ( 'NONE',  ( 4.608195843500102917, 27.43994001211607880, 8.630999999999989569 ) ) ;
#7621 = ORIENTED_EDGE ( 'NONE', *, *, #2870, .T. ) ;
#7622 = CARTESIAN_POINT ( 'NONE',  ( -7.978710619920927449, -1.429295970131364335, -5.730599999999998140 ) ) ;
#7623 = CARTESIAN_POINT ( 'NONE',  ( 4.701207521340247553, 12.72917427223496212, 0.000000000000000000 ) ) ;
#7624 = DIRECTION ( 'NONE',  ( 0.2535801187161745296, 0.9673143870489527840, 0.000000000000000000 ) ) ;
#7625 = CARTESIAN_POINT ( 'NONE',  ( -34.34269062145452267, 4.697388634174215483, 14.98099999999999987 ) ) ;
#7626 =( LENGTH_UNIT ( ) NAMED_UNIT ( * ) SI_UNIT ( .MILLI., .METRE. ) );
#7627 = LINE ( 'NONE', #3259, #39 ) ;
#7628 = ORIENTED_EDGE ( 'NONE', *, *, #4544, .T. ) ;
#7629 = CARTESIAN_POINT ( 'NONE',  ( 1.298463506524899280, -11.88093877015635158, 8.631000000000003780 ) ) ;
#7630 = EDGE_CURVE ( 'NONE', #782, #6325, #1167, .T. ) ;
#7631 = FACE_OUTER_BOUND ( 'NONE', #6836, .T. ) ;
#7632 = CARTESIAN_POINT ( 'NONE',  ( 28.74950554974190808, -2.214734616449455906, 11.80600000000000094 ) ) ;
#7633 = CARTESIAN_POINT ( 'NONE',  ( 6.358563739839704354, -13.21675123544820529, 12.55600000000000094 ) ) ;
#7634 = CARTESIAN_POINT ( 'NONE',  ( -1.912621489174304967, -2.257583630814017805, 14.48100000000000165 ) ) ;
#7635 = CARTESIAN_POINT ( 'NONE',  ( 3.478382830679524140, 6.127648047708923684, -4.749099999999964794 ) ) ;
#7636 = EDGE_CURVE ( 'NONE', #4359, #6115, #5728, .T. ) ;
#7637 = CARTESIAN_POINT ( 'NONE',  ( -6.520390359068581887, -9.826977670270798271, 9.416435412949244466 ) ) ;
#7638 = VERTEX_POINT ( 'NONE', #5028 ) ;
#7639 = PLANE ( 'NONE',  #3015 ) ;
#7640 = AXIS2_PLACEMENT_3D ( 'NONE', #7960, #1718, #6018 ) ;
#7641 = CARTESIAN_POINT ( 'NONE',  ( -14.92656653629867591, -4.225130301442208136, -8.248035969732711692 ) ) ;
#7642 = CARTESIAN_POINT ( 'NONE',  ( 3.382821143514159079, 4.955791000923627010, 6.946109302072602354 ) ) ;
#7643 = CARTESIAN_POINT ( 'NONE',  ( 3.603432755452423475, 0.2751684659258885057, -11.12753275545244414 ) ) ;
#7644 = CARTESIAN_POINT ( 'NONE',  ( 18.11829030512623717, 2.174083850580412758, -8.905599999999997962 ) ) ;
#7645 = CARTESIAN_POINT ( 'NONE',  ( 0.000000000000000000, 0.000000000000000000, 1.256000000000000671 ) ) ;
#7646 = VERTEX_POINT ( 'NONE', #6164 ) ;
#7647 = ADVANCED_FACE ( 'NONE', ( #6250 ), #7574, .F. ) ;
#7648 = VERTEX_POINT ( 'NONE', #1123 ) ;
#7649 = ORIENTED_EDGE ( 'NONE', *, *, #484, .F. ) ;
#7650 = AXIS2_PLACEMENT_3D ( 'NONE', #2017, #5806, #7183 ) ;
#7651 = CARTESIAN_POINT ( 'NONE',  ( 5.799172678438313078, 13.69167914355558402, 3.174999999999999822 ) ) ;
#7652 = DIRECTION ( 'NONE',  ( -1.000000000000000000, 0.000000000000000000, 0.000000000000000000 ) ) ;
#7653 = ADVANCED_FACE ( 'NONE', ( #3036 ), #5560, .F. ) ;
#7654 = DIRECTION ( 'NONE',  ( 0.9322399881385087239, -0.3618405788679778246, -1.544617847435024914E-16 ) ) ;
#7655 = PLANE ( 'NONE',  #6801 ) ;
#7656 = CARTESIAN_POINT ( 'NONE',  ( 18.95516000675702983, 22.39092315294194080, 8.631000000001376904 ) ) ;
#7657 = CARTESIAN_POINT ( 'NONE',  ( 20.27413859998240042, 0.5236313438399223807, -8.905599999999999739 ) ) ;
#7658 = CARTESIAN_POINT ( 'NONE',  ( 4.289051226172818865, 12.53125708338927424, 1.587499999999999911 ) ) ;
#7659 = CARTESIAN_POINT ( 'NONE',  ( 25.48526637672581430, -1.669644062140321239, 8.630999999999998451 ) ) ;
#7660 = LINE ( 'NONE', #1, #6986 ) ;
#7661 = EDGE_LOOP ( 'NONE', ( #3604, #5446 ) ) ;
#7662 = VECTOR ( 'NONE', #2301, 1000.000000000000114 ) ;
#7663 = CARTESIAN_POINT ( 'NONE',  ( 0.4393260384464274804, -3.479330869122513992, -11.03068430365806663 ) ) ;
#7664 = AXIS2_PLACEMENT_3D ( 'NONE', #5456, #7433, #6020 ) ;
#7665 = CARTESIAN_POINT ( 'NONE',  ( -0.2653667188482610184, 10.93062915889242070, 8.631000000000000227 ) ) ;
#7666 = DIRECTION ( 'NONE',  ( 0.9371590407833580993, -0.3489024681454918064, 0.000000000000000000 ) ) ;
#7667 = CARTESIAN_POINT ( 'NONE',  ( -23.76691292083733131, -2.182336403359665056, 14.98099999999999987 ) ) ;
#7668 = MANIFOLD_SOLID_BREP ( 'Join1[2]', #4116 ) ;
#7669 = CARTESIAN_POINT ( 'NONE',  ( 1.466755042524047647, 10.52621844150210251, 0.000000000000000000 ) ) ;
#7670 = CARTESIAN_POINT ( 'NONE',  ( 2.499999999999998668, 0.2400927947031201160, -8.571379718744653431 ) ) ;
#7671 = ORIENTED_EDGE ( 'NONE', *, *, #2748, .T. ) ;
#7672 = CARTESIAN_POINT ( 'NONE',  ( -7.752125480758617293, -18.01833154545533233, 3.174999999999999822 ) ) ;
#7673 = DIRECTION ( 'NONE',  ( -0.000000000000000000, -0.000000000000000000, -1.000000000000000000 ) ) ;
#7674 = ADVANCED_FACE ( 'NONE', ( #3300 ), #2943, .F. ) ;
#7675 = CARTESIAN_POINT ( 'NONE',  ( -15.06145482489957566, -2.740503098923020353, 0.000000000000000000 ) ) ;
#7676 = DIRECTION ( 'NONE',  ( 1.098594435088512496E-16, 2.950846729373555806E-16, 1.000000000000000000 ) ) ;
#7677 = CYLINDRICAL_SURFACE ( 'NONE', #4465, 6.000000000000000888 ) ;
#7678 = CARTESIAN_POINT ( 'NONE',  ( -6.974196657649271103, -9.719714757477261102, 9.416435412949295980 ) ) ;
#7679 = EDGE_LOOP ( 'NONE', ( #7612, #6730, #7893, #2156, #1691, #1999, #7781, #1570, #6864, #1824, #644, #5277 ) ) ;
#7680 = CARTESIAN_POINT ( 'NONE',  ( -9.686569714830211453, -9.023495132595190427, 10.21850029864089038 ) ) ;
#7681 = ADVANCED_FACE ( 'NONE', ( #6156 ), #6197, .F. ) ;
#7682 = CIRCLE ( 'NONE', #5152, 16.92871113172949649 ) ;
#7683 = CARTESIAN_POINT ( 'NONE',  ( -3.416773536141808787, 8.803941065494790053, -7.318099999999999383 ) ) ;
#7684 = CARTESIAN_POINT ( 'NONE',  ( -15.71847288306527091, -2.772853778635373967, -8.905600000000001515 ) ) ;
#7685 = FACE_OUTER_BOUND ( 'NONE', #7321, .T. ) ;
#7686 = DIRECTION ( 'NONE',  ( 1.000000000000000000, 4.302205379782582088E-17, -9.552814938601679897E-33 ) ) ;
#7687 = CARTESIAN_POINT ( 'NONE',  ( 16.48892947211941618, 1.782833090635972839, -8.905600000000001515 ) ) ;
#7688 = B_SPLINE_CURVE_WITH_KNOTS ( 'NONE', 3,
 ( #4770, #2941, #5550, #400 ),
 .UNSPECIFIED., .F., .F.,
 ( 4, 4 ),
 ( 0.1067600112836824405, 0.1128186161936991921 ),
 .UNSPECIFIED. ) ;
#7689 = ORIENTED_EDGE ( 'NONE', *, *, #1408, .T. ) ;
#7690 = ORIENTED_EDGE ( 'NONE', *, *, #2040, .T. ) ;
#7691 = ORIENTED_EDGE ( 'NONE', *, *, #4445, .T. ) ;
#7692 = CARTESIAN_POINT ( 'NONE',  ( 7.909043193370820291, 13.91625465556599472, 3.174999999999999822 ) ) ;
#7693 = FACE_BOUND ( 'NONE', #72, .T. ) ;
#7694 = VECTOR ( 'NONE', #2273, 1000.000000000000114 ) ;
#7695 = CARTESIAN_POINT ( 'NONE',  ( 27.51580630283823936, -2.931758095046658852, 8.631000000000000227 ) ) ;
#7696 = CARTESIAN_POINT ( 'NONE',  ( -8.834550332455142652, -27.80497700742809641, -12.77409999999999712 ) ) ;
#7697 = CARTESIAN_POINT ( 'NONE',  ( -8.789758684990994553, -7.637995023984107235, 8.631000000000000227 ) ) ;
#7698 = CARTESIAN_POINT ( 'NONE',  ( 4.743616783800231218, 6.290575781792391297, -8.570091280738465045 ) ) ;
#7699 = CARTESIAN_POINT ( 'NONE',  ( 7.909062721539013907, 13.25704616563519345, 0.000000000000000000 ) ) ;
#7700 = CARTESIAN_POINT ( 'NONE',  ( 0.2044901992181951955, 29.16016385193017157, 8.630999999999989569 ) ) ;
#7701 = DIRECTION ( 'NONE',  ( -0.7856175890622957292, 0.6187123756285676235, 0.000000000000000000 ) ) ;
#7702 = EDGE_LOOP ( 'NONE', ( #4171, #7044, #744, #7397 ) ) ;
#7703 = CARTESIAN_POINT ( 'NONE',  ( 1.543487284918105829, -3.496098689788133651, -11.34377935895177281 ) ) ;
#7704 = CARTESIAN_POINT ( 'NONE',  ( 12.16856079880803598, -14.54943195631387631, 11.05600000000000271 ) ) ;
#7705 = CARTESIAN_POINT ( 'NONE',  ( -4.425450163291727357, 9.109798709189764310, -5.730599999999998140 ) ) ;
#7706 = CARTESIAN_POINT ( 'NONE',  ( -18.57456196277014016, -4.252665149888141372, 14.98099999999982401 ) ) ;
#7708 = EDGE_CURVE ( 'NONE', #602, #1302, #2724, .T. ) ;
#7707 = CARTESIAN_POINT ( 'NONE',  ( 0.8103098027652442248, 10.06893255419716304, 2.382127149841734681 ) ) ;
#7709 = CLOSED_SHELL ( 'NONE', ( #4447, #4442, #1493, #5821, #3080 ) ) ;
#7710 = LINE ( 'NONE', #2589, #4692 ) ;
#7711 = ORIENTED_EDGE ( 'NONE', *, *, #7338, .F. ) ;
#7712 = CARTESIAN_POINT ( 'NONE',  ( -11.48658944705459106, -6.436629345929394397, 2.517435969732711776 ) ) ;
#7713 = CARTESIAN_POINT ( 'NONE',  ( 20.27413859998240042, 0.5236313438399223807, -8.905599999999999739 ) ) ;
#7714 = CARTESIAN_POINT ( 'NONE',  ( -14.98520256183472199, -3.731293133095731740, -7.318099999999999383 ) ) ;
#7715 = CARTESIAN_POINT ( 'NONE',  ( -10.46976548413869068, -15.41450966589792948, -5.730600000000001693 ) ) ;
#7716 = CARTESIAN_POINT ( 'NONE',  ( -9.853225687246981224, -3.809484351456478901, -2.071549999999999336 ) ) ;
#7717 = CARTESIAN_POINT ( 'NONE',  ( 4.363737481399319940, 5.784004726938158925, -3.277846016025098841 ) ) ;
#7718 = CIRCLE ( 'NONE', #5324, 6.000000000000000888 ) ;
#7719 = AXIS2_PLACEMENT_3D ( 'NONE', #6409, #698, #3236 ) ;
#7720 = CARTESIAN_POINT ( 'NONE',  ( -1.169984487269735141, -11.23817251630137015, 14.98100000000000698 ) ) ;
#7721 = ORIENTED_EDGE ( 'NONE', *, *, #5451, .F. ) ;
#7722 = CARTESIAN_POINT ( 'NONE',  ( -9.762923641089468418, -18.32343463329394595, -5.730599999999999028 ) ) ;
#7723 = CARTESIAN_POINT ( 'NONE',  ( -10.52473805582482669, -10.44028279238031587, 11.80600000000000271 ) ) ;
#7724 = CARTESIAN_POINT ( 'NONE',  ( -4.425450163291859695, 9.109798709189764310, -8.248035969732711692 ) ) ;
#7725 = CARTESIAN_POINT ( 'NONE',  ( 20.93663917186206547, -3.040034490371302578, 8.631000000000000227 ) ) ;
#7726 = DIRECTION ( 'NONE',  ( -0.3489024681454929167, -0.9371590407833578773, 0.000000000000000000 ) ) ;
#7727 = CARTESIAN_POINT ( 'NONE',  ( 11.49377828653153522, 12.59704495981061534, 1.587499999999999911 ) ) ;
#7728 = CIRCLE ( 'NONE', #4412, 6.000000000000000888 ) ;
#7729 = ADVANCED_FACE ( 'NONE', ( #2595 ), #4307, .T. ) ;
#7730 = ORIENTED_EDGE ( 'NONE', *, *, #6708, .T. ) ;
#7731 = ORIENTED_EDGE ( 'NONE', *, *, #431, .F. ) ;
#7732 = CIRCLE ( 'NONE', #4816, 0.6499999999999999112 ) ;
#7733 = CARTESIAN_POINT ( 'NONE',  ( 19.63048830823033697, 4.130990310416822631, 3.174999999999999822 ) ) ;
#7734 = CARTESIAN_POINT ( 'NONE',  ( -12.16156008663168286, -8.098945298859339559, -5.730600000000005245 ) ) ;
#7735 = CARTESIAN_POINT ( 'NONE',  ( 19.67346976725517038, 19.47390449454815808, 8.630999999999996675 ) ) ;
#7736 = CARTESIAN_POINT ( 'NONE',  ( -9.686739635327779041, -9.024083855329820381, 11.05600000209201994 ) ) ;
#7737 = CARTESIAN_POINT ( 'NONE',  ( -4.453473749772172141, -8.710837770988907991, 8.631000000000000227 ) ) ;
#7738 = DIRECTION ( 'NONE',  ( 1.000000000000000000, 0.000000000000000000, 0.000000000000000000 ) ) ;
#7739 = CARTESIAN_POINT ( 'NONE',  ( 1.762669350009652192, 10.85684839896405407, 1.587499999999999689 ) ) ;
#7740 = CARTESIAN_POINT ( 'NONE',  ( 25.01005285694784774, 0.8374367091040760824, 8.631000000000026873 ) ) ;
#7741 = CARTESIAN_POINT ( 'NONE',  ( -5.476848407906265592, 4.313286688830134885, 1.587499999999999689 ) ) ;
#7742 = ORIENTED_EDGE ( 'NONE', *, *, #5930, .T. ) ;
#7743 = CARTESIAN_POINT ( 'NONE',  ( 3.526318218159586237, -0.2397913179632905345, -11.05041821815960823 ) ) ;
#7744 = CARTESIAN_POINT ( 'NONE',  ( -15.36725559823728204, -8.877615641742254482, -8.905599999999999739 ) ) ;
#7745 = DIRECTION ( 'NONE',  ( 0.9371590407833580993, -0.3489024681454918064, 0.000000000000000000 ) ) ;
#7746 = CARTESIAN_POINT ( 'NONE',  ( -3.416773536143489665, 8.803941065495425988, -5.730599999999999028 ) ) ;
#7747 = VECTOR ( 'NONE', #5438, 1000.000000000000000 ) ;
#7748 = CARTESIAN_POINT ( 'NONE',  ( 16.84548851959756277, -13.15329702478594598, 14.98100000000000520 ) ) ;
#7749 = LINE ( 'NONE', #3420, #4280 ) ;
#7750 = EDGE_CURVE ( 'NONE', #396, #5817, #3925, .T. ) ;
#7751 = EDGE_CURVE ( 'NONE', #2819, #4607, #7019, .T. ) ;
#7752 = FACE_OUTER_BOUND ( 'NONE', #3552, .T. ) ;
#7753 = ORIENTED_EDGE ( 'NONE', *, *, #6823, .F. ) ;
#7754 = EDGE_CURVE ( 'NONE', #4607, #3970, #7608, .T. ) ;
#7755 = CARTESIAN_POINT ( 'NONE',  ( -12.35487886906233612, -11.65554741675856931, 2.517435969732711776 ) ) ;
#7756 = CARTESIAN_POINT ( 'NONE',  ( -3.065884607800326123, 4.808824809661380151, -5.730599999999998140 ) ) ;
#7757 = VECTOR ( 'NONE', #849, 1000.000000000000000 ) ;
#7758 = CARTESIAN_POINT ( 'NONE',  ( -6.023209881023760204, 9.282090537204314984, -7.318099999999999383 ) ) ;
#7759 = CARTESIAN_POINT ( 'NONE',  ( 7.753788007554789807, 29.50962372097941966, 11.80599999999999383 ) ) ;
#7760 = CARTESIAN_POINT ( 'NONE',  ( 3.478382687122719474, 6.127647662112591931, -1.766388274500930056 ) ) ;
#7761 = DIRECTION ( 'NONE',  ( -1.000000000000000000, 0.000000000000000000, 0.000000000000000000 ) ) ;
#7762 = CARTESIAN_POINT ( 'NONE',  ( 6.088904874760355135, 5.114397361623272076, -4.749099999999964794 ) ) ;
#7763 = ORIENTED_EDGE ( 'NONE', *, *, #570, .T. ) ;
#7764 = CARTESIAN_POINT ( 'NONE',  ( 5.979130371550699152, 0.5000000000000014433, 14.48099999999999987 ) ) ;
#7765 = CARTESIAN_POINT ( 'NONE',  ( -15.63943908261695093, -3.799804957781874659, -8.905600000000001515 ) ) ;
#7766 = DIRECTION ( 'NONE',  ( -1.000000000000000000, 0.000000000000000000, 1.268985151628515798E-16 ) ) ;
#7767 = CARTESIAN_POINT ( 'NONE',  ( 2.446980420624950359, 2.322268212004365395, -10.89699290801225473 ) ) ;
#7768 = DIRECTION ( 'NONE',  ( -0.3489024681454918064, -0.9371590407833583214, 0.000000000000000000 ) ) ;
#7769 = ORIENTED_EDGE ( 'NONE', *, *, #634, .T. ) ;
#7770 = ORIENTED_EDGE ( 'NONE', *, *, #7912, .T. ) ;
#7771 = VERTEX_POINT ( 'NONE', #5894 ) ;
#7772 = CARTESIAN_POINT ( 'NONE',  ( 4.029477305717906965, 13.13704761466724591, 3.174999999999999822 ) ) ;
#7773 = CARTESIAN_POINT ( 'NONE',  ( 12.16856079579352645, -14.54943197970156454, 10.21850029855793807 ) ) ;
#7774 = CARTESIAN_POINT ( 'NONE',  ( 20.93663917186206191, -0.9952720431907278176, -8.905599999999999739 ) ) ;
#7775 = CARTESIAN_POINT ( 'NONE',  ( -2.093480134381779934, -10.53735640076356361, 12.55603281448345143 ) ) ;
#7776 = CARTESIAN_POINT ( 'NONE',  ( -7.106860689915234452, -8.061057165503743960, 8.631000000000000227 ) ) ;
#7777 = CARTESIAN_POINT ( 'NONE',  ( 10.55961939193170274, 21.13540907369178257, -9.949099999999974742 ) ) ;
#7778 = CARTESIAN_POINT ( 'NONE',  ( -11.63187636939707836, 34.35443425849399546, 13.39349904687931314 ) ) ;
#7779 = CARTESIAN_POINT ( 'NONE',  ( -43.06915103936022859, 31.30670315768118428, 8.631000000000105032 ) ) ;
#7780 = ADVANCED_FACE ( 'NONE', ( #3890 ), #810, .F. ) ;
#7781 = ORIENTED_EDGE ( 'NONE', *, *, #7965, .T. ) ;
#7782 = CARTESIAN_POINT ( 'NONE',  ( 3.339226528996283694, -0.9511731812353093618, -10.98746204869057763 ) ) ;
#7783 = CARTESIAN_POINT ( 'NONE',  ( 9.652883928318475526, 14.68731671916626347, 6.050900000000028811 ) ) ;
#7784 = DIRECTION ( 'NONE',  ( -0.000000000000000000, -0.000000000000000000, 1.000000000000000000 ) ) ;
#7785 = CARTESIAN_POINT ( 'NONE',  ( 2.151278356618460119, -1.967197634488866864, -8.905599999999999739 ) ) ;
#7786 = ADVANCED_FACE ( 'NONE', ( #5091 ), #5940, .F. ) ;
#7787 = CARTESIAN_POINT ( 'NONE',  ( -35.53768265111548885, 31.38543395455019791, 14.98099999999999454 ) ) ;
#7788 = CARTESIAN_POINT ( 'NONE',  ( -14.98648506033870653, -0.01700624445722563952, -5.730599999999999916 ) ) ;
#7789 = AXIS2_PLACEMENT_3D ( 'NONE', #1145, #1848, #1188 ) ;
#7790 = CARTESIAN_POINT ( 'NONE',  ( -35.53768265111548885, 31.38543395455019791, 14.98099999999999454 ) ) ;
#7791 = CIRCLE ( 'NONE', #2481, 18.51621113172978639 ) ;
#7792 = DIRECTION ( 'NONE',  ( -0.000000000000000000, -0.000000000000000000, 1.000000000000000000 ) ) ;
#7793 = ORIENTED_EDGE ( 'NONE', *, *, #6931, .T. ) ;
#7794 = CARTESIAN_POINT ( 'NONE',  ( -11.51961056223494673, -3.391863894875521979, 3.174999999999999822 ) ) ;
#7795 = DIRECTION ( 'NONE',  ( 0.3805874007937319892, -0.9247449542209307261, 0.000000000000000000 ) ) ;
#7797 = CARTESIAN_POINT ( 'NONE',  ( -3.953988504193371334, 8.990941570122055637, 0.000000000000000000 ) ) ;
#7796 = VECTOR ( 'NONE', #6971, 1000.000000000000000 ) ;
#7798 = CARTESIAN_POINT ( 'NONE',  ( 4.204139193633673166, 5.845951445960041681, -0.6913030782685442022 ) ) ;
#7799 = DIRECTION ( 'NONE',  ( 0.9322398385716595959, -0.3618409642092588197, -0.000000000000000000 ) ) ;
#7800 = B_SPLINE_CURVE_WITH_KNOTS ( 'NONE', 3,
 ( #2663, #7622, #1303, #201 ),
 .UNSPECIFIED., .F., .F.,
 ( 4, 4 ),
 ( 0.000000000000000000, 1.000000000000000000 ),
 .UNSPECIFIED. ) ;
#7801 = CARTESIAN_POINT ( 'NONE',  ( 12.58662062826657291, 25.34497970708189030, 13.39349904687931314 ) ) ;
#7802 = CARTESIAN_POINT ( 'NONE',  ( 14.27149272838615701, 13.06229255104647535, 3.174999999999999822 ) ) ;
#7803 = EDGE_CURVE ( 'NONE', #394, #4201, #1399, .T. ) ;
#7804 = ORIENTED_EDGE ( 'NONE', *, *, #1074, .T. ) ;
#7805 = CARTESIAN_POINT ( 'NONE',  ( 28.77451289708931981, -5.204147292517035339, 11.80600000000000094 ) ) ;
#7806 = B_SPLINE_CURVE_WITH_KNOTS ( 'NONE', 3,
 ( #5743, #3946, #5232, #1955 ),
 .UNSPECIFIED., .F., .F.,
 ( 4, 4 ),
 ( 0.000000000000000000, 1.000000000000000000 ),
 .UNSPECIFIED. ) ;
#7807 = DIRECTION ( 'NONE',  ( 0.7328391914109212424, -0.6804018808999482415, 0.000000000000000000 ) ) ;
#7808 = DIRECTION ( 'NONE',  ( -1.268985151628515798E-16, 9.993880339906687800E-17, -1.000000000000000000 ) ) ;
#7809 = CARTESIAN_POINT ( 'NONE',  ( -11.91609267754444090, -16.20899671246708706, 3.174999999999999822 ) ) ;
#7810 = CARTESIAN_POINT ( 'NONE',  ( 1.364381787387329625, 10.41790534419841485, -5.730599999999999028 ) ) ;
#7811 = ADVANCED_FACE ( 'NONE', ( #6446 ), #7677, .F. ) ;
#7812 = VECTOR ( 'NONE', #2576, 1000.000000000000000 ) ;
#7813 = ORIENTED_EDGE ( 'NONE', *, *, #6064, .T. ) ;
#7814 = ORIENTED_EDGE ( 'NONE', *, *, #2144, .F. ) ;
#7815 = CARTESIAN_POINT ( 'NONE',  ( 17.63675259740917411, 7.377901119531988350, 2.517435969732711776 ) ) ;
#7816 = CARTESIAN_POINT ( 'NONE',  ( 12.40834640256061228, -12.97932458429282931, 11.70354231230163400 ) ) ;
#7817 = CARTESIAN_POINT ( 'NONE',  ( -10.94931491275495361, -2.972687788161955780, 3.174999999999999822 ) ) ;
#7818 = CARTESIAN_POINT ( 'NONE',  ( -8.008001248791618565, -8.700422693099609361, 11.36663415283823042 ) ) ;
#7819 = CARTESIAN_POINT ( 'NONE',  ( 24.42985965046503338, -13.43782222754919609, 11.80600000000000271 ) ) ;
#7820 = DIRECTION ( 'NONE',  ( 0.9371590407833585434, -0.3489024681454908627, 0.000000000000000000 ) ) ;
#7821 = DIRECTION ( 'NONE',  ( 0.3489024681454918064, 0.9371590407833582104, 0.000000000000000000 ) ) ;
#7822 = CARTESIAN_POINT ( 'NONE',  ( -47.37347727263002639, 27.19531807602060169, 8.630999999999989569 ) ) ;
#7823 = ORIENTED_EDGE ( 'NONE', *, *, #2213, .F. ) ;
#7824 = AXIS2_PLACEMENT_3D ( 'NONE', #1168, #537, #1830 ) ;
#7825 = VERTEX_POINT ( 'NONE', #4594 ) ;
#7826 = CARTESIAN_POINT ( 'NONE',  ( 5.089656768021824540, -10.74103297613638830, 10.60799819143153044 ) ) ;
#7827 = CARTESIAN_POINT ( 'NONE',  ( -24.48110990821212596, -3.611575660193429904, 13.39349904687932025 ) ) ;
#7828 = CARTESIAN_POINT ( 'NONE',  ( -0.7382928528645930077, 7.764312843947256404, -5.730599999999998140 ) ) ;
#7829 = DIRECTION ( 'NONE',  ( 0.000000000000000000, 0.000000000000000000, -1.000000000000000000 ) ) ;
#7830 = CARTESIAN_POINT ( 'NONE',  ( 4.124617960589934462, -10.98088009208205129, 11.80600000000012351 ) ) ;
#7831 = CARTESIAN_POINT ( 'NONE',  ( 1.658934823341826403, 1.089357149092164301, -2.337559019615889522 ) ) ;
#7832 = CARTESIAN_POINT ( 'NONE',  ( -6.179433900825434200, -13.79456775404376145, 7.043499999999998984 ) ) ;
#7833 = EDGE_LOOP ( 'NONE', ( #1053, #5226, #1489, #5644, #1118 ) ) ;
#7834 = CARTESIAN_POINT ( 'NONE',  ( -8.825214408935632804, -16.80551438950678289, 2.517435969732711776 ) ) ;
#7835 = AXIS2_PLACEMENT_3D ( 'NONE', #3850, #4557, #2561 ) ;
#7836 = CARTESIAN_POINT ( 'NONE',  ( 0.9736327287355466265, 9.938051241704659589, 1.587500000000000133 ) ) ;
#7837 = CARTESIAN_POINT ( 'NONE',  ( -13.08427867658368449, 5.346220250491161785, -7.318099999999999383 ) ) ;
#7838 = CARTESIAN_POINT ( 'NONE',  ( 2.229183074677309140, -13.76562875766001959, 14.98100000000000520 ) ) ;
#7839 = DIRECTION ( 'NONE',  ( -0.000000000000000000, -0.000000000000000000, 1.000000000000000000 ) ) ;
#7840 = DIRECTION ( 'NONE',  ( 0.000000000000000000, 0.000000000000000000, 1.000000000000000000 ) ) ;
#7841 = CARTESIAN_POINT ( 'NONE',  ( -11.26624397905508523, -14.38126842802891403, -7.318099999999999383 ) ) ;
#7842 = ORIENTED_EDGE ( 'NONE', *, *, #3384, .T. ) ;
#7843 = CARTESIAN_POINT ( 'NONE',  ( 26.18805509819400612, 10.49240108418684692, 11.80599999999999739 ) ) ;
#7844 = CARTESIAN_POINT ( 'NONE',  ( -15.96257746985418180, -7.081668958368594780, -8.905600000000001515 ) ) ;
#7845 = CARTESIAN_POINT ( 'NONE',  ( -11.19984111205484112, -5.893991113273777671, 1.587499999999999911 ) ) ;
#7846 = PLANE ( 'NONE',  #6011 ) ;
#7847 = CARTESIAN_POINT ( 'NONE',  ( 20.28420182839508712, 0.5344701233892937831, -8.905600000000001515 ) ) ;
#7848 = VECTOR ( 'NONE', #2618, 1000.000000000000114 ) ;
#7849 = ORIENTED_EDGE ( 'NONE', *, *, #7751, .T. ) ;
#7850 = VERTEX_POINT ( 'NONE', #2560 ) ;
#7851 = EDGE_CURVE ( 'NONE', #5624, #3989, #747, .T. ) ;
#7852 = CARTESIAN_POINT ( 'NONE',  ( 12.34939390223878597, -13.36534340237784413, 10.75828634222423119 ) ) ;
#7853 = ADVANCED_FACE ( 'NONE', ( #1974, #5848 ), #771, .T. ) ;
#7854 = VECTOR ( 'NONE', #7045, 1000.000000000000000 ) ;
#7855 = CARTESIAN_POINT ( 'NONE',  ( -9.893417710324278858, -3.778817316449611940, 1.998138105797820252 ) ) ;
#7856 = CARTESIAN_POINT ( 'NONE',  ( -6.520390359068784392, -9.826977670270796494, 11.05600000209201994 ) ) ;
#7857 = CARTESIAN_POINT ( 'NONE',  ( 2.229183074677310028, -13.76562875766001781, 11.80600000000000094 ) ) ;
#7858 = CARTESIAN_POINT ( 'NONE',  ( -8.830975650700645829, -18.58588475161199938, -8.905599999999997962 ) ) ;
#7859 = CARTESIAN_POINT ( 'NONE',  ( 14.25591103139629823, 24.17868081722507156, 13.39349952343962435 ) ) ;
#7860 = CARTESIAN_POINT ( 'NONE',  ( -12.27556252960572714, -9.873853818606887600, 8.631000000000000227 ) ) ;
#7861 = CIRCLE ( 'NONE', #4542, 0.6499999999999999112 ) ;
#7862 = ORIENTED_EDGE ( 'NONE', *, *, #254, .F. ) ;
#7863 = CARTESIAN_POINT ( 'NONE',  ( 0.000000000000000000, 0.000000000000000000, 8.631000000000000227 ) ) ;
#7864 = CARTESIAN_POINT ( 'NONE',  ( 0.2511782605620902498, -3.165048890841333673, -10.69909999999913630 ) ) ;
#7865 = CARTESIAN_POINT ( 'NONE',  ( -9.185092538057080702, -16.53977487947874181, -7.318099999999999383 ) ) ;
#7866 = DIRECTION ( 'NONE',  ( 0.1267900593580866542, 0.4836571935244738940, -0.8660254037844400399 ) ) ;
#7867 = CARTESIAN_POINT ( 'NONE',  ( -8.789758684990994553, -7.637995023984107235, 14.98100000000000165 ) ) ;
#7868 = CARTESIAN_POINT ( 'NONE',  ( -1.619247424605126495, 6.645710026246398172, 0.000000000000000000 ) ) ;
#7869 = AXIS2_PLACEMENT_3D ( 'NONE', #2479, #4389, #6317 ) ;
#7870 = CARTESIAN_POINT ( 'NONE',  ( -18.57456196277014016, -4.252665149888141372, 14.98099999999982401 ) ) ;
#7871 = CARTESIAN_POINT ( 'NONE',  ( -10.28578713895317165, -15.60835055322313103, -6.867928214221091565 ) ) ;
#7872 = ORIENTED_EDGE ( 'NONE', *, *, #4410, .T. ) ;
#7873 = CIRCLE ( 'NONE', #4273, 18.51621113172978994 ) ;
#7874 = CARTESIAN_POINT ( 'NONE',  ( -56.07189761964543351, 23.61786509392923961, 8.630999999999994898 ) ) ;
#7875 = CARTESIAN_POINT ( 'NONE',  ( 9.884607396771468046, -14.09946533633289256, 11.05600000000000271 ) ) ;
#7876 = LINE ( 'NONE', #302, #5125 ) ;
#7877 = PLANE ( 'NONE',  #4458 ) ;
#7878 = CIRCLE ( 'NONE', #3230, 1.587500000000000355 ) ;
#7879 = CARTESIAN_POINT ( 'NONE',  ( 19.74102292354263710, -15.78402317582674108, 14.98100000000000520 ) ) ;
#7880 = PLANE ( 'NONE',  #5128 ) ;
#7881 = DIRECTION ( 'NONE',  ( 6.550624015266702829E-15, -1.000000000000000000, 0.000000000000000000 ) ) ;
#7882 = CARTESIAN_POINT ( 'NONE',  ( -0.9444576056292047772, -19.79622961616936649, -8.024977326259016053 ) ) ;
#7883 = CARTESIAN_POINT ( 'NONE',  ( -12.05430474868962953, -12.74539890315747037, -7.318099999999999383 ) ) ;
#7884 = ORIENTED_EDGE ( 'NONE', *, *, #1481, .T. ) ;
#7885 = EDGE_CURVE ( 'NONE', #3636, #5873, #2738, .T. ) ;
#7886 = CARTESIAN_POINT ( 'NONE',  ( 15.95516603052824323, -16.41534318459394726, 11.80600000000025140 ) ) ;
#7887 = CARTESIAN_POINT ( 'NONE',  ( -15.16481855686061309, 4.995130033309116868, -8.905600000000001515 ) ) ;
#7888 = CARTESIAN_POINT ( 'NONE',  ( 12.16856079880803598, -14.54943195631387631, 11.05600000000000271 ) ) ;
#7889 = CARTESIAN_POINT ( 'NONE',  ( -0.7382928528645930077, 7.764312843947256404, -5.730599999999998140 ) ) ;
#7890 = CARTESIAN_POINT ( 'NONE',  ( 18.12537087368773570, 2.187414966256679527, -8.905599999999997962 ) ) ;
#7891 = EDGE_CURVE ( 'NONE', #2386, #2020, #1938, .T. ) ;
#7892 = ORIENTED_EDGE ( 'NONE', *, *, #7803, .F. ) ;
#7893 = ORIENTED_EDGE ( 'NONE', *, *, #6044, .T. ) ;
#7894 = ORIENTED_EDGE ( 'NONE', *, *, #5040, .F. ) ;
#7895 = LINE ( 'NONE', #4819, #6364 ) ;
#7896 = DIRECTION ( 'NONE',  ( 0.000000000000000000, 0.000000000000000000, -1.000000000000000000 ) ) ;
#7897 = CARTESIAN_POINT ( 'NONE',  ( -2.014695283645366874, -10.23682132733323868, 12.24536584716177146 ) ) ;
#7898 = CARTESIAN_POINT ( 'NONE',  ( -6.967105568256432235, -11.34794501770343977, 8.631000000000000227 ) ) ;
#7899 = CARTESIAN_POINT ( 'NONE',  ( 3.396628427229653635, 6.159379904362036307, -5.730599999999993699 ) ) ;
#7900 = FACE_OUTER_BOUND ( 'NONE', #4914, .T. ) ;
#7901 = CARTESIAN_POINT ( 'NONE',  ( 28.39358412624508432, -7.233045574204665762, 8.631000000000000227 ) ) ;
#7902 = ADVANCED_FACE ( 'NONE', ( #4639 ), #2641, .F. ) ;
#7903 = ADVANCED_FACE ( 'NONE', ( #134 ), #2726, .T. ) ;
#7904 = VERTEX_POINT ( 'NONE', #3351 ) ;
#7905 = CARTESIAN_POINT ( 'NONE',  ( 10.88509539828712036, -14.32323146793440394, 12.55600000000000271 ) ) ;
#7906 = CARTESIAN_POINT ( 'NONE',  ( -8.075426939931089620, -18.89025876392038938, 3.174999999999999822 ) ) ;
#7907 = CARTESIAN_POINT ( 'NONE',  ( 3.245945567498317086, 5.046332719505270070, 5.394717720362490532 ) ) ;
#7908 = CARTESIAN_POINT ( 'NONE',  ( -24.48110990821212596, -3.611575660193429904, 10.21850059711604963 ) ) ;
#7909 = CARTESIAN_POINT ( 'NONE',  ( 23.15220087576790675, 9.544644554831304362, 11.80599999999999739 ) ) ;
#7910 = CARTESIAN_POINT ( 'NONE',  ( 1.566904068971207042, -19.94701131979199005, -6.638952603547771503 ) ) ;
#7911 = CARTESIAN_POINT ( 'NONE',  ( 11.79159259755874167, 23.96386019914276844, 14.98099999999999454 ) ) ;
#7912 = EDGE_CURVE ( 'NONE', #706, #3776, #177, .T. ) ;
#7913 = CARTESIAN_POINT ( 'NONE',  ( 12.16856079531247481, -14.54943197920268183, 13.39349999983421569 ) ) ;
#7914 = ORIENTED_EDGE ( 'NONE', *, *, #6455, .T. ) ;
#7915 = CARTESIAN_POINT ( 'NONE',  ( -3.614711222565202497, 8.880768800784526462, -7.318099999999999383 ) ) ;
#7916 = CARTESIAN_POINT ( 'NONE',  ( 12.16856079531247481, -14.54943197920268183, 13.39349999983421569 ) ) ;
#7917 = CARTESIAN_POINT ( 'NONE',  ( 19.34913917157006225, 1.419185237542518463, 0.000000000000000000 ) ) ;
#7918 = CARTESIAN_POINT ( 'NONE',  ( 19.34890321087420872, -0.9952133531469528060, -8.248035969732711692 ) ) ;
#7919 = CARTESIAN_POINT ( 'NONE',  ( -5.462015592765184557, 9.269133915182298011, -7.318099999999999383 ) ) ;
#7920 = CARTESIAN_POINT ( 'NONE',  ( 24.42985965046503694, -13.43782222754919786, 14.98100000000000520 ) ) ;
#7921 = CARTESIAN_POINT ( 'NONE',  ( 5.436570295017451038, 5.367593784486818898, -0.7334075519909154517 ) ) ;
#7922 = CARTESIAN_POINT ( 'NONE',  ( -1.447615242865005314, -21.14772114095298150, -15.44909999999999961 ) ) ;
#7923 = CARTESIAN_POINT ( 'NONE',  ( -7.522971541091881598, -17.40198893812960179, 1.587077315546960410 ) ) ;
#7924 = CARTESIAN_POINT ( 'NONE',  ( -7.887386940873784447, -17.25889120507233798, -7.318099999999999383 ) ) ;
#7925 = ADVANCED_FACE ( 'NONE', ( #6562 ), #4680, .F. ) ;
#7926 = ORIENTED_EDGE ( 'NONE', *, *, #144, .T. ) ;
#7927 = AXIS2_PLACEMENT_3D ( 'NONE', #6906, #4439, #6327 ) ;
#7928 = CARTESIAN_POINT ( 'NONE',  ( 17.17154391907870092, 24.07817789789695340, 14.98099999999999454 ) ) ;
#7929 = CARTESIAN_POINT ( 'NONE',  ( -6.032565110391950647, 9.941324859187867347, -8.905600000000001515 ) ) ;
#7930 = DIRECTION ( 'NONE',  ( -0.3489024681454917509, -0.9371590407833582104, -0.000000000000000000 ) ) ;
#7931 = CARTESIAN_POINT ( 'NONE',  ( 2.420428040132277303, -3.040034490371304798, 7.043499999999998096 ) ) ;
#7932 = FACE_OUTER_BOUND ( 'NONE', #3730, .T. ) ;
#7933 = ORIENTED_EDGE ( 'NONE', *, *, #2086, .F. ) ;
#7934 = ADVANCED_FACE ( 'NONE', ( #7269 ), #939, .T. ) ;
#7935 = ORIENTED_EDGE ( 'NONE', *, *, #1553, .F. ) ;
#7936 = DIRECTION ( 'NONE',  ( -0.3489024681454918064, -0.9371590407833582104, -0.000000000000000000 ) ) ;
#7937 = CARTESIAN_POINT ( 'NONE',  ( -25.21712816269280566, 34.35674000225326807, 13.39349904687931314 ) ) ;
#7938 = CARTESIAN_POINT ( 'NONE',  ( 19.34913917186174359, 1.726690403718858402, 0.000000000000000000 ) ) ;
#7939 = CARTESIAN_POINT ( 'NONE',  ( 2.771976065070752338, -13.90792118376792352, 11.80600000000000271 ) ) ;
#7940 = CARTESIAN_POINT ( 'NONE',  ( -8.298964699385155797, -18.80810310528469387, -15.44910000000000139 ) ) ;
#7941 = LINE ( 'NONE', #877, #6240 ) ;
#7942 = CARTESIAN_POINT ( 'NONE',  ( 1.226780418669875639, 32.16946954534166281, 8.630999999999989569 ) ) ;
#7943 = ORIENTED_EDGE ( 'NONE', *, *, #613, .F. ) ;
#7944 = CARTESIAN_POINT ( 'NONE',  ( 9.137644364998921631, -13.92718174467233183, 12.55600000000000271 ) ) ;
#7945 = CARTESIAN_POINT ( 'NONE',  ( 14.72044767618559291, 12.78361513899634794, 3.174999999999999822 ) ) ;
#7946 = CARTESIAN_POINT ( 'NONE',  ( -10.95545900269248385, -8.654613803962538654, 10.21850059711605141 ) ) ;
#7947 = CARTESIAN_POINT ( 'NONE',  ( -21.90804218314094243, 32.82804663215440399, 11.80599999999999206 ) ) ;
#7948 = CARTESIAN_POINT ( 'NONE',  ( 0.1762828845725676885, -3.170352660404960332, -9.312732227892885462 ) ) ;
#7949 = CARTESIAN_POINT ( 'NONE',  ( 0.2044901992181951955, 29.16016385193017157, 14.98099999999999454 ) ) ;
#7950 = CARTESIAN_POINT ( 'NONE',  ( -10.15298242172339016, -15.74149628631556652, -7.007008477597900686 ) ) ;
#7951 = VERTEX_POINT ( 'NONE', #6104 ) ;
#7952 = ORIENTED_EDGE ( 'NONE', *, *, #3591, .F. ) ;
#7953 = CARTESIAN_POINT ( 'NONE',  ( -10.21135826824111170, -4.292784631358589564, 1.587499999999999911 ) ) ;
#7954 = ADVANCED_FACE ( 'NONE', ( #258, #3517 ), #6726, .T. ) ;
#7955 = CARTESIAN_POINT ( 'NONE',  ( 5.461819727935585789, -12.97941188435437354, 13.39349999983421569 ) ) ;
#7956 = CARTESIAN_POINT ( 'NONE',  ( 19.34913917210154466, 1.979504257544440593, 0.000000000000000000 ) ) ;
#7957 = LINE ( 'NONE', #62, #6748 ) ;
#7958 = EDGE_LOOP ( 'NONE', ( #4421, #1933, #3572, #2987, #3884 ) ) ;
#7959 = AXIS2_PLACEMENT_3D ( 'NONE', #702, #5694, #1912 ) ;
#7960 = CARTESIAN_POINT ( 'NONE',  ( 5.874447809818362565, -21.54342603156560898, -6.524354979597465132 ) ) ;
#7961 = CARTESIAN_POINT ( 'NONE',  ( 0.3071816777607083715, -13.26177876956085377, 11.80600000000000271 ) ) ;
#7962 = CARTESIAN_POINT ( 'NONE',  ( -9.396224586226946229, -18.34033154151630995, 3.174999999999999822 ) ) ;
#7963 = PLANE ( 'NONE',  #2337 ) ;
#7964 = CARTESIAN_POINT ( 'NONE',  ( -7.715378694897939482, -17.92014633639114507, 2.823161707505311480 ) ) ;
#7965 = EDGE_CURVE ( 'NONE', #69, #4044, #4221, .T. ) ;
#7966 = CARTESIAN_POINT ( 'NONE',  ( -8.317659564492009494, -17.05880492909819068, -8.248035969732711692 ) ) ;
#7967 = ORIENTED_EDGE ( 'NONE', *, *, #4685, .T. ) ;
#7968 = CARTESIAN_POINT ( 'NONE',  ( 18.18467006882645975, 6.277871873167974570, 1.587499999999999911 ) ) ;
#7969 = CARTESIAN_POINT ( 'NONE',  ( 0.3071816777607083715, -13.26177876956085377, 11.80600000000000271 ) ) ;
#7970 = CARTESIAN_POINT ( 'NONE',  ( -2.853783271205291072, 10.28830916803510220, -8.905600000000001515 ) ) ;
#7971 = CARTESIAN_POINT ( 'NONE',  ( 1.984375000000000444, -3.309531665495734841E-16, -0.7155972584079256515 ) ) ;
#7972 = CARTESIAN_POINT ( 'NONE',  ( -0.7382928528646515165, 7.764312843947264398, -8.470393969810611965E-26 ) ) ;
#7973 = CARTESIAN_POINT ( 'NONE',  ( -16.63745931535508760, -0.6559562539159523586, -8.905600000000001515 ) ) ;
#7974 = EDGE_LOOP ( 'NONE', ( #2430, #5140, #1432, #5871, #1488 ) ) ;
#7975 = VERTEX_POINT ( 'NONE', #979 ) ;
#7976 = CARTESIAN_POINT ( 'NONE',  ( -6.000000000000000888, 0.000000000000000000, 3.756000000000000671 ) ) ;
#7977 = DIRECTION ( 'NONE',  ( -0.000000000000000000, -0.000000000000000000, -1.000000000000000000 ) ) ;
#7978 = CARTESIAN_POINT ( 'NONE',  ( 5.597506475722428654, -22.28729602020203870, -6.524349999968759306 ) ) ;
#7979 = CARTESIAN_POINT ( 'NONE',  ( -10.36693721385772093, -17.66121891534364252, -8.905599999999997962 ) ) ;
#7980 = CARTESIAN_POINT ( 'NONE',  ( -10.38680124701453344, -15.50318020404646546, 0.9523860449107635073 ) ) ;
#7981 = EDGE_CURVE ( 'NONE', #5733, #4276, #3561, .T. ) ;
#7982 = CARTESIAN_POINT ( 'NONE',  ( 4.946740465311407320, -11.28620582507872960, 11.05600000000000271 ) ) ;
#7983 = EDGE_LOOP ( 'NONE', ( #7154, #2945, #61, #2287, #2072 ) ) ;
#7984 = AXIS2_PLACEMENT_3D ( 'NONE', #4590, #3348, #3963 ) ;
#7985 = B_SPLINE_SURFACE_WITH_KNOTS ( 'NONE', 3, 1, ( 
 ( #4204, #4289 ),
 ( #8078, #7458 ),
 ( #1044, #3542 ),
 ( #6838, #1704 ),
 ( #5397, #1130 ),
 ( #3666, #6087 ),
 ( #3498, #7945 ),
 ( #375, #2249 ),
 ( #1624, #4161 ),
 ( #6712, #418 ),
 ( #2913, #5439 ),
 ( #7988, #2289 ),
 ( #4867, #2957 ),
 ( #8036, #8241 ),
 ( #663, #2537 ),
 ( #7579, #6958 ) ),
 .UNSPECIFIED., .F., .F., .F.,
 ( 4, 1, 1, 1, 1, 1, 1, 1, 1, 1, 1, 1, 1, 4 ),
 ( 2, 2 ),
 ( 0.01515562315406819571, 0.05468749999999962530, 0.07421875000000001388, 0.09765624999999979183, 0.1210937499999999722, 0.1406249999999140410, 0.1640624999999999722, 0.1835937500000000000, 0.2031250000000012490, 0.2265625000000071609, 0.2460937500000000000, 0.2656250000000000000, 0.2812499999999998335, 0.3007812499998711586 ),
 ( 0.000000000000000000, 1.000000000000000000 ),
 .UNSPECIFIED. ) ;
#7986 = AXIS2_PLACEMENT_3D ( 'NONE', #2732, #7808, #7766 ) ;
#7987 = DIRECTION ( 'NONE',  ( 0.000000000000000000, 0.000000000000000000, 1.000000000000000000 ) ) ;
#7988 = CARTESIAN_POINT ( 'NONE',  ( 4.279771053520975421, 14.28324554962303594, 8.631000000000000227 ) ) ;
#7989 = ADVANCED_FACE ( 'NONE', ( #6021 ), #6174, .F. ) ;
#7990 = CARTESIAN_POINT ( 'NONE',  ( 4.900125232429645372, 3.465779889929717417, 4.933673409639988350 ) ) ;
#7991 = CARTESIAN_POINT ( 'NONE',  ( -0.9624376626326943684, -19.84452441059766770, 0.7937499999999999556 ) ) ;
#7992 = CARTESIAN_POINT ( 'NONE',  ( 4.608195843500102917, 27.43994001211607880, 11.80599999999999383 ) ) ;
#7993 = DIRECTION ( 'NONE',  ( 0.9371590407833587655, -0.3489024681454906407, 0.000000000000000000 ) ) ;
#7994 = CARTESIAN_POINT ( 'NONE',  ( -45.15773347201726295, 24.57605692322762181, 11.80599999999999383 ) ) ;
#7995 = AXIS2_PLACEMENT_3D ( 'NONE', #5260, #7807, #4645 ) ;
#7996 = SURFACE_STYLE_USAGE ( .BOTH. , #3506 ) ;
#7997 = CARTESIAN_POINT ( 'NONE',  ( -12.22002286999613752, -8.303848861734206110, -5.730599999999999028 ) ) ;
#7998 = ORIENTED_EDGE ( 'NONE', *, *, #3647, .T. ) ;
#7999 = VERTEX_POINT ( 'NONE', #4137 ) ;
#8000 = CARTESIAN_POINT ( 'NONE',  ( 4.467446887061314875, 7.446765938267413176, -8.905599999728806893 ) ) ;
#8001 = CARTESIAN_POINT ( 'NONE',  ( 9.144517127778286181, -13.92961177041856047, 13.39349999983438977 ) ) ;
#8002 = CARTESIAN_POINT ( 'NONE',  ( -13.89092137571474161, -8.293294202557373040, -5.730599999999998140 ) ) ;
#8003 = VECTOR ( 'NONE', #6237, 1000.000000000000000 ) ;
#8004 = CARTESIAN_POINT ( 'NONE',  ( -3.814366790046049172, -10.53271460351526834, 13.39349904687932202 ) ) ;
#8005 = EDGE_CURVE ( 'NONE', #3970, #5873, #349, .T. ) ;
#8006 = CARTESIAN_POINT ( 'NONE',  ( -3.731075803028095272, 8.918831801194977871, -7.318099999999999383 ) ) ;
#8007 = CARTESIAN_POINT ( 'NONE',  ( 22.08385952095340699, 18.69922293381420886, 14.98099999999938703 ) ) ;
#8008 = LINE ( 'NONE', #4178, #7274 ) ;
#8009 = CARTESIAN_POINT ( 'NONE',  ( -8.834550332455142652, -27.80497700742809641, -13.94910000000000139 ) ) ;
#8010 = ADVANCED_FACE ( 'NONE', ( #2931 ), #7963, .T. ) ;
#8011 = CARTESIAN_POINT ( 'NONE',  ( -0.9051967034235673948, -19.69077404388034935, -7.731038087270302839 ) ) ;
#8012 = FACE_OUTER_BOUND ( 'NONE', #362, .T. ) ;
#8013 = CARTESIAN_POINT ( 'NONE',  ( -13.06705121025828120, -14.41327463598827840, -8.905600000000001515 ) ) ;
#8014 = EDGE_LOOP ( 'NONE', ( #1310, #4784, #440, #6791 ) ) ;
#8015 = CARTESIAN_POINT ( 'NONE',  ( 11.16877276844089018, 20.90862246939721203, 6.050900000000025258 ) ) ;
#8016 = CARTESIAN_POINT ( 'NONE',  ( 26.21613685041451092, 2.538123062335156721, 14.98100000000000520 ) ) ;
#8017 = B_SPLINE_CURVE_WITH_KNOTS ( 'NONE', 3,
 ( #7746, #7008, #2666, #5671, #2047, #7705, #7088, #4539, #761, #2512, #2001, #6388, #676, #5835, #1387, #6925 ),
 .UNSPECIFIED., .F., .F.,
 ( 4, 2, 2, 2, 2, 2, 2, 4 ),
 ( 0.000000000000000000, 5.792926376231333522E-05, 0.0008125067376319321548, 0.001567084211501553522, 0.003243923042321318010, 0.004920761873145488262, 0.006597600703967288448, 0.007022507873787966343 ),
 .UNSPECIFIED. ) ;
#8018 = ORIENTED_EDGE ( 'NONE', *, *, #6427, .T. ) ;
#8019 = CARTESIAN_POINT ( 'NONE',  ( 9.194136917260882669, 13.16614395657154368, 2.517435969732711776 ) ) ;
#8020 = DIRECTION ( 'NONE',  ( -0.000000000000000000, -0.000000000000000000, -1.000000000000000000 ) ) ;
#8021 = DIRECTION ( 'NONE',  ( 0.000000000000000000, 0.000000000000000000, 1.000000000000000000 ) ) ;
#8022 = CARTESIAN_POINT ( 'NONE',  ( -16.64763673164456748, -2.818604548636777896, -8.905600000000001515 ) ) ;
#8023 = B_SPLINE_CURVE_WITH_KNOTS ( 'NONE', 3,
 ( #7783, #1424, #7248, #3953, #798, #1582, #6547, #759, #6004, #1462, #5318, #1542, #6624, #287, #4580, #4079, #2752, #840, #5360, #922, #3294, #3335, #5961, #5833 ),
 .UNSPECIFIED., .F., .F.,
 ( 4, 2, 2, 2, 2, 2, 2, 2, 2, 2, 2, 4 ),
 ( 0.000000000000000000, 0.0002820557820904973675, 0.0005641115641809947351, 0.001128223128361989253, 0.001692334692542983880, 0.001974390474633478700, 0.002256446256723973736, 0.002820557820904962942, 0.003384669385085953015, 0.003948780949266942654, 0.004230836731357439859, 0.004512892513447936196 ),
 .UNSPECIFIED. ) ;
#8024 = ORIENTED_EDGE ( 'NONE', *, *, #3111, .F. ) ;
#8025 = ORIENTED_EDGE ( 'NONE', *, *, #6117, .T. ) ;
#8026 = CARTESIAN_POINT ( 'NONE',  ( -10.55855558020808083, -4.807921687094308005, -5.730599999999996363 ) ) ;
#8027 = CARTESIAN_POINT ( 'NONE',  ( -13.08427867658433108, 5.346220250491162673, -7.318099999999999383 ) ) ;
#8028 = DIRECTION ( 'NONE',  ( 0.9371590407833582104, -0.3489024681454916954, 0.000000000000000000 ) ) ;
#8029 = CARTESIAN_POINT ( 'NONE',  ( 0.000000000000000000, 0.000000000000000000, -11.44909999999999961 ) ) ;
#8030 = CARTESIAN_POINT ( 'NONE',  ( 17.07168275274868918, 0.8336293432606791676, 0.000000000000000000 ) ) ;
#8031 = CARTESIAN_POINT ( 'NONE',  ( 0.4802552723118778677, -1.925382822724261533, -1.809917814832731064 ) ) ;
#8032 = VECTOR ( 'NONE', #3170, 1000.000000000000000 ) ;
#8033 = CARTESIAN_POINT ( 'NONE',  ( 12.39555662537878256, -13.06307157796311991, 12.55600000000000094 ) ) ;
#8034 = ORIENTED_EDGE ( 'NONE', *, *, #7315, .F. ) ;
#8035 = DIRECTION ( 'NONE',  ( -0.9371590407833582104, 0.3489024681454918064, -5.120352090616684997E-16 ) ) ;
#8036 = CARTESIAN_POINT ( 'NONE',  ( 0.9824406811445084431, 12.37296896113690536, 8.631000000000000227 ) ) ;
#8037 = CARTESIAN_POINT ( 'NONE',  ( -7.737888641756118346, -17.32127195955734322, -7.318100000000001160 ) ) ;
#8038 = CARTESIAN_POINT ( 'NONE',  ( -5.701314311419365843, 9.273084182315001200, -5.730600000000000804 ) ) ;
#8039 = CARTESIAN_POINT ( 'NONE',  ( 15.81603941767345489, -13.23563869823644801, 8.631000000000344841 ) ) ;
#8040 = CARTESIAN_POINT ( 'NONE',  ( -4.229680485269870616, 3.331080792519785394, 1.587499999999999911 ) ) ;
#8041 = CARTESIAN_POINT ( 'NONE',  ( 24.09583352102566423, 5.763476572495694228, 11.80599999999999916 ) ) ;
#8042 = PRESENTATION_STYLE_ASSIGNMENT (( #7996 ) ) ;
#8043 = CARTESIAN_POINT ( 'NONE',  ( -7.761895739788560178, -17.31339749815904128, -5.730599999999999028 ) ) ;
#8044 = ORIENTED_EDGE ( 'NONE', *, *, #2719, .T. ) ;
#8045 = ORIENTED_EDGE ( 'NONE', *, *, #5037, .T. ) ;
#8046 =( LENGTH_UNIT ( ) NAMED_UNIT ( * ) SI_UNIT ( .MILLI., .METRE. ) );
#8047 = EDGE_CURVE ( 'NONE', #1731, #3312, #1681, .T. ) ;
#8048 = AXIS2_PLACEMENT_3D ( 'NONE', #7287, #4071, #7821 ) ;
#8049 = CARTESIAN_POINT ( 'NONE',  ( -2.204894577754120011, -10.96236130471560521, 12.55599999790798371 ) ) ;
#8050 = CARTESIAN_POINT ( 'NONE',  ( 0.3213938048432679051, -0.3830222215594912827, 14.98099999999999987 ) ) ;
#8051 = CARTESIAN_POINT ( 'NONE',  ( 1.926925093359927343, -0.5485997919332958883, -3.247216162524990235 ) ) ;
#8052 = CARTESIAN_POINT ( 'NONE',  ( 3.034299951601163503, -10.69440557877959286, 14.98100000000000520 ) ) ;
#8053 = CARTESIAN_POINT ( 'NONE',  ( -0.8871288235855973037, -19.64224335555377721, 0.000000000000000000 ) ) ;
#8054 = CARTESIAN_POINT ( 'NONE',  ( 9.673410570618365512, 15.27387381572245850, -10.65135536086009616 ) ) ;
#8055 = CARTESIAN_POINT ( 'NONE',  ( -3.852868218153464586, -10.51820357379661175, 12.55599999790798371 ) ) ;
#8056 = CARTESIAN_POINT ( 'NONE',  ( -12.01225183224680571, -16.06204882957684177, -8.905600000000001515 ) ) ;
#8057 = EDGE_LOOP ( 'NONE', ( #4478, #7628, #1686 ) ) ;
#8058 = FACE_OUTER_BOUND ( 'NONE', #1896, .T. ) ;
#8059 = VERTEX_POINT ( 'NONE', #3058 ) ;
#8060 = CARTESIAN_POINT ( 'NONE',  ( -10.02141372197878688, -4.023043160945122487, -5.730599999999999028 ) ) ;
#8061 = CARTESIAN_POINT ( 'NONE',  ( 4.566370287237146108, -12.73717740565215628, 11.80600000000000271 ) ) ;
#8062 = CYLINDRICAL_SURFACE ( 'NONE', #1579, 2.500000000000000000 ) ;
#8063 = CARTESIAN_POINT ( 'NONE',  ( 16.31704527226449386, 9.208254322743227860, -5.730599999999999028 ) ) ;
#8064 = VERTEX_POINT ( 'NONE', #5540 ) ;
#8065 = ORIENTED_EDGE ( 'NONE', *, *, #6641, .T. ) ;
#8066 = AXIS2_PLACEMENT_3D ( 'NONE', #1003, #6170, #458 ) ;
#8067 = ORIENTED_EDGE ( 'NONE', *, *, #2637, .T. ) ;
#8068 = CARTESIAN_POINT ( 'NONE',  ( -11.18395479659539760, -5.858903761477699312, -5.730599999999993699 ) ) ;
#8069 = EDGE_CURVE ( 'NONE', #2737, #4395, #3744, .T. ) ;
#8070 = CARTESIAN_POINT ( 'NONE',  ( 0.000000000000000000, 0.000000000000000000, -15.47176309777416137 ) ) ;
#8071 = CARTESIAN_POINT ( 'NONE',  ( 5.089656768021824540, -10.74103297613638830, 13.00400180856847321 ) ) ;
#8072 = CARTESIAN_POINT ( 'NONE',  ( 1.197060338670153934, -2.198289309934306601, -8.696365598262612906 ) ) ;
#8073 = CARTESIAN_POINT ( 'NONE',  ( -10.11146756450368933, -4.158924421010192773, -5.730599999999999028 ) ) ;
#8074 = CARTESIAN_POINT ( 'NONE',  ( -9.686739635327779041, -9.024083855329820381, 12.55599999790798371 ) ) ;
#8075 = CARTESIAN_POINT ( 'NONE',  ( 9.538996994740129409, -14.02040265969844945, 12.55600000000000271 ) ) ;
#8076 = ORIENTED_EDGE ( 'NONE', *, *, #796, .F. ) ;
#8077 = CARTESIAN_POINT ( 'NONE',  ( -11.98851896553278884, -12.91572002654558382, -5.730599999999999028 ) ) ;
#8078 = CARTESIAN_POINT ( 'NONE',  ( 20.97421985396444910, 2.880499808793624883, 8.631000000000000227 ) ) ;
#8079 = CARTESIAN_POINT ( 'NONE',  ( 8.279366229460356053, 14.81415231394612064, 4.649713876850251282 ) ) ;
#8080 = CARTESIAN_POINT ( 'NONE',  ( -13.89092137571473984, -8.293294202557374817, -5.730600000000004357 ) ) ;
#8081 = CARTESIAN_POINT ( 'NONE',  ( -44.43695755569756756, 16.47538348345661419, 8.630999999999994898 ) ) ;
#8082 = CARTESIAN_POINT ( 'NONE',  ( -0.9637450082650185212, -5.922628402523301361, 5.661871614147284681 ) ) ;
#8083 = CARTESIAN_POINT ( 'NONE',  ( 19.50871581554208234, 16.82698967804242329, 11.80599999999899730 ) ) ;
#8084 = CARTESIAN_POINT ( 'NONE',  ( -7.523516826610324948, -17.40178589657775987, 1.587499999999999911 ) ) ;
#8085 = ORIENTED_EDGE ( 'NONE', *, *, #5777, .T. ) ;
#8086 = ORIENTED_EDGE ( 'NONE', *, *, #6525, .F. ) ;
#8087 = CARTESIAN_POINT ( 'NONE',  ( -13.89092137571483399, -8.293294202557136785, -7.318099999999999383 ) ) ;
#8088 = CARTESIAN_POINT ( 'NONE',  ( 15.36224855934769629, 1.515026188350692582, -5.730599999999999028 ) ) ;
#8089 = LINE ( 'NONE', #513, #1822 ) ;
#8090 = CARTESIAN_POINT ( 'NONE',  ( 19.34913917186174004, 1.726690403717616062, 1.587499999999999911 ) ) ;
#8091 = CARTESIAN_POINT ( 'NONE',  ( -21.91443029615336613, 36.00304555153040553, 14.98099999999999454 ) ) ;
#8092 = CARTESIAN_POINT ( 'NONE',  ( 9.713715934489167481, 15.25619297350659309, -10.56914411088922634 ) ) ;
#8093 = B_SPLINE_CURVE_WITH_KNOTS ( 'NONE', 3,
 ( #2016, #7101, #7142, #1519, #5169, #4553, #3308, #6444, #730, #2681, #5213, #3266 ),
 .UNSPECIFIED., .F., .F.,
 ( 4, 1, 1, 1, 1, 1, 1, 1, 1, 4 ),
 ( 0.04136035097827933660, 0.05504790773366751572, 0.08745554431386974581, 0.1279650900391312573, 0.1603727266193404333, 0.1846784540544972875, 0.2170860906347065467, 0.2494937272149157226, 0.2819013637951250928, 0.3224109095203864239 ),
 .UNSPECIFIED. ) ;
#8094 = CARTESIAN_POINT ( 'NONE',  ( -15.46356717468994901, -8.625056846427103352, -15.44909999999999961 ) ) ;
#8095 = CARTESIAN_POINT ( 'NONE',  ( -12.49514584236027659, -13.41784364188370127, -8.905600000000001515 ) ) ;
#8096 = ORIENTED_EDGE ( 'NONE', *, *, #7708, .T. ) ;
#8097 = DIRECTION ( 'NONE',  ( 1.000000000000000000, 0.000000000000000000, 0.000000000000000000 ) ) ;
#8098 = VECTOR ( 'NONE', #7930, 1000.000000000000227 ) ;
#8099 = CARTESIAN_POINT ( 'NONE',  ( -9.589494263335424762, -9.130963092593336938, 8.631000000000002004 ) ) ;
#8100 = CARTESIAN_POINT ( 'NONE',  ( 0.000000000000000000, 0.000000000000000000, 0.2560000000000010045 ) ) ;
#8101 = CARTESIAN_POINT ( 'NONE',  ( 8.592382235092802745, 14.87245495631250769, 8.631000000000000227 ) ) ;
#8102 = CARTESIAN_POINT ( 'NONE',  ( 20.92266734777798476, -0.7550195714615781650, -8.905600000000001515 ) ) ;
#8103 = B_SPLINE_CURVE_WITH_KNOTS ( 'NONE', 3,
 ( #4216, #429, #4088, #4796, #7263, #2300, #1591, #7875, #6635, #1716, #1636, #6056 ),
 .UNSPECIFIED., .F., .F.,
 ( 4, 2, 2, 2, 2, 4 ),
 ( 0.000000000000000000, 0.3559286171081143535, 0.5533221837525468256, 0.6649916378144100637, 0.7766610918762734128, 1.000000000000000000 ),
 .UNSPECIFIED. ) ;
#8104 = CARTESIAN_POINT ( 'NONE',  ( 7.753788007554789807, 29.50962372097941966, 11.80599999999999383 ) ) ;
#8105 = ORIENTED_EDGE ( 'NONE', *, *, #7057, .T. ) ;
#8106 = ORIENTED_EDGE ( 'NONE', *, *, #4854, .T. ) ;
#8107 = EDGE_LOOP ( 'NONE', ( #2707, #5850, #2624, #5019, #993 ) ) ;
#8108 = B_SPLINE_CURVE_WITH_KNOTS ( 'NONE', 3,
 ( #6475, #1344, #7051, #6435, #2050, #3258, #127, #3800, #5753, #5204, #88, #7092, #803, #2631, #4628 ),
 .UNSPECIFIED., .F., .F.,
 ( 4, 1, 1, 1, 1, 1, 1, 1, 1, 1, 1, 1, 4 ),
 ( 0.1128186161937039245, 0.1171875000000000000, 0.1328125000000000000, 0.1484375000000047462, 0.1562500000000007494, 0.1718750000000026923, 0.1874999999999977240, 0.2109375000000000000, 0.2421875000000067168, 0.2734375000000000000, 0.3125000000000000000, 0.3437500000000000000, 0.3539047919239681206 ),
 .UNSPECIFIED. ) ;
#8109 = CARTESIAN_POINT ( 'NONE',  ( 6.000000000000000888, 0.000000000000000000, 3.756000000000000671 ) ) ;
#8110 = VECTOR ( 'NONE', #7229, 1000.000000000000114 ) ;
#8111 = CARTESIAN_POINT ( 'NONE',  ( -11.94963630523090536, 6.672263382977527968, -7.318099999999999383 ) ) ;
#8112 = LINE ( 'NONE', #8071, #7466 ) ;
#8113 = CARTESIAN_POINT ( 'NONE',  ( 5.597675622850812438, -22.28684168761611062, 0.7937499999999999556 ) ) ;
#8114 = CARTESIAN_POINT ( 'NONE',  ( 2.420428040132277303, -3.040034490371304798, 0.000000000000000000 ) ) ;
#8115 = CARTESIAN_POINT ( 'NONE',  ( 8.026447555241595921, 10.31867593714609299, -1.949099999999967636 ) ) ;
#8116 = EDGE_CURVE ( 'NONE', #3773, #4201, #517, .T. ) ;
#8117 = CARTESIAN_POINT ( 'NONE',  ( 4.566370287237146108, -12.73717740565215628, 11.05600000000000271 ) ) ;
#8118 = EDGE_CURVE ( 'NONE', #7904, #2406, #2349, .T. ) ;
#8119 = EDGE_CURVE ( 'NONE', #6415, #659, #4349, .T. ) ;
#8120 = ORIENTED_EDGE ( 'NONE', *, *, #7207, .T. ) ;
#8121 = CARTESIAN_POINT ( 'NONE',  ( -13.88357108138302642, -8.312627936532434703, 0.000000000000000000 ) ) ;
#8122 = CARTESIAN_POINT ( 'NONE',  ( -13.89092137571474161, -8.293294202557371264, -5.730599999999999028 ) ) ;
#8123 = DIRECTION ( 'NONE',  ( -0.000000000000000000, -0.000000000000000000, 1.000000000000000000 ) ) ;
#8124 = B_SPLINE_CURVE_WITH_KNOTS ( 'NONE', 3,
 ( #3907, #6918, #3285, #3246, #75, #1333, #7038, #3867, #587, #5072, #2539, #4530 ),
 .UNSPECIFIED., .F., .F.,
 ( 4, 1, 1, 1, 1, 1, 1, 1, 1, 4 ),
 ( 0.6775890942779617676, 0.7180986402306391847, 0.7505062769927814958, 0.7829139137549235850, 0.8153215505170657851, 0.8396272780886723242, 0.8720349148508144133, 0.9125444608034920524, 0.9449520975656271471, 0.9586396543949803339 ),
 .UNSPECIFIED. ) ;
#8125 = CARTESIAN_POINT ( 'NONE',  ( 2.420428040132277303, -3.040034490371304798, -15.44909999999999961 ) ) ;
#8126 = FACE_OUTER_BOUND ( 'NONE', #4991, .T. ) ;
#8127 = CARTESIAN_POINT ( 'NONE',  ( -9.599430291588571862, -7.402616337826811055, 11.80600000000000094 ) ) ;
#8128 = CYLINDRICAL_SURFACE ( 'NONE', #7205, 8.827043914571911287 ) ;
#8129 = CARTESIAN_POINT ( 'NONE',  ( 24.41231104288262443, 3.775411083463663164, 11.80599999999999916 ) ) ;
#8130 = AXIS2_PLACEMENT_3D ( 'NONE', #3627, #5523, #1703 ) ;
#8131 = VECTOR ( 'NONE', #5701, 1000.000000000000000 ) ;
#8132 = DIRECTION ( 'NONE',  ( -1.000000000000000000, 0.000000000000000000, 0.000000000000000000 ) ) ;
#8133 = ORIENTED_EDGE ( 'NONE', *, *, #6543, .T. ) ;
#8134 = ORIENTED_EDGE ( 'NONE', *, *, #8047, .F. ) ;
#8135 = FILL_AREA_STYLE_COLOUR ( '', #276 ) ;
#8136 = CARTESIAN_POINT ( 'NONE',  ( 7.903908348099421666, 13.27781025290940597, 0.000000000000000000 ) ) ;
#8137 = DIRECTION ( 'NONE',  ( 0.000000000000000000, -1.000000000000000000, 0.000000000000000000 ) ) ;
#8138 = CARTESIAN_POINT ( 'NONE',  ( -30.54033267322048317, 35.95643332430390871, 14.98099999999999454 ) ) ;
#8139 = VECTOR ( 'NONE', #3254, 1000.000000000000227 ) ;
#8140 = CARTESIAN_POINT ( 'NONE',  ( -13.13121744587857265, -9.572183738367961325, 14.98100000000003185 ) ) ;
#8141 = CARTESIAN_POINT ( 'NONE',  ( 8.457460567357182768, 15.75496151635902997, -11.34903751507620484 ) ) ;
#8142 = DIRECTION ( 'NONE',  ( -1.000000000000000000, 0.000000000000000000, 0.000000000000000000 ) ) ;
#8143 = CARTESIAN_POINT ( 'NONE',  ( -10.23032806375363535, -16.56659506666673920, -8.905600000000001515 ) ) ;
#8144 = ORIENTED_EDGE ( 'NONE', *, *, #3329, .T. ) ;
#8145 = VECTOR ( 'NONE', #5638, 1000.000000000000000 ) ;
#8146 = CARTESIAN_POINT ( 'NONE',  ( -12.78129171708609313, -14.95043919502033880, -8.905600000000001515 ) ) ;
#8147 = CARTESIAN_POINT ( 'NONE',  ( 14.25591115407787335, 24.17868099335252197, 10.21850059711604430 ) ) ;
#8148 = DIRECTION ( 'NONE',  ( 0.000000000000000000, 0.000000000000000000, -1.000000000000000000 ) ) ;
#8149 = CARTESIAN_POINT ( 'NONE',  ( 17.47325424130503535, 2.407690307688457487, -8.905600000000060135 ) ) ;
#8150 = CARTESIAN_POINT ( 'NONE',  ( 9.144517133130040776, -13.92961174789073020, 11.05600000000000271 ) ) ;
#8151 = CARTESIAN_POINT ( 'NONE',  ( -1.852669853647180176, -12.20424927020291861, -1.949099999999974520 ) ) ;
#8152 = CARTESIAN_POINT ( 'NONE',  ( -20.13484170071160406, 36.03706295988247632, 11.80599999999999206 ) ) ;
#8153 = CARTESIAN_POINT ( 'NONE',  ( 10.67358603348174029, -14.28111566787054798, 10.21850000016612370 ) ) ;
#8154 = EDGE_CURVE ( 'NONE', #7322, #4915, #6206, .T. ) ;
#8155 = ORIENTED_EDGE ( 'NONE', *, *, #5486, .F. ) ;
#8156 = ORIENTED_EDGE ( 'NONE', *, *, #6901, .F. ) ;
#8157 = AXIS2_PLACEMENT_3D ( 'NONE', #1541, #7987, #4203 ) ;
#8158 = LINE ( 'NONE', #5095, #3277 ) ;
#8159 = EDGE_CURVE ( 'NONE', #3564, #735, #2151, .T. ) ;
#8160 = FACE_OUTER_BOUND ( 'NONE', #8232, .T. ) ;
#8161 = CARTESIAN_POINT ( 'NONE',  ( 3.107845478580015808, 5.132377273863425238, 6.244877729055402504 ) ) ;
#8162 = FILL_AREA_STYLE ('',( #6869 ) ) ;
#8163 = CARTESIAN_POINT ( 'NONE',  ( 10.55961939193169918, 21.13540907369177546, -1.949099999999967636 ) ) ;
#8164 = CARTESIAN_POINT ( 'NONE',  ( -5.603345093216948847, -10.05485579300198928, 12.55599999790798371 ) ) ;
#8165 = CARTESIAN_POINT ( 'NONE',  ( 11.41879587569348864, -14.42826545259720028, 12.55600000000000271 ) ) ;
#8166 = ORIENTED_EDGE ( 'NONE', *, *, #1383, .F. ) ;
#8167 = LINE ( 'NONE', #6915, #3341 ) ;
#8168 =( NAMED_UNIT ( * ) PLANE_ANGLE_UNIT ( ) SI_UNIT ( $, .RADIAN. ) );
#8169 = VECTOR ( 'NONE', #1008, 1000.000000000000114 ) ;
#8170 = CARTESIAN_POINT ( 'NONE',  ( 4.565458968152779740, -12.74065375098221331, 14.19749340560390038 ) ) ;
#8171 = DIRECTION ( 'NONE',  ( 0.3489024681454918064, 0.9371590407833582104, 0.000000000000000000 ) ) ;
#8172 = CARTESIAN_POINT ( 'NONE',  ( -30.17479237114829260, 32.77157383640863486, 8.630999999999989569 ) ) ;
#8173 = CARTESIAN_POINT ( 'NONE',  ( 2.038126536855158655, -5.644031114475081878, 5.661770124065750309 ) ) ;
#8174 = CARTESIAN_POINT ( 'NONE',  ( -8.789758684990994553, -7.637995023984107235, 11.80600000000000094 ) ) ;
#8175 = ADVANCED_FACE ( 'NONE', ( #6811 ), #6269, .F. ) ;
#8176 = CARTESIAN_POINT ( 'NONE',  ( -8.825214408934927590, -16.80551438950678289, 1.587499999999999911 ) ) ;
#8177 = EDGE_LOOP ( 'NONE', ( #5491, #5667, #1161, #1191 ) ) ;
#8178 = CARTESIAN_POINT ( 'NONE',  ( -15.07851313103464896, -2.245596035779637401, -7.318099999999999383 ) ) ;
#8179 = CARTESIAN_POINT ( 'NONE',  ( 26.89447618733375478, -0.5000000000000008882, 14.48099999999999987 ) ) ;
#8180 = DIRECTION ( 'NONE',  ( 0.000000000000000000, 0.000000000000000000, -1.000000000000000000 ) ) ;
#8181 = CARTESIAN_POINT ( 'NONE',  ( 27.54192536631284938, 4.318195128449716869, 14.98100000000006915 ) ) ;
#8182 = DIRECTION ( 'NONE',  ( -0.000000000000000000, 0.000000000000000000, -1.000000000000000000 ) ) ;
#8183 = EDGE_CURVE ( 'NONE', #7975, #145, #4062, .T. ) ;
#8184 = CARTESIAN_POINT ( 'NONE',  ( -16.28897430626091847, -5.700450196666040803, -15.44909999999999961 ) ) ;
#8185 = ORIENTED_EDGE ( 'NONE', *, *, #3307, .F. ) ;
#8186 = FACE_OUTER_BOUND ( 'NONE', #6764, .T. ) ;
#8187 = CARTESIAN_POINT ( 'NONE',  ( -16.28897430626091847, -5.700450196666040803, -15.44909999999999961 ) ) ;
#8188 = CARTESIAN_POINT ( 'NONE',  ( 19.34890321087421583, -0.9952133531469556926, -7.318099999999999383 ) ) ;
#8189 = CARTESIAN_POINT ( 'NONE',  ( 20.27413859998240042, 0.5236313438399223807, -8.905599999999999739 ) ) ;
#8190 = CARTESIAN_POINT ( 'NONE',  ( -7.887386940873784447, -17.25889120507233443, -7.318099999999999383 ) ) ;
#8191 = CARTESIAN_POINT ( 'NONE',  ( 24.42985965046503338, -13.43782222754919609, 11.80600000000000271 ) ) ;
#8192 = VERTEX_POINT ( 'NONE', #3100 ) ;
#8193 = CARTESIAN_POINT ( 'NONE',  ( -3.634024352127970925, -10.58222667935891792, 13.39349904687932025 ) ) ;
#8194 = VERTEX_POINT ( 'NONE', #1892 ) ;
#8195 = ORIENTED_EDGE ( 'NONE', *, *, #3741, .F. ) ;
#8196 = FACE_OUTER_BOUND ( 'NONE', #6657, .T. ) ;
#8197 = LINE ( 'NONE', #1694, #2418 ) ;
#8198 = CARTESIAN_POINT ( 'NONE',  ( 9.389585754217588232, -18.50967021078794161, -5.730599999999998140 ) ) ;
#8199 = CARTESIAN_POINT ( 'NONE',  ( 0.9732542414838042388, -2.306123484556353187, -8.799400270654480494 ) ) ;
#8200 = CARTESIAN_POINT ( 'NONE',  ( 19.31159278149022285, -0.8000082215770962790, 0.000000000000000000 ) ) ;
#8201 = CARTESIAN_POINT ( 'NONE',  ( 5.450470329683241744, 11.08935388446018955, -1.370163656827970700 ) ) ;
#8202 = CIRCLE ( 'NONE', #208, 1.587499999999998579 ) ;
#8203 = EDGE_CURVE ( 'NONE', #5981, #6415, #2598, .T. ) ;
#8204 = ORIENTED_EDGE ( 'NONE', *, *, #5054, .T. ) ;
#8205 = CARTESIAN_POINT ( 'NONE',  ( -13.17752047189650888, -10.02670388655294964, -5.730599999999999028 ) ) ;
#8206 = CARTESIAN_POINT ( 'NONE',  ( 0.3806793846580737162, -16.23688503106220438, -8.905599999999999739 ) ) ;
#8207 = VECTOR ( 'NONE', #1225, 1000.000000000000000 ) ;
#8208 = CARTESIAN_POINT ( 'NONE',  ( 8.910797758353764308, 14.77637353521198271, 4.820110130678401106 ) ) ;
#8209 = DIRECTION ( 'NONE',  ( 0.000000000000000000, 0.000000000000000000, 1.000000000000000000 ) ) ;
#8210 = CARTESIAN_POINT ( 'NONE',  ( 22.51648795791860991, 11.38776055877447924, 8.630999999999994898 ) ) ;
#8211 = CARTESIAN_POINT ( 'NONE',  ( -8.789758684990994553, -7.637995023984107235, 8.631000000000000227 ) ) ;
#8212 = B_SPLINE_CURVE_WITH_KNOTS ( 'NONE', 3,
 ( #330, #1623, #2872, #2248, #5920, #6711, #2127, #4826 ),
 .UNSPECIFIED., .F., .F.,
 ( 4, 1, 1, 1, 1, 4 ),
 ( 0.4920657386136739753, 0.5236528196600279683, 0.5722642748025396076, 0.6127738207546233884, 0.6451814575162930776, 0.6775890942779617676 ),
 .UNSPECIFIED. ) ;
#8213 = B_SPLINE_CURVE_WITH_KNOTS ( 'NONE', 3,
 ( #7118, #2991, #2282, #4279 ),
 .UNSPECIFIED., .F., .F.,
 ( 4, 4 ),
 ( 0.6533639455120517914, 0.6533740327021160255 ),
 .UNSPECIFIED. ) ;
#8214 = VERTEX_POINT ( 'NONE', #6974 ) ;
#8215 = CARTESIAN_POINT ( 'NONE',  ( -14.29269913100855405, -7.137698134232686620, -7.318099999999999383 ) ) ;
#8216 = CARTESIAN_POINT ( 'NONE',  ( 6.271079697599659220, 13.14024467270547802, 0.000000000000000000 ) ) ;
#8217 = CARTESIAN_POINT ( 'NONE',  ( -7.874189604955129873, -1.296579135912097946, 0.000000000000000000 ) ) ;
#8218 = CARTESIAN_POINT ( 'NONE',  ( -48.07305788143924730, 25.91494184313114246, 14.98100000000003718 ) ) ;
#8219 = DIRECTION ( 'NONE',  ( -1.000000000000000000, 0.000000000000000000, 0.000000000000000000 ) ) ;
#8220 = CIRCLE ( 'NONE', #5686, 3.174999999999999822 ) ;
#8221 = CARTESIAN_POINT ( 'NONE',  ( -16.39921938456458150, 1.356770639749712792, -15.44909999999999961 ) ) ;
#8222 = ORIENTED_EDGE ( 'NONE', *, *, #5336, .T. ) ;
#8223 = EDGE_CURVE ( 'NONE', #3646, #2853, #4640, .T. ) ;
#8224 = EDGE_CURVE ( 'NONE', #2986, #6100, #7174, .T. ) ;
#8225 = DIRECTION ( 'NONE',  ( 0.9371590407833585434, -0.3489024681454910848, 0.000000000000000000 ) ) ;
#8226 = CARTESIAN_POINT ( 'NONE',  ( 14.71917428041942699, -15.17523840950907932, 8.631000000000003780 ) ) ;
#8227 = CARTESIAN_POINT ( 'NONE',  ( 26.70411030644963191, 0.5000000000000003331, 14.98099999999999987 ) ) ;
#8228 = CARTESIAN_POINT ( 'NONE',  ( -11.26624397905537833, -14.38126842802861916, -7.318099999999999383 ) ) ;
#8229 = CARTESIAN_POINT ( 'NONE',  ( -48.49935445207390217, 17.71237818181344537, 11.80599999999999561 ) ) ;
#8230 = EDGE_CURVE ( 'NONE', #1672, #1302, #8108, .T. ) ;
#8231 = ORIENTED_EDGE ( 'NONE', *, *, #3568, .T. ) ;
#8232 = EDGE_LOOP ( 'NONE', ( #2535, #7112, #4193, #982 ) ) ;
#8233 = VERTEX_POINT ( 'NONE', #7132 ) ;
#8234 = CARTESIAN_POINT ( 'NONE',  ( -9.404344182638821437, 10.23298247791513660, -8.905599999999999739 ) ) ;
#8235 = CARTESIAN_POINT ( 'NONE',  ( -7.696762300786941680, 9.074866323787091460, -8.248035969732711692 ) ) ;
#8236 = CARTESIAN_POINT ( 'NONE',  ( 13.26575898534253817, -16.08831350543876582, -5.730599999999999028 ) ) ;
#8237 = CARTESIAN_POINT ( 'NONE',  ( -11.69306555905149914, -6.891796174309624767, -5.730599999999999028 ) ) ;
#8238 = CARTESIAN_POINT ( 'NONE',  ( 17.36374231417124037, 0.7534399484217199072, -8.248035969732711692 ) ) ;
#8239 = ORIENTED_EDGE ( 'NONE', *, *, #1350, .T. ) ;
#8240 = CARTESIAN_POINT ( 'NONE',  ( 9.899138017359497610, 13.72010431580901368, 3.174999999999999822 ) ) ;
#8241 = CARTESIAN_POINT ( 'NONE',  ( 0.9824406811445084431, 12.37296896113690536, 3.174999999999999822 ) ) ;
#8242 =( BOUNDED_SURFACE ( )  B_SPLINE_SURFACE ( 3, 3, ( 
 ( #8117, #6750, #4783, #4946, #7499, #1620, #6834, #5436, #2909, #1127 ),
 ( #7982, #455, #3663, #2285, #1792, #2995, #6125, #4328, #4824, #2373 ),
 ( #1170, #7416, #4158, #3581, #540, #3079, #5613, #2245, #6709, #8033 ),
 ( #4864, #2327, #3538, #5479, #4243, #5521, #8075, #5030, #8165, #7029 ) ),
 .UNSPECIFIED., .F., .F., .T. ) 
 B_SPLINE_SURFACE_WITH_KNOTS ( ( 4, 4 ),
 ( 4, 2, 2, 2, 4 ),
 ( 0.000000000000000000, 1.000000000000000000 ),
 ( 0.000000000000000000, 0.3559286171081143535, 0.5533221837525468256, 0.7086393685172394097, 1.000000000000000000 ),
 .UNSPECIFIED. ) 
 GEOMETRIC_REPRESENTATION_ITEM ( )  RATIONAL_B_SPLINE_SURFACE ( (
 ( 1.000000000000000000, 1.000000000000000000, 1.000000000000000000, 1.000000000000000000, 1.000000000000000000, 1.000000000000000000, 1.000000000000000000, 1.000000000000000000, 1.000000000000000000, 1.000000000000000000),
 ( 0.3333333333333333703, 0.3333333333333333703, 0.3333333333333333703, 0.3333333333333333703, 0.3333333333333333703, 0.3333333333333333703, 0.3333333333333333703, 0.3333333333333333703, 0.3333333333333333703, 0.3333333333333333703),
 ( 0.3333333333333333703, 0.3333333333333333703, 0.3333333333333333703, 0.3333333333333333703, 0.3333333333333333703, 0.3333333333333333703, 0.3333333333333333703, 0.3333333333333333703, 0.3333333333333333703, 0.3333333333333333703),
 ( 1.000000000000000000, 1.000000000000000000, 1.000000000000000000, 1.000000000000000000, 1.000000000000000000, 1.000000000000000000, 1.000000000000000000, 1.000000000000000000, 1.000000000000000000, 1.000000000000000000) ) ) 
 REPRESENTATION_ITEM ( '' )  SURFACE ( )  );
#8243 = CARTESIAN_POINT ( 'NONE',  ( 9.352013029285004109, 14.72992536320582246, 5.169195534830161698 ) ) ;
#8244 = DIRECTION ( 'NONE',  ( 0.6427876096865350330, -0.7660444431189817882, 1.700960357273699786E-16 ) ) ;
#8245 = CARTESIAN_POINT ( 'NONE',  ( 7.290481762829307044, -15.12270843337942949, 8.631000000000000227 ) ) ;
#8246 = CARTESIAN_POINT ( 'NONE',  ( 2.151278356618460119, -1.967197634488866864, -8.905599999999999739 ) ) ;
#8247 = CARTESIAN_POINT ( 'NONE',  ( 19.00204440975599951, 3.936513636352596546, 1.587499999999999911 ) ) ;
#8248 = CARTESIAN_POINT ( 'NONE',  ( -6.222808689321803755, -8.261172570105257407, 8.631000000000000227 ) ) ;
ENDSEC;
END-ISO-10303-21;
