ISO-10303-21;
HEADER;
FILE_DESCRIPTION (( 'STEP AP214' ),
    '1' );
FILE_NAME ('carriage-cable-adapter.STEP',
    '2026-07-27T18:08:02',
    ( '' ),
    ( '' ),
    'SwSTEP 2.0',
    'SolidWorks 2025',
    '' );
FILE_SCHEMA (( 'AUTOMOTIVE_DESIGN' ));
ENDSEC;

DATA;
#1 = CARTESIAN_POINT ( 'NONE',  ( 3.699999999999989519, 2.040705452472811654, -3.020458112245228754 ) ) ;
#2 = MECHANICAL_DESIGN_GEOMETRIC_PRESENTATION_REPRESENTATION (  '', ( #1108 ), #1089 ) ;
#3 = FACE_OUTER_BOUND ( 'NONE', #858, .T. ) ;
#4 = ORIENTED_EDGE ( 'NONE', *, *, #592, .T. ) ;
#5 = CIRCLE ( 'NONE', #752, 1.300000000000000044 ) ;
#6 = CARTESIAN_POINT ( 'NONE',  ( 3.699999999999962430, 2.051991640274528184, -4.062440264152364477 ) ) ;
#7 = EDGE_CURVE ( 'NONE', #448, #25, #1066, .T. ) ;
#8 = CARTESIAN_POINT ( 'NONE',  ( 5.100000000000001421, 9.500000000000000000, 0.0002963548515119539132 ) ) ;
#9 = LINE ( 'NONE', #525, #963 ) ;
#10 = CARTESIAN_POINT ( 'NONE',  ( 3.699999999999998845, 3.250000000000000444, -2.799999999999999822 ) ) ;
#11 = EDGE_LOOP ( 'NONE', ( #862, #779, #86, #145 ) ) ;
#12 = CARTESIAN_POINT ( 'NONE',  ( 2.694213323800226600, 1.999999986586245448, -4.067047376789694191 ) ) ;
#13 = DIRECTION ( 'NONE',  ( 1.000000000000000000, 0.000000000000000000, 0.000000000000000000 ) ) ;
#14 = EDGE_CURVE ( 'NONE', #937, #762, #668, .T. ) ;
#15 = DIRECTION ( 'NONE',  ( 0.000000000000000000, 0.000000000000000000, 1.000000000000000000 ) ) ;
#16 = CARTESIAN_POINT ( 'NONE',  ( 5.100000000000001421, 3.250000000000000444, -2.799999999999999822 ) ) ;
#17 = ORIENTED_EDGE ( 'NONE', *, *, #214, .F. ) ;
#18 = CARTESIAN_POINT ( 'NONE',  ( 3.699999999999999734, 2.106367322070687553, -3.477899948548219378 ) ) ;
#19 = ORIENTED_EDGE ( 'NONE', *, *, #1006, .T. ) ;
#20 = CARTESIAN_POINT ( 'NONE',  ( 8.800000000000000711, 0.000000000000000000, -5.599999999999999645 ) ) ;
#21 = EDGE_CURVE ( 'NONE', #1197, #807, #744, .T. ) ;
#22 = CARTESIAN_POINT ( 'NONE',  ( 6.400000000000001243, 2.000000000000000444, -2.799999999999999822 ) ) ;
#23 = AXIS2_PLACEMENT_3D ( 'NONE', #316, #617, #297 ) ;
#24 = CYLINDRICAL_SURFACE ( 'NONE', #1289, 1.250000000000000222 ) ;
#25 = VERTEX_POINT ( 'NONE', #944 ) ;
#26 = ADVANCED_FACE ( 'NONE', ( #262 ), #31, .F. ) ;
#27 = CARTESIAN_POINT ( 'NONE',  ( 3.699999999999998401, 2.000000000000000000, -2.800000000000000266 ) ) ;
#28 = DIRECTION ( 'NONE',  ( -1.000000000000000000, 0.000000000000000000, 0.000000000000000000 ) ) ;
#29 = FACE_OUTER_BOUND ( 'NONE', #358, .T. ) ;
#30 = PRESENTATION_STYLE_ASSIGNMENT (( #42 ) ) ;
#31 = PLANE ( 'NONE',  #1236 ) ;
#32 = CARTESIAN_POINT ( 'NONE',  ( 5.842256745118539207, 2.000000065313389808, -3.977151842571078788 ) ) ;
#33 = VERTEX_POINT ( 'NONE', #1053 ) ;
#34 = DIRECTION ( 'NONE',  ( 0.000000000000000000, 0.000000000000000000, 1.000000000000000000 ) ) ;
#35 = LINE ( 'NONE', #412, #1091 ) ;
#36 = AXIS2_PLACEMENT_3D ( 'NONE', #395, #801, #1212 ) ;
#37 = EDGE_LOOP ( 'NONE', ( #1179, #953, #205, #992, #930, #185 ) ) ;
#38 = CARTESIAN_POINT ( 'NONE',  ( 5.900937905398897065, 1.999999968018743912, -4.001511456954247592 ) ) ;
#39 = EDGE_LOOP ( 'NONE', ( #900, #879, #710, #958, #968, #836, #1059, #842, #566, #325, #105, #768 ) ) ;
#40 = CARTESIAN_POINT ( 'NONE',  ( 5.100000000000000533, 2.162264906904184603, -2.832456313013680393 ) ) ;
#41 = CARTESIAN_POINT ( 'NONE',  ( 3.699999999999999289, 3.091284997662503642, -2.133135787016357199 ) ) ;
#42 = SURFACE_STYLE_USAGE ( .BOTH. , #303 ) ;
#43 = ORIENTED_EDGE ( 'NONE', *, *, #14, .T. ) ;
#44 = DIRECTION ( 'NONE',  ( 0.000000000000000000, 1.000000000000000000, 0.000000000000000000 ) ) ;
#45 = ORIENTED_EDGE ( 'NONE', *, *, #1137, .T. ) ;
#46 = CARTESIAN_POINT ( 'NONE',  ( 5.100000000000002309, 3.090975038726587076, -3.466347138068283762 ) ) ;
#47 = AXIS2_PLACEMENT_3D ( 'NONE', #691, #707, #1001 ) ;
#48 = CARTESIAN_POINT ( 'NONE',  ( 3.480243896228756295, 2.000000065590308296, -2.053891420406213975 ) ) ;
#49 = DIRECTION ( 'NONE',  ( -0.000000000000000000, -0.000000000000000000, 1.000000000000000000 ) ) ;
#50 = CARTESIAN_POINT ( 'NONE',  ( 1.099999999999999423, 2.000000000000000000, -2.799999999999999822 ) ) ;
#51 = DIRECTION ( 'NONE',  ( 0.000000000000000000, 0.000000000000000000, -1.000000000000000000 ) ) ;
#52 = ORIENTED_EDGE ( 'NONE', *, *, #1046, .F. ) ;
#53 = DIRECTION ( 'NONE',  ( -0.000000000000000000, -0.000000000000000000, 1.000000000000000000 ) ) ;
#54 = EDGE_CURVE ( 'NONE', #240, #932, #137, .T. ) ;
#55 = B_SPLINE_CURVE_WITH_KNOTS ( 'NONE', 3,
 ( #991, #1081, #677, #382, #91, #783, #271, #1003, #178, #575 ),
 .UNSPECIFIED., .F., .F.,
 ( 4, 2, 2, 2, 4 ),
 ( 0.000000000000000000, 0.0004965417472263644171, 0.0009930834944527288342, 0.001489625241679093251, 0.001986166988905457668 ),
 .UNSPECIFIED. ) ;
#56 = CARTESIAN_POINT ( 'NONE',  ( 2.399999999999999467, 0.000000000000000000, -1.974999999999999867 ) ) ;
#57 = VECTOR ( 'NONE', #901, 1000.000000000000000 ) ;
#58 = VERTEX_POINT ( 'NONE', #78 ) ;
#59 = EDGE_CURVE ( 'NONE', #960, #678, #386, .T. ) ;
#60 = DIRECTION ( 'NONE',  ( -0.000000000000000000, 1.000000000000000000, -0.000000000000000000 ) ) ;
#61 = CARTESIAN_POINT ( 'NONE',  ( 5.100000000000001421, 2.040427901309767922, -2.808085547947296146 ) ) ;
#62 = EDGE_LOOP ( 'NONE', ( #1017, #377, #672 ) ) ;
#63 = CARTESIAN_POINT ( 'NONE',  ( 6.192902685311374888, 2.000000013413766986, -1.515834401803499265 ) ) ;
#64 = CARTESIAN_POINT ( 'NONE',  ( 3.699999999999999289, 2.999079426497972989, -2.271336903671113294 ) ) ;
#65 = PRODUCT_DEFINITION_CONTEXT ( 'detailed design', #1168, 'design' ) ;
#66 = CARTESIAN_POINT ( 'NONE',  ( 2.399999999999999467, 0.000000000000000000, -3.625000000000000000 ) ) ;
#67 = EDGE_CURVE ( 'NONE', #693, #1305, #366, .T. ) ;
#68 = CARTESIAN_POINT ( 'NONE',  ( 2.449999999999998845, 3.250000000000000444, -4.099038105676728883 ) ) ;
#69 = ORIENTED_EDGE ( 'NONE', *, *, #521, .T. ) ;
#70 = AXIS2_PLACEMENT_3D ( 'NONE', #324, #512, #505 ) ;
#71 = CARTESIAN_POINT ( 'NONE',  ( 5.155560036940855184, 1.999999934409691260, -2.381701024497008490 ) ) ;
#72 = CARTESIAN_POINT ( 'NONE',  ( 3.101645445925973466, 1.999999934686621295, -1.702522180345033886 ) ) ;
#73 = CIRCLE ( 'NONE', #815, 1.250000000000000222 ) ;
#74 = DIRECTION ( 'NONE',  ( 0.000000000000000000, 5.689893001203926007E-14, 1.000000000000000000 ) ) ;
#75 = ORIENTED_EDGE ( 'NONE', *, *, #1171, .F. ) ;
#76 = CARTESIAN_POINT ( 'NONE',  ( 5.099999999999982769, 2.117085720771009427, -1.933593537019738573 ) ) ;
#77 = DIRECTION ( 'NONE',  ( 0.000000000000000000, -0.000000000000000000, 1.000000000000000000 ) ) ;
#78 = CARTESIAN_POINT ( 'NONE',  ( 5.100000000000001421, 2.000000000000000888, -2.799999999999999822 ) ) ;
#79 = UNCERTAINTY_MEASURE_WITH_UNIT (LENGTH_MEASURE( 1.000000000000000082E-05 ), #759, 'distance_accuracy_value', 'NONE');
#80 = DIRECTION ( 'NONE',  ( 0.000000000000000000, 1.000000000000000000, -5.689893001203926007E-14 ) ) ;
#81 = ORIENTED_EDGE ( 'NONE', *, *, #1314, .T. ) ;
#82 = AXIS2_PLACEMENT_3D ( 'NONE', #967, #51, #770 ) ;
#83 = CARTESIAN_POINT ( 'NONE',  ( 3.699999999999999289, 1.999999999999997558, -4.099038105676657828 ) ) ;
#84 = CARTESIAN_POINT ( 'NONE',  ( 0.000000000000000000, 2.000000000000000000, -5.599999999999999645 ) ) ;
#85 = CARTESIAN_POINT ( 'NONE',  ( 8.800000000000000711, 2.000000000000000000, 0.000000000000000000 ) ) ;
#86 = ORIENTED_EDGE ( 'NONE', *, *, #877, .F. ) ;
#87 = CARTESIAN_POINT ( 'NONE',  ( 5.100000000000000533, 2.087619668662399786, -2.284541787210012664 ) ) ;
#88 = EDGE_CURVE ( 'NONE', #264, #723, #165, .T. ) ;
#89 = FACE_OUTER_BOUND ( 'NONE', #976, .T. ) ;
#90 = AXIS2_PLACEMENT_3D ( 'NONE', #1100, #587, #77 ) ;
#91 = CARTESIAN_POINT ( 'NONE',  ( 3.699999999999999289, 2.998768223487056517, -3.328274097237388762 ) ) ;
#92 = ORIENTED_EDGE ( 'NONE', *, *, #1210, .T. ) ;
#93 = CARTESIAN_POINT ( 'NONE',  ( 6.400000000000001243, 1.524999999999993916, -2.799999999999999822 ) ) ;
#94 = CARTESIAN_POINT ( 'NONE',  ( 0.000000000000000000, 0.000000000000000000, 0.000000000000000000 ) ) ;
#95 = EDGE_CURVE ( 'NONE', #822, #1152, #787, .T. ) ;
#96 = DIRECTION ( 'NONE',  ( -0.000000000000000000, -1.000000000000000000, -0.000000000000000000 ) ) ;
#97 = FILL_AREA_STYLE_COLOUR ( '', #1219 ) ;
#98 = ORIENTED_EDGE ( 'NONE', *, *, #183, .F. ) ;
#99 = EDGE_CURVE ( 'NONE', #1305, #1311, #883, .T. ) ;
#100 = AXIS2_PLACEMENT_3D ( 'NONE', #212, #621, #338 ) ;
#101 = CARTESIAN_POINT ( 'NONE',  ( 6.335415332647239772, 2.000000000357805341, -4.098477664024038347 ) ) ;
#102 = DIRECTION ( 'NONE',  ( -0.000000000000000000, 1.000000000000000000, -0.000000000000000000 ) ) ;
#103 = AXIS2_PLACEMENT_3D ( 'NONE', #714, #1121, #1015 ) ;
#104 = DIRECTION ( 'NONE',  ( -0.000000000000000000, -0.000000000000000000, 1.000000000000000000 ) ) ;
#105 = ORIENTED_EDGE ( 'NONE', *, *, #1291, .F. ) ;
#106 = CARTESIAN_POINT ( 'NONE',  ( 3.699999999999999289, 3.091284997662582690, -3.466864212983904903 ) ) ;
#107 = VERTEX_POINT ( 'NONE', #574 ) ;
#108 = CARTESIAN_POINT ( 'NONE',  ( 2.399999999999999467, 2.000000000000000444, -2.799999999999999822 ) ) ;
#109 = PRODUCT_DEFINITION_FORMATION_WITH_SPECIFIED_SOURCE ( 'ANY', '', #1125, .NOT_KNOWN. ) ;
#110 = CARTESIAN_POINT ( 'NONE',  ( 2.449999999999998845, 3.250000000000000444, -5.599999999999999645 ) ) ;
#111 = LINE ( 'NONE', #201, #599 ) ;
#112 = ORIENTED_EDGE ( 'NONE', *, *, #1006, .F. ) ;
#113 = VECTOR ( 'NONE', #609, 1000.000000000000000 ) ;
#114 = CARTESIAN_POINT ( 'NONE',  ( 3.699999999999963762, 2.037791203595710421, -4.076992749402889693 ) ) ;
#115 = FACE_BOUND ( 'NONE', #351, .T. ) ;
#116 = LINE ( 'NONE', #235, #882 ) ;
#117 = CARTESIAN_POINT ( 'NONE',  ( 0.000000000000000000, 0.000000000000000000, 0.000000000000000000 ) ) ;
#118 = ORIENTED_EDGE ( 'NONE', *, *, #734, .F. ) ;
#119 = CARTESIAN_POINT ( 'NONE',  ( 2.512759119521322138, 2.000000006287647292, -4.095863473245220376 ) ) ;
#120 = EDGE_LOOP ( 'NONE', ( #1246, #445, #190, #75 ) ) ;
#121 = CYLINDRICAL_SURFACE ( 'NONE', #479, 0.8250000000000001776 ) ;
#122 = EDGE_CURVE ( 'NONE', #937, #25, #998, .T. ) ;
#123 = DIRECTION ( 'NONE',  ( 1.000000000000000000, 0.000000000000000000, 0.000000000000000000 ) ) ;
#124 = DIRECTION ( 'NONE',  ( 1.000000000000000000, -3.336006684570782608E-16, 0.000000000000000000 ) ) ;
#125 = EDGE_LOOP ( 'NONE', ( #298, #98, #656, #760 ) ) ;
#126 = CARTESIAN_POINT ( 'NONE',  ( 3.101645445925907740, 1.999999934686621739, -3.897477819655010833 ) ) ;
#127 = ORIENTED_EDGE ( 'NONE', *, *, #569, .T. ) ;
#128 = EDGE_CURVE ( 'NONE', #464, #216, #402, .T. ) ;
#129 = CARTESIAN_POINT ( 'NONE',  ( 2.449999999999998845, 3.250000000000000444, -1.500961894323342039 ) ) ;
#130 = DIRECTION ( 'NONE',  ( 0.000000000000000000, 0.000000000000000000, -1.000000000000000000 ) ) ;
#131 = CONICAL_SURFACE ( 'NONE', #702, 1.300000000000000044, 0.7853981633974410625 ) ;
#132 = ORIENTED_EDGE ( 'NONE', *, *, #291, .T. ) ;
#133 = DIRECTION ( 'NONE',  ( -0.000000000000000000, -0.000000000000000000, 1.000000000000000000 ) ) ;
#134 = AXIS2_PLACEMENT_3D ( 'NONE', #1141, #934, #1230 ) ;
#135 = FACE_OUTER_BOUND ( 'NONE', #543, .T. ) ;
#136 = CARTESIAN_POINT ( 'NONE',  ( 3.699999999999998845, 3.250000000000000444, 0.000000000000000000 ) ) ;
#137 = LINE ( 'NONE', #164, #700 ) ;
#138 = CARTESIAN_POINT ( 'NONE',  ( 5.100000000000002309, 2.112552449064928783, -3.842767890169121792 ) ) ;
#139 = ORIENTED_EDGE ( 'NONE', *, *, #999, .T. ) ;
#140 = CARTESIAN_POINT ( 'NONE',  ( 5.100000000000001421, 2.087101689829712114, -1.624879758585805689 ) ) ;
#141 = CARTESIAN_POINT ( 'NONE',  ( 3.699999999999999289, 2.624722958526420236, -2.591471127813894437 ) ) ;
#142 = AXIS2_PLACEMENT_3D ( 'NONE', #909, #1099, #1296 ) ;
#143 = ORIENTED_EDGE ( 'NONE', *, *, #536, .T. ) ;
#144 = CARTESIAN_POINT ( 'NONE',  ( 5.100000000000002309, 2.202214569395167132, -2.843380156737609799 ) ) ;
#145 = ORIENTED_EDGE ( 'NONE', *, *, #1181, .F. ) ;
#146 = FACE_OUTER_BOUND ( 'NONE', #120, .T. ) ;
#147 = CARTESIAN_POINT ( 'NONE',  ( 3.699999999999998401, 2.000000000000000000, -2.800000000000000266 ) ) ;
#148 =( NAMED_UNIT ( * ) PLANE_ANGLE_UNIT ( ) SI_UNIT ( $, .RADIAN. ) );
#149 = ORIENTED_EDGE ( 'NONE', *, *, #1136, .F. ) ;
#150 = CARTESIAN_POINT ( 'NONE',  ( 5.100000000000020073, 2.111687736331940179, -3.547130186669117613 ) ) ;
#151 = ORIENTED_EDGE ( 'NONE', *, *, #1009, .F. ) ;
#152 = CARTESIAN_POINT ( 'NONE',  ( 2.399999999999999467, 0.000000000000000000, -2.799999999999999822 ) ) ;
#153 = AXIS2_PLACEMENT_3D ( 'NONE', #94, #478, #591 ) ;
#154 = CARTESIAN_POINT ( 'NONE',  ( 3.699999999999999734, 2.037791203595830769, -1.523007250597069762 ) ) ;
#155 = EDGE_CURVE ( 'NONE', #784, #907, #419, .T. ) ;
#156 = DIRECTION ( 'NONE',  ( -0.7071067811865424657, 0.7071067811865526798, 0.000000000000000000 ) ) ;
#157 = CARTESIAN_POINT ( 'NONE',  ( 5.100000000000001421, 2.000000000000000000, -2.800000000000000266 ) ) ;
#158 = ORIENTED_EDGE ( 'NONE', *, *, #841, .T. ) ;
#159 = EDGE_CURVE ( 'NONE', #988, #733, #1225, .T. ) ;
#160 = CARTESIAN_POINT ( 'NONE',  ( 6.221037476675816080, 1.999999996856206996, -1.512185342094287011 ) ) ;
#161 = CARTESIAN_POINT ( 'NONE',  ( 3.699999999460911848, 2.020229012232117594, -2.690763835119617031 ) ) ;
#162 = EDGE_CURVE ( 'NONE', #1155, #442, #683, .T. ) ;
#163 = VECTOR ( 'NONE', #1302, 1000.000000000000000 ) ;
#164 = CARTESIAN_POINT ( 'NONE',  ( 0.000000000000000000, 2.000000000000000000, 0.000000000000000000 ) ) ;
#165 = LINE ( 'NONE', #708, #549 ) ;
#166 = DIRECTION ( 'NONE',  ( -1.000000000000000000, 0.000000000000000000, 0.000000000000000000 ) ) ;
#167 = ORIENTED_EDGE ( 'NONE', *, *, #266, .T. ) ;
#168 = CARTESIAN_POINT ( 'NONE',  ( 5.100000000000001421, 2.552035295016006344, -2.631359994667616498 ) ) ;
#169 = VECTOR ( 'NONE', #282, 1000.000000000000000 ) ;
#170 = CARTESIAN_POINT ( 'NONE',  ( 3.699999999999999734, 2.051991640274366535, -1.537559735847748410 ) ) ;
#171 = DIRECTION ( 'NONE',  ( -0.000000000000000000, -0.000000000000000000, -1.000000000000000000 ) ) ;
#172 = LINE ( 'NONE', #277, #553 ) ;
#173 = ORIENTED_EDGE ( 'NONE', *, *, #295, .F. ) ;
#174 = AXIS2_PLACEMENT_3D ( 'NONE', #1092, #681, #1207 ) ;
#175 = CARTESIAN_POINT ( 'NONE',  ( 5.698354554074416711, 1.999999934686630398, -1.702522180344792524 ) ) ;
#176 = CARTESIAN_POINT ( 'NONE',  ( 0.000000000000000000, 0.000000000000000000, 0.000000000000000000 ) ) ;
#177 = AXIS2_PLACEMENT_3D ( 'NONE', #980, #194, #910 ) ;
#178 = CARTESIAN_POINT ( 'NONE',  ( 3.699999999999999289, 2.162299106469429688, -2.832463153628613117 ) ) ;
#179 = EDGE_LOOP ( 'NONE', ( #777, #698, #1138, #725, #1025 ) ) ;
#180 = CARTESIAN_POINT ( 'NONE',  ( 3.699999999999999289, 3.250000005513243195, -3.933495572740766555 ) ) ;
#181 = DIRECTION ( 'NONE',  ( 0.000000000000000000, 0.000000000000000000, 1.000000000000000000 ) ) ;
#182 = UNCERTAINTY_MEASURE_WITH_UNIT (LENGTH_MEASURE( 1.000000000000000082E-05 ), #1047, 'distance_accuracy_value', 'NONE');
#183 = EDGE_CURVE ( 'NONE', #1004, #1203, #207, .T. ) ;
#184 = DIRECTION ( 'NONE',  ( -0.000000000000000000, -0.000000000000000000, -1.000000000000000000 ) ) ;
#185 = ORIENTED_EDGE ( 'NONE', *, *, #1194, .F. ) ;
#186 = AXIS2_PLACEMENT_3D ( 'NONE', #811, #839, #533 ) ;
#187 = CARTESIAN_POINT ( 'NONE',  ( 6.350000000000001421, 2.000000000000000000, 0.000000000000000000 ) ) ;
#188 = CARTESIAN_POINT ( 'NONE',  ( 2.399999999999999467, 1.524999999999993916, -2.799999999999999822 ) ) ;
#189 = CARTESIAN_POINT ( 'NONE',  ( 3.699999999999999289, 2.324898343969080905, -2.731142155299325580 ) ) ;
#190 = ORIENTED_EDGE ( 'NONE', *, *, #696, .T. ) ;
#191 = EDGE_CURVE ( 'NONE', #1203, #278, #280, .T. ) ;
#192 = LINE ( 'NONE', #989, #1060 ) ;
#193 = VECTOR ( 'NONE', #667, 1000.000000000000000 ) ;
#194 = DIRECTION ( 'NONE',  ( -2.168404344971008868E-16, 1.000000000000000000, -0.000000000000000000 ) ) ;
#195 = DIRECTION ( 'NONE',  ( 1.000000000000000000, -3.336006684570782608E-16, 0.000000000000000000 ) ) ;
#196 = EDGE_CURVE ( 'NONE', #1140, #284, #615, .T. ) ;
#197 = FACE_OUTER_BOUND ( 'NONE', #37, .T. ) ;
#198 = ORIENTED_EDGE ( 'NONE', *, *, #452, .T. ) ;
#199 = CARTESIAN_POINT ( 'NONE',  ( 5.100000000000001421, 2.000000000000000000, -2.800000000000000266 ) ) ;
#200 = LINE ( 'NONE', #685, #921 ) ;
#201 = CARTESIAN_POINT ( 'NONE',  ( 3.699999999999998845, 2.000000000000000000, 0.0002963548515119539132 ) ) ;
#202 = ORIENTED_EDGE ( 'NONE', *, *, #155, .F. ) ;
#203 = VECTOR ( 'NONE', #219, 1000.000000000000000 ) ;
#204 = CARTESIAN_POINT ( 'NONE',  ( 3.699999999999999289, 2.760175099125742104, -3.100379732402020583 ) ) ;
#205 = ORIENTED_EDGE ( 'NONE', *, *, #21, .F. ) ;
#206 = FACE_OUTER_BOUND ( 'NONE', #718, .T. ) ;
#207 = LINE ( 'NONE', #276, #854 ) ;
#208 = AXIS2_PLACEMENT_3D ( 'NONE', #406, #307, #818 ) ;
#209 = CYLINDRICAL_SURFACE ( 'NONE', #1307, 0.7499999999999997780 ) ;
#210 = ORIENTED_EDGE ( 'NONE', *, *, #1098, .F. ) ;
#211 = CARTESIAN_POINT ( 'NONE',  ( 3.699999999999998401, 2.000000000000000000, -3.011727661635537512 ) ) ;
#212 = CARTESIAN_POINT ( 'NONE',  ( 6.400000000000001243, 1.524999999999993916, -2.799999999999999822 ) ) ;
#213 = CARTESIAN_POINT ( 'NONE',  ( 7.700000000000001066, 2.000000000000000000, -2.799999999999999822 ) ) ;
#214 = EDGE_CURVE ( 'NONE', #450, #253, #676, .T. ) ;
#215 = DIRECTION ( 'NONE',  ( 0.000000000000000000, 0.000000000000000000, 1.000000000000000000 ) ) ;
#216 = VERTEX_POINT ( 'NONE', #499 ) ;
#217 = CIRCLE ( 'NONE', #964, 1.300000000000000044 ) ;
#218 = CARTESIAN_POINT ( 'NONE',  ( 3.187793254301759749, 2.000000098407583859, -3.842068321567965405 ) ) ;
#219 = DIRECTION ( 'NONE',  ( 0.000000000000000000, 0.000000000000000000, -1.000000000000000000 ) ) ;
#220 = DIRECTION ( 'NONE',  ( 0.000000000000000000, 0.000000000000000000, -1.000000000000000000 ) ) ;
#221 = DIRECTION ( 'NONE',  ( -0.000000000000000000, 1.000000000000000000, 0.000000000000000000 ) ) ;
#222 = ORIENTED_EDGE ( 'NONE', *, *, #573, .T. ) ;
#223 = EDGE_CURVE ( 'NONE', #723, #1197, #764, .T. ) ;
#224 = CARTESIAN_POINT ( 'NONE',  ( 3.699999999999999289, 2.552035295015831373, -2.968640005332271681 ) ) ;
#225 = ORIENTED_EDGE ( 'NONE', *, *, #636, .F. ) ;
#226 = VECTOR ( 'NONE', #713, 1000.000000000000000 ) ;
#227 = FACE_OUTER_BOUND ( 'NONE', #1322, .T. ) ;
#228 = CARTESIAN_POINT ( 'NONE',  ( 5.100000000000001421, 2.000000000000000000, -5.600296354851507452 ) ) ;
#229 = DIRECTION ( 'NONE',  ( 0.000000000000000000, 0.000000000000000000, 1.000000000000000000 ) ) ;
#230 = VERTEX_POINT ( 'NONE', #736 ) ;
#231 = CARTESIAN_POINT ( 'NONE',  ( 3.699999999999999289, 2.321756788089010204, -2.876824929999217684 ) ) ;
#232 = VERTEX_POINT ( 'NONE', #846 ) ;
#233 = EDGE_CURVE ( 'NONE', #107, #650, #322, .T. ) ;
#234 = DIRECTION ( 'NONE',  ( -1.000000000000000000, -0.000000000000000000, -0.000000000000000000 ) ) ;
#235 = CARTESIAN_POINT ( 'NONE',  ( 3.699999999999998845, 2.000000000000000000, 0.0002963548515119539132 ) ) ;
#236 = VECTOR ( 'NONE', #260, 1000.000000000000000 ) ;
#237 = DIRECTION ( 'NONE',  ( -0.000000000000000000, 1.000000000000000000, -0.000000000000000000 ) ) ;
#238 = ORIENTED_EDGE ( 'NONE', *, *, #67, .T. ) ;
#239 = CARTESIAN_POINT ( 'NONE',  ( 5.100000000000020073, 2.074324422493412534, -3.222772279363546044 ) ) ;
#240 = VERTEX_POINT ( 'NONE', #1045 ) ;
#241 = VECTOR ( 'NONE', #234, 1000.000000000000000 ) ;
#242 = CARTESIAN_POINT ( 'NONE',  ( 5.100000000000001421, 2.117001289526832419, -1.884775665206281037 ) ) ;
#243 = CARTESIAN_POINT ( 'NONE',  ( 3.699999999999999289, 2.014836776003408492, -1.503597809851908940 ) ) ;
#244 = EDGE_CURVE ( 'NONE', #827, #642, #313, .T. ) ;
#245 = LINE ( 'NONE', #641, #193 ) ;
#246 = EDGE_LOOP ( 'NONE', ( #112, #1275, #520, #43, #1235, #222 ) ) ;
#247 = CARTESIAN_POINT ( 'NONE',  ( 0.000000000000000000, 2.000000000000000000, 0.000000000000000000 ) ) ;
#248 = ORIENTED_EDGE ( 'NONE', *, *, #805, .T. ) ;
#249 = FACE_OUTER_BOUND ( 'NONE', #398, .T. ) ;
#250 = CARTESIAN_POINT ( 'NONE',  ( 3.699999999999999289, 2.399987880702117327, -2.696211140089254776 ) ) ;
#251 =( BOUNDED_SURFACE ( )  B_SPLINE_SURFACE ( 3, 2, ( 
 ( #354, #368, #1071 ),
 ( #1057, #652, #360 ),
 ( #758, #243, #985 ),
 ( #546, #154, #41 ),
 ( #379, #170, #64 ),
 ( #1185, #447, #962 ),
 ( #1271, #765, #1170 ),
 ( #562, #1292, #141 ),
 ( #579, #1164, #274 ),
 ( #666, #258, #782 ),
 ( #659, #461, #250 ),
 ( #72, #1297, #473 ),
 ( #466, #956, #775 ),
 ( #786, #1278, #1063 ),
 ( #48, #375, #680 ),
 ( #1085, #268, #970 ),
 ( #1178, #161, #860 ),
 ( #147, #554, #454 ) ),
 .UNSPECIFIED., .F., .F., .T. ) 
 B_SPLINE_SURFACE_WITH_KNOTS ( ( 4, 2, 2, 2, 2, 2, 2, 2, 4 ),
 ( 3, 3 ),
 ( 0.001954878585679466901, 0.002445456528365041321, 0.002936034471050615307, 0.003181323442393402083, 0.003426612413736189293, 0.003549256899407582898, 0.003671901385078976503, 0.003794545870750370108, 0.003917190356421763713 ),
 ( 0.000000000000000000, 1.000000000000000000 ),
 .UNSPECIFIED. ) 
 GEOMETRIC_REPRESENTATION_ITEM ( )  RATIONAL_B_SPLINE_SURFACE ( (
 ( 1.000000000000000000, 0.7071067811865476838, 1.000000000000000000),
 ( 1.000000000000000000, 0.7089612211609237491, 1.000000000000000000),
 ( 1.000000000000000000, 0.7112317796755402988, 1.000000000000000000),
 ( 1.000000000000000000, 0.7194237941407519710, 1.000000000000000000),
 ( 1.000000000000000000, 0.7247394082351620304, 1.000000000000000000),
 ( 1.000000000000000000, 0.7427118538911436918, 1.000000000000000000),
 ( 1.000000000000000000, 0.7503130820415233604, 1.000000000000000000),
 ( 1.000000000000000000, 0.7731856907808072332, 1.000000000000000000),
 ( 1.000000000000000000, 0.7885335540907214558, 1.000000000000000000),
 ( 1.000000000000000000, 0.8244806815885816764, 1.000000000000000000),
 ( 1.000000000000000000, 0.8386777096603469372, 1.000000000000000000),
 ( 1.000000000000000000, 0.8723193565691506057, 1.000000000000000000),
 ( 1.000000000000000000, 0.8919336115356218952, 1.000000000000000000),
 ( 1.000000000000000000, 0.9333159292653164796, 1.000000000000000000),
 ( 1.000000000000000000, 0.9551874549096587286, 1.000000000000000000),
 ( 1.000000000000000000, 0.9889697114301824188, 1.000000000000000000),
 ( 1.000000000000000000, 1.000272277120919595, 1.000000000000000000),
 ( 1.000000000000000000, 1.000000000000000000, 1.000000000000000000) ) ) 
 REPRESENTATION_ITEM ( '' )  SURFACE ( )  );
#252 = VECTOR ( 'NONE', #96, 1000.000000000000000 ) ;
#253 = VERTEX_POINT ( 'NONE', #228 ) ;
#254 = CARTESIAN_POINT ( 'NONE',  ( 6.192902685311283406, 2.000000013413794075, -4.084165598196506153 ) ) ;
#255 = ORIENTED_EDGE ( 'NONE', *, *, #560, .T. ) ;
#256 = VECTOR ( 'NONE', #974, 1000.000000000000000 ) ;
#257 = CARTESIAN_POINT ( 'NONE',  ( 6.335415332647348130, 2.000000000357791574, -1.501522335975989497 ) ) ;
#258 = CARTESIAN_POINT ( 'NONE',  ( 3.699999999999990408, 2.117001289526812435, -1.884775665206470885 ) ) ;
#259 = AXIS2_PLACEMENT_3D ( 'NONE', #348, #540, #341 ) ;
#260 = DIRECTION ( 'NONE',  ( -0.000000000000000000, -0.000000000000000000, 1.000000000000000000 ) ) ;
#261 = EDGE_CURVE ( 'NONE', #848, #678, #523, .T. ) ;
#262 = FACE_OUTER_BOUND ( 'NONE', #39, .T. ) ;
#263 = CARTESIAN_POINT ( 'NONE',  ( 5.099999999999983658, 2.117085720771017421, -3.666406462980119407 ) ) ;
#264 = VERTEX_POINT ( 'NONE', #728 ) ;
#265 = CARTESIAN_POINT ( 'NONE',  ( 5.100000000000001421, 2.823540864533153005, -2.447438140548599872 ) ) ;
#266 = EDGE_CURVE ( 'NONE', #1227, #107, #9, .T. ) ;
#267 = AXIS2_PLACEMENT_3D ( 'NONE', #188, #893, #385 ) ;
#268 = CARTESIAN_POINT ( 'NONE',  ( 3.699999999999991296, 2.040705452472808545, -2.579541887754521312 ) ) ;
#269 = ORIENTED_EDGE ( 'NONE', *, *, #734, .T. ) ;
#270 = DIRECTION ( 'NONE',  ( -1.000000000000000000, 0.000000000000000000, 0.000000000000000000 ) ) ;
#271 = CARTESIAN_POINT ( 'NONE',  ( 3.699999999999999289, 2.627506490965732855, -3.001781599938393441 ) ) ;
#272 = ORIENTED_EDGE ( 'NONE', *, *, #1291, .T. ) ;
#273 = CARTESIAN_POINT ( 'NONE',  ( 5.100000000000001421, 2.624722958526554795, -2.591471127813820274 ) ) ;
#274 = CARTESIAN_POINT ( 'NONE',  ( 3.699999999999999289, 2.552035295015788297, -2.631359994667746172 ) ) ;
#275 = CIRCLE ( 'NONE', #1120, 0.8250000000000001776 ) ;
#276 = CARTESIAN_POINT ( 'NONE',  ( 3.699999999999998845, 8.749999999999998224, -5.600296354851507452 ) ) ;
#277 = CARTESIAN_POINT ( 'NONE',  ( 0.000000000000000000, 0.000000000000000000, -5.599999999999999645 ) ) ;
#278 = VERTEX_POINT ( 'NONE', #1257 ) ;
#279 = CARTESIAN_POINT ( 'NONE',  ( 3.699999999999998845, 3.250000000000000444, -1.500961894323342039 ) ) ;
#280 = CIRCLE ( 'NONE', #1018, 0.7499999999999997780 ) ;
#281 = LINE ( 'NONE', #176, #113 ) ;
#282 = DIRECTION ( 'NONE',  ( 0.000000000000000000, 1.000000000000000000, 0.000000000000000000 ) ) ;
#283 = CARTESIAN_POINT ( 'NONE',  ( 3.699999999999998845, 2.000000000000000000, -5.600296354851507452 ) ) ;
#284 = VERTEX_POINT ( 'NONE', #213 ) ;
#285 = DIRECTION ( 'NONE',  ( 1.000000000000000000, 0.000000000000000000, 0.000000000000000000 ) ) ;
#286 = VECTOR ( 'NONE', #928, 1000.000000000000000 ) ;
#287 = FACE_OUTER_BOUND ( 'NONE', #125, .T. ) ;
#288 = ORIENTED_EDGE ( 'NONE', *, *, #1210, .F. ) ;
#289 = CARTESIAN_POINT ( 'NONE',  ( 5.100000000000001421, 2.000000000000000000, -2.800000000000000266 ) ) ;
#290 = DIRECTION ( 'NONE',  ( -0.000000000000000000, -0.000000000000000000, -1.000000000000000000 ) ) ;
#291 = EDGE_CURVE ( 'NONE', #450, #1155, #646, .T. ) ;
#292 = FACE_OUTER_BOUND ( 'NONE', #920, .T. ) ;
#293 = ORIENTED_EDGE ( 'NONE', *, *, #526, .T. ) ;
#294 = CARTESIAN_POINT ( 'NONE',  ( 5.100000000000001421, 2.000000000000000000, 0.0002963548515119539132 ) ) ;
#295 = EDGE_CURVE ( 'NONE', #1076, #960, #632, .T. ) ;
#296 = DIRECTION ( 'NONE',  ( -0.000000000000000000, -1.000000000000000000, -0.000000000000000000 ) ) ;
#297 = DIRECTION ( 'NONE',  ( 1.000000000000000000, -3.336006684570782608E-16, 0.000000000000000000 ) ) ;
#298 = ORIENTED_EDGE ( 'NONE', *, *, #191, .F. ) ;
#299 = CARTESIAN_POINT ( 'NONE',  ( 0.000000000000000000, 0.000000000000000000, 0.000000000000000000 ) ) ;
#300 = CARTESIAN_POINT ( 'NONE',  ( 2.399999999999999467, 0.000000000000000000, -2.799999999999999822 ) ) ;
#301 = ADVANCED_FACE ( 'NONE', ( #721 ), #647, .F. ) ;
#302 = CIRCLE ( 'NONE', #1222, 1.250000000000000222 ) ;
#303 = SURFACE_SIDE_STYLE ('',( #812 ) ) ;
#304 = EDGE_LOOP ( 'NONE', ( #1173, #404, #457 ) ) ;
#305 = CARTESIAN_POINT ( 'NONE',  ( 6.343431846531478513, 2.000000000000000000, -4.098785297640386460 ) ) ;
#306 = LINE ( 'NONE', #425, #1144 ) ;
#307 = DIRECTION ( 'NONE',  ( -2.168404344971008868E-16, 1.000000000000000000, -0.000000000000000000 ) ) ;
#308 = DIRECTION ( 'NONE',  ( 2.168404344971008868E-16, 1.000000000000000000, 0.000000000000000000 ) ) ;
#309 = ORIENTED_EDGE ( 'NONE', *, *, #1171, .T. ) ;
#310 = VECTOR ( 'NONE', #53, 1000.000000000000000 ) ;
#311 = CARTESIAN_POINT ( 'NONE',  ( 5.100000000000002309, 3.091284997662502754, -3.466864212983606919 ) ) ;
#312 = EDGE_LOOP ( 'NONE', ( #167, #704, #1167, #17, #132, #393, #1265, #328, #309, #45, #421 ) ) ;
#313 = CIRCLE ( 'NONE', #1101, 0.6249999999999996669 ) ;
#314 = CARTESIAN_POINT ( 'NONE',  ( 3.775000000000000355, 0.000000000000000000, 0.000000000000000000 ) ) ;
#315 = CARTESIAN_POINT ( 'NONE',  ( 3.699999999999998845, 2.000000000000000000, 0.0002963548515119539132 ) ) ;
#316 = CARTESIAN_POINT ( 'NONE',  ( 6.400000000000001243, 2.000000000000000444, -2.799999999999999822 ) ) ;
#317 = ORIENTED_EDGE ( 'NONE', *, *, #159, .F. ) ;
#318 = CARTESIAN_POINT ( 'NONE',  ( 3.700000000000035261, 2.014836776003519514, -4.096402190148143774 ) ) ;
#319 = ORIENTED_EDGE ( 'NONE', *, *, #291, .F. ) ;
#320 = VECTOR ( 'NONE', #547, 1000.000000000000000 ) ;
#321 = LINE ( 'NONE', #1250, #226 ) ;
#322 = LINE ( 'NONE', #1143, #361 ) ;
#323 = EDGE_CURVE ( 'NONE', #1055, #822, #539, .T. ) ;
#324 = CARTESIAN_POINT ( 'NONE',  ( 0.000000000000000000, 2.000000000000000000, 0.000000000000000000 ) ) ;
#325 = ORIENTED_EDGE ( 'NONE', *, *, #636, .T. ) ;
#326 = AXIS2_PLACEMENT_3D ( 'NONE', #300, #102, #181 ) ;
#327 = CARTESIAN_POINT ( 'NONE',  ( 2.493884546261786017, 1.999999999642195547, -4.096688517232259130 ) ) ;
#328 = ORIENTED_EDGE ( 'NONE', *, *, #95, .T. ) ;
#329 = DIRECTION ( 'NONE',  ( -0.000000000000000000, 0.000000000000000000, 1.000000000000000000 ) ) ;
#330 = DIRECTION ( 'NONE',  ( -2.168404344971008868E-16, -1.000000000000000000, -0.000000000000000000 ) ) ;
#331 = CARTESIAN_POINT ( 'NONE',  ( 0.000000000000000000, 0.000000000000000000, 0.000000000000000000 ) ) ;
#332 = ADVANCED_FACE ( 'NONE', ( #29 ), #441, .F. ) ;
#333 = EDGE_CURVE ( 'NONE', #1055, #430, #116, .T. ) ;
#334 = EDGE_LOOP ( 'NONE', ( #601, #1288, #506, #69, #423 ) ) ;
#335 = CARTESIAN_POINT ( 'NONE',  ( 6.350000000000000533, 2.000000000000000000, -4.099038105676657828 ) ) ;
#336 = ORIENTED_EDGE ( 'NONE', *, *, #670, .F. ) ;
#337 = AXIS2_PLACEMENT_3D ( 'NONE', #742, #1044, #1050 ) ;
#338 = DIRECTION ( 'NONE',  ( -1.000000000000000000, 2.628368902995161532E-16, 0.000000000000000000 ) ) ;
#339 = EDGE_CURVE ( 'NONE', #925, #693, #434, .T. ) ;
#340 = DIRECTION ( 'NONE',  ( 1.000000000000000000, -3.336006684570782608E-16, 0.000000000000000000 ) ) ;
#341 = DIRECTION ( 'NONE',  ( 0.000000000000000000, 0.000000000000000000, 1.000000000000000000 ) ) ;
#342 = DIRECTION ( 'NONE',  ( 0.000000000000000000, 0.000000000000000000, 1.000000000000000000 ) ) ;
#343 = AXIS2_PLACEMENT_3D ( 'NONE', #1293, #1298, #876 ) ;
#344 = CARTESIAN_POINT ( 'NONE',  ( 6.221037476675699729, 1.999999996856182793, -4.087814657905672888 ) ) ;
#345 = ORIENTED_EDGE ( 'NONE', *, *, #370, .T. ) ;
#346 = DIRECTION ( 'NONE',  ( 0.000000000000000000, 1.000000000000000000, 0.000000000000000000 ) ) ;
#347 = DIRECTION ( 'NONE',  ( 1.000000000000000000, 2.312964634635743450E-15, 0.000000000000000000 ) ) ;
#348 = CARTESIAN_POINT ( 'NONE',  ( 2.399999999999999467, 0.000000000000000000, -2.799999999999999822 ) ) ;
#349 = ORIENTED_EDGE ( 'NONE', *, *, #493, .T. ) ;
#350 = CARTESIAN_POINT ( 'NONE',  ( 5.099999999682916396, 2.020229012253774936, -2.909236164876090491 ) ) ;
#351 = EDGE_LOOP ( 'NONE', ( #345, #833 ) ) ;
#352 = CIRCLE ( 'NONE', #267, 0.8250000000000001776 ) ;
#353 = CARTESIAN_POINT ( 'NONE',  ( 5.099999999999999645, 2.627505627811541178, -3.001781079952268616 ) ) ;
#354 = CARTESIAN_POINT ( 'NONE',  ( 2.449999999999998845, 2.000000000000000000, -1.500961894323342927 ) ) ;
#355 = CARTESIAN_POINT ( 'NONE',  ( 5.575000000000001066, 1.524999999999993916, -2.799999999999999822 ) ) ;
#356 = EDGE_LOOP ( 'NONE', ( #127, #914, #654, #1162, #414, #513, #530, #1097, #771, #238, #682, #1216 ) ) ;
#357 = CARTESIAN_POINT ( 'NONE',  ( 5.100000000000037836, 2.087101689829764517, -3.975120241414114020 ) ) ;
#358 = EDGE_LOOP ( 'NONE', ( #1074, #813, #800, #1221, #371, #1068, #255, #648, #541, #628, #607 ) ) ;
#359 = CARTESIAN_POINT ( 'NONE',  ( 6.350000000000001421, 3.250000000000000444, 0.0002963548515119539132 ) ) ;
#360 = CARTESIAN_POINT ( 'NONE',  ( 3.699999999999999289, 3.250000005513243195, -1.666504427259568377 ) ) ;
#361 = VECTOR ( 'NONE', #1158, 1000.000000000000000 ) ;
#362 = ORIENTED_EDGE ( 'NONE', *, *, #670, .T. ) ;
#363 = EDGE_CURVE ( 'NONE', #650, #253, #35, .T. ) ;
#364 = DIRECTION ( 'NONE',  ( 0.000000000000000000, 0.000000000000000000, 1.000000000000000000 ) ) ;
#365 = EDGE_LOOP ( 'NONE', ( #1183, #383, #317, #198 ) ) ;
#366 = CIRCLE ( 'NONE', #596, 1.250000000000000000 ) ;
#367 = CARTESIAN_POINT ( 'NONE',  ( 6.343431846531472296, 2.000000000000000000, -1.501214702359696229 ) ) ;
#368 = CARTESIAN_POINT ( 'NONE',  ( 3.699999999999998845, 2.000000000000000000, -1.500961894323342927 ) ) ;
#369 = AXIS2_PLACEMENT_3D ( 'NONE', #331, #229, #847 ) ;
#370 = EDGE_CURVE ( 'NONE', #264, #576, #1270, .T. ) ;
#371 = ORIENTED_EDGE ( 'NONE', *, *, #1107, .T. ) ;
#372 = FACE_OUTER_BOUND ( 'NONE', #737, .T. ) ;
#373 = ORIENTED_EDGE ( 'NONE', *, *, #339, .F. ) ;
#374 = CARTESIAN_POINT ( 'NONE',  ( 5.100000000000001421, 3.250000005513171697, -1.666504427258622245 ) ) ;
#375 = CARTESIAN_POINT ( 'NONE',  ( 3.700000000000009948, 2.074324422493412978, -2.377227720636175601 ) ) ;
#376 = FACE_OUTER_BOUND ( 'NONE', #475, .T. ) ;
#377 = ORIENTED_EDGE ( 'NONE', *, *, #1194, .T. ) ;
#378 = CARTESIAN_POINT ( 'NONE',  ( 5.100000000795943400, 2.020229012246311573, -2.690763835122600867 ) ) ;
#379 = CARTESIAN_POINT ( 'NONE',  ( 2.512759119521223106, 2.000000006287570908, -1.504136526754843217 ) ) ;
#380 = AXIS2_PLACEMENT_3D ( 'NONE', #359, #1156, #1276 ) ;
#381 = DIRECTION ( 'NONE',  ( 0.000000000000000000, -0.000000000000000000, -1.000000000000000000 ) ) ;
#382 = CARTESIAN_POINT ( 'NONE',  ( 3.699999999999999734, 3.090975275697044555, -3.466347581770170105 ) ) ;
#383 = ORIENTED_EDGE ( 'NONE', *, *, #1253, .F. ) ;
#384 = DIRECTION ( 'NONE',  ( 2.168404344971008868E-16, 1.000000000000000000, 0.000000000000000000 ) ) ;
#385 = DIRECTION ( 'NONE',  ( -1.000000000000000000, -2.628368902995161532E-16, 0.000000000000000000 ) ) ;
#386 = LINE ( 'NONE', #1320, #256 ) ;
#387 = CYLINDRICAL_SURFACE ( 'NONE', #468, 1.250000000000000000 ) ;
#388 = ORIENTED_EDGE ( 'NONE', *, *, #196, .T. ) ;
#389 = CARTESIAN_POINT ( 'NONE',  ( 2.449999999999998845, 2.000000000000000000, -5.599999999999999645 ) ) ;
#390 = DIRECTION ( 'NONE',  ( -2.168404344971008868E-16, 1.000000000000000000, -0.000000000000000000 ) ) ;
#391 = CIRCLE ( 'NONE', #1132, 1.250000000000000222 ) ;
#392 = DIRECTION ( 'NONE',  ( 0.000000000000000000, 0.000000000000000000, -1.000000000000000000 ) ) ;
#393 = ORIENTED_EDGE ( 'NONE', *, *, #715, .T. ) ;
#394 = EDGE_CURVE ( 'NONE', #1203, #1076, #428, .T. ) ;
#395 = CARTESIAN_POINT ( 'NONE',  ( 2.399999999999999467, 2.000000000000000444, -2.799999999999999822 ) ) ;
#396 = CYLINDRICAL_SURFACE ( 'NONE', #861, 0.8250000000000001776 ) ;
#397 = PLANE ( 'NONE',  #994 ) ;
#398 = EDGE_LOOP ( 'NONE', ( #349, #754, #626 ) ) ;
#399 = EDGE_CURVE ( 'NONE', #278, #450, #1309, .T. ) ;
#400 = LINE ( 'NONE', #294, #57 ) ;
#401 = DIRECTION ( 'NONE',  ( -2.168404344971008868E-16, -1.000000000000000000, -0.000000000000000000 ) ) ;
#402 = LINE ( 'NONE', #66, #1147 ) ;
#403 = LINE ( 'NONE', #10, #1242 ) ;
#404 = ORIENTED_EDGE ( 'NONE', *, *, #573, .F. ) ;
#405 = CARTESIAN_POINT ( 'NONE',  ( 3.699999999999998401, 2.040427901307251268, -2.808085547959950468 ) ) ;
#406 = CARTESIAN_POINT ( 'NONE',  ( 2.399999999999999467, 1.524999999999993916, -2.799999999999999822 ) ) ;
#407 = AXIS2_PLACEMENT_3D ( 'NONE', #604, #401, #1218 ) ;
#408 = CARTESIAN_POINT ( 'NONE',  ( 0.000000000000000000, 2.000000000000000000, 0.000000000000000000 ) ) ;
#409 = ORIENTED_EDGE ( 'NONE', *, *, #244, .T. ) ;
#410 = CARTESIAN_POINT ( 'NONE',  ( 3.699999999999999289, 2.282082219151948976, -2.864851767508240332 ) ) ;
#411 = DIRECTION ( 'NONE',  ( -0.000000000000000000, -1.000000000000000000, -0.000000000000000000 ) ) ;
#412 = CARTESIAN_POINT ( 'NONE',  ( 5.100000000000001421, 2.000000000000000000, 0.0002963548515119539132 ) ) ;
#413 = LINE ( 'NONE', #1024, #898 ) ;
#414 = ORIENTED_EDGE ( 'NONE', *, *, #477, .F. ) ;
#415 = AXIS2_PLACEMENT_3D ( 'NONE', #1049, #133, #945 ) ;
#416 = FACE_OUTER_BOUND ( 'NONE', #62, .T. ) ;
#417 = CARTESIAN_POINT ( 'NONE',  ( 6.350000000000001421, 3.250000000000000444, -1.500961894322627277 ) ) ;
#418 = DIRECTION ( 'NONE',  ( 0.000000000000000000, 0.000000000000000000, -1.000000000000000000 ) ) ;
#419 = CIRCLE ( 'NONE', #343, 0.6249999999999996669 ) ;
#420 = DIRECTION ( 'NONE',  ( 0.000000000000000000, 0.000000000000000000, -1.000000000000000000 ) ) ;
#421 = ORIENTED_EDGE ( 'NONE', *, *, #809, .T. ) ;
#422 = CARTESIAN_POINT ( 'NONE',  ( 3.699999999999999289, 2.161961970099866015, -2.833864027154251897 ) ) ;
#423 = ORIENTED_EDGE ( 'NONE', *, *, #581, .T. ) ;
#424 = PRESENTATION_LAYER_ASSIGNMENT (  '', '', ( #1108 ) ) ;
#425 = CARTESIAN_POINT ( 'NONE',  ( 6.399999999999999467, 0.000000000000000000, -3.625000000000000888 ) ) ;
#426 = EDGE_CURVE ( 'NONE', #284, #1229, #5, .T. ) ;
#427 = EDGE_CURVE ( 'NONE', #870, #1152, #1051, .T. ) ;
#428 = LINE ( 'NONE', #1263, #511 ) ;
#429 = CARTESIAN_POINT ( 'NONE',  ( 6.350000000000001421, 2.000000000000000444, -4.099038105676657828 ) ) ;
#430 = VERTEX_POINT ( 'NONE', #315 ) ;
#431 = CARTESIAN_POINT ( 'NONE',  ( 2.607097314688791023, 2.000000013413754552, -4.084165598196465297 ) ) ;
#432 = ADVANCED_FACE ( 'NONE', ( #887 ), #251, .F. ) ;
#433 = LINE ( 'NONE', #1021, #241 ) ;
#434 = LINE ( 'NONE', #136, #286 ) ;
#435 = CARTESIAN_POINT ( 'NONE',  ( 2.449999999999998845, 2.000000000000000444, -1.500961894323342039 ) ) ;
#436 = EDGE_LOOP ( 'NONE', ( #584, #373, #594, #1062 ) ) ;
#437 = DIRECTION ( 'NONE',  ( -0.000000000000000000, -1.000000000000000000, -0.000000000000000000 ) ) ;
#438 = EDGE_LOOP ( 'NONE', ( #1258, #151, #52 ) ) ;
#439 = CIRCLE ( 'NONE', #1191, 1.250000000000000222 ) ;
#440 = CARTESIAN_POINT ( 'NONE',  ( 5.100000000000002309, 3.250000000000000000, -3.933247452750539441 ) ) ;
#441 = PLANE ( 'NONE',  #1249 ) ;
#442 = VERTEX_POINT ( 'NONE', #866 ) ;
#443 = VECTOR ( 'NONE', #469, 1000.000000000000000 ) ;
#444 = CARTESIAN_POINT ( 'NONE',  ( 5.155560036940813440, 1.999999934409683044, -3.218298975502831283 ) ) ;
#445 = ORIENTED_EDGE ( 'NONE', *, *, #1251, .F. ) ;
#446 = CARTESIAN_POINT ( 'NONE',  ( 5.025000000000000355, 0.000000000000000000, -5.599999999999999645 ) ) ;
#447 = CARTESIAN_POINT ( 'NONE',  ( 3.699999999999999289, 2.078023376618414186, -1.598872989486406881 ) ) ;
#448 = VERTEX_POINT ( 'NONE', #56 ) ;
#449 = FACE_OUTER_BOUND ( 'NONE', #179, .T. ) ;
#450 = VERTEX_POINT ( 'NONE', #874 ) ;
#451 = AXIS2_PLACEMENT_3D ( 'NONE', #701, #897, #597 ) ;
#452 = EDGE_CURVE ( 'NONE', #988, #875, #1284, .T. ) ;
#453 = CARTESIAN_POINT ( 'NONE',  ( 0.000000000000000000, 2.000000000000000000, 0.000000000000000000 ) ) ;
#454 = CARTESIAN_POINT ( 'NONE',  ( 3.699999999999998401, 2.000000000000000000, -2.800000000000000266 ) ) ;
#455 = CARTESIAN_POINT ( 'NONE',  ( 6.400000000000001243, 1.524999999999993916, -2.799999999999999822 ) ) ;
#456 = CARTESIAN_POINT ( 'NONE',  ( 5.698354554074018807, 1.999999934686610414, -3.897477819654957987 ) ) ;
#457 = ORIENTED_EDGE ( 'NONE', *, *, #631, .T. ) ;
#458 = DIRECTION ( 'NONE',  ( -1.000000000000000000, -3.336006684570782608E-16, 0.000000000000000000 ) ) ;
#459 = CONICAL_SURFACE ( 'NONE', #803, 1.300000000000000044, 0.7853981633974410625 ) ;
#460 = ADVANCED_FACE ( 'NONE', ( #572 ), #902, .F. ) ;
#461 = CARTESIAN_POINT ( 'NONE',  ( 3.699999999999990408, 2.117085720771007651, -1.933593537019869357 ) ) ;
#462 = DIRECTION ( 'NONE',  ( 1.000000000000000000, 0.000000000000000000, -0.000000000000000000 ) ) ;
#463 = PLANE ( 'NONE',  #82 ) ;
#464 = VERTEX_POINT ( 'NONE', #810 ) ;
#465 = CARTESIAN_POINT ( 'NONE',  ( 5.099999999999787370, 2.006374735774508089, -1.501207249596228088 ) ) ;
#466 = CARTESIAN_POINT ( 'NONE',  ( 3.187793254301886314, 2.000000098407582527, -1.757931678432143707 ) ) ;
#467 = ADVANCED_FACE ( 'NONE', ( #89, #1193 ), #491, .T. ) ;
#468 = AXIS2_PLACEMENT_3D ( 'NONE', #884, #392, #899 ) ;
#469 = DIRECTION ( 'NONE',  ( 0.000000000000000000, 0.000000000000000000, -1.000000000000000000 ) ) ;
#470 = DIRECTION ( 'NONE',  ( -1.000000000000000000, 0.000000000000000000, 0.000000000000000000 ) ) ;
#471 = ORIENTED_EDGE ( 'NONE', *, *, #99, .T. ) ;
#472 = CARTESIAN_POINT ( 'NONE',  ( 5.319756103771140943, 2.000000065590308740, -2.053891420406489310 ) ) ;
#473 = CARTESIAN_POINT ( 'NONE',  ( 3.699999999999999289, 2.321756788088957357, -2.723175070000793063 ) ) ;
#474 = CARTESIAN_POINT ( 'NONE',  ( 5.100000000000001421, 2.324899531674573527, -2.731141774424144408 ) ) ;
#475 = EDGE_LOOP ( 'NONE', ( #92, #528, #1238, #143 ) ) ;
#476 = FACE_OUTER_BOUND ( 'NONE', #1260, .T. ) ;
#477 = EDGE_CURVE ( 'NONE', #870, #988, #995, .T. ) ;
#478 = DIRECTION ( 'NONE',  ( 0.000000000000000000, -1.000000000000000000, 0.000000000000000000 ) ) ;
#479 = AXIS2_PLACEMENT_3D ( 'NONE', #538, #947, #34 ) ;
#480 = CARTESIAN_POINT ( 'NONE',  ( 3.699999999999998845, 2.000000000000000000, 0.000000000000000000 ) ) ;
#481 = ORIENTED_EDGE ( 'NONE', *, *, #1046, .T. ) ;
#482 = CARTESIAN_POINT ( 'NONE',  ( 3.700000000000214673, 2.006374735774459683, -4.098792750403752017 ) ) ;
#483 = ADVANCED_FACE ( 'NONE', ( #1106 ), #916, .F. ) ;
#484 = AXIS2_PLACEMENT_3D ( 'NONE', #455, #564, #867 ) ;
#485 = DIRECTION ( 'NONE',  ( 0.000000000000000000, -1.000000000000000000, 0.000000000000000000 ) ) ;
#486 = VECTOR ( 'NONE', #184, 1000.000000000000000 ) ;
#487 = DIRECTION ( 'NONE',  ( 0.000000000000000000, 0.000000000000000000, -1.000000000000000000 ) ) ;
#488 = EDGE_LOOP ( 'NONE', ( #1087, #81, #173, #820 ) ) ;
#489 = CARTESIAN_POINT ( 'NONE',  ( 8.800000000000000711, 0.000000000000000000, 0.000000000000000000 ) ) ;
#490 = VECTOR ( 'NONE', #509, 1000.000000000000000 ) ;
#491 = PLANE ( 'NONE',  #153 ) ;
#492 = AXIS2_PLACEMENT_3D ( 'NONE', #990, #1007, #903 ) ;
#493 = EDGE_CURVE ( 'NONE', #1229, #58, #1201, .T. ) ;
#494 = CARTESIAN_POINT ( 'NONE',  ( 5.100000000000001421, 2.764749363575194518, -2.506341100622976992 ) ) ;
#495 = ORIENTED_EDGE ( 'NONE', *, *, #581, .F. ) ;
#496 = CARTESIAN_POINT ( 'NONE',  ( 5.842256745118715955, 2.000000065313369824, -1.622848157428855131 ) ) ;
#497 = CARTESIAN_POINT ( 'NONE',  ( 6.399999999999999467, 0.000000000000000000, -2.800000000000000711 ) ) ;
#498 = ADVANCED_FACE ( 'NONE', ( #1095 ), #1013, .F. ) ;
#499 = CARTESIAN_POINT ( 'NONE',  ( 2.399999999999999467, 1.524999999999993916, -3.625000000000000444 ) ) ;
#500 = CIRCLE ( 'NONE', #657, 0.8250000000000001776 ) ;
#501 = DIRECTION ( 'NONE',  ( 0.000000000000000000, -0.000000000000000000, 1.000000000000000000 ) ) ;
#502 = ORIENTED_EDGE ( 'NONE', *, *, #122, .T. ) ;
#503 = CARTESIAN_POINT ( 'NONE',  ( 5.099999999999930367, 2.014836776003515961, -4.096402190148073608 ) ) ;
#504 = FACE_OUTER_BOUND ( 'NONE', #488, .T. ) ;
#505 = DIRECTION ( 'NONE',  ( 0.000000000000000000, -0.000000000000000000, -1.000000000000000000 ) ) ;
#506 = ORIENTED_EDGE ( 'NONE', *, *, #7, .T. ) ;
#507 = CARTESIAN_POINT ( 'NONE',  ( 3.699999999999999289, 2.117085720770999657, -3.666406462980204228 ) ) ;
#508 = AXIS2_PLACEMENT_3D ( 'NONE', #408, #221, #501 ) ;
#509 = DIRECTION ( 'NONE',  ( -0.7071067811865422437, 0.7071067811865527908, -8.659560562354869996E-17 ) ) ;
#510 = CARTESIAN_POINT ( 'NONE',  ( 6.399999999999999467, 0.000000000000000000, -2.800000000000000711 ) ) ;
#511 = VECTOR ( 'NONE', #831, 1000.000000000000000 ) ;
#512 = DIRECTION ( 'NONE',  ( 0.000000000000000000, -1.000000000000000000, 0.000000000000000000 ) ) ;
#513 = ORIENTED_EDGE ( 'NONE', *, *, #427, .T. ) ;
#514 = CARTESIAN_POINT ( 'NONE',  ( 2.456568153468533300, 2.000000000000000000, -4.098785297640391789 ) ) ;
#515 = DIRECTION ( 'NONE',  ( 0.000000000000000000, -1.000000000000000000, 0.000000000000000000 ) ) ;
#516 = CARTESIAN_POINT ( 'NONE',  ( 3.699999999999998845, 9.500000000000000000, 0.0002963548515119539132 ) ) ;
#517 = CARTESIAN_POINT ( 'NONE',  ( 4.350000000000001421, 8.749999999999998224, 0.000000000000000000 ) ) ;
#518 = ORIENTED_EDGE ( 'NONE', *, *, #399, .F. ) ;
#519 = CARTESIAN_POINT ( 'NONE',  ( 3.699999999999999289, 2.438503555447199211, -2.918755062331746419 ) ) ;
#520 = ORIENTED_EDGE ( 'NONE', *, *, #122, .F. ) ;
#521 = EDGE_CURVE ( 'NONE', #25, #230, #1027, .T. ) ;
#522 = ADVANCED_FACE ( 'NONE', ( #1213 ), #396, .F. ) ;
#523 = CIRCLE ( 'NONE', #1200, 1.250000000000000222 ) ;
#524 = CARTESIAN_POINT ( 'NONE',  ( 6.350000000000001421, 3.250000000000000444, -5.599999999999999645 ) ) ;
#525 = CARTESIAN_POINT ( 'NONE',  ( 5.100000000000001421, 3.250000000000000444, -5.599999999999999645 ) ) ;
#526 = EDGE_CURVE ( 'NONE', #932, #1305, #802, .T. ) ;
#527 = DIRECTION ( 'NONE',  ( -0.000000000000000000, 0.000000000000000000, 1.000000000000000000 ) ) ;
#528 = ORIENTED_EDGE ( 'NONE', *, *, #954, .F. ) ;
#529 = CARTESIAN_POINT ( 'NONE',  ( 3.644439963059645571, 1.999999934409690372, -3.218298975501942216 ) ) ;
#530 = ORIENTED_EDGE ( 'NONE', *, *, #95, .F. ) ;
#531 = VECTOR ( 'NONE', #49, 1000.000000000000000 ) ;
#532 = LINE ( 'NONE', #8, #871 ) ;
#533 = DIRECTION ( 'NONE',  ( -1.000000000000000000, 2.628368902995161532E-16, 0.000000000000000000 ) ) ;
#534 = CARTESIAN_POINT ( 'NONE',  ( 6.350000000000001421, 2.000000000000000000, 0.000000000000000000 ) ) ;
#535 = ORIENTED_EDGE ( 'NONE', *, *, #1251, .T. ) ;
#536 = EDGE_CURVE ( 'NONE', #240, #1048, #1303, .T. ) ;
#537 = CARTESIAN_POINT ( 'NONE',  ( 5.100000000000002309, 2.282082219151924107, -2.864851767508233671 ) ) ;
#538 = CARTESIAN_POINT ( 'NONE',  ( 2.399999999999999467, 0.000000000000000000, -2.799999999999999822 ) ) ;
#539 = LINE ( 'NONE', #1150, #986 ) ;
#540 = DIRECTION ( 'NONE',  ( 0.000000000000000000, 1.000000000000000000, 0.000000000000000000 ) ) ;
#541 = ORIENTED_EDGE ( 'NONE', *, *, #773, .F. ) ;
#542 = CARTESIAN_POINT ( 'NONE',  ( 5.099999999999965894, 2.104201333806550167, -3.894806016491034750 ) ) ;
#543 = EDGE_LOOP ( 'NONE', ( #844, #1165, #139, #502, #864 ) ) ;
#544 = CIRCLE ( 'NONE', #1317, 0.7499999999999997780 ) ;
#545 = CARTESIAN_POINT ( 'NONE',  ( 6.350000000000001421, 2.000000000000000000, -2.799999999999999822 ) ) ;
#546 = CARTESIAN_POINT ( 'NONE',  ( 2.493884546261838864, 1.999999999642215087, -1.503311482767698104 ) ) ;
#547 = DIRECTION ( 'NONE',  ( -1.000000000000000000, -0.000000000000000000, -0.000000000000000000 ) ) ;
#548 = ORIENTED_EDGE ( 'NONE', *, *, #798, .T. ) ;
#549 = VECTOR ( 'NONE', #60, 1000.000000000000000 ) ;
#550 = CARTESIAN_POINT ( 'NONE',  ( 5.319756103770973077, 2.000000065590317178, -3.546108579593251431 ) ) ;
#551 = ORIENTED_EDGE ( 'NONE', *, *, #669, .T. ) ;
#552 = DIRECTION ( 'NONE',  ( -2.168404344971008868E-16, 1.000000000000000000, -0.000000000000000000 ) ) ;
#553 = VECTOR ( 'NONE', #1294, 1000.000000000000000 ) ;
#554 = CARTESIAN_POINT ( 'NONE',  ( 3.699999999999998401, 2.000000000000000000, -2.800000000000000266 ) ) ;
#555 = APPLICATION_PROTOCOL_DEFINITION ( 'draft international standard', 'automotive_design', 1998, #1168 ) ;
#556 = CARTESIAN_POINT ( 'NONE',  ( 2.399999999999999467, 0.000000000000000000, -1.974999999999999867 ) ) ;
#557 = CARTESIAN_POINT ( 'NONE',  ( 5.100000000000001421, 2.000000000000000000, -2.800000000000000266 ) ) ;
#558 = ORIENTED_EDGE ( 'NONE', *, *, #88, .F. ) ;
#559 = AXIS2_PLACEMENT_3D ( 'NONE', #22, #1029, #340 ) ;
#560 = EDGE_CURVE ( 'NONE', #693, #1055, #200, .T. ) ;
#561 = CARTESIAN_POINT ( 'NONE',  ( 5.025000000000000355, 0.000000000000000000, 0.000000000000000000 ) ) ;
#562 = CARTESIAN_POINT ( 'NONE',  ( 2.694213323800271898, 1.999999986586218581, -1.532952623210332543 ) ) ;
#563 = CARTESIAN_POINT ( 'NONE',  ( 8.800000000000000711, 2.000000000000000000, -5.599999999999999645 ) ) ;
#564 = DIRECTION ( 'NONE',  ( 2.168404344971008868E-16, 1.000000000000000000, 0.000000000000000000 ) ) ;
#565 = CARTESIAN_POINT ( 'NONE',  ( 5.423373396559234116, 1.999999901592417251, -3.667597242242567113 ) ) ;
#566 = ORIENTED_EDGE ( 'NONE', *, *, #233, .F. ) ;
#567 = ADVANCED_BREP_SHAPE_REPRESENTATION ( 'carriage-cable-adapter', ( #1248, #369 ), #1266 ) ;
#568 = CARTESIAN_POINT ( 'NONE',  ( 5.100000000000147971, 2.051991640274415385, -1.537559735847764175 ) ) ;
#569 = EDGE_CURVE ( 'NONE', #1244, #642, #281, .T. ) ;
#570 = ADVANCED_FACE ( 'NONE', ( #504 ), #1090, .F. ) ;
#571 = AXIS2_PLACEMENT_3D ( 'NONE', #453, #750, #880 ) ;
#572 = FACE_OUTER_BOUND ( 'NONE', #246, .T. ) ;
#573 = EDGE_CURVE ( 'NONE', #1311, #33, #586, .T. ) ;
#574 = CARTESIAN_POINT ( 'NONE',  ( 5.100000000000001421, 3.250000000000000444, -5.599999999999999645 ) ) ;
#575 = CARTESIAN_POINT ( 'NONE',  ( 3.699999999999998845, 2.000000000000000888, -2.799999999999999822 ) ) ;
#576 = VERTEX_POINT ( 'NONE', #1199 ) ;
#577 =( BOUNDED_SURFACE ( )  B_SPLINE_SURFACE ( 3, 2, ( 
 ( #1177, #1283, #763 ),
 ( #374, #465, #367 ),
 ( #780, #1056, #257 ),
 ( #664, #969, #1290 ),
 ( #1262, #568, #772 ),
 ( #265, #673, #160 ),
 ( #978, #140, #63 ),
 ( #273, #679, #1084 ),
 ( #168, #578, #983 ),
 ( #852, #242, #651 ),
 ( #795, #76, #496 ),
 ( #785, #1005, #175 ),
 ( #699, #1112, #891 ),
 ( #1204, #87, #694 ),
 ( #590, #886, #472 ),
 ( #1217, #585, #71 ),
 ( #1306, #378, #896 ),
 ( #289, #199, #1318 ) ),
 .UNSPECIFIED., .F., .F., .F. ) 
 B_SPLINE_SURFACE_WITH_KNOTS ( ( 4, 2, 2, 2, 2, 2, 2, 2, 4 ),
 ( 3, 3 ),
 ( 0.001954878585664665373, 0.002445456528350455332, 0.002936034471036245291, 0.003181323442379140054, 0.003426612413722035250, 0.003549256899393483065, 0.003671901385064930447, 0.003794545870736377828, 0.003917190356407825209 ),
 ( 0.000000000000000000, 1.000000000000000000 ),
 .UNSPECIFIED. ) 
 GEOMETRIC_REPRESENTATION_ITEM ( )  RATIONAL_B_SPLINE_SURFACE ( (
 ( 1.000000000000000000, 0.7071067811865398012, 1.000000000000000000),
 ( 1.000000000000000000, 0.7089612211609122028, 1.000000000000000000),
 ( 1.000000000000000000, 0.7112317796755297516, 1.000000000000000000),
 ( 1.000000000000000000, 0.7194237941407343184, 1.000000000000000000),
 ( 1.000000000000000000, 0.7247394082351628075, 1.000000000000000000),
 ( 1.000000000000000000, 0.7427118538910931766, 1.000000000000000000),
 ( 1.000000000000000000, 0.7503130820415140345, 1.000000000000000000),
 ( 1.000000000000000000, 0.7731856907807708179, 1.000000000000000000),
 ( 1.000000000000000000, 0.7885335540906500684, 1.000000000000000000),
 ( 1.000000000000000000, 0.8244806815885281637, 1.000000000000000000),
 ( 1.000000000000000000, 0.8386777096603017512, 1.000000000000000000),
 ( 1.000000000000000000, 0.8723193565690642304, 1.000000000000000000),
 ( 1.000000000000000000, 0.8919336115355174233, 1.000000000000000000),
 ( 1.000000000000000000, 0.9333159292653172567, 1.000000000000000000),
 ( 1.000000000000000000, 0.9551874549096794897, 1.000000000000000000),
 ( 1.000000000000000000, 0.9889697114301216896, 1.000000000000000000),
 ( 1.000000000000000000, 1.000272277120965558, 1.000000000000000000),
 ( 1.000000000000000000, 1.000000000000000000, 1.000000000000000000) ) ) 
 REPRESENTATION_ITEM ( '' )  SURFACE ( )  );
#578 = CARTESIAN_POINT ( 'NONE',  ( 5.100000000000000533, 2.112552449064918125, -1.757232109830666245 ) ) ;
#579 = CARTESIAN_POINT ( 'NONE',  ( 2.753027037220112216, 2.000000063962551700, -1.544554605539872894 ) ) ;
#580 = CIRCLE ( 'NONE', #23, 1.300000000000000044 ) ;
#581 = EDGE_CURVE ( 'NONE', #230, #216, #352, .T. ) ;
#582 = CARTESIAN_POINT ( 'NONE',  ( 4.449999999999999289, 8.749999999999998224, -5.600296354851507452 ) ) ;
#583 = CARTESIAN_POINT ( 'NONE',  ( 3.699999999999998845, 3.250000000000000444, -1.500961894323342039 ) ) ;
#584 = ORIENTED_EDGE ( 'NONE', *, *, #67, .F. ) ;
#585 = CARTESIAN_POINT ( 'NONE',  ( 5.100000000000020073, 2.040705452472812986, -2.579541887754122964 ) ) ;
#586 = CIRCLE ( 'NONE', #451, 1.300000000000000044 ) ;
#587 = DIRECTION ( 'NONE',  ( -0.000000000000000000, 1.000000000000000000, 0.000000000000000000 ) ) ;
#588 = CYLINDRICAL_SURFACE ( 'NONE', #1014, 0.7499999999999997780 ) ;
#589 = ORIENTED_EDGE ( 'NONE', *, *, #14, .F. ) ;
#590 = CARTESIAN_POINT ( 'NONE',  ( 5.100000000000001421, 2.161961970099921082, -2.766135972845782831 ) ) ;
#591 = DIRECTION ( 'NONE',  ( 0.000000000000000000, -0.000000000000000000, -1.000000000000000000 ) ) ;
#592 = EDGE_CURVE ( 'NONE', #731, #762, #217, .T. ) ;
#593 = CARTESIAN_POINT ( 'NONE',  ( 4.400000000000000355, 9.498331477354788888, -2.799999999999997602 ) ) ;
#594 = ORIENTED_EDGE ( 'NONE', *, *, #631, .F. ) ;
#595 = CARTESIAN_POINT ( 'NONE',  ( 4.449999999999999289, 8.749999999999998224, 0.0002963548515119539132 ) ) ;
#596 = AXIS2_PLACEMENT_3D ( 'NONE', #610, #1080, #270 ) ;
#597 = DIRECTION ( 'NONE',  ( -1.000000000000000000, -3.336006684570782608E-16, 0.000000000000000000 ) ) ;
#598 = EDGE_CURVE ( 'NONE', #1140, #1227, #391, .T. ) ;
#599 = VECTOR ( 'NONE', #924, 1000.000000000000000 ) ;
#600 = CARTESIAN_POINT ( 'NONE',  ( 5.100000000000000533, 3.250000000000000444, -1.666752422403592782 ) ) ;
#601 = ORIENTED_EDGE ( 'NONE', *, *, #128, .F. ) ;
#602 = DIRECTION ( 'NONE',  ( 0.000000000000000000, 0.000000000000000000, -1.000000000000000000 ) ) ;
#603 = ADVANCED_FACE ( 'NONE', ( #823 ), #1256, .F. ) ;
#604 = CARTESIAN_POINT ( 'NONE',  ( 6.400000000000001243, 2.000000000000000444, -2.799999999999999822 ) ) ;
#605 = DIRECTION ( 'NONE',  ( 1.000000000000000000, 0.000000000000000000, 0.000000000000000000 ) ) ;
#606 = FACE_OUTER_BOUND ( 'NONE', #612, .T. ) ;
#607 = ORIENTED_EDGE ( 'NONE', *, *, #394, .T. ) ;
#608 = PLANE ( 'NONE',  #142 ) ;
#609 = DIRECTION ( 'NONE',  ( 1.000000000000000000, 0.000000000000000000, 0.000000000000000000 ) ) ;
#610 = CARTESIAN_POINT ( 'NONE',  ( 2.449999999999998845, 3.250000000000000444, 0.000000000000000000 ) ) ;
#611 = CARTESIAN_POINT ( 'NONE',  ( 5.100000000000001421, 8.749999999999998224, 0.0002963548515119539132 ) ) ;
#612 = EDGE_LOOP ( 'NONE', ( #319, #518, #149, #749 ) ) ;
#613 = CARTESIAN_POINT ( 'NONE',  ( 2.957743254881369577, 2.000000065313378261, -3.977151842571120532 ) ) ;
#614 = DIRECTION ( 'NONE',  ( 1.000000000000000000, 0.000000000000000000, 0.000000000000000000 ) ) ;
#615 = CIRCLE ( 'NONE', #957, 1.300000000000000044 ) ;
#616 = DIRECTION ( 'NONE',  ( 1.000000000000000000, -3.336006684570782608E-16, 0.000000000000000000 ) ) ;
#617 = DIRECTION ( 'NONE',  ( -2.168404344971008868E-16, -1.000000000000000000, -0.000000000000000000 ) ) ;
#618 = ORIENTED_EDGE ( 'NONE', *, *, #223, .T. ) ;
#619 = CARTESIAN_POINT ( 'NONE',  ( 3.699999999999999289, 2.202214569395183563, -2.843380156737614239 ) ) ;
#620 = ORIENTED_EDGE ( 'NONE', *, *, #493, .F. ) ;
#621 = DIRECTION ( 'NONE',  ( 2.168404344971008868E-16, 1.000000000000000000, 0.000000000000000000 ) ) ;
#622 = VECTOR ( 'NONE', #640, 1000.000000000000000 ) ;
#623 = DIRECTION ( 'NONE',  ( 0.000000000000000000, 0.000000000000000000, 1.000000000000000000 ) ) ;
#624 = VECTOR ( 'NONE', #285, 1000.000000000000000 ) ;
#625 = DIRECTION ( 'NONE',  ( 1.000000000000000000, 0.000000000000000000, 0.000000000000000000 ) ) ;
#626 = ORIENTED_EDGE ( 'NONE', *, *, #696, .F. ) ;
#627 = CARTESIAN_POINT ( 'NONE',  ( 3.699999999999998845, 2.823540864532905204, -3.152561859451207038 ) ) ;
#628 = ORIENTED_EDGE ( 'NONE', *, *, #183, .T. ) ;
#629 = CARTESIAN_POINT ( 'NONE',  ( 8.800000000000000711, 2.000000000000000000, -5.599999999999999645 ) ) ;
#630 = APPLICATION_CONTEXT ( 'automotive_design' ) ;
#631 = EDGE_CURVE ( 'NONE', #1311, #925, #302, .T. ) ;
#632 = LINE ( 'NONE', #942, #727 ) ;
#633 = CARTESIAN_POINT ( 'NONE',  ( 7.700000000000001066, 2.000000000000000000, -2.799999999999999822 ) ) ;
#634 = ORIENTED_EDGE ( 'NONE', *, *, #905, .T. ) ;
#635 = AXIS2_PLACEMENT_3D ( 'NONE', #152, #346, #961 ) ;
#636 = EDGE_CURVE ( 'NONE', #107, #1282, #73, .T. ) ;
#637 = CARTESIAN_POINT ( 'NONE',  ( 3.699999999203222867, 2.020229012222852116, -2.909236164882323727 ) ) ;
#638 = CARTESIAN_POINT ( 'NONE',  ( 2.449999999999998845, 2.000000000000000444, -4.099038105676657828 ) ) ;
#639 = EDGE_CURVE ( 'NONE', #907, #1048, #433, .T. ) ;
#640 = DIRECTION ( 'NONE',  ( -0.000000000000000000, -0.000000000000000000, 1.000000000000000000 ) ) ;
#641 = CARTESIAN_POINT ( 'NONE',  ( 0.000000000000000000, 2.000000000000000000, -5.599999999999999645 ) ) ;
#642 = VERTEX_POINT ( 'NONE', #314 ) ;
#643 = CARTESIAN_POINT ( 'NONE',  ( 5.100000000000002309, 2.552035295015751437, -2.968640005332254361 ) ) ;
#644 = VECTOR ( 'NONE', #913, 999.9999999999998863 ) ;
#645 = CARTESIAN_POINT ( 'NONE',  ( 3.699999999999998845, 3.250000000000000444, -5.599999999999999645 ) ) ;
#646 = LINE ( 'NONE', #935, #622 ) ;
#647 = CONICAL_SURFACE ( 'NONE', #559, 1.300000000000000044, 0.7853981633974410625 ) ;
#648 = ORIENTED_EDGE ( 'NONE', *, *, #333, .T. ) ;
#649 = CARTESIAN_POINT ( 'NONE',  ( 5.100000000000001421, 2.760175099125757203, -3.100379732402079203 ) ) ;
#650 = VERTEX_POINT ( 'NONE', #720 ) ;
#651 = CARTESIAN_POINT ( 'NONE',  ( 5.900937905399117334, 1.999999968018739027, -1.598488543045662569 ) ) ;
#652 = CARTESIAN_POINT ( 'NONE',  ( 3.700000000000251088, 2.006374735774552942, -1.501207249596235416 ) ) ;
#653 = LINE ( 'NONE', #753, #320 ) ;
#654 = ORIENTED_EDGE ( 'NONE', *, *, #933, .T. ) ;
#655 = CARTESIAN_POINT ( 'NONE',  ( 3.699999999999998845, 2.000000000000000000, -5.599999999999999645 ) ) ;
#656 = ORIENTED_EDGE ( 'NONE', *, *, #873, .F. ) ;
#657 = AXIS2_PLACEMENT_3D ( 'NONE', #1182, #44, #364 ) ;
#658 = FACE_OUTER_BOUND ( 'NONE', #356, .T. ) ;
#659 = CARTESIAN_POINT ( 'NONE',  ( 2.957743254881460171, 2.000000065313377817, -1.622848157428925298 ) ) ;
#660 = LINE ( 'NONE', #534, #531 ) ;
#661 = ORIENTED_EDGE ( 'NONE', *, *, #766, .F. ) ;
#662 = CARTESIAN_POINT ( 'NONE',  ( 5.612206745698223642, 2.000000098407582971, -3.842068321567958744 ) ) ;
#663 = ORIENTED_EDGE ( 'NONE', *, *, #1285, .F. ) ;
#664 = CARTESIAN_POINT ( 'NONE',  ( 5.100000000000001421, 3.091284997662847367, -2.133135787015700391 ) ) ;
#665 = VECTOR ( 'NONE', #420, 1000.000000000000000 ) ;
#666 = CARTESIAN_POINT ( 'NONE',  ( 2.899062094601098316, 1.999999968018723484, -1.598488543045759602 ) ) ;
#667 = DIRECTION ( 'NONE',  ( -1.000000000000000000, -0.000000000000000000, -0.000000000000000000 ) ) ;
#668 = LINE ( 'NONE', #50, #769 ) ;
#669 = EDGE_CURVE ( 'NONE', #1295, #58, #838, .T. ) ;
#670 = EDGE_CURVE ( 'NONE', #731, #848, #321, .T. ) ;
#671 = CARTESIAN_POINT ( 'NONE',  ( 2.399999999999999467, 1.524999999999993916, -2.799999999999999822 ) ) ;
#672 = ORIENTED_EDGE ( 'NONE', *, *, #598, .T. ) ;
#673 = CARTESIAN_POINT ( 'NONE',  ( 5.099999999999930367, 2.078023376618320484, -1.598872989486232354 ) ) ;
#674 = CARTESIAN_POINT ( 'NONE',  ( 8.800000000000000711, 2.000000000000000000, 0.000000000000000000 ) ) ;
#675 = EDGE_CURVE ( 'NONE', #807, #1295, #892, .T. ) ;
#676 = LINE ( 'NONE', #1008, #252 ) ;
#677 = CARTESIAN_POINT ( 'NONE',  ( 3.700000000000000178, 3.217132014833616438, -3.770057891312195597 ) ) ;
#678 = VERTEX_POINT ( 'NONE', #645 ) ;
#679 = CARTESIAN_POINT ( 'NONE',  ( 5.100000000000000533, 2.104201333806568375, -1.705193983508885625 ) ) ;
#680 = CARTESIAN_POINT ( 'NONE',  ( 3.699999999999999289, 2.161961970099851804, -2.766135972845770397 ) ) ;
#681 = DIRECTION ( 'NONE',  ( 1.000000000000000000, -0.000000000000000000, 0.000000000000000000 ) ) ;
#682 = ORIENTED_EDGE ( 'NONE', *, *, #526, .F. ) ;
#683 = CIRCLE ( 'NONE', #103, 0.7499999999999997780 ) ;
#684 = LINE ( 'NONE', #1312, #738 ) ;
#685 = CARTESIAN_POINT ( 'NONE',  ( 3.699999999999998845, 2.000000000000000000, 0.000000000000000000 ) ) ;
#686 = CARTESIAN_POINT ( 'NONE',  ( 6.400000000000001243, 2.000000000000000444, -2.799999999999999822 ) ) ;
#687 = CARTESIAN_POINT ( 'NONE',  ( 5.099999999999999645, 3.090975275697044555, -2.133652418229828651 ) ) ;
#688 = ORIENTED_EDGE ( 'NONE', *, *, #1277, .T. ) ;
#689 = CARTESIAN_POINT ( 'NONE',  ( 3.699999999999999289, 3.250000000000000444, -4.099038105676728883 ) ) ;
#690 = VECTOR ( 'NONE', #695, 1000.000000000000000 ) ;
#691 = CARTESIAN_POINT ( 'NONE',  ( 5.100000000000001421, 9.500000000000000000, 0.0002963548515119539132 ) ) ;
#692 = CARTESIAN_POINT ( 'NONE',  ( 3.699999999999998845, 3.250000000000000444, -1.666752547249460648 ) ) ;
#693 = VERTEX_POINT ( 'NONE', #922 ) ;
#694 = CARTESIAN_POINT ( 'NONE',  ( 5.423373396559328263, 1.999999901592414142, -1.932402757757303524 ) ) ;
#695 = DIRECTION ( 'NONE',  ( 1.000000000000000000, 0.000000000000000000, 0.000000000000000000 ) ) ;
#696 = EDGE_CURVE ( 'NONE', #1229, #1111, #1301, .T. ) ;
#697 = CARTESIAN_POINT ( 'NONE',  ( 5.100000000000001421, 3.250000000000000444, -1.500961894323342039 ) ) ;
#698 = ORIENTED_EDGE ( 'NONE', *, *, #873, .T. ) ;
#699 = CARTESIAN_POINT ( 'NONE',  ( 5.100000000000001421, 2.282082219152024027, -2.735148232491717568 ) ) ;
#700 = VECTOR ( 'NONE', #1187, 1000.000000000000000 ) ;
#701 = CARTESIAN_POINT ( 'NONE',  ( 2.399999999999999467, 2.000000000000000444, -2.799999999999999822 ) ) ;
#702 = AXIS2_PLACEMENT_3D ( 'NONE', #1215, #308, #124 ) ;
#703 = FACE_OUTER_BOUND ( 'NONE', #436, .T. ) ;
#704 = ORIENTED_EDGE ( 'NONE', *, *, #233, .T. ) ;
#705 = ADVANCED_FACE ( 'NONE', ( #227, #115 ), #845, .T. ) ;
#706 = FACE_OUTER_BOUND ( 'NONE', #438, .T. ) ;
#707 = DIRECTION ( 'NONE',  ( -1.000000000000000000, 0.000000000000000000, 0.000000000000000000 ) ) ;
#708 = CARTESIAN_POINT ( 'NONE',  ( 6.399999999999999467, 0.000000000000000000, -1.975000000000000533 ) ) ;
#709 = DIRECTION ( 'NONE',  ( 0.000000000000000000, 0.000000000000000000, -1.000000000000000000 ) ) ;
#710 = ORIENTED_EDGE ( 'NONE', *, *, #639, .T. ) ;
#711 = CARTESIAN_POINT ( 'NONE',  ( 3.699999999999998845, 2.999079426497877510, -3.328663096328826843 ) ) ;
#712 = VERTEX_POINT ( 'NONE', #20 ) ;
#713 = DIRECTION ( 'NONE',  ( -0.000000000000000000, -0.000000000000000000, -1.000000000000000000 ) ) ;
#714 = CARTESIAN_POINT ( 'NONE',  ( 4.350000000000001421, 8.749999999999998224, 0.0002963548515119539132 ) ) ;
#715 = EDGE_CURVE ( 'NONE', #1155, #232, #532, .T. ) ;
#716 = AXIS2_PLACEMENT_3D ( 'NONE', #1133, #515, #1035 ) ;
#717 = FACE_OUTER_BOUND ( 'NONE', #1268, .T. ) ;
#718 = EDGE_LOOP ( 'NONE', ( #495, #19, #634, #4, #589, #918 ) ) ;
#719 = CARTESIAN_POINT ( 'NONE',  ( 6.287240880478636385, 2.000000006287632637, -4.095863473245202613 ) ) ;
#720 = CARTESIAN_POINT ( 'NONE',  ( 5.100000000000001421, 2.000000000000000000, -5.599999999999999645 ) ) ;
#721 = FACE_OUTER_BOUND ( 'NONE', #1118, .T. ) ;
#722 = CARTESIAN_POINT ( 'NONE',  ( 0.000000000000000000, 0.000000000000000000, 0.000000000000000000 ) ) ;
#723 = VERTEX_POINT ( 'NONE', #927 ) ;
#724 = CARTESIAN_POINT ( 'NONE',  ( 3.700000000000017053, 2.078023376618315599, -4.001127010513589433 ) ) ;
#725 = ORIENTED_EDGE ( 'NONE', *, *, #1181, .T. ) ;
#726 = DIRECTION ( 'NONE',  ( -0.000000000000000000, 1.000000000000000000, -0.000000000000000000 ) ) ;
#727 = VECTOR ( 'NONE', #1128, 1000.000000000000000 ) ;
#728 = CARTESIAN_POINT ( 'NONE',  ( 6.399999999999999467, 0.000000000000000000, -1.975000000000000533 ) ) ;
#729 = AXIS2_PLACEMENT_3D ( 'NONE', #1022, #220, #1232 ) ;
#730 = DIRECTION ( 'NONE',  ( -1.000000000000000000, 0.000000000000000000, 0.000000000000000000 ) ) ;
#731 = VERTEX_POINT ( 'NONE', #638 ) ;
#732 = CARTESIAN_POINT ( 'NONE',  ( 3.699999999999999289, 2.624722958526341632, -3.008528872186077230 ) ) ;
#733 = VERTEX_POINT ( 'NONE', #629 ) ;
#734 = EDGE_CURVE ( 'NONE', #576, #807, #306, .T. ) ;
#735 = CARTESIAN_POINT ( 'NONE',  ( 1.099999999999999201, 2.000000000000000000, -2.799999999999999822 ) ) ;
#736 = CARTESIAN_POINT ( 'NONE',  ( 3.224999999999999645, 1.524999999999993916, -2.799999999999999822 ) ) ;
#737 = EDGE_LOOP ( 'NONE', ( #794, #409, #1160, #202 ) ) ;
#738 = VECTOR ( 'NONE', #1192, 1000.000000000000000 ) ;
#739 = EDGE_CURVE ( 'NONE', #642, #907, #1224, .T. ) ;
#740 = CARTESIAN_POINT ( 'NONE',  ( 5.100000000000001421, 2.000000000000000888, -4.099038105676657828 ) ) ;
#741 = ORIENTED_EDGE ( 'NONE', *, *, #54, .T. ) ;
#742 = CARTESIAN_POINT ( 'NONE',  ( 2.399999999999999467, 2.000000000000000444, -2.799999999999999822 ) ) ;
#743 = DIRECTION ( 'NONE',  ( 1.000000000000000000, 0.000000000000000000, 0.000000000000000000 ) ) ;
#744 = CIRCLE ( 'NONE', #484, 0.8250000000000001776 ) ;
#745 = PRODUCT_DEFINITION_SHAPE ( 'NONE', 'NONE',  #1042 ) ;
#746 = LINE ( 'NONE', #1065, #236 ) ;
#747 = ORIENTED_EDGE ( 'NONE', *, *, #88, .T. ) ;
#748 = CARTESIAN_POINT ( 'NONE',  ( 5.100000000000001421, 2.399987880702115994, -2.903788859910744868 ) ) ;
#749 = ORIENTED_EDGE ( 'NONE', *, *, #162, .F. ) ;
#750 = DIRECTION ( 'NONE',  ( 0.000000000000000000, 0.000000000000000000, -1.000000000000000000 ) ) ;
#751 = CARTESIAN_POINT ( 'NONE',  ( 6.400000000000001243, 2.000000000000000444, -2.799999999999999822 ) ) ;
#752 = AXIS2_PLACEMENT_3D ( 'NONE', #751, #330, #616 ) ;
#753 = CARTESIAN_POINT ( 'NONE',  ( 0.000000000000000000, 2.000000000000000000, -5.599999999999999645 ) ) ;
#754 = ORIENTED_EDGE ( 'NONE', *, *, #1137, .F. ) ;
#755 = CARTESIAN_POINT ( 'NONE',  ( 5.100000000000001421, 2.000000000000000000, -2.799999999999999822 ) ) ;
#756 = ORIENTED_EDGE ( 'NONE', *, *, #904, .T. ) ;
#757 = CARTESIAN_POINT ( 'NONE',  ( 5.100000000000001421, 3.217131966803163490, -3.770057648901873559 ) ) ;
#758 = CARTESIAN_POINT ( 'NONE',  ( 2.464584667352690328, 2.000000000357784913, -1.501522335976006817 ) ) ;
#759 =( LENGTH_UNIT ( ) NAMED_UNIT ( * ) SI_UNIT ( .MILLI., .METRE. ) );
#760 = ORIENTED_EDGE ( 'NONE', *, *, #1136, .T. ) ;
#761 = CARTESIAN_POINT ( 'NONE',  ( 5.099999999999983658, 2.106367322070681336, -3.477899948548177633 ) ) ;
#762 = VERTEX_POINT ( 'NONE', #735 ) ;
#763 = CARTESIAN_POINT ( 'NONE',  ( 6.350000000000028955, 2.000000000000000000, -1.500961894323341816 ) ) ;
#764 = CIRCLE ( 'NONE', #186, 0.8250000000000001776 ) ;
#765 = CARTESIAN_POINT ( 'NONE',  ( 3.699999999999998845, 2.087101689829728990, -1.624879758585831446 ) ) ;
#766 = EDGE_CURVE ( 'NONE', #762, #1311, #911, .T. ) ;
#767 = FACE_OUTER_BOUND ( 'NONE', #982, .T. ) ;
#768 = ORIENTED_EDGE ( 'NONE', *, *, #1253, .T. ) ;
#769 = VECTOR ( 'NONE', #156, 999.9999999999998863 ) ;
#770 = DIRECTION ( 'NONE',  ( -1.000000000000000000, 0.000000000000000000, -0.000000000000000000 ) ) ;
#771 = ORIENTED_EDGE ( 'NONE', *, *, #560, .F. ) ;
#772 = CARTESIAN_POINT ( 'NONE',  ( 6.287240880478772276, 2.000000006287586451, -1.504136526754832781 ) ) ;
#773 = EDGE_CURVE ( 'NONE', #1004, #430, #829, .T. ) ;
#774 = CIRCLE ( 'NONE', #259, 0.8250000000000001776 ) ;
#775 = CARTESIAN_POINT ( 'NONE',  ( 3.699999999999999289, 2.282082219151924996, -2.735148232491767306 ) ) ;
#776 = ADVANCED_FACE ( 'NONE', ( #135 ), #121, .F. ) ;
#777 = ORIENTED_EDGE ( 'NONE', *, *, #162, .T. ) ;
#778 = CYLINDRICAL_SURFACE ( 'NONE', #415, 0.6249999999999996669 ) ;
#779 = ORIENTED_EDGE ( 'NONE', *, *, #323, .T. ) ;
#780 = CARTESIAN_POINT ( 'NONE',  ( 5.100000000000001421, 3.217337578177602353, -1.829217302228137498 ) ) ;
#781 = ADVANCED_FACE ( 'NONE', ( #206 ), #459, .F. ) ;
#782 = CARTESIAN_POINT ( 'NONE',  ( 3.699999999999999289, 2.438503555447165017, -2.681244937668271433 ) ) ;
#783 = CARTESIAN_POINT ( 'NONE',  ( 3.699999999999999734, 2.764749363575194518, -3.093658899377024873 ) ) ;
#784 = VERTEX_POINT ( 'NONE', #446 ) ;
#785 = CARTESIAN_POINT ( 'NONE',  ( 5.100000000000001421, 2.321756788089111456, -2.723175070000730891 ) ) ;
#786 = CARTESIAN_POINT ( 'NONE',  ( 3.376626603440657348, 1.999999901592417695, -1.932402757757332390 ) ) ;
#787 = LINE ( 'NONE', #888, #169 ) ;
#788 = CARTESIAN_POINT ( 'NONE',  ( 0.000000000000000000, 0.000000000000000000, -5.599999999999999645 ) ) ;
#789 = ORIENTED_EDGE ( 'NONE', *, *, #739, .F. ) ;
#790 = VECTOR ( 'NONE', #966, 1000.000000000000000 ) ;
#791 = DIRECTION ( 'NONE',  ( -1.000000000000000000, 2.628368902995161532E-16, 0.000000000000000000 ) ) ;
#792 = CARTESIAN_POINT ( 'NONE',  ( 2.399999999999999467, 2.000000000000000444, -2.799999999999999822 ) ) ;
#793 = CARTESIAN_POINT ( 'NONE',  ( 3.699999999999999734, 3.217131966803164378, -1.829942351098126530 ) ) ;
#794 = ORIENTED_EDGE ( 'NONE', *, *, #1285, .T. ) ;
#795 = CARTESIAN_POINT ( 'NONE',  ( 5.100000000000001421, 2.399987880702271870, -2.696211140089211256 ) ) ;
#796 = VECTOR ( 'NONE', #296, 1000.000000000000000 ) ;
#797 = DIRECTION ( 'NONE',  ( -1.000000000000000000, -3.336006684570782608E-16, 0.000000000000000000 ) ) ;
#798 = EDGE_CURVE ( 'NONE', #1282, #1140, #1070, .T. ) ;
#799 = FACE_OUTER_BOUND ( 'NONE', #365, .T. ) ;
#800 = ORIENTED_EDGE ( 'NONE', *, *, #1240, .T. ) ;
#801 = DIRECTION ( 'NONE',  ( -2.168404344971008868E-16, 1.000000000000000000, -0.000000000000000000 ) ) ;
#802 = LINE ( 'NONE', #1308, #690 ) ;
#803 = AXIS2_PLACEMENT_3D ( 'NONE', #108, #552, #458 ) ;
#804 = PRODUCT_RELATED_PRODUCT_CATEGORY ( 'part', '', ( #1125 ) ) ;
#805 = EDGE_CURVE ( 'NONE', #464, #448, #951, .T. ) ;
#806 = CARTESIAN_POINT ( 'NONE',  ( 3.699999999999999734, 2.162264906904160622, -2.767543686986196683 ) ) ;
#807 = VERTEX_POINT ( 'NONE', #872 ) ;
#808 = CARTESIAN_POINT ( 'NONE',  ( 0.000000000000000000, 2.000000000000000000, 0.000000000000000000 ) ) ;
#809 = EDGE_CURVE ( 'NONE', #58, #1227, #837, .T. ) ;
#810 = CARTESIAN_POINT ( 'NONE',  ( 2.399999999999999467, 0.000000000000000000, -3.625000000000000444 ) ) ;
#811 = CARTESIAN_POINT ( 'NONE',  ( 6.400000000000001243, 1.524999999999993916, -2.799999999999999822 ) ) ;
#812 = SURFACE_STYLE_FILL_AREA ( #1220 ) ;
#813 = ORIENTED_EDGE ( 'NONE', *, *, #59, .T. ) ;
#814 = CARTESIAN_POINT ( 'NONE',  ( 5.100000000000001421, 3.250000005513243195, -3.933495572740405066 ) ) ;
#815 = AXIS2_PLACEMENT_3D ( 'NONE', #524, #1148, #614 ) ;
#816 = ADVANCED_FACE ( 'NONE', ( #658 ), #1163, .F. ) ;
#817 = DIRECTION ( 'NONE',  ( 0.000000000000000000, -1.000000000000000000, -5.719383300295531981E-13 ) ) ;
#818 = DIRECTION ( 'NONE',  ( -1.000000000000000000, -2.628368902995161532E-16, 0.000000000000000000 ) ) ;
#819 = FACE_OUTER_BOUND ( 'NONE', #11, .T. ) ;
#820 = ORIENTED_EDGE ( 'NONE', *, *, #904, .F. ) ;
#821 = CARTESIAN_POINT ( 'NONE',  ( 2.464584667352729408, 2.000000000357804453, -4.098477664024039235 ) ) ;
#822 = VERTEX_POINT ( 'NONE', #865 ) ;
#823 = FACE_OUTER_BOUND ( 'NONE', #1011, .T. ) ;
#824 = DIRECTION ( 'NONE',  ( 1.000000000000000000, -0.000000000000000000, 0.000000000000000000 ) ) ;
#825 = CIRCLE ( 'NONE', #1037, 0.8250000000000001776 ) ;
#826 = CARTESIAN_POINT ( 'NONE',  ( 6.350000000000001421, 3.250000000000000444, 0.0002963548515119539132 ) ) ;
#827 = VERTEX_POINT ( 'NONE', #561 ) ;
#828 = CARTESIAN_POINT ( 'NONE',  ( 3.376626603440685326, 1.999999901592416363, -3.667597242242651046 ) ) ;
#829 = LINE ( 'NONE', #1239, #849 ) ;
#830 = ADVANCED_FACE ( 'NONE', ( #146 ), #1184, .F. ) ;
#831 = DIRECTION ( 'NONE',  ( -0.000000000000000000, -1.000000000000000000, -0.000000000000000000 ) ) ;
#832 = DIRECTION ( 'NONE',  ( -1.000000000000000000, -0.000000000000000000, -0.000000000000000000 ) ) ;
#833 = ORIENTED_EDGE ( 'NONE', *, *, #971, .T. ) ;
#834 = ADVANCED_FACE ( 'NONE', ( #249 ), #577, .F. ) ;
#835 = CARTESIAN_POINT ( 'NONE',  ( 3.700000000000008171, 2.074324422493420084, -3.222772279364155334 ) ) ;
#836 = ORIENTED_EDGE ( 'NONE', *, *, #261, .T. ) ;
#837 = B_SPLINE_CURVE_WITH_KNOTS ( 'NONE', 3,
 ( #859, #40, #955, #353, #1269, #1078, #46, #757, #440, #1169 ),
 .UNSPECIFIED., .F., .F.,
 ( 4, 2, 2, 2, 4 ),
 ( -7.071067763562026689E-06, 0.0004893660484995074464, 0.0009858031647625767856, 0.001482240281025646233, 0.001978677397288715681 ),
 .UNSPECIFIED. ) ;
#838 = LINE ( 'NONE', #1127, #490 ) ;
#839 = DIRECTION ( 'NONE',  ( 2.168404344971008868E-16, 1.000000000000000000, 0.000000000000000000 ) ) ;
#840 = AXIS2_PLACEMENT_3D ( 'NONE', #510, #853, #1252 ) ;
#841 = EDGE_CURVE ( 'NONE', #1295, #723, #275, .T. ) ;
#842 = ORIENTED_EDGE ( 'NONE', *, *, #1314, .F. ) ;
#843 = CARTESIAN_POINT ( 'NONE',  ( 3.699999999999998401, 2.000000000000000000, -2.800000000000000266 ) ) ;
#844 = ORIENTED_EDGE ( 'NONE', *, *, #805, .F. ) ;
#845 = PLANE ( 'NONE',  #716 ) ;
#846 = CARTESIAN_POINT ( 'NONE',  ( 5.100000000000001421, 2.000000000000000000, 0.0002963548515119539132 ) ) ;
#847 = DIRECTION ( 'NONE',  ( 1.000000000000000000, 0.000000000000000000, 0.000000000000000000 ) ) ;
#848 = VERTEX_POINT ( 'NONE', #389 ) ;
#849 = VECTOR ( 'NONE', #939, 1000.000000000000000 ) ;
#850 = CARTESIAN_POINT ( 'NONE',  ( 3.699999999999998845, 8.749999999999998224, 0.0002963548515119539132 ) ) ;
#851 = ORIENTED_EDGE ( 'NONE', *, *, #598, .F. ) ;
#852 = CARTESIAN_POINT ( 'NONE',  ( 5.100000000000001421, 2.438503555447336879, -2.681244937668212369 ) ) ;
#853 = DIRECTION ( 'NONE',  ( 0.000000000000000000, 1.000000000000000000, 0.000000000000000000 ) ) ;
#854 = VECTOR ( 'NONE', #381, 1000.000000000000000 ) ;
#855 = APPLICATION_PROTOCOL_DEFINITION ( 'draft international standard', 'automotive_design', 1998, #630 ) ;
#856 = ORIENTED_EDGE ( 'NONE', *, *, #798, .F. ) ;
#857 = CARTESIAN_POINT ( 'NONE',  ( 5.100000000000002309, 2.438503555447181892, -2.918755062331729544 ) ) ;
#858 = EDGE_LOOP ( 'NONE', ( #1300, #362, #1208, #741, #293, #471, #661 ) ) ;
#859 = CARTESIAN_POINT ( 'NONE',  ( 5.100000000000001421, 2.000000000000000888, -2.799999999999999822 ) ) ;
#860 = CARTESIAN_POINT ( 'NONE',  ( 3.699999999999998401, 2.040427901308237590, -2.791914452045027417 ) ) ;
#861 = AXIS2_PLACEMENT_3D ( 'NONE', #497, #1113, #1313 ) ;
#862 = ORIENTED_EDGE ( 'NONE', *, *, #333, .F. ) ;
#863 = LINE ( 'NONE', #247, #1231 ) ;
#864 = ORIENTED_EDGE ( 'NONE', *, *, #7, .F. ) ;
#865 = CARTESIAN_POINT ( 'NONE',  ( 5.100000000000001421, 2.000000000000000000, 0.000000000000000000 ) ) ;
#866 = CARTESIAN_POINT ( 'NONE',  ( 4.400000000000000355, 9.498331477354788888, 0.0002963548515119539132 ) ) ;
#867 = DIRECTION ( 'NONE',  ( -1.000000000000000000, 2.628368902995161532E-16, 0.000000000000000000 ) ) ;
#868 = ADVANCED_FACE ( 'NONE', ( #476 ), #608, .F. ) ;
#869 = CARTESIAN_POINT ( 'NONE',  ( 5.100000000000001421, 2.161961970099851804, -2.833864027154202603 ) ) ;
#870 = VERTEX_POINT ( 'NONE', #187 ) ;
#871 = VECTOR ( 'NONE', #411, 1000.000000000000000 ) ;
#872 = CARTESIAN_POINT ( 'NONE',  ( 6.399999999999999467, 1.524999999999993916, -3.625000000000000000 ) ) ;
#873 = EDGE_CURVE ( 'NONE', #442, #1004, #544, .T. ) ;
#874 = CARTESIAN_POINT ( 'NONE',  ( 5.100000000000001421, 8.749999999999998224, -5.600296354851507452 ) ) ;
#875 = VERTEX_POINT ( 'NONE', #489 ) ;
#876 = DIRECTION ( 'NONE',  ( 1.000000000000000000, 0.000000000000000000, 0.000000000000000000 ) ) ;
#877 = EDGE_CURVE ( 'NONE', #232, #822, #400, .T. ) ;
#878 = DIRECTION ( 'NONE',  ( -2.168404344971008868E-16, 1.000000000000000000, -0.000000000000000000 ) ) ;
#879 = ORIENTED_EDGE ( 'NONE', *, *, #155, .T. ) ;
#880 = DIRECTION ( 'NONE',  ( -1.000000000000000000, 0.000000000000000000, -0.000000000000000000 ) ) ;
#881 = VECTOR ( 'NONE', #104, 1000.000000000000000 ) ;
#882 = VECTOR ( 'NONE', #1052, 1000.000000000000000 ) ;
#883 = LINE ( 'NONE', #1114, #1261 ) ;
#884 = CARTESIAN_POINT ( 'NONE',  ( 2.449999999999998845, 3.250000000000000444, 0.0002963548515119539132 ) ) ;
#885 = ORIENTED_EDGE ( 'NONE', *, *, #1186, .F. ) ;
#886 = CARTESIAN_POINT ( 'NONE',  ( 5.099999999999981881, 2.074324422493451170, -2.377227720636351460 ) ) ;
#887 = FACE_OUTER_BOUND ( 'NONE', #304, .T. ) ;
#888 = CARTESIAN_POINT ( 'NONE',  ( 5.100000000000001421, 2.000000000000000000, 0.000000000000000000 ) ) ;
#889 = CARTESIAN_POINT ( 'NONE',  ( 5.100000000000002309, 2.162299106469334653, -2.767536846370911796 ) ) ;
#890 = ORIENTED_EDGE ( 'NONE', *, *, #841, .F. ) ;
#891 = CARTESIAN_POINT ( 'NONE',  ( 5.612206745698602894, 2.000000098407586080, -1.757931678431734479 ) ) ;
#892 = CIRCLE ( 'NONE', #100, 0.8250000000000001776 ) ;
#893 = DIRECTION ( 'NONE',  ( -2.168404344971008868E-16, 1.000000000000000000, -0.000000000000000000 ) ) ;
#894 = CARTESIAN_POINT ( 'NONE',  ( 3.699999999999998845, 2.000000000000000888, -2.799999999999999822 ) ) ;
#895 = ORIENTED_EDGE ( 'NONE', *, *, #159, .T. ) ;
#896 = CARTESIAN_POINT ( 'NONE',  ( 5.100000000000001421, 2.000000000000000000, -2.588272338365388503 ) ) ;
#897 = DIRECTION ( 'NONE',  ( -2.168404344971008868E-16, 1.000000000000000000, -0.000000000000000000 ) ) ;
#898 = VECTOR ( 'NONE', #832, 1000.000000000000000 ) ;
#899 = DIRECTION ( 'NONE',  ( -1.000000000000000000, 0.000000000000000000, 0.000000000000000000 ) ) ;
#900 = ORIENTED_EDGE ( 'NONE', *, *, #1098, .T. ) ;
#901 = DIRECTION ( 'NONE',  ( 0.000000000000000000, 0.000000000000000000, -1.000000000000000000 ) ) ;
#902 = CONICAL_SURFACE ( 'NONE', #177, 1.300000000000000044, 0.7853981633974410625 ) ;
#903 = DIRECTION ( 'NONE',  ( -1.000000000000000000, -2.628368902995161532E-16, 0.000000000000000000 ) ) ;
#904 = EDGE_CURVE ( 'NONE', #253, #1076, #684, .T. ) ;
#905 = EDGE_CURVE ( 'NONE', #33, #731, #1083, .T. ) ;
#906 = CARTESIAN_POINT ( 'NONE',  ( 5.100000000000002309, 2.627506490965732855, -2.598218400061607536 ) ) ;
#907 = VERTEX_POINT ( 'NONE', #1105 ) ;
#908 = EDGE_CURVE ( 'NONE', #875, #712, #192, .T. ) ;
#909 = CARTESIAN_POINT ( 'NONE',  ( 0.000000000000000000, 2.000000000000000000, 0.000000000000000000 ) ) ;
#910 = DIRECTION ( 'NONE',  ( -1.000000000000000000, -3.336006684570782608E-16, 0.000000000000000000 ) ) ;
#911 = CIRCLE ( 'NONE', #337, 1.300000000000000044 ) ;
#912 = DIRECTION ( 'NONE',  ( -0.000000000000000000, 1.000000000000000000, -0.000000000000000000 ) ) ;
#913 = DIRECTION ( 'NONE',  ( 0.7071067811865424657, 0.7071067811865526798, 0.000000000000000000 ) ) ;
#914 = ORIENTED_EDGE ( 'NONE', *, *, #244, .F. ) ;
#915 = CARTESIAN_POINT ( 'NONE',  ( 5.100000000000002309, 3.217337578177509982, -3.770782697771505543 ) ) ;
#916 = PLANE ( 'NONE',  #47 ) ;
#917 = CARTESIAN_POINT ( 'NONE',  ( 5.100000000000001421, 3.250000000000000444, -4.099038105676657828 ) ) ;
#918 = ORIENTED_EDGE ( 'NONE', *, *, #999, .F. ) ;
#919 = CARTESIAN_POINT ( 'NONE',  ( 3.699999999999999289, 2.087101689829776952, -3.975120241414062061 ) ) ;
#920 = EDGE_LOOP ( 'NONE', ( #1254, #336, #481, #1104 ) ) ;
#921 = VECTOR ( 'NONE', #485, 1000.000000000000000 ) ;
#922 = CARTESIAN_POINT ( 'NONE',  ( 3.699999999999998845, 3.250000000000000444, 0.000000000000000000 ) ) ;
#923 = DIRECTION ( 'NONE',  ( 0.000000000000000000, 0.000000000000000000, -1.000000000000000000 ) ) ;
#924 = DIRECTION ( 'NONE',  ( 1.000000000000000000, 0.000000000000000000, 0.000000000000000000 ) ) ;
#925 = VERTEX_POINT ( 'NONE', #279 ) ;
#926 = CARTESIAN_POINT ( 'NONE',  ( 3.699999999999990408, 2.117001289526811991, -3.715224334793576499 ) ) ;
#927 = CARTESIAN_POINT ( 'NONE',  ( 6.399999999999999467, 1.524999999999993916, -1.974999999999999867 ) ) ;
#928 = DIRECTION ( 'NONE',  ( -0.000000000000000000, 0.000000000000000000, 1.000000000000000000 ) ) ;
#929 = CYLINDRICAL_SURFACE ( 'NONE', #1153, 1.250000000000000000 ) ;
#930 = ORIENTED_EDGE ( 'NONE', *, *, #196, .F. ) ;
#931 = CARTESIAN_POINT ( 'NONE',  ( 3.699999999999999289, 2.399987880702143972, -2.903788859910765296 ) ) ;
#932 = VERTEX_POINT ( 'NONE', #808 ) ;
#933 = EDGE_CURVE ( 'NONE', #827, #875, #1088, .T. ) ;
#934 = DIRECTION ( 'NONE',  ( 0.000000000000000000, 0.000000000000000000, 1.000000000000000000 ) ) ;
#935 = CARTESIAN_POINT ( 'NONE',  ( 5.100000000000001421, 8.749999999999998224, 0.0002963548515119539132 ) ) ;
#936 = CARTESIAN_POINT ( 'NONE',  ( 2.449999999999998845, 3.250000000000000444, 0.0002963548515119539132 ) ) ;
#937 = VERTEX_POINT ( 'NONE', #1198 ) ;
#938 = CARTESIAN_POINT ( 'NONE',  ( 3.699999999999998401, 2.000000000000000000, -2.800000000000000266 ) ) ;
#939 = DIRECTION ( 'NONE',  ( -0.000000000000000000, -1.000000000000000000, -0.000000000000000000 ) ) ;
#940 = ADVANCED_FACE ( 'NONE', ( #706 ), #1023, .F. ) ;
#941 = ADVANCED_FACE ( 'NONE', ( #416 ), #1069, .F. ) ;
#942 = CARTESIAN_POINT ( 'NONE',  ( 3.699999999999998845, 2.000000000000000000, 0.0002963548515119539132 ) ) ;
#943 =( NAMED_UNIT ( * ) SI_UNIT ( $, .STERADIAN. ) SOLID_ANGLE_UNIT ( ) );
#944 = CARTESIAN_POINT ( 'NONE',  ( 2.399999999999999467, 1.524999999999993916, -1.974999999999999423 ) ) ;
#945 = DIRECTION ( 'NONE',  ( 1.000000000000000000, 0.000000000000000000, 0.000000000000000000 ) ) ;
#946 = ORIENTED_EDGE ( 'NONE', *, *, #908, .F. ) ;
#947 = DIRECTION ( 'NONE',  ( -0.000000000000000000, 1.000000000000000000, -0.000000000000000000 ) ) ;
#948 = CARTESIAN_POINT ( 'NONE',  ( 4.400000000000000355, 0.000000000000000000, 0.000000000000000000 ) ) ;
#949 =( NAMED_UNIT ( * ) SI_UNIT ( $, .STERADIAN. ) SOLID_ANGLE_UNIT ( ) );
#950 = ORIENTED_EDGE ( 'NONE', *, *, #675, .T. ) ;
#951 = CIRCLE ( 'NONE', #635, 0.8250000000000001776 ) ;
#952 = CARTESIAN_POINT ( 'NONE',  ( 5.100000000000036060, 2.078023376618308493, -4.001127010513592985 ) ) ;
#953 = ORIENTED_EDGE ( 'NONE', *, *, #675, .F. ) ;
#954 = EDGE_CURVE ( 'NONE', #932, #1244, #863, .T. ) ;
#955 = CARTESIAN_POINT ( 'NONE',  ( 5.100000000000002309, 2.324898343969081349, -2.868857844700674953 ) ) ;
#956 = CARTESIAN_POINT ( 'NONE',  ( 3.700000000000009059, 2.106367322070691106, -2.122100051451899727 ) ) ;
#957 = AXIS2_PLACEMENT_3D ( 'NONE', #686, #1109, #195 ) ;
#958 = ORIENTED_EDGE ( 'NONE', *, *, #536, .F. ) ;
#959 = CARTESIAN_POINT ( 'NONE',  ( 5.099999999999982769, 2.040705452472807657, -3.020458112245720805 ) ) ;
#960 = VERTEX_POINT ( 'NONE', #655 ) ;
#961 = DIRECTION ( 'NONE',  ( 0.000000000000000000, 0.000000000000000000, 1.000000000000000000 ) ) ;
#962 = CARTESIAN_POINT ( 'NONE',  ( 3.699999999999999289, 2.823540864532712025, -2.447438140548968910 ) ) ;
#963 = VECTOR ( 'NONE', #130, 1000.000000000000000 ) ;
#964 = AXIS2_PLACEMENT_3D ( 'NONE', #792, #390, #797 ) ;
#965 = SHAPE_DEFINITION_REPRESENTATION ( #745, #567 ) ;
#966 = DIRECTION ( 'NONE',  ( -0.000000000000000000, 1.000000000000000000, -0.000000000000000000 ) ) ;
#967 = CARTESIAN_POINT ( 'NONE',  ( 3.699999999999998845, 9.500000000000000000, 0.0002963548515119539132 ) ) ;
#968 = ORIENTED_EDGE ( 'NONE', *, *, #1214, .F. ) ;
#969 = CARTESIAN_POINT ( 'NONE',  ( 5.100000000000071587, 2.037791203595782363, -1.523007250597045559 ) ) ;
#970 = CARTESIAN_POINT ( 'NONE',  ( 3.699999999999999289, 2.081092681132078681, -2.783775170966591883 ) ) ;
#971 = EDGE_CURVE ( 'NONE', #576, #264, #500, .T. ) ;
#972 = DIRECTION ( 'NONE',  ( -0.000000000000000000, -1.000000000000000000, -0.000000000000000000 ) ) ;
#973 = CARTESIAN_POINT ( 'NONE',  ( 0.000000000000000000, 2.000000000000000000, -5.599999999999999645 ) ) ;
#974 = DIRECTION ( 'NONE',  ( 0.000000000000000000, 1.000000000000000000, -0.000000000000000000 ) ) ;
#975 = CARTESIAN_POINT ( 'NONE',  ( 5.100000000000001421, 2.081092681132078681, -2.816224829033434851 ) ) ;
#976 = EDGE_LOOP ( 'NONE', ( #789, #1041, #288, #1034 ) ) ;
#977 = VECTOR ( 'NONE', #1202, 1000.000000000000000 ) ;
#978 = CARTESIAN_POINT ( 'NONE',  ( 5.100000000000001421, 2.760175099125929066, -2.499620267597811640 ) ) ;
#979 = ADVANCED_FACE ( 'NONE', ( #449 ), #463, .F. ) ;
#980 = CARTESIAN_POINT ( 'NONE',  ( 2.399999999999999467, 2.000000000000000444, -2.799999999999999822 ) ) ;
#981 = DIRECTION ( 'NONE',  ( 0.000000000000000000, 0.000000000000000000, 1.000000000000000000 ) ) ;
#982 = EDGE_LOOP ( 'NONE', ( #118, #1020, #747, #618, #1190 ) ) ;
#983 = CARTESIAN_POINT ( 'NONE',  ( 6.046972962780183813, 2.000000063962521057, -1.544554605539799397 ) ) ;
#984 = AXIS2_PLACEMENT_3D ( 'NONE', #1151, #237, #1272 ) ;
#985 = CARTESIAN_POINT ( 'NONE',  ( 3.699999999999999289, 3.217337578177510871, -1.829217302228529407 ) ) ;
#986 = VECTOR ( 'NONE', #743, 1000.000000000000000 ) ;
#987 = CARTESIAN_POINT ( 'NONE',  ( 5.100000000000002309, 2.998768223487057849, -2.271725902762610882 ) ) ;
#988 = VERTEX_POINT ( 'NONE', #1174 ) ;
#989 = CARTESIAN_POINT ( 'NONE',  ( 8.800000000000000711, 0.000000000000000000, 0.000000000000000000 ) ) ;
#990 = CARTESIAN_POINT ( 'NONE',  ( 2.399999999999999467, 1.524999999999993916, -2.799999999999999822 ) ) ;
#991 = CARTESIAN_POINT ( 'NONE',  ( 3.699999999999998845, 3.250000000000000444, -4.099038105676657828 ) ) ;
#992 = ORIENTED_EDGE ( 'NONE', *, *, #1186, .T. ) ;
#993 = DIRECTION ( 'NONE',  ( -1.000000000000000000, 2.312964634635743450E-15, 0.000000000000000000 ) ) ;
#994 = AXIS2_PLACEMENT_3D ( 'NONE', #85, #470, #981 ) ;
#995 = LINE ( 'NONE', #1319, #624 ) ;
#996 = CARTESIAN_POINT ( 'NONE',  ( 5.100000000000002309, 3.217132014833616438, -1.829942108687805602 ) ) ;
#997 = ORIENTED_EDGE ( 'NONE', *, *, #394, .F. ) ;
#998 = CIRCLE ( 'NONE', #208, 0.8250000000000001776 ) ;
#999 = EDGE_CURVE ( 'NONE', #216, #937, #825, .T. ) ;
#1000 = DIRECTION ( 'NONE',  ( -0.000000000000000000, -0.000000000000000000, 1.000000000000000000 ) ) ;
#1001 = DIRECTION ( 'NONE',  ( 0.000000000000000000, 0.000000000000000000, 1.000000000000000000 ) ) ;
#1002 = ADVANCED_FACE ( 'NONE', ( #372 ), #778, .F. ) ;
#1003 = CARTESIAN_POINT ( 'NONE',  ( 3.699999999999999734, 2.324899531674573527, -2.868858225575856125 ) ) ;
#1004 = VERTEX_POINT ( 'NONE', #850 ) ;
#1005 = CARTESIAN_POINT ( 'NONE',  ( 5.100000000000020073, 2.111687736331968157, -2.052869813330561399 ) ) ;
#1006 = EDGE_CURVE ( 'NONE', #230, #33, #1259, .T. ) ;
#1007 = DIRECTION ( 'NONE',  ( -2.168404344971008868E-16, 1.000000000000000000, -0.000000000000000000 ) ) ;
#1008 = CARTESIAN_POINT ( 'NONE',  ( 5.100000000000001421, 9.500000000000000000, -5.600296354851507452 ) ) ;
#1009 = EDGE_CURVE ( 'NONE', #1286, #33, #55, .T. ) ;
#1010 = LINE ( 'NONE', #563, #1176 ) ;
#1011 = EDGE_LOOP ( 'NONE', ( #997, #1316, #1116, #1031, #756 ) ) ;
#1012 = CARTESIAN_POINT ( 'NONE',  ( 5.099999999999498712, 2.006374735774474338, -4.098792750403744023 ) ) ;
#1013 = CYLINDRICAL_SURFACE ( 'NONE', #326, 0.8250000000000001776 ) ;
#1014 = AXIS2_PLACEMENT_3D ( 'NONE', #1189, #487, #166 ) ;
#1015 = DIRECTION ( 'NONE',  ( -1.000000000000000000, 0.000000000000000000, 0.000000000000000000 ) ) ;
#1016 = LINE ( 'NONE', #16, #665 ) ;
#1017 = ORIENTED_EDGE ( 'NONE', *, *, #809, .F. ) ;
#1018 = AXIS2_PLACEMENT_3D ( 'NONE', #582, #1195, #605 ) ;
#1019 = CARTESIAN_POINT ( 'NONE',  ( 2.578962523324266787, 1.999999996856176354, -4.087814657905672000 ) ) ;
#1020 = ORIENTED_EDGE ( 'NONE', *, *, #370, .F. ) ;
#1021 = CARTESIAN_POINT ( 'NONE',  ( 0.000000000000000000, 0.000000000000000000, -5.599999999999999645 ) ) ;
#1022 = CARTESIAN_POINT ( 'NONE',  ( 6.350000000000001421, 3.250000000000000444, 0.000000000000000000 ) ) ;
#1023 =( BOUNDED_SURFACE ( )  B_SPLINE_SURFACE ( 3, 2, ( 
 ( #689, #83, #1094 ),
 ( #180, #482, #514 ),
 ( #1139, #318, #821 ),
 ( #106, #114, #327 ),
 ( #711, #6, #119 ),
 ( #627, #724, #1019 ),
 ( #204, #919, #431 ),
 ( #732, #1033, #12 ),
 ( #224, #1131, #1040 ),
 ( #519, #926, #1117 ),
 ( #931, #507, #613 ),
 ( #231, #1026, #126 ),
 ( #410, #18, #218 ),
 ( #619, #1237, #828 ),
 ( #422, #835, #1245 ),
 ( #1126, #1, #529 ),
 ( #405, #637, #211 ),
 ( #938, #27, #843 ) ),
 .UNSPECIFIED., .F., .F., .F. ) 
 B_SPLINE_SURFACE_WITH_KNOTS ( ( 4, 2, 2, 2, 2, 2, 2, 2, 4 ),
 ( 3, 3 ),
 ( 0.001954878585665308956, 0.002445456528350938019, 0.002936034471036566649, 0.003181323442379381181, 0.003426612413722195279, 0.003549256899393602761, 0.003671901385065009810, 0.003794545870736416859, 0.003917190356407824342 ),
 ( 0.000000000000000000, 1.000000000000000000 ),
 .UNSPECIFIED. ) 
 GEOMETRIC_REPRESENTATION_ITEM ( )  RATIONAL_B_SPLINE_SURFACE ( (
 ( 1.000000000000000000, 0.7071067811865469066, 1.000000000000000000),
 ( 1.000000000000000000, 0.7089612211609128689, 1.000000000000000000),
 ( 1.000000000000000000, 0.7112317796755505128, 1.000000000000000000),
 ( 1.000000000000000000, 0.7194237941407377601, 1.000000000000000000),
 ( 1.000000000000000000, 0.7247394082351716893, 1.000000000000000000),
 ( 1.000000000000000000, 0.7427118538911238188, 1.000000000000000000),
 ( 1.000000000000000000, 0.7503130820415517821, 1.000000000000000000),
 ( 1.000000000000000000, 0.7731856907808010160, 1.000000000000000000),
 ( 1.000000000000000000, 0.7885335540907147944, 1.000000000000000000),
 ( 1.000000000000000000, 0.8244806815885672435, 1.000000000000000000),
 ( 1.000000000000000000, 0.8386777096603249548, 1.000000000000000000),
 ( 1.000000000000000000, 0.8723193565691360618, 1.000000000000000000),
 ( 1.000000000000000000, 0.8919336115355928074, 1.000000000000000000),
 ( 1.000000000000000000, 0.9333159292653240291, 1.000000000000000000),
 ( 1.000000000000000000, 0.9551874549096105449, 1.000000000000000000),
 ( 1.000000000000000000, 0.9889697114302208325, 1.000000000000000000),
 ( 1.000000000000000000, 1.000272277120889175, 1.000000000000000000),
 ( 1.000000000000000000, 1.000000000000000000, 1.000000000000000000) ) ) 
 REPRESENTATION_ITEM ( '' )  SURFACE ( )  );
#1024 = CARTESIAN_POINT ( 'NONE',  ( 0.000000000000000000, 2.000000000000000000, -5.599999999999999645 ) ) ;
#1025 = ORIENTED_EDGE ( 'NONE', *, *, #715, .F. ) ;
#1026 = CARTESIAN_POINT ( 'NONE',  ( 3.699999999999999289, 2.111687736331960608, -3.547130186669169127 ) ) ;
#1027 = CIRCLE ( 'NONE', #492, 0.8250000000000001776 ) ;
#1028 = DIRECTION ( 'NONE',  ( 0.000000000000000000, 5.719383300295531981E-13, -1.000000000000000000 ) ) ;
#1029 = DIRECTION ( 'NONE',  ( 2.168404344971008868E-16, 1.000000000000000000, 0.000000000000000000 ) ) ;
#1030 = CARTESIAN_POINT ( 'NONE',  ( 6.350000000000001421, 2.000000000000000444, -1.500961894323342039 ) ) ;
#1031 = ORIENTED_EDGE ( 'NONE', *, *, #214, .T. ) ;
#1032 = ADVANCED_FACE ( 'NONE', ( #287 ), #588, .T. ) ;
#1033 = CARTESIAN_POINT ( 'NONE',  ( 3.699999999999998845, 2.104201333806556384, -3.894806016491007661 ) ) ;
#1034 = ORIENTED_EDGE ( 'NONE', *, *, #639, .F. ) ;
#1035 = DIRECTION ( 'NONE',  ( 0.000000000000000000, -0.000000000000000000, -1.000000000000000000 ) ) ;
#1036 = DIRECTION ( 'NONE',  ( 1.000000000000000000, 0.000000000000000000, 0.000000000000000000 ) ) ;
#1037 = AXIS2_PLACEMENT_3D ( 'NONE', #671, #878, #1287 ) ;
#1038 = CARTESIAN_POINT ( 'NONE',  ( 5.100000000000001421, 2.000000000000000888, -2.799999999999999822 ) ) ;
#1039 = ORIENTED_EDGE ( 'NONE', *, *, #477, .T. ) ;
#1040 = CARTESIAN_POINT ( 'NONE',  ( 2.753027037220080686, 2.000000063962571240, -4.055445394460144293 ) ) ;
#1041 = ORIENTED_EDGE ( 'NONE', *, *, #569, .F. ) ;
#1042 = PRODUCT_DEFINITION ( 'UNKNOWN', '', #109, #65 ) ;
#1043 = ADVANCED_FACE ( 'NONE', ( #799 ), #397, .F. ) ;
#1044 = DIRECTION ( 'NONE',  ( -2.168404344971008868E-16, 1.000000000000000000, -0.000000000000000000 ) ) ;
#1045 = CARTESIAN_POINT ( 'NONE',  ( 0.000000000000000000, 2.000000000000000000, -5.599999999999999645 ) ) ;
#1046 = EDGE_CURVE ( 'NONE', #731, #1286, #439, .T. ) ;
#1047 =( LENGTH_UNIT ( ) NAMED_UNIT ( * ) SI_UNIT ( .MILLI., .METRE. ) );
#1048 = VERTEX_POINT ( 'NONE', #788 ) ;
#1049 = CARTESIAN_POINT ( 'NONE',  ( 4.400000000000000355, 0.000000000000000000, -5.599999999999999645 ) ) ;
#1050 = DIRECTION ( 'NONE',  ( -1.000000000000000000, -3.336006684570782608E-16, 0.000000000000000000 ) ) ;
#1051 = CIRCLE ( 'NONE', #729, 1.250000000000000222 ) ;
#1052 = DIRECTION ( 'NONE',  ( -0.000000000000000000, -0.000000000000000000, 1.000000000000000000 ) ) ;
#1053 = CARTESIAN_POINT ( 'NONE',  ( 3.699999999999998845, 2.000000000000000888, -2.799999999999999822 ) ) ;
#1054 = CARTESIAN_POINT ( 'NONE',  ( 5.100000000000001421, 2.624722958526455319, -3.008528872186106540 ) ) ;
#1055 = VERTEX_POINT ( 'NONE', #480 ) ;
#1056 = CARTESIAN_POINT ( 'NONE',  ( 5.099999999999929479, 2.014836776003379182, -1.503597809851865863 ) ) ;
#1057 = CARTESIAN_POINT ( 'NONE',  ( 2.456568153468569271, 2.000000000000000000, -1.501214702359702446 ) ) ;
#1058 = CARTESIAN_POINT ( 'NONE',  ( 6.350000000000001421, 2.000000000000000000, -5.599999999999999645 ) ) ;
#1059 = ORIENTED_EDGE ( 'NONE', *, *, #59, .F. ) ;
#1060 = VECTOR ( 'NONE', #602, 1000.000000000000000 ) ;
#1061 = CARTESIAN_POINT ( 'NONE',  ( 5.099999999999928590, 2.051991640274585915, -4.062440264152251679 ) ) ;
#1062 = ORIENTED_EDGE ( 'NONE', *, *, #99, .F. ) ;
#1063 = CARTESIAN_POINT ( 'NONE',  ( 3.699999999999999289, 2.202214569395168020, -2.756619843262391178 ) ) ;
#1064 = CLOSED_SHELL ( 'NONE', ( #301, #781, #776, #522, #1233, #868, #705, #1102, #816, #1043, #26, #467, #1255, #498, #1002, #460, #1206, #1180, #570, #979, #483, #603, #332, #1142, #1032, #940, #1077, #1247, #941, #1149, #432, #834, #830 ) ) ;
#1065 = CARTESIAN_POINT ( 'NONE',  ( 5.025000000000000355, 0.000000000000000000, -5.599999999999999645 ) ) ;
#1066 = LINE ( 'NONE', #556, #790 ) ;
#1067 = CARTESIAN_POINT ( 'NONE',  ( 5.100000000000001421, 2.823540864532711581, -3.152561859451013859 ) ) ;
#1068 = ORIENTED_EDGE ( 'NONE', *, *, #339, .T. ) ;
#1069 =( BOUNDED_SURFACE ( )  B_SPLINE_SURFACE ( 3, 2, ( 
 ( #335, #740, #1146 ),
 ( #305, #1012, #814 ),
 ( #101, #503, #915 ),
 ( #1223, #1228, #311 ),
 ( #719, #1061, #1281 ),
 ( #344, #952, #1067 ),
 ( #254, #357, #649 ),
 ( #1154, #542, #1054 ),
 ( #1161, #138, #643 ),
 ( #38, #1075, #857 ),
 ( #32, #263, #748 ),
 ( #456, #150, #1274 ),
 ( #662, #761, #537 ),
 ( #565, #1166, #144 ),
 ( #550, #239, #869 ),
 ( #444, #959, #975 ),
 ( #1267, #350, #61 ),
 ( #755, #557, #157 ) ),
 .UNSPECIFIED., .F., .F., .T. ) 
 B_SPLINE_SURFACE_WITH_KNOTS ( ( 4, 2, 2, 2, 2, 2, 2, 2, 4 ),
 ( 3, 3 ),
 ( 0.001954878585679468636, 0.002445456528365042622, 0.002936034471050616608, 0.003181323442393403818, 0.003426612413736190594, 0.003549256899407583765, 0.003671901385078977370, 0.003794545870750370975, 0.003917190356421764580 ),
 ( 0.000000000000000000, 1.000000000000000000 ),
 .UNSPECIFIED. ) 
 GEOMETRIC_REPRESENTATION_ITEM ( )  RATIONAL_B_SPLINE_SURFACE ( (
 ( 1.000000000000000000, 0.7071067811865477948, 1.000000000000000000),
 ( 1.000000000000000000, 0.7089612211609104264, 1.000000000000000000),
 ( 1.000000000000000000, 0.7112317796755583954, 1.000000000000000000),
 ( 1.000000000000000000, 0.7194237941407336523, 1.000000000000000000),
 ( 1.000000000000000000, 0.7247394082351804601, 1.000000000000000000),
 ( 1.000000000000000000, 0.7427118538911345880, 1.000000000000000000),
 ( 1.000000000000000000, 0.7503130820415420121, 1.000000000000000000),
 ( 1.000000000000000000, 0.7731856907807894697, 1.000000000000000000),
 ( 1.000000000000000000, 0.7885335540907261187, 1.000000000000000000),
 ( 1.000000000000000000, 0.8244806815885794560, 1.000000000000000000),
 ( 1.000000000000000000, 0.8386777096603480475, 1.000000000000000000),
 ( 1.000000000000000000, 0.8723193565691517160, 1.000000000000000000),
 ( 1.000000000000000000, 0.8919336115355990247, 1.000000000000000000),
 ( 1.000000000000000000, 0.9333159292653395722, 1.000000000000000000),
 ( 1.000000000000000000, 0.9551874549097132405, 1.000000000000000000),
 ( 1.000000000000000000, 0.9889697114301312375, 1.000000000000000000),
 ( 1.000000000000000000, 1.000272277120962228, 1.000000000000000000),
 ( 1.000000000000000000, 1.000000000000000000, 1.000000000000000000) ) ) 
 REPRESENTATION_ITEM ( '' )  SURFACE ( )  );
#1070 = LINE ( 'NONE', #545, #310 ) ;
#1071 = CARTESIAN_POINT ( 'NONE',  ( 3.699999999999999289, 3.250000000000000444, -1.500961894323342039 ) ) ;
#1072 = AXIS2_PLACEMENT_3D ( 'NONE', #1241, #1134, #347 ) ;
#1073 = CARTESIAN_POINT ( 'NONE',  ( 2.449999999999998845, 2.000000000000000000, 0.000000000000000000 ) ) ;
#1074 = ORIENTED_EDGE ( 'NONE', *, *, #295, .T. ) ;
#1075 = CARTESIAN_POINT ( 'NONE',  ( 5.100000000000002309, 2.117001289526839081, -3.715224334793513439 ) ) ;
#1076 = VERTEX_POINT ( 'NONE', #283 ) ;
#1077 = ADVANCED_FACE ( 'NONE', ( #292 ), #387, .F. ) ;
#1078 = CARTESIAN_POINT ( 'NONE',  ( 5.100000000000001421, 2.998767863210233475, -3.328273598254454679 ) ) ;
#1079 = DIRECTION ( 'NONE',  ( -0.000000000000000000, -1.000000000000000000, -0.000000000000000000 ) ) ;
#1080 = DIRECTION ( 'NONE',  ( 0.000000000000000000, 0.000000000000000000, -1.000000000000000000 ) ) ;
#1081 = CARTESIAN_POINT ( 'NONE',  ( 3.699999999999998845, 3.250000000000000444, -3.933247577596406419 ) ) ;
#1082 = EDGE_LOOP ( 'NONE', ( #1273, #269, #950, #158, #558 ) ) ;
#1083 = CIRCLE ( 'NONE', #36, 1.300000000000000044 ) ;
#1084 = CARTESIAN_POINT ( 'NONE',  ( 6.105786676199867813, 1.999999986586233014, -1.532952623210292353 ) ) ;
#1085 = CARTESIAN_POINT ( 'NONE',  ( 3.644439963059443066, 1.999999934409691704, -2.381701024497671515 ) ) ;
#1086 = LINE ( 'NONE', #593, #486 ) ;
#1087 = ORIENTED_EDGE ( 'NONE', *, *, #363, .F. ) ;
#1088 = LINE ( 'NONE', #299, #163 ) ;
#1089 =( GEOMETRIC_REPRESENTATION_CONTEXT ( 3 ) GLOBAL_UNCERTAINTY_ASSIGNED_CONTEXT ( ( #79 ) ) GLOBAL_UNIT_ASSIGNED_CONTEXT ( ( #759, #1279, #943 ) ) REPRESENTATION_CONTEXT ( 'NONE', 'WORKASPACE' ) );
#1090 = PLANE ( 'NONE',  #90 ) ;
#1091 = VECTOR ( 'NONE', #418, 1000.000000000000000 ) ;
#1092 = CARTESIAN_POINT ( 'NONE',  ( 0.000000000000000000, 2.000000000000000000, 0.000000000000000000 ) ) ;
#1093 = ORIENTED_EDGE ( 'NONE', *, *, #933, .F. ) ;
#1094 = CARTESIAN_POINT ( 'NONE',  ( 2.449999999999996625, 2.000000000000000000, -4.099038105676657828 ) ) ;
#1095 = FACE_OUTER_BOUND ( 'NONE', #334, .T. ) ;
#1096 = CARTESIAN_POINT ( 'NONE',  ( 5.100000000000001421, 3.250000000000000444, -1.500961894323342039 ) ) ;
#1097 = ORIENTED_EDGE ( 'NONE', *, *, #323, .F. ) ;
#1098 = EDGE_CURVE ( 'NONE', #712, #784, #172, .T. ) ;
#1099 = DIRECTION ( 'NONE',  ( 0.000000000000000000, -1.000000000000000000, 0.000000000000000000 ) ) ;
#1100 = CARTESIAN_POINT ( 'NONE',  ( 0.000000000000000000, 2.000000000000000000, 0.000000000000000000 ) ) ;
#1101 = AXIS2_PLACEMENT_3D ( 'NONE', #948, #623, #1036 ) ;
#1102 = ADVANCED_FACE ( 'NONE', ( #376 ), #1103, .F. ) ;
#1103 = PLANE ( 'NONE',  #174 ) ;
#1104 = ORIENTED_EDGE ( 'NONE', *, *, #1240, .F. ) ;
#1105 = CARTESIAN_POINT ( 'NONE',  ( 3.775000000000000355, 0.000000000000000000, -5.599999999999999645 ) ) ;
#1106 = FACE_OUTER_BOUND ( 'NONE', #312, .T. ) ;
#1107 = EDGE_CURVE ( 'NONE', #33, #925, #1209, .T. ) ;
#1108 = STYLED_ITEM ( 'NONE', ( #30 ), #1248 ) ;
#1109 = DIRECTION ( 'NONE',  ( -2.168404344971008868E-16, -1.000000000000000000, -0.000000000000000000 ) ) ;
#1110 = PLANE ( 'NONE',  #70 ) ;
#1111 = VERTEX_POINT ( 'NONE', #1096 ) ;
#1112 = CARTESIAN_POINT ( 'NONE',  ( 5.100000000000000533, 2.106367322070672898, -2.122100051451471181 ) ) ;
#1113 = DIRECTION ( 'NONE',  ( -0.000000000000000000, 1.000000000000000000, -0.000000000000000000 ) ) ;
#1114 = CARTESIAN_POINT ( 'NONE',  ( 2.449999999999998845, 2.000000000000000000, -2.799999999999999822 ) ) ;
#1115 = CARTESIAN_POINT ( 'NONE',  ( 7.225000000000001421, 1.524999999999993694, -2.799999999999999822 ) ) ;
#1116 = ORIENTED_EDGE ( 'NONE', *, *, #399, .T. ) ;
#1117 = CARTESIAN_POINT ( 'NONE',  ( 2.899062094601041473, 1.999999968018713492, -4.001511456954260915 ) ) ;
#1118 = EDGE_LOOP ( 'NONE', ( #890, #551, #620, #1145, #885, #1280 ) ) ;
#1119 = CARTESIAN_POINT ( 'NONE',  ( 3.775000000000000355, 0.000000000000000000, -5.599999999999999645 ) ) ;
#1120 = AXIS2_PLACEMENT_3D ( 'NONE', #93, #384, #791 ) ;
#1121 = DIRECTION ( 'NONE',  ( -0.000000000000000000, -0.000000000000000000, 1.000000000000000000 ) ) ;
#1122 = B_SPLINE_CURVE_WITH_KNOTS ( 'NONE', 3,
 ( #697, #600, #996, #687, #987, #494, #906, #474, #889, #1038 ),
 .UNSPECIFIED., .F., .F.,
 ( 4, 2, 2, 2, 4 ),
 ( 0.000000000000000000, 0.0004965417472263647424, 0.0009930834944527294848, 0.001489625241679094336, 0.001986166988905458970 ),
 .UNSPECIFIED. ) ;
#1123 = CARTESIAN_POINT ( 'NONE',  ( 3.699999999999998845, 8.749999999999998224, -5.600296354851507452 ) ) ;
#1124 = ORIENTED_EDGE ( 'NONE', *, *, #266, .F. ) ;
#1125 = PRODUCT ( 'carriage-cable-adapter', 'carriage-cable-adapter', '', ( #1264 ) ) ;
#1126 = CARTESIAN_POINT ( 'NONE',  ( 3.699999999999999289, 2.081092681132083566, -2.816224829033392663 ) ) ;
#1127 = CARTESIAN_POINT ( 'NONE',  ( 5.100000000000001421, 2.000000000000000888, -2.799999999999999822 ) ) ;
#1128 = DIRECTION ( 'NONE',  ( -0.000000000000000000, -0.000000000000000000, 1.000000000000000000 ) ) ;
#1129 = CARTESIAN_POINT ( 'NONE',  ( 5.100000000000001421, 3.250000000000000444, 0.000000000000000000 ) ) ;
#1130 = EDGE_LOOP ( 'NONE', ( #688, #248 ) ) ;
#1131 = CARTESIAN_POINT ( 'NONE',  ( 3.700000000000017497, 2.112552449064980742, -3.842767890169120459 ) ) ;
#1132 = AXIS2_PLACEMENT_3D ( 'NONE', #1205, #290, #28 ) ;
#1133 = CARTESIAN_POINT ( 'NONE',  ( 0.000000000000000000, 0.000000000000000000, 0.000000000000000000 ) ) ;
#1134 = DIRECTION ( 'NONE',  ( -0.000000000000000000, -0.000000000000000000, -1.000000000000000000 ) ) ;
#1135 = DIRECTION ( 'NONE',  ( 0.000000000000000000, 0.000000000000000000, 1.000000000000000000 ) ) ;
#1136 = EDGE_CURVE ( 'NONE', #442, #278, #1086, .T. ) ;
#1137 = EDGE_CURVE ( 'NONE', #1111, #58, #1122, .T. ) ;
#1138 = ORIENTED_EDGE ( 'NONE', *, *, #773, .T. ) ;
#1139 = CARTESIAN_POINT ( 'NONE',  ( 3.699999999999999289, 3.217337578177494439, -3.770782697771358549 ) ) ;
#1140 = VERTEX_POINT ( 'NONE', #429 ) ;
#1141 = CARTESIAN_POINT ( 'NONE',  ( 3.699999999999998845, 9.500000000000000000, -5.600296354851507452 ) ) ;
#1142 = ADVANCED_FACE ( 'NONE', ( #606 ), #209, .T. ) ;
#1143 = CARTESIAN_POINT ( 'NONE',  ( 5.100000000000001421, 2.000000000000000000, -5.599999999999999645 ) ) ;
#1144 = VECTOR ( 'NONE', #726, 1000.000000000000000 ) ;
#1145 = ORIENTED_EDGE ( 'NONE', *, *, #426, .F. ) ;
#1146 = CARTESIAN_POINT ( 'NONE',  ( 5.100000000000001421, 3.250000000000000444, -4.099038105676657828 ) ) ;
#1147 = VECTOR ( 'NONE', #912, 1000.000000000000000 ) ;
#1148 = DIRECTION ( 'NONE',  ( 0.000000000000000000, 0.000000000000000000, 1.000000000000000000 ) ) ;
#1149 = ADVANCED_FACE ( 'NONE', ( #703 ), #929, .F. ) ;
#1150 = CARTESIAN_POINT ( 'NONE',  ( 0.000000000000000000, 2.000000000000000000, 0.000000000000000000 ) ) ;
#1151 = CARTESIAN_POINT ( 'NONE',  ( 6.399999999999999467, 0.000000000000000000, -2.800000000000000711 ) ) ;
#1152 = VERTEX_POINT ( 'NONE', #1129 ) ;
#1153 = AXIS2_PLACEMENT_3D ( 'NONE', #936, #709, #730 ) ;
#1154 = CARTESIAN_POINT ( 'NONE',  ( 6.105786676199782548, 1.999999986586205258, -4.067047376789670210 ) ) ;
#1155 = VERTEX_POINT ( 'NONE', #611 ) ;
#1156 = DIRECTION ( 'NONE',  ( 0.000000000000000000, 0.000000000000000000, 1.000000000000000000 ) ) ;
#1157 = VECTOR ( 'NONE', #1079, 1000.000000000000000 ) ;
#1158 = DIRECTION ( 'NONE',  ( 0.000000000000000000, -1.000000000000000000, 0.000000000000000000 ) ) ;
#1159 = CARTESIAN_POINT ( 'NONE',  ( 3.699999999999998845, 3.250000000000000444, -4.099038105676657828 ) ) ;
#1160 = ORIENTED_EDGE ( 'NONE', *, *, #739, .T. ) ;
#1161 = CARTESIAN_POINT ( 'NONE',  ( 6.046972962779899596, 2.000000063962512620, -4.055445394460114095 ) ) ;
#1162 = ORIENTED_EDGE ( 'NONE', *, *, #452, .F. ) ;
#1163 = PLANE ( 'NONE',  #571 ) ;
#1164 = CARTESIAN_POINT ( 'NONE',  ( 3.700000000000017497, 2.112552449064983850, -1.757232109830914490 ) ) ;
#1165 = ORIENTED_EDGE ( 'NONE', *, *, #128, .T. ) ;
#1166 = CARTESIAN_POINT ( 'NONE',  ( 5.100000000000020073, 2.087619668662343386, -3.315458212789921699 ) ) ;
#1167 = ORIENTED_EDGE ( 'NONE', *, *, #363, .T. ) ;
#1168 = APPLICATION_CONTEXT ( 'automotive_design' ) ;
#1169 = CARTESIAN_POINT ( 'NONE',  ( 5.100000000000001421, 3.250000000000000444, -4.099038105676657828 ) ) ;
#1170 = CARTESIAN_POINT ( 'NONE',  ( 3.699999999999999289, 2.760175099125793174, -2.499620267597921774 ) ) ;
#1171 = EDGE_CURVE ( 'NONE', #1152, #1111, #1016, .T. ) ;
#1172 = CYLINDRICAL_SURFACE ( 'NONE', #984, 0.8250000000000001776 ) ;
#1173 = ORIENTED_EDGE ( 'NONE', *, *, #1107, .F. ) ;
#1174 = CARTESIAN_POINT ( 'NONE',  ( 8.800000000000000711, 2.000000000000000000, 0.000000000000000000 ) ) ;
#1175 = ORIENTED_EDGE ( 'NONE', *, *, #426, .T. ) ;
#1176 = VECTOR ( 'NONE', #972, 1000.000000000000000 ) ;
#1177 = CARTESIAN_POINT ( 'NONE',  ( 5.100000000000001421, 3.250000000000000444, -1.500961894322627499 ) ) ;
#1178 = CARTESIAN_POINT ( 'NONE',  ( 3.699999999999998401, 2.000000000000000000, -2.588272338364797420 ) ) ;
#1179 = ORIENTED_EDGE ( 'NONE', *, *, #669, .F. ) ;
#1180 = ADVANCED_FACE ( 'NONE', ( #819 ), #1234, .F. ) ;
#1181 = EDGE_CURVE ( 'NONE', #430, #232, #111, .T. ) ;
#1182 = CARTESIAN_POINT ( 'NONE',  ( 6.399999999999999467, 0.000000000000000000, -2.800000000000000711 ) ) ;
#1183 = ORIENTED_EDGE ( 'NONE', *, *, #908, .T. ) ;
#1184 = CYLINDRICAL_SURFACE ( 'NONE', #380, 1.250000000000000222 ) ;
#1185 = CARTESIAN_POINT ( 'NONE',  ( 2.578962523324371148, 1.999999996856214546, -1.512185342094303886 ) ) ;
#1186 = EDGE_CURVE ( 'NONE', #1197, #284, #1321, .T. ) ;
#1187 = DIRECTION ( 'NONE',  ( -0.000000000000000000, -0.000000000000000000, 1.000000000000000000 ) ) ;
#1188 = CARTESIAN_POINT ( 'NONE',  ( 8.800000000000000711, 2.000000000000000000, 0.000000000000000000 ) ) ;
#1189 = CARTESIAN_POINT ( 'NONE',  ( 4.449999999999999289, 8.749999999999998224, 0.000000000000000000 ) ) ;
#1190 = ORIENTED_EDGE ( 'NONE', *, *, #21, .T. ) ;
#1191 = AXIS2_PLACEMENT_3D ( 'NONE', #68, #74, #80 ) ;
#1192 = DIRECTION ( 'NONE',  ( -1.000000000000000000, -0.000000000000000000, -0.000000000000000000 ) ) ;
#1193 = FACE_BOUND ( 'NONE', #1130, .T. ) ;
#1194 = EDGE_CURVE ( 'NONE', #58, #1140, #580, .T. ) ;
#1195 = DIRECTION ( 'NONE',  ( -0.000000000000000000, -0.000000000000000000, -1.000000000000000000 ) ) ;
#1196 = CARTESIAN_POINT ( 'NONE',  ( 3.699999999999999289, 3.090975038726587076, -2.133652861931717659 ) ) ;
#1197 = VERTEX_POINT ( 'NONE', #1115 ) ;
#1198 = CARTESIAN_POINT ( 'NONE',  ( 1.574999999999998845, 1.524999999999993694, -2.799999999999999822 ) ) ;
#1199 = CARTESIAN_POINT ( 'NONE',  ( 6.399999999999999467, 0.000000000000000000, -3.625000000000001332 ) ) ;
#1200 = AXIS2_PLACEMENT_3D ( 'NONE', #110, #15, #123 ) ;
#1201 = CIRCLE ( 'NONE', #407, 1.300000000000000044 ) ;
#1202 = DIRECTION ( 'NONE',  ( 0.7071067811865422437, 0.7071067811865527908, 8.659560562354869996E-17 ) ) ;
#1203 = VERTEX_POINT ( 'NONE', #1123 ) ;
#1204 = CARTESIAN_POINT ( 'NONE',  ( 5.100000000000001421, 2.202214569395267940, -2.756619843262387182 ) ) ;
#1205 = CARTESIAN_POINT ( 'NONE',  ( 6.350000000000001421, 3.250000000000000444, -4.099038105676657828 ) ) ;
#1206 = ADVANCED_FACE ( 'NONE', ( #197 ), #131, .F. ) ;
#1207 = DIRECTION ( 'NONE',  ( 0.000000000000000000, 0.000000000000000000, -1.000000000000000000 ) ) ;
#1208 = ORIENTED_EDGE ( 'NONE', *, *, #1214, .T. ) ;
#1209 = B_SPLINE_CURVE_WITH_KNOTS ( 'NONE', 3,
 ( #894, #806, #189, #1310, #1304, #1299, #1196, #793, #692, #583 ),
 .UNSPECIFIED., .F., .F.,
 ( 4, 2, 2, 2, 4 ),
 ( -7.071067763561770885E-06, 0.0004893660484995080969, 0.0009858031647625780866, 0.001482240281025647968, 0.001978677397288716982 ),
 .UNSPECIFIED. ) ;
#1210 = EDGE_CURVE ( 'NONE', #1048, #1244, #1226, .T. ) ;
#1211 = AXIS2_PLACEMENT_3D ( 'NONE', #417, #1028, #817 ) ;
#1212 = DIRECTION ( 'NONE',  ( -1.000000000000000000, -3.336006684570782608E-16, 0.000000000000000000 ) ) ;
#1213 = FACE_OUTER_BOUND ( 'NONE', #1082, .T. ) ;
#1214 = EDGE_CURVE ( 'NONE', #848, #240, #413, .T. ) ;
#1215 = CARTESIAN_POINT ( 'NONE',  ( 6.400000000000001243, 2.000000000000000444, -2.799999999999999822 ) ) ;
#1216 = ORIENTED_EDGE ( 'NONE', *, *, #954, .T. ) ;
#1217 = CARTESIAN_POINT ( 'NONE',  ( 5.100000000000001421, 2.081092681132111988, -2.783775170966558576 ) ) ;
#1218 = DIRECTION ( 'NONE',  ( 1.000000000000000000, -3.336006684570782608E-16, 0.000000000000000000 ) ) ;
#1219 = COLOUR_RGB ( '',0.7921568627450980005, 0.8196078431372548767, 0.9333333333333333481 ) ;
#1220 = FILL_AREA_STYLE ('',( #97 ) ) ;
#1221 = ORIENTED_EDGE ( 'NONE', *, *, #1009, .T. ) ;
#1222 = AXIS2_PLACEMENT_3D ( 'NONE', #129, #329, #13 ) ;
#1223 = CARTESIAN_POINT ( 'NONE',  ( 6.306115453738232013, 1.999999999642194659, -4.096688517232258242 ) ) ;
#1224 = LINE ( 'NONE', #1119, #203 ) ;
#1225 = LINE ( 'NONE', #1188, #443 ) ;
#1226 = LINE ( 'NONE', #722, #881 ) ;
#1227 = VERTEX_POINT ( 'NONE', #917 ) ;
#1228 = CARTESIAN_POINT ( 'NONE',  ( 5.100000000000072475, 2.037791203595724632, -4.076992749402949201 ) ) ;
#1229 = VERTEX_POINT ( 'NONE', #1030 ) ;
#1230 = DIRECTION ( 'NONE',  ( 1.000000000000000000, 0.000000000000000000, -0.000000000000000000 ) ) ;
#1231 = VECTOR ( 'NONE', #437, 1000.000000000000000 ) ;
#1232 = DIRECTION ( 'NONE',  ( -1.000000000000000000, 0.000000000000000000, 0.000000000000000000 ) ) ;
#1233 = ADVANCED_FACE ( 'NONE', ( #3 ), #1110, .F. ) ;
#1234 = PLANE ( 'NONE',  #508 ) ;
#1235 = ORIENTED_EDGE ( 'NONE', *, *, #766, .T. ) ;
#1236 = AXIS2_PLACEMENT_3D ( 'NONE', #973, #342, #462 ) ;
#1237 = CARTESIAN_POINT ( 'NONE',  ( 3.699999999999999289, 2.087619668662347383, -3.315458212789963444 ) ) ;
#1238 = ORIENTED_EDGE ( 'NONE', *, *, #54, .F. ) ;
#1239 = CARTESIAN_POINT ( 'NONE',  ( 3.699999999999998845, 9.500000000000000000, 0.0002963548515119539132 ) ) ;
#1240 = EDGE_CURVE ( 'NONE', #678, #1286, #403, .T. ) ;
#1241 = CARTESIAN_POINT ( 'NONE',  ( 4.350000000000001421, 8.749999999999998224, -5.600296354851507452 ) ) ;
#1242 = VECTOR ( 'NONE', #527, 1000.000000000000000 ) ;
#1243 = DIRECTION ( 'NONE',  ( 1.000000000000000000, 0.000000000000000000, 0.000000000000000000 ) ) ;
#1244 = VERTEX_POINT ( 'NONE', #117 ) ;
#1245 = CARTESIAN_POINT ( 'NONE',  ( 3.480243896228506273, 2.000000065590309628, -3.546108579594269283 ) ) ;
#1246 = ORIENTED_EDGE ( 'NONE', *, *, #427, .F. ) ;
#1247 = ADVANCED_FACE ( 'NONE', ( #717 ), #24, .F. ) ;
#1248 = MANIFOLD_SOLID_BREP ( 'Fillet2', #1064 ) ;
#1249 = AXIS2_PLACEMENT_3D ( 'NONE', #516, #824, #923 ) ;
#1250 = CARTESIAN_POINT ( 'NONE',  ( 2.449999999999998845, 2.000000000000000000, -5.599999999999999645 ) ) ;
#1251 = EDGE_CURVE ( 'NONE', #1229, #870, #660, .T. ) ;
#1252 = DIRECTION ( 'NONE',  ( 0.000000000000000000, 0.000000000000000000, 1.000000000000000000 ) ) ;
#1253 = EDGE_CURVE ( 'NONE', #733, #712, #1010, .T. ) ;
#1254 = ORIENTED_EDGE ( 'NONE', *, *, #261, .F. ) ;
#1255 = ADVANCED_FACE ( 'NONE', ( #767 ), #1172, .F. ) ;
#1256 = PLANE ( 'NONE',  #134 ) ;
#1257 = CARTESIAN_POINT ( 'NONE',  ( 4.400000000000000355, 9.498331477354788888, -5.600296354851507452 ) ) ;
#1258 = ORIENTED_EDGE ( 'NONE', *, *, #905, .F. ) ;
#1259 = LINE ( 'NONE', #1315, #977 ) ;
#1260 = EDGE_LOOP ( 'NONE', ( #272, #548, #388, #1175, #535, #1039, #895 ) ) ;
#1261 = VECTOR ( 'NONE', #171, 1000.000000000000000 ) ;
#1262 = CARTESIAN_POINT ( 'NONE',  ( 5.100000000000001421, 2.999079426498074685, -2.271336903670868601 ) ) ;
#1263 = CARTESIAN_POINT ( 'NONE',  ( 3.699999999999998845, 9.500000000000000000, -5.600296354851507452 ) ) ;
#1264 = PRODUCT_CONTEXT ( 'NONE', #630, 'mechanical' ) ;
#1265 = ORIENTED_EDGE ( 'NONE', *, *, #877, .T. ) ;
#1266 =( GEOMETRIC_REPRESENTATION_CONTEXT ( 3 ) GLOBAL_UNCERTAINTY_ASSIGNED_CONTEXT ( ( #182 ) ) GLOBAL_UNIT_ASSIGNED_CONTEXT ( ( #1047, #148, #949 ) ) REPRESENTATION_CONTEXT ( 'NONE', 'WORKASPACE' ) );
#1267 = CARTESIAN_POINT ( 'NONE',  ( 5.100000000000001421, 2.000000000000000000, -3.011727661634637343 ) ) ;
#1268 = EDGE_LOOP ( 'NONE', ( #225, #1124, #851, #856 ) ) ;
#1269 = CARTESIAN_POINT ( 'NONE',  ( 5.100000000000002309, 2.764748666506963826, -3.093658338321148449 ) ) ;
#1270 = CIRCLE ( 'NONE', #840, 0.8250000000000001776 ) ;
#1271 = CARTESIAN_POINT ( 'NONE',  ( 2.607097314688660905, 2.000000013413781197, -1.515834401803493492 ) ) ;
#1272 = DIRECTION ( 'NONE',  ( 0.000000000000000000, 0.000000000000000000, 1.000000000000000000 ) ) ;
#1273 = ORIENTED_EDGE ( 'NONE', *, *, #971, .F. ) ;
#1274 = CARTESIAN_POINT ( 'NONE',  ( 5.100000000000001421, 2.321756788088956469, -2.876824929999207026 ) ) ;
#1275 = ORIENTED_EDGE ( 'NONE', *, *, #521, .F. ) ;
#1276 = DIRECTION ( 'NONE',  ( 1.000000000000000000, 0.000000000000000000, 0.000000000000000000 ) ) ;
#1277 = EDGE_CURVE ( 'NONE', #448, #464, #774, .T. ) ;
#1278 = CARTESIAN_POINT ( 'NONE',  ( 3.699999999999989964, 2.087619668662335393, -2.284541787210010888 ) ) ;
#1279 =( NAMED_UNIT ( * ) PLANE_ANGLE_UNIT ( ) SI_UNIT ( $, .RADIAN. ) );
#1280 = ORIENTED_EDGE ( 'NONE', *, *, #223, .F. ) ;
#1281 = CARTESIAN_POINT ( 'NONE',  ( 5.100000000000001421, 2.999079426497972989, -3.328663096328923210 ) ) ;
#1282 = VERTEX_POINT ( 'NONE', #1058 ) ;
#1283 = CARTESIAN_POINT ( 'NONE',  ( 5.100000000000001421, 1.999999999999972022, -1.500961894323341816 ) ) ;
#1284 = LINE ( 'NONE', #674, #1157 ) ;
#1285 = EDGE_CURVE ( 'NONE', #784, #827, #746, .T. ) ;
#1286 = VERTEX_POINT ( 'NONE', #1159 ) ;
#1287 = DIRECTION ( 'NONE',  ( -1.000000000000000000, -2.628368902995161532E-16, 0.000000000000000000 ) ) ;
#1288 = ORIENTED_EDGE ( 'NONE', *, *, #1277, .F. ) ;
#1289 = AXIS2_PLACEMENT_3D ( 'NONE', #826, #215, #625 ) ;
#1290 = CARTESIAN_POINT ( 'NONE',  ( 6.306115453738224019, 1.999999999642208648, -1.503311482767709206 ) ) ;
#1291 = EDGE_CURVE ( 'NONE', #733, #1282, #245, .T. ) ;
#1292 = CARTESIAN_POINT ( 'NONE',  ( 3.699999999999999734, 2.104201333806585694, -1.705193983509017519 ) ) ;
#1293 = CARTESIAN_POINT ( 'NONE',  ( 4.400000000000000355, 0.000000000000000000, -5.599999999999999645 ) ) ;
#1294 = DIRECTION ( 'NONE',  ( -1.000000000000000000, -0.000000000000000000, -0.000000000000000000 ) ) ;
#1295 = VERTEX_POINT ( 'NONE', #355 ) ;
#1296 = DIRECTION ( 'NONE',  ( 0.000000000000000000, -0.000000000000000000, -1.000000000000000000 ) ) ;
#1297 = CARTESIAN_POINT ( 'NONE',  ( 3.700000000000008615, 2.111687736331948173, -2.052869813330889581 ) ) ;
#1298 = DIRECTION ( 'NONE',  ( 0.000000000000000000, 0.000000000000000000, 1.000000000000000000 ) ) ;
#1299 = CARTESIAN_POINT ( 'NONE',  ( 3.699999999999999734, 2.998767863210234808, -2.271726401745544965 ) ) ;
#1300 = ORIENTED_EDGE ( 'NONE', *, *, #592, .F. ) ;
#1301 = CIRCLE ( 'NONE', #1211, 1.250000000000000222 ) ;
#1302 = DIRECTION ( 'NONE',  ( 1.000000000000000000, 0.000000000000000000, 0.000000000000000000 ) ) ;
#1303 = LINE ( 'NONE', #84, #796 ) ;
#1304 = CARTESIAN_POINT ( 'NONE',  ( 3.699999999999999289, 2.764748666506964270, -2.506341661678852084 ) ) ;
#1305 = VERTEX_POINT ( 'NONE', #1073 ) ;
#1306 = CARTESIAN_POINT ( 'NONE',  ( 5.100000000000001421, 2.040427901309007641, -2.791914452048790629 ) ) ;
#1307 = AXIS2_PLACEMENT_3D ( 'NONE', #517, #1135, #1243 ) ;
#1308 = CARTESIAN_POINT ( 'NONE',  ( 0.000000000000000000, 2.000000000000000000, 0.000000000000000000 ) ) ;
#1309 = CIRCLE ( 'NONE', #1072, 0.7499999999999997780 ) ;
#1310 = CARTESIAN_POINT ( 'NONE',  ( 3.699999999999999289, 2.627505627811541622, -2.598218920047731917 ) ) ;
#1311 = VERTEX_POINT ( 'NONE', #435 ) ;
#1312 = CARTESIAN_POINT ( 'NONE',  ( 3.699999999999998845, 2.000000000000000000, -5.600296354851507452 ) ) ;
#1313 = DIRECTION ( 'NONE',  ( 0.000000000000000000, 0.000000000000000000, 1.000000000000000000 ) ) ;
#1314 = EDGE_CURVE ( 'NONE', #650, #960, #653, .T. ) ;
#1315 = CARTESIAN_POINT ( 'NONE',  ( 3.699999999999999289, 2.000000000000000888, -2.799999999999999822 ) ) ;
#1316 = ORIENTED_EDGE ( 'NONE', *, *, #191, .T. ) ;
#1317 = AXIS2_PLACEMENT_3D ( 'NONE', #595, #1000, #993 ) ;
#1318 = CARTESIAN_POINT ( 'NONE',  ( 5.100000000000001421, 2.000000000000000000, -2.799999999999999822 ) ) ;
#1319 = CARTESIAN_POINT ( 'NONE',  ( 0.000000000000000000, 2.000000000000000000, 0.000000000000000000 ) ) ;
#1320 = CARTESIAN_POINT ( 'NONE',  ( 3.699999999999998845, 2.000000000000000000, -5.599999999999999645 ) ) ;
#1321 = LINE ( 'NONE', #633, #644 ) ;
#1322 = EDGE_LOOP ( 'NONE', ( #663, #210, #946, #1093 ) ) ;
ENDSEC;
END-ISO-10303-21;
