ISO-10303-21;
HEADER;
FILE_DESCRIPTION (( 'STEP AP214' ),
    '1' );
FILE_NAME ('Part1^asm-cams-manual-switching.STEP',
    '2026-07-27T18:09:11',
    ( '' ),
    ( '' ),
    'SwSTEP 2.0',
    'SolidWorks 2025',
    '' );
FILE_SCHEMA (( 'AUTOMOTIVE_DESIGN' ));
ENDSEC;

DATA;
#1 = CARTESIAN_POINT ( 'NONE',  ( 15.90800951584286871, -14.98663331773224883, 10.21850059711605319 ) ) ;
#2 = CARTESIAN_POINT ( 'NONE',  ( 9.776788755915752915, 13.07298447920190654, 2.517435969732711776 ) ) ;
#3 = LINE ( 'NONE', #4475, #5224 ) ;
#4 = DIRECTION ( 'NONE',  ( -0.3489024681454919175, -0.9371590407833582104, 0.000000000000000000 ) ) ;
#5 = CARTESIAN_POINT ( 'NONE',  ( -0.8187890121281545808, -9.692814478654938171, 14.98100000000002119 ) ) ;
#6 = EDGE_CURVE ( 'NONE', #4826, #7038, #3204, .T. ) ;
#7 = CARTESIAN_POINT ( 'NONE',  ( 19.34913917186175425, -0.9952426981688476948, -5.730599999999999028 ) ) ;
#8 = ORIENTED_EDGE ( 'NONE', *, *, #6938, .T. ) ;
#9 = CARTESIAN_POINT ( 'NONE',  ( 12.40201071759524432, -13.02081041795105598, 12.22309585923949271 ) ) ;
#10 = VERTEX_POINT ( 'NONE', #2191 ) ;
#11 = DIRECTION ( 'NONE',  ( -0.000000000000000000, -0.000000000000000000, -1.000000000000000000 ) ) ;
#12 = EDGE_LOOP ( 'NONE', ( #650, #3937, #6137, #1655 ) ) ;
#13 = CARTESIAN_POINT ( 'NONE',  ( -12.96717554342211720, 7.938974419627391477, -8.905599999999999739 ) ) ;
#14 = CARTESIAN_POINT ( 'NONE',  ( -10.09541055167351864, -4.137196869537717703, -5.730599999999999028 ) ) ;
#15 = VERTEX_POINT ( 'NONE', #1608 ) ;
#16 = CARTESIAN_POINT ( 'NONE',  ( 1.886599791474628640, 6.745484338435113969, -5.730600000000005245 ) ) ;
#17 = CARTESIAN_POINT ( 'NONE',  ( 25.48455371229664124, 12.54643094582652729, 11.80599999999999739 ) ) ;
#18 = CARTESIAN_POINT ( 'NONE',  ( -12.13764418830568559, -12.97520023162797109, -8.021485491758353348 ) ) ;
#19 = DIRECTION ( 'NONE',  ( -0.3489024681454919175, -0.9371590407833582104, 0.000000000000000000 ) ) ;
#20 = EDGE_LOOP ( 'NONE', ( #6280, #6826, #4122, #6666 ) ) ;
#21 = CARTESIAN_POINT ( 'NONE',  ( -9.241092983777972947, -7.499477390495465023, 11.59777937909162837 ) ) ;
#22 = CARTESIAN_POINT ( 'NONE',  ( -12.01225183224680571, -16.06204882957684177, -8.905600000000001515 ) ) ;
#23 = CARTESIAN_POINT ( 'NONE',  ( -45.68751235600759486, 22.77985263037423636, 11.80599999999999383 ) ) ;
#24 = DIRECTION ( 'NONE',  ( -1.000000000000000000, 0.000000000000000000, 0.000000000000000000 ) ) ;
#25 = CARTESIAN_POINT ( 'NONE',  ( -2.133564132269718083, 5.992650110515425510, 0.000000000000000000 ) ) ;
#26 = EDGE_CURVE ( 'NONE', #3230, #5399, #4144, .T. ) ;
#27 = FACE_OUTER_BOUND ( 'NONE', #6994, .T. ) ;
#28 = CARTESIAN_POINT ( 'NONE',  ( -12.45047903011590584, -10.32171971006564348, 0.009226077896831365310 ) ) ;
#29 = ORIENTED_EDGE ( 'NONE', *, *, #6430, .F. ) ;
#30 = CARTESIAN_POINT ( 'NONE',  ( -13.46324943797793239, -13.50393851900893338, -8.905599999999999739 ) ) ;
#31 = CARTESIAN_POINT ( 'NONE',  ( -27.11334437784210394, 35.98304491953225437, 11.80599999999999206 ) ) ;
#32 = DIRECTION ( 'NONE',  ( 0.7660444431189816772, 0.6427876096865349220, -1.427275208435518990E-16 ) ) ;
#33 = CARTESIAN_POINT ( 'NONE',  ( -48.95355762924554455, 21.84880566579361627, 11.80599999999999561 ) ) ;
#34 = CARTESIAN_POINT ( 'NONE',  ( 1.759916674635157552, 10.85446673156586783, 1.587499999999999911 ) ) ;
#35 = CARTESIAN_POINT ( 'NONE',  ( 1.500906339999774852, -19.94355024582264591, -6.733813430385095167 ) ) ;
#36 = DIRECTION ( 'NONE',  ( -0.9673143870489525620, 0.2535801187161744741, -5.630609727717551074E-17 ) ) ;
#37 = CARTESIAN_POINT ( 'NONE',  ( -18.57456196277014016, -4.252665149888141372, 14.98099999999982401 ) ) ;
#38 = CARTESIAN_POINT ( 'NONE',  ( 16.34252431190608590, 22.72080760079752793, 13.39349904687931492 ) ) ;
#39 = ORIENTED_EDGE ( 'NONE', *, *, #3931, .F. ) ;
#40 = EDGE_CURVE ( 'NONE', #182, #3033, #1640, .T. ) ;
#41 = AXIS2_PLACEMENT_3D ( 'NONE', #5786, #744, #2744 ) ;
#42 = PLANE ( 'NONE',  #4887 ) ;
#43 = ORIENTED_EDGE ( 'NONE', *, *, #3733, .F. ) ;
#44 = EDGE_CURVE ( 'NONE', #1693, #3651, #4590, .T. ) ;
#45 = DIRECTION ( 'NONE',  ( -1.098594435088512496E-16, -2.950846729373555806E-16, -1.000000000000000000 ) ) ;
#46 = CARTESIAN_POINT ( 'NONE',  ( -9.686739635327779041, -9.024083855329822157, 9.416435412949244466 ) ) ;
#47 = CARTESIAN_POINT ( 'NONE',  ( -3.174999999999999822, 3.888253587292846081E-16, 3.005999999999991346 ) ) ;
#48 = CARTESIAN_POINT ( 'NONE',  ( 16.83902564033837379, 2.648461269341396918, -8.905599999932215738 ) ) ;
#49 = VECTOR ( 'NONE', #2057, 1000.000000000000114 ) ;
#50 = CARTESIAN_POINT ( 'NONE',  ( 1.132680650045848392, 10.13746235464814305, 0.000000000000000000 ) ) ;
#51 = EDGE_CURVE ( 'NONE', #6695, #4210, #904, .T. ) ;
#52 = EDGE_LOOP ( 'NONE', ( #4739, #3348, #6585, #2607, #4712, #3144, #3785, #1891, #1213, #6589, #3429, #6358 ) ) ;
#53 = CARTESIAN_POINT ( 'NONE',  ( -0.2653667188482610184, 10.93062915889242070, 8.631000000000000227 ) ) ;
#54 = CARTESIAN_POINT ( 'NONE',  ( 28.11328294592867394, 1.509902505737491074, 11.80599999999999916 ) ) ;
#55 = VECTOR ( 'NONE', #4125, 1000.000000000000114 ) ;
#56 = DIRECTION ( 'NONE',  ( -0.000000000000000000, -0.000000000000000000, -1.000000000000000000 ) ) ;
#57 = VERTEX_POINT ( 'NONE', #4654 ) ;
#58 = CARTESIAN_POINT ( 'NONE',  ( -9.299930234074693658, -7.700766128699728874, 12.60163082116181066 ) ) ;
#59 = VECTOR ( 'NONE', #4804, 1000.000000000000000 ) ;
#60 = VECTOR ( 'NONE', #5796, 1000.000000000000000 ) ;
#61 = CARTESIAN_POINT ( 'NONE',  ( -23.43310772915992146, 34.30224345088092974, 14.98099999999999632 ) ) ;
#62 = CARTESIAN_POINT ( 'NONE',  ( -45.68751235600759486, 22.77985263037423636, 8.631000000000032202 ) ) ;
#63 = CARTESIAN_POINT ( 'NONE',  ( -8.940015150338160410, -9.243803669068361373, 12.55599999790798371 ) ) ;
#64 = DIRECTION ( 'NONE',  ( -0.3489024681454918619, -0.9371590407833582104, -0.000000000000000000 ) ) ;
#65 = DIRECTION ( 'NONE',  ( 0.000000000000000000, 0.000000000000000000, 1.000000000000000000 ) ) ;
#66 = CARTESIAN_POINT ( 'NONE',  ( 16.83902564033837379, 2.648461269341396918, -8.905599999932215738 ) ) ;
#67 = ORIENTED_EDGE ( 'NONE', *, *, #653, .T. ) ;
#68 = CARTESIAN_POINT ( 'NONE',  ( -8.825214408935632804, -16.80551438950678289, 2.517435969732711776 ) ) ;
#69 = CARTESIAN_POINT ( 'NONE',  ( -43.06915103936022149, 31.30670315768118428, 11.80599999999999383 ) ) ;
#70 = AXIS2_PLACEMENT_3D ( 'NONE', #663, #1254, #4089 ) ;
#71 = CARTESIAN_POINT ( 'NONE',  ( 0.01151953932644058515, -8.630064341142229978, -6.449099999999997834 ) ) ;
#72 = CARTESIAN_POINT ( 'NONE',  ( -47.37347727263001929, 27.19531807602060169, 11.80599999999999383 ) ) ;
#73 = ADVANCED_FACE ( 'NONE', ( #3623 ), #5942, .F. ) ;
#74 = CARTESIAN_POINT ( 'NONE',  ( 1.364381787387545009, 10.41790534419867953, 2.517435969732711776 ) ) ;
#75 = AXIS2_PLACEMENT_3D ( 'NONE', #3103, #2072, #2547 ) ;
#76 = FACE_OUTER_BOUND ( 'NONE', #4484, .T. ) ;
#77 = CARTESIAN_POINT ( 'NONE',  ( -12.21055397620565941, -8.384484287925410229, 0.000000000000000000 ) ) ;
#78 = CARTESIAN_POINT ( 'NONE',  ( 18.80718129388836246, -12.73655414860664692, 8.631000000000000227 ) ) ;
#79 = CARTESIAN_POINT ( 'NONE',  ( 16.34252431190608590, 22.72080760079752793, 14.98100000000000165 ) ) ;
#80 = ORIENTED_EDGE ( 'NONE', *, *, #1984, .F. ) ;
#81 = CIRCLE ( 'NONE', #3009, 1.499999999999999556 ) ;
#82 = CARTESIAN_POINT ( 'NONE',  ( -12.37076812387525315, -11.37246271190053548, -3.697879362501682809 ) ) ;
#83 = VERTEX_POINT ( 'NONE', #5307 ) ;
#84 = FACE_OUTER_BOUND ( 'NONE', #1840, .T. ) ;
#85 = DIRECTION ( 'NONE',  ( 0.000000000000000000, 0.000000000000000000, -1.000000000000000000 ) ) ;
#86 = CYLINDRICAL_SURFACE ( 'NONE', #5322, 1.587499999999998579 ) ;
#87 = CARTESIAN_POINT ( 'NONE',  ( 5.461819733840949098, -12.97941186196716679, 11.05600000000000271 ) ) ;
#88 = VECTOR ( 'NONE', #1401, 1000.000000000000000 ) ;
#89 = CARTESIAN_POINT ( 'NONE',  ( 0.4369467506575477889, 9.256587671895131209, 0.000000000000000000 ) ) ;
#90 = ORIENTED_EDGE ( 'NONE', *, *, #1482, .F. ) ;
#91 = CARTESIAN_POINT ( 'NONE',  ( 6.405608924346491762, 14.79585107289456580, 8.631000000000000227 ) ) ;
#92 = CARTESIAN_POINT ( 'NONE',  ( 12.16910334886818568, -14.54587935834384460, 11.05600000000000271 ) ) ;
#93 = EDGE_LOOP ( 'NONE', ( #1580, #2499, #2453, #7204, #5755 ) ) ;
#94 = CARTESIAN_POINT ( 'NONE',  ( -0.7382928528652016320, 7.764312843947698717, -5.730599999999999028 ) ) ;
#95 = CARTESIAN_POINT ( 'NONE',  ( -12.64633658977693997, 34.64295991251769635, 14.98099999999999632 ) ) ;
#96 = CARTESIAN_POINT ( 'NONE',  ( -6.222808689321803755, -8.261172570105257407, 8.631000000000000227 ) ) ;
#97 = CARTESIAN_POINT ( 'NONE',  ( 0.000000000000000000, 0.000000000000000000, 1.256000000000000671 ) ) ;
#98 = DIRECTION ( 'NONE',  ( -0.2535801187161745296, -0.9673143870489525620, 2.147869409105835423E-16 ) ) ;
#99 = CARTESIAN_POINT ( 'NONE',  ( 16.80517172185174601, 2.673386434691257918, -8.905600000000001515 ) ) ;
#100 = DIRECTION ( 'NONE',  ( 0.9371590407833578773, -0.3489024681454928056, 0.000000000000000000 ) ) ;
#101 = ORIENTED_EDGE ( 'NONE', *, *, #3299, .T. ) ;
#102 = DIRECTION ( 'NONE',  ( -0.3489024681454918619, -0.9371590407833582104, -0.000000000000000000 ) ) ;
#103 = CARTESIAN_POINT ( 'NONE',  ( -36.57734624587926930, 34.39605359592100342, 11.80599999999999206 ) ) ;
#104 = CARTESIAN_POINT ( 'NONE',  ( -1.154864917356221987, -10.32993118863620019, -10.44909999999999783 ) ) ;
#105 = CARTESIAN_POINT ( 'NONE',  ( 2.229183074677309140, -13.76562875766001959, 14.98100000000000520 ) ) ;
#106 = ADVANCED_FACE ( 'NONE', ( #5236 ), #820, .F. ) ;
#107 = CARTESIAN_POINT ( 'NONE',  ( 0.9656174468386756748, 9.928214956165348326, 2.517435969732711776 ) ) ;
#108 = DIRECTION ( 'NONE',  ( -0.3489024681454918619, -0.9371590407833582104, -0.000000000000000000 ) ) ;
#109 = CARTESIAN_POINT ( 'NONE',  ( -12.47876764460021981, -10.30295747460158040, -5.730599999999999028 ) ) ;
#110 = CARTESIAN_POINT ( 'NONE',  ( 15.81603941767345489, -13.23563869823644801, 8.631000000000344841 ) ) ;
#111 = B_SPLINE_SURFACE_WITH_KNOTS ( 'NONE', 3, 1, ( 
 ( #3924, #6721 ),
 ( #3965, #4920 ),
 ( #1161, #572 ),
 ( #6649, #3265 ),
 ( #2259, #4470 ),
 ( #1716, #1606 ),
 ( #6058, #1564 ),
 ( #1083, #2781 ),
 ( #607, #5508 ),
 ( #6168, #1675 ),
 ( #2116, #4364 ),
 ( #3408, #2816 ) ),
 .UNSPECIFIED., .F., .F., .F.,
 ( 4, 1, 1, 1, 1, 1, 1, 1, 1, 4 ),
 ( 2, 2 ),
 ( 0.4687500000000000000, 0.4882812500000000000, 0.5078125000000001110, 0.5312500000000000000, 0.5546874999999906741, 0.5781250000000000000, 0.6015625000000000000, 0.6210937500000029976, 0.6445312500000000000, 0.6533740327021160255 ),
 ( 0.000000000000000000, 1.000000000000000000 ),
 .UNSPECIFIED. ) ;
#112 = CARTESIAN_POINT ( 'NONE',  ( -14.43158449124798004, -6.659646363897024912, 0.000000000000000000 ) ) ;
#113 = VERTEX_POINT ( 'NONE', #5274 ) ;
#114 = CARTESIAN_POINT ( 'NONE',  ( -12.34797026820677779, -11.52212790864297354, -3.083972700365880115 ) ) ;
#115 = ORIENTED_EDGE ( 'NONE', *, *, #6794, .F. ) ;
#116 = CARTESIAN_POINT ( 'NONE',  ( -13.53438285424167198, -7.237664405216846397, 8.631000000000000227 ) ) ;
#117 = CARTESIAN_POINT ( 'NONE',  ( 1.427386789094545971, -13.42540790871213652, 7.043499999999998984 ) ) ;
#118 = PLANE ( 'NONE',  #3326 ) ;
#119 = CARTESIAN_POINT ( 'NONE',  ( -5.132726496388960058, -10.98309063169369715, -12.77409999999999890 ) ) ;
#120 = PLANE ( 'NONE',  #4997 ) ;
#121 = EDGE_LOOP ( 'NONE', ( #6154, #5746, #195, #4806, #5554, #946 ) ) ;
#122 = EDGE_CURVE ( 'NONE', #4910, #3424, #2548, .T. ) ;
#123 = CARTESIAN_POINT ( 'NONE',  ( 12.81996575128325766, 13.82652937203813792, 8.631000000000000227 ) ) ;
#124 = CARTESIAN_POINT ( 'NONE',  ( 5.860127906673534781, 30.35954048764050128, 11.80599999999999383 ) ) ;
#125 = CARTESIAN_POINT ( 'NONE',  ( 9.198796658630165268, 13.14829040047153086, 0.000000000000000000 ) ) ;
#126 = ADVANCED_FACE ( 'NONE', ( #7044 ), #2470, .F. ) ;
#127 = ORIENTED_EDGE ( 'NONE', *, *, #2340, .F. ) ;
#128 = CARTESIAN_POINT ( 'NONE',  ( -9.243921122319642691, -7.509152765120257200, 12.01368519653930456 ) ) ;
#129 =( BOUNDED_SURFACE ( )  B_SPLINE_SURFACE ( 3, 3, ( 
 ( #6593, #411, #4382, #2102, #5524, #6078, #7219, #2764, #2725, #1036 ),
 ( #4972, #2656, #6112, #4005, #1068, #5492, #3283, #3871, #3316, #3792 ),
 ( #6703, #998, #1658, #5558, #5013, #6038, #2900, #3452, #6245, #520 ),
 ( #1203, #652, #7110, #4318, #3758, #6005, #3247, #961, #3208, #5449 ) ),
 .UNSPECIFIED., .F., .F., .F. ) 
 B_SPLINE_SURFACE_WITH_KNOTS ( ( 4, 4 ),
 ( 4, 2, 2, 2, 4 ),
 ( 0.000000000000000000, 1.000000000000000000 ),
 ( 0.000000000000000000, 0.3559286171081143535, 0.5533221837525468256, 0.7086393685172394097, 1.000000000000000000 ),
 .UNSPECIFIED. ) 
 GEOMETRIC_REPRESENTATION_ITEM ( )  RATIONAL_B_SPLINE_SURFACE ( (
 ( 1.000000000000000000, 1.000000000000000000, 1.000000000000000000, 1.000000000000000000, 1.000000000000000000, 1.000000000000000000, 1.000000000000000000, 1.000000000000000000, 1.000000000000000000, 1.000000000000000000),
 ( 0.3333333333333333703, 0.3333333333333333703, 0.3333333333333333703, 0.3333333333333333703, 0.3333333333333333703, 0.3333333333333333703, 0.3333333333333333703, 0.3333333333333333703, 0.3333333333333333703, 0.3333333333333333703),
 ( 0.3333333333333333703, 0.3333333333333333703, 0.3333333333333333703, 0.3333333333333333703, 0.3333333333333333703, 0.3333333333333333703, 0.3333333333333333703, 0.3333333333333333703, 0.3333333333333333703, 0.3333333333333333703),
 ( 1.000000000000000000, 1.000000000000000000, 1.000000000000000000, 1.000000000000000000, 1.000000000000000000, 1.000000000000000000, 1.000000000000000000, 1.000000000000000000, 1.000000000000000000, 1.000000000000000000) ) ) 
 REPRESENTATION_ITEM ( '' )  SURFACE ( )  );
#130 = CARTESIAN_POINT ( 'NONE',  ( 1.104215542453945265, -10.18843664028698370, 8.631000000000000227 ) ) ;
#131 = CARTESIAN_POINT ( 'NONE',  ( -5.603345093216948847, -10.05485579300198928, 12.55599999790798549 ) ) ;
#132 = CARTESIAN_POINT ( 'NONE',  ( -8.665917281871326594, -16.87246883471354408, 1.582465612165795177 ) ) ;
#133 = CARTESIAN_POINT ( 'NONE',  ( 23.33091368197174020, 13.91566868371786825, 14.98099999999999632 ) ) ;
#134 = CARTESIAN_POINT ( 'NONE',  ( 19.34890321087507914, -0.9952133602854130734, -2.865299999999999514 ) ) ;
#135 = ORIENTED_EDGE ( 'NONE', *, *, #909, .F. ) ;
#136 = CARTESIAN_POINT ( 'NONE',  ( 0.000000000000000000, 0.000000000000000000, 14.48099999999999987 ) ) ;
#137 = CARTESIAN_POINT ( 'NONE',  ( -48.86279541950757732, 23.23735313982344408, 11.80599999999999383 ) ) ;
#138 = LINE ( 'NONE', #1860, #2658 ) ;
#139 = CARTESIAN_POINT ( 'NONE',  ( 3.579375667900573266, -10.83729641830301382, 14.98100000000000520 ) ) ;
#140 = DIRECTION ( 'NONE',  ( 0.9371590407833582104, -0.3489024681454916954, 0.000000000000000000 ) ) ;
#141 = EDGE_CURVE ( 'NONE', #4671, #2758, #7075, .T. ) ;
#142 = DIRECTION ( 'NONE',  ( 0.000000000000000000, 0.000000000000000000, 1.000000000000000000 ) ) ;
#143 = CARTESIAN_POINT ( 'NONE',  ( -11.19984111205484112, -5.893991113273186144, -5.730599999999999028 ) ) ;
#144 = CARTESIAN_POINT ( 'NONE',  ( 3.034299951601164391, -10.69440557877959286, 8.631000000000000227 ) ) ;
#145 = ORIENTED_EDGE ( 'NONE', *, *, #901, .T. ) ;
#146 = CARTESIAN_POINT ( 'NONE',  ( -14.43158449124798004, -6.659646363897024912, -7.318099999999999383 ) ) ;
#147 = ORIENTED_EDGE ( 'NONE', *, *, #714, .F. ) ;
#148 = CARTESIAN_POINT ( 'NONE',  ( -9.901329239701590623, -8.960905357864465515, 14.48100000000000165 ) ) ;
#149 = CARTESIAN_POINT ( 'NONE',  ( -12.36830072485003917, -11.38960822942026319, -3.718155613085018629 ) ) ;
#150 = ORIENTED_EDGE ( 'NONE', *, *, #6567, .T. ) ;
#151 =( NAMED_UNIT ( * ) PLANE_ANGLE_UNIT ( ) SI_UNIT ( $, .RADIAN. ) );
#152 = DIRECTION ( 'NONE',  ( -1.000000000000000000, 0.000000000000000000, 0.000000000000000000 ) ) ;
#153 = CARTESIAN_POINT ( 'NONE',  ( -6.974196657649674336, -9.719714757477259326, 11.05600000209201994 ) ) ;
#154 = LINE ( 'NONE', #1286, #641 ) ;
#155 = CYLINDRICAL_SURFACE ( 'NONE', #2763, 2.500000000000000000 ) ;
#156 = EDGE_LOOP ( 'NONE', ( #5562, #5362, #5945, #1446, #4744, #1300 ) ) ;
#157 = EDGE_CURVE ( 'NONE', #1102, #5548, #5465, .T. ) ;
#158 = CARTESIAN_POINT ( 'NONE',  ( 16.56184815283848621, 11.32367155639641432, 3.174999999999999822 ) ) ;
#159 = CARTESIAN_POINT ( 'NONE',  ( -19.71033619878698318, -7.218401743463203957, 11.80600000000000271 ) ) ;
#160 = DIRECTION ( 'NONE',  ( -0.000000000000000000, -0.000000000000000000, -1.000000000000000000 ) ) ;
#161 = VECTOR ( 'NONE', #2567, 1000.000000000000000 ) ;
#162 = ORIENTED_EDGE ( 'NONE', *, *, #6711, .F. ) ;
#163 = CARTESIAN_POINT ( 'NONE',  ( -1.380634594731689591, 8.013632022126431664, -5.730600000000005245 ) ) ;
#164 = CARTESIAN_POINT ( 'NONE',  ( -9.578135136534109861, -18.18592566192090487, -15.44909999999999961 ) ) ;
#165 = VECTOR ( 'NONE', #1338, 1000.000000000000227 ) ;
#166 = CARTESIAN_POINT ( 'NONE',  ( -39.73768208424983328, 9.451145619418197086, 8.630999999999994898 ) ) ;
#167 = CARTESIAN_POINT ( 'NONE',  ( 0.000000000000000000, 0.000000000000000000, 3.756000000000000671 ) ) ;
#168 = CARTESIAN_POINT ( 'NONE',  ( -30.03296512924009320, -3.582020856791692498E-06, 10.21850029856952702 ) ) ;
#169 = CARTESIAN_POINT ( 'NONE',  ( 14.25591115432990641, 24.17868099317643171, 14.98099999999999454 ) ) ;
#170 = CARTESIAN_POINT ( 'NONE',  ( 18.12183058940698999, 2.180749408418546142, -8.905599999999997962 ) ) ;
#171 = VECTOR ( 'NONE', #6484, 1000.000000000000000 ) ;
#172 = ORIENTED_EDGE ( 'NONE', *, *, #6711, .T. ) ;
#173 = CARTESIAN_POINT ( 'NONE',  ( -7.523516826610325836, -17.40178589657775632, 2.517435969732711776 ) ) ;
#174 = FACE_OUTER_BOUND ( 'NONE', #3200, .T. ) ;
#175 = CARTESIAN_POINT ( 'NONE',  ( 8.945847058240147476, 27.23474620158858528, 8.630999999999994898 ) ) ;
#176 = CARTESIAN_POINT ( 'NONE',  ( -6.967105568256432235, -11.34794501770343977, 14.98100000000000520 ) ) ;
#177 = AXIS2_PLACEMENT_3D ( 'NONE', #584, #4485, #152 ) ;
#178 = CARTESIAN_POINT ( 'NONE',  ( -6.000000000000000888, 0.000000000000000000, 3.756000000000000671 ) ) ;
#179 = PLANE ( 'NONE',  #183 ) ;
#180 = CARTESIAN_POINT ( 'NONE',  ( -5.132726496388960058, -10.98309063169369537, -12.77409999999999890 ) ) ;
#181 = CARTESIAN_POINT ( 'NONE',  ( 19.50871581554208234, 16.82698967804242329, 8.630999999998611116 ) ) ;
#182 = VERTEX_POINT ( 'NONE', #6970 ) ;
#183 = AXIS2_PLACEMENT_3D ( 'NONE', #3003, #2481, #2447 ) ;
#184 = CARTESIAN_POINT ( 'NONE',  ( -15.06145482489957566, -2.740503098923020353, 0.000000000000000000 ) ) ;
#185 = VERTEX_POINT ( 'NONE', #4286 ) ;
#186 = CARTESIAN_POINT ( 'NONE',  ( -13.40914248972956635, -13.64434887661692564, -8.905599999999996186 ) ) ;
#187 = ADVANCED_FACE ( 'NONE', ( #2991 ), #1484, .F. ) ;
#188 = CARTESIAN_POINT ( 'NONE',  ( 8.251932399444179111, -13.70983174109766267, 12.55600000000000271 ) ) ;
#189 = ORIENTED_EDGE ( 'NONE', *, *, #2101, .F. ) ;
#190 = VECTOR ( 'NONE', #7024, 1000.000000000000000 ) ;
#191 = CIRCLE ( 'NONE', #6566, 6.000000000000000888 ) ;
#192 = CARTESIAN_POINT ( 'NONE',  ( -11.63187636939698244, 34.35443425849396704, 10.21850059711604253 ) ) ;
#193 = CARTESIAN_POINT ( 'NONE',  ( -7.378787030429424298, -0.6675356715421755238, 0.000000000000000000 ) ) ;
#194 = LINE ( 'NONE', #5773, #5698 ) ;
#195 = ORIENTED_EDGE ( 'NONE', *, *, #4355, .F. ) ;
#196 = DIRECTION ( 'NONE',  ( 0.000000000000000000, 0.000000000000000000, 1.000000000000000000 ) ) ;
#197 = CARTESIAN_POINT ( 'NONE',  ( 2.229183074677309140, -13.76562875766001959, 14.98100000000000520 ) ) ;
#198 = EDGE_CURVE ( 'NONE', #525, #3787, #191, .T. ) ;
#199 = EDGE_CURVE ( 'NONE', #454, #1575, #7008, .T. ) ;
#200 = CIRCLE ( 'NONE', #3714, 2.500000000000000000 ) ;
#201 = VERTEX_POINT ( 'NONE', #1376 ) ;
#202 = CARTESIAN_POINT ( 'NONE',  ( 19.34913917186176135, -0.9952133531469556926, 0.000000000000000000 ) ) ;
#203 = CARTESIAN_POINT ( 'NONE',  ( 19.25571840595279127, -0.7094735996174597048, -5.730600000000002581 ) ) ;
#204 = CARTESIAN_POINT ( 'NONE',  ( 27.54192536631284938, 4.318195128451486120, 8.630999999999927397 ) ) ;
#205 = FACE_OUTER_BOUND ( 'NONE', #121, .T. ) ;
#206 = DIRECTION ( 'NONE',  ( -1.000000000000000000, 0.000000000000000000, 0.000000000000000000 ) ) ;
#207 = CARTESIAN_POINT ( 'NONE',  ( 4.566370287237146108, -12.73717740565215628, 12.55600000000000094 ) ) ;
#208 = VERTEX_POINT ( 'NONE', #4133 ) ;
#209 = CARTESIAN_POINT ( 'NONE',  ( -12.22002286999542697, -8.303848861734207887, 2.517435969732711776 ) ) ;
#210 = LINE ( 'NONE', #4692, #5341 ) ;
#211 = CARTESIAN_POINT ( 'NONE',  ( -8.834550332455131993, -27.80497700742806089, 7.043499999999998984 ) ) ;
#212 = CARTESIAN_POINT ( 'NONE',  ( -16.41965974405983175, 36.03076986445130103, 14.98099999999999454 ) ) ;
#213 = CARTESIAN_POINT ( 'NONE',  ( 15.85082825701369202, 9.731027992418974648, 1.587499999999999911 ) ) ;
#214 = CARTESIAN_POINT ( 'NONE',  ( -14.58965844222981723, -8.306195325499921012, -8.905600000000001515 ) ) ;
#215 = CARTESIAN_POINT ( 'NONE',  ( 0.000000000000000000, 0.000000000000000000, -11.44909999999999961 ) ) ;
#216 = DIRECTION ( 'NONE',  ( -0.000000000000000000, -0.000000000000000000, 1.000000000000000000 ) ) ;
#217 = CARTESIAN_POINT ( 'NONE',  ( -34.34269062145453688, 4.697388634174216371, 11.80599999999999916 ) ) ;
#218 = VERTEX_POINT ( 'NONE', #6376 ) ;
#219 = CARTESIAN_POINT ( 'NONE',  ( -14.92656653629867591, -4.225130301441974545, 0.000000000000000000 ) ) ;
#220 = EDGE_LOOP ( 'NONE', ( #1229, #4681, #2936, #2236, #6117, #3267, #1025, #39 ) ) ;
#221 = LINE ( 'NONE', #4740, #4883 ) ;
#222 = CARTESIAN_POINT ( 'NONE',  ( -15.46334548494149708, -8.624975958979645085, -8.905600000000001515 ) ) ;
#223 = EDGE_LOOP ( 'NONE', ( #4203, #1560, #3523, #189 ) ) ;
#224 = CARTESIAN_POINT ( 'NONE',  ( 16.11155974441192029, -14.78842987344954807, 8.631000000000003780 ) ) ;
#225 = CARTESIAN_POINT ( 'NONE',  ( -11.41158442011745855, -14.14504739044597592, -7.318099999999999383 ) ) ;
#226 = CARTESIAN_POINT ( 'NONE',  ( 2.499390839117278329, 11.49427392629251088, 1.587499999999999911 ) ) ;
#227 = EDGE_CURVE ( 'NONE', #5816, #446, #1333, .T. ) ;
#228 = CARTESIAN_POINT ( 'NONE',  ( 0.9736327287353307991, 9.938051241704396688, 0.000000000000000000 ) ) ;
#229 = ORIENTED_EDGE ( 'NONE', *, *, #6093, .F. ) ;
#230 = B_SPLINE_SURFACE_WITH_KNOTS ( 'NONE', 1, 3, ( 
 ( #2667, #802, #4670, #762, #188, #5920, #6916, #7155, #3012, #972 ),
 ( #3220, #4195, #1557, #6952, #5464, #2452, #5290, #4914, #3082, #6603 ) ),
 .UNSPECIFIED., .F., .F., .F.,
 ( 2, 2 ),
 ( 4, 2, 2, 2, 4 ),
 ( 0.000000000000000000, 1.000000000000000000 ),
 ( 0.000000000000000000, 0.3559286171081143535, 0.5533221837525468256, 0.7086393685172394097, 1.000000000000000000 ),
 .UNSPECIFIED. ) ;
#231 = CARTESIAN_POINT ( 'NONE',  ( -10.56156790634245546, -4.821214032401639038, 1.587499999999999911 ) ) ;
#232 = CARTESIAN_POINT ( 'NONE',  ( -48.49935445207390217, 17.71237818181344537, 11.80599999999999561 ) ) ;
#233 = CARTESIAN_POINT ( 'NONE',  ( 16.56184815283848621, 11.32367155639641432, 8.631000000000000227 ) ) ;
#234 = DIRECTION ( 'NONE',  ( -0.3489024681454917509, -0.9371590407833583214, 0.000000000000000000 ) ) ;
#235 = ORIENTED_EDGE ( 'NONE', *, *, #5910, .T. ) ;
#236 = CARTESIAN_POINT ( 'NONE',  ( 20.93640320732840721, -0.4104517516507580344, -8.905599999999999739 ) ) ;
#237 = CARTESIAN_POINT ( 'NONE',  ( -11.94963630523090536, 6.672263382977527968, -7.318099999999999383 ) ) ;
#238 = CARTESIAN_POINT ( 'NONE',  ( 17.17154391907870092, 24.07817789789695340, 8.630999999999993122 ) ) ;
#239 = CARTESIAN_POINT ( 'NONE',  ( -2.093480134381779934, -10.53735640076356361, 11.05596718551655400 ) ) ;
#240 = CARTESIAN_POINT ( 'NONE',  ( -3.258408414822242527, -11.68089556798468109, -2.449099999999997390 ) ) ;
#241 = CARTESIAN_POINT ( 'NONE',  ( -1.154864917356221987, -10.32993118863620019, -2.449099999999997390 ) ) ;
#242 = DIRECTION ( 'NONE',  ( -0.000000000000000000, -0.000000000000000000, 1.000000000000000000 ) ) ;
#243 = ORIENTED_EDGE ( 'NONE', *, *, #3146, .T. ) ;
#244 = CARTESIAN_POINT ( 'NONE',  ( -2.321249374038885094, -12.02979803613017218, -6.449099999999997834 ) ) ;
#245 = CARTESIAN_POINT ( 'NONE',  ( -30.03296279907226207, 0.000000000000000000, 10.21850059711604963 ) ) ;
#246 = CARTESIAN_POINT ( 'NONE',  ( -8.998819715029162225, -16.66378078452541089, -7.318099999999999383 ) ) ;
#247 = EDGE_CURVE ( 'NONE', #2234, #6329, #4216, .T. ) ;
#248 = CARTESIAN_POINT ( 'NONE',  ( 22.51648795791860991, 11.38776055877447924, 14.98099999999999987 ) ) ;
#249 = CARTESIAN_POINT ( 'NONE',  ( 19.34913917407838468, 2.669487341995716800, 1.587499999999999911 ) ) ;
#250 = CARTESIAN_POINT ( 'NONE',  ( -14.92185392696043955, -7.329694340763398763, -8.905600000000001515 ) ) ;
#251 = CARTESIAN_POINT ( 'NONE',  ( -2.204894577754121787, -10.96236130471560521, 8.631000000000002004 ) ) ;
#252 = FACE_OUTER_BOUND ( 'NONE', #6110, .T. ) ;
#253 = CARTESIAN_POINT ( 'NONE',  ( 24.42985965046503694, -13.43782222754919786, 8.631000000000000227 ) ) ;
#254 = CARTESIAN_POINT ( 'NONE',  ( -15.07311084845917648, -1.246108911772247696, 0.000000000000000000 ) ) ;
#255 = CARTESIAN_POINT ( 'NONE',  ( 8.945847058240140370, 27.23474620158858528, 13.39349904687931314 ) ) ;
#256 = CARTESIAN_POINT ( 'NONE',  ( -12.39988713129054609, -11.14483811449495754, -2.477084010896196897 ) ) ;
#257 = ORIENTED_EDGE ( 'NONE', *, *, #5118, .F. ) ;
#258 = DIRECTION ( 'NONE',  ( 0.000000000000000000, 0.000000000000000000, 1.000000000000000000 ) ) ;
#259 = LINE ( 'NONE', #2489, #4170 ) ;
#260 = DIRECTION ( 'NONE',  ( 1.000000000000000000, 0.000000000000000000, 0.000000000000000000 ) ) ;
#261 = CARTESIAN_POINT ( 'NONE',  ( 25.57639578305569472, -2.453975412024805181, 14.98100000000001764 ) ) ;
#262 = ORIENTED_EDGE ( 'NONE', *, *, #3115, .F. ) ;
#263 = EDGE_CURVE ( 'NONE', #7171, #2106, #1256, .T. ) ;
#264 = CARTESIAN_POINT ( 'NONE',  ( -7.995319230445503855, -17.21320990794778538, 1.587499999999999911 ) ) ;
#265 = CARTESIAN_POINT ( 'NONE',  ( 24.42985965046503694, -13.43782222754919786, 14.98100000000000520 ) ) ;
#266 = CARTESIAN_POINT ( 'NONE',  ( 20.93640320978964908, -0.9952720344690636489, -7.318100000000001160 ) ) ;
#267 = CARTESIAN_POINT ( 'NONE',  ( -12.31311717335850986, -11.71983771963462573, 0.000000000000000000 ) ) ;
#268 = VERTEX_POINT ( 'NONE', #4725 ) ;
#269 = CARTESIAN_POINT ( 'NONE',  ( 19.64128800687952747, -0.1579918734575995742, -8.905600000000001515 ) ) ;
#270 = CARTESIAN_POINT ( 'NONE',  ( -13.88357108138302642, -8.312627936532434703, -8.248035969732711692 ) ) ;
#271 = CARTESIAN_POINT ( 'NONE',  ( -6.967105568256432235, -11.34794501770343977, 8.631000000000000227 ) ) ;
#272 = CARTESIAN_POINT ( 'NONE',  ( -3.657299401794418259, -9.794080435372821469, 11.36663415283823042 ) ) ;
#273 = EDGE_CURVE ( 'NONE', #7207, #6662, #2354, .T. ) ;
#274 = CARTESIAN_POINT ( 'NONE',  ( -15.09402979498616126, -2.021286001594686965, -5.730599999999993699 ) ) ;
#275 = CARTESIAN_POINT ( 'NONE',  ( -9.581494475307552605, -18.33172319652106452, 3.174999999999998934 ) ) ;
#276 = CARTESIAN_POINT ( 'NONE',  ( -12.03221265217366032, -12.80259548204367981, -7.318099999999999383 ) ) ;
#277 = ORIENTED_EDGE ( 'NONE', *, *, #630, .F. ) ;
#278 =( NAMED_UNIT ( * ) PLANE_ANGLE_UNIT ( ) SI_UNIT ( $, .RADIAN. ) );
#279 = DIRECTION ( 'NONE',  ( 0.9371590407833578773, -0.3489024681454927501, 0.000000000000000000 ) ) ;
#280 = CARTESIAN_POINT ( 'NONE',  ( -11.28676967805846409, -15.47919643235905340, -8.905600000000001515 ) ) ;
#281 = CARTESIAN_POINT ( 'NONE',  ( -44.69879262735814507, 25.43413383263218464, 14.98099999999999454 ) ) ;
#282 = MECHANICAL_DESIGN_GEOMETRIC_PRESENTATION_REPRESENTATION (  '', ( #3801 ), #3098 ) ;
#283 = CARTESIAN_POINT ( 'NONE',  ( -16.11478866409434119, 2.572347371083869572, -15.44909999999999961 ) ) ;
#284 = CARTESIAN_POINT ( 'NONE',  ( -15.70854428081502263, -0.7082971016092944883, -8.905600000000001515 ) ) ;
#285 = ADVANCED_FACE ( 'NONE', ( #316 ), #1039, .F. ) ;
#286 = CARTESIAN_POINT ( 'NONE',  ( 14.89387173257746255, 10.61803224443205629, 1.587499999999999911 ) ) ;
#287 = CARTESIAN_POINT ( 'NONE',  ( -16.64869579998555338, -0.9263015384992343559, -8.905599999999997962 ) ) ;
#288 = CARTESIAN_POINT ( 'NONE',  ( 3.313884498999439376, -14.05062876676627681, 8.631000000000183192 ) ) ;
#289 = VECTOR ( 'NONE', #3941, 1000.000000000000114 ) ;
#290 = DIRECTION ( 'NONE',  ( -1.000000000000000000, 0.000000000000000000, 0.000000000000000000 ) ) ;
#291 = EDGE_LOOP ( 'NONE', ( #2719, #6141, #4380, #235 ) ) ;
#292 = LINE ( 'NONE', #2117, #2284 ) ;
#293 = ADVANCED_FACE ( 'NONE', ( #4385 ), #4940, .F. ) ;
#294 = CARTESIAN_POINT ( 'NONE',  ( -16.32919012753621857, -5.501575511905496541, -8.905600000000001515 ) ) ;
#295 = VERTEX_POINT ( 'NONE', #4870 ) ;
#296 = CARTESIAN_POINT ( 'NONE',  ( -6.772800442731737647, -28.57256243734814305, -14.44909999999999961 ) ) ;
#297 = CARTESIAN_POINT ( 'NONE',  ( -15.36725559823728204, -8.877615641742254482, -8.905599999999999739 ) ) ;
#298 = DIRECTION ( 'NONE',  ( 0.000000000000000000, 0.000000000000000000, 1.000000000000000000 ) ) ;
#299 = CARTESIAN_POINT ( 'NONE',  ( -48.49935445207389506, 17.71237818181343826, 14.98100000000005494 ) ) ;
#300 = CARTESIAN_POINT ( 'NONE',  ( -8.076414569826757983, -18.89090235368932014, -12.77410000000000068 ) ) ;
#301 = ORIENTED_EDGE ( 'NONE', *, *, #4105, .F. ) ;
#302 = VECTOR ( 'NONE', #1847, 1000.000000000000000 ) ;
#303 = VECTOR ( 'NONE', #6526, 1000.000000000000000 ) ;
#304 = CARTESIAN_POINT ( 'NONE',  ( 8.444812778553501431, -13.78356018162389418, 13.39349904687932380 ) ) ;
#305 = CARTESIAN_POINT ( 'NONE',  ( 5.860127906673534781, 30.35954048764050484, 14.98099999999999454 ) ) ;
#306 = DIRECTION ( 'NONE',  ( 0.9322399881385087239, -0.3618405788679776580, 0.000000000000000000 ) ) ;
#307 = LINE ( 'NONE', #4795, #6066 ) ;
#308 = VECTOR ( 'NONE', #2093, 1000.000000000000000 ) ;
#309 = ORIENTED_EDGE ( 'NONE', *, *, #3843, .T. ) ;
#310 = CARTESIAN_POINT ( 'NONE',  ( 19.34335748338761007, -0.9054776339048697942, -5.730600000000004357 ) ) ;
#311 = CARTESIAN_POINT ( 'NONE',  ( -15.07851313103511792, -2.245596035779637845, -7.318099999999999383 ) ) ;
#312 = CARTESIAN_POINT ( 'NONE',  ( -48.49935445207389506, 17.71237818181343826, 8.630999999999936279 ) ) ;
#313 = AXIS2_PLACEMENT_3D ( 'NONE', #6302, #1261, #5749 ) ;
#314 = CARTESIAN_POINT ( 'NONE',  ( -8.751285366612483685, -8.517527830486057994, 11.80600000000000094 ) ) ;
#315 = LINE ( 'NONE', #3691, #7118 ) ;
#316 = FACE_OUTER_BOUND ( 'NONE', #5332, .T. ) ;
#317 = CARTESIAN_POINT ( 'NONE',  ( -10.94507972258137585, -14.84553058644234014, 0.000000000000000000 ) ) ;
#318 = ORIENTED_EDGE ( 'NONE', *, *, #6, .F. ) ;
#319 = CARTESIAN_POINT ( 'NONE',  ( 17.74655397297285475, 0.4500443467203734671, -5.730599999999999028 ) ) ;
#320 = CARTESIAN_POINT ( 'NONE',  ( 0.000000000000000000, 0.000000000000000000, 1.256000000000000671 ) ) ;
#321 = CIRCLE ( 'NONE', #5713, 0.4848803914277929894 ) ;
#322 = CARTESIAN_POINT ( 'NONE',  ( -9.801959106896374507, -16.06714690621811314, -7.318099999999999383 ) ) ;
#323 = CARTESIAN_POINT ( 'NONE',  ( 3.034299951601164391, -10.69440557877959463, 11.80600000000000094 ) ) ;
#324 = CARTESIAN_POINT ( 'NONE',  ( 11.41814862681614784, -14.43180205245922032, 10.21850000016612370 ) ) ;
#325 = CARTESIAN_POINT ( 'NONE',  ( -15.96257746985418180, -7.081668958368594780, -8.905600000000001515 ) ) ;
#326 = CARTESIAN_POINT ( 'NONE',  ( -16.11509610006104865, -6.492827883625674090, -8.905599999999997962 ) ) ;
#327 = CARTESIAN_POINT ( 'NONE',  ( -35.53768265111548885, 31.38543395455019791, 8.630999999999989569 ) ) ;
#328 = PLANE ( 'NONE',  #7124 ) ;
#329 = ORIENTED_EDGE ( 'NONE', *, *, #7258, .F. ) ;
#330 = LINE ( 'NONE', #6021, #1116 ) ;
#331 = ORIENTED_EDGE ( 'NONE', *, *, #1357, .F. ) ;
#332 = DIRECTION ( 'NONE',  ( -0.000000000000000000, -0.000000000000000000, -1.000000000000000000 ) ) ;
#333 = DIRECTION ( 'NONE',  ( -0.7660444431189814551, -0.6427876096865352551, 1.427275208435519729E-16 ) ) ;
#334 = DIRECTION ( 'NONE',  ( -0.000000000000000000, -0.000000000000000000, -1.000000000000000000 ) ) ;
#335 = CARTESIAN_POINT ( 'NONE',  ( -10.34038013284806468, 32.29016240817401240, 14.98100000000004783 ) ) ;
#336 = LINE ( 'NONE', #4790, #5593 ) ;
#337 = ORIENTED_EDGE ( 'NONE', *, *, #5169, .T. ) ;
#338 = CARTESIAN_POINT ( 'NONE',  ( 1.590095103986505665, -19.94836994353445192, 0.7942348351279164831 ) ) ;
#339 = ORIENTED_EDGE ( 'NONE', *, *, #5556, .F. ) ;
#340 = CARTESIAN_POINT ( 'NONE',  ( -3.764673518677138286, -20.49267306973824532, 8.631000000000000227 ) ) ;
#341 = EDGE_LOOP ( 'NONE', ( #1726, #822, #1240, #2285, #5668, #516, #1486, #4077, #6620, #329 ) ) ;
#342 = CARTESIAN_POINT ( 'NONE',  ( 18.50843989411413304, -0.03957266067920056640, -5.730599999999996363 ) ) ;
#343 = CARTESIAN_POINT ( 'NONE',  ( -13.76229623950490399, 4.245151003387815258, -8.248035969732711692 ) ) ;
#344 = CARTESIAN_POINT ( 'NONE',  ( 5.860127906673534781, 30.35954048764050484, 8.630999999999989569 ) ) ;
#345 = CARTESIAN_POINT ( 'NONE',  ( -6.802166949865470436, -8.989651380556258786, 11.80600000000000271 ) ) ;
#346 = EDGE_CURVE ( 'NONE', #814, #3898, #1549, .T. ) ;
#347 = CARTESIAN_POINT ( 'NONE',  ( 10.16852945880552817, -14.16342776514918533, 11.05600000000000271 ) ) ;
#348 = CARTESIAN_POINT ( 'NONE',  ( -13.65458572767326650, -13.36895328985681708, 3.174999999999999822 ) ) ;
#349 = CARTESIAN_POINT ( 'NONE',  ( -10.21505875053764889, -15.68629689704059693, -7.318099999999999383 ) ) ;
#350 = ORIENTED_EDGE ( 'NONE', *, *, #1556, .T. ) ;
#351 = FACE_OUTER_BOUND ( 'NONE', #7011, .T. ) ;
#352 = CARTESIAN_POINT ( 'NONE',  ( -6.092761286508818763, -9.907193276350634292, 8.631000000000000227 ) ) ;
#353 = CARTESIAN_POINT ( 'NONE',  ( -11.89037289558364563, -13.15962468831480869, -7.318099999999999383 ) ) ;
#354 = CARTESIAN_POINT ( 'NONE',  ( 23.80368188292203513, -9.445347389392313886, 11.80600000000000271 ) ) ;
#355 = ADVANCED_FACE ( 'NONE', ( #2105 ), #6043, .F. ) ;
#356 = DIRECTION ( 'NONE',  ( 0.7856175890622957292, -0.6187123756285676235, 0.000000000000000000 ) ) ;
#357 = CARTESIAN_POINT ( 'NONE',  ( -12.41236349582395704, 7.140526181054677402, -8.905600000000001515 ) ) ;
#358 = EDGE_LOOP ( 'NONE', ( #5439, #2450, #6361, #588 ) ) ;
#359 = CARTESIAN_POINT ( 'NONE',  ( -16.53301447364963295, -4.165364360595476434, -8.905599999999997962 ) ) ;
#360 = CARTESIAN_POINT ( 'NONE',  ( 28.77451289708931981, -5.204147292516262624, 8.631000000000032202 ) ) ;
#361 = CARTESIAN_POINT ( 'NONE',  ( -9.311884644447030013, 8.519060930577110113, -7.318099999999999383 ) ) ;
#362 = CARTESIAN_POINT ( 'NONE',  ( -8.075756374071776378, -18.89114725574930631, -8.905599999999996186 ) ) ;
#363 = EDGE_CURVE ( 'NONE', #4036, #3769, #1513, .T. ) ;
#364 = ORIENTED_EDGE ( 'NONE', *, *, #2083, .F. ) ;
#365 = CARTESIAN_POINT ( 'NONE',  ( 5.608419723831763015, 14.60362400149015549, 3.174999999999999822 ) ) ;
#366 = CARTESIAN_POINT ( 'NONE',  ( 0.8483108465917187369, 10.03848089782430186, 2.290993301991031128 ) ) ;
#367 = DIRECTION ( 'NONE',  ( -0.000000000000000000, -0.000000000000000000, 1.000000000000000000 ) ) ;
#368 = CARTESIAN_POINT ( 'NONE',  ( -12.27556252960572714, -9.873853818606887600, 14.98100000000000520 ) ) ;
#369 = CARTESIAN_POINT ( 'NONE',  ( -13.46335915016357454, -13.50398159669038911, -15.44909999999999961 ) ) ;
#370 = EDGE_LOOP ( 'NONE', ( #7056, #5711, #3385, #4218 ) ) ;
#371 = CARTESIAN_POINT ( 'NONE',  ( -12.20547776684155039, -12.32040931772231396, 1.587499999999999911 ) ) ;
#372 = VERTEX_POINT ( 'NONE', #7113 ) ;
#373 = CARTESIAN_POINT ( 'NONE',  ( -0.9256395014569174240, -8.281161872996737117, 1.550900000000002610 ) ) ;
#374 = CARTESIAN_POINT ( 'NONE',  ( -11.98739699550838900, -12.91531502102366602, 0.000000000000000000 ) ) ;
#375 = ORIENTED_EDGE ( 'NONE', *, *, #3950, .F. ) ;
#376 = CARTESIAN_POINT ( 'NONE',  ( 13.12463477223435149, 2.319392917077423899, -5.787905999999998663 ) ) ;
#377 = ADVANCED_FACE ( 'NONE', ( #5016 ), #6115, .T. ) ;
#378 = CARTESIAN_POINT ( 'NONE',  ( -15.05170216074766287, -0.7453076699464331600, -8.248035969732711692 ) ) ;
#379 = CARTESIAN_POINT ( 'NONE',  ( 28.74950554974190808, -2.214734616449455906, 11.80600000000000094 ) ) ;
#380 = DIRECTION ( 'NONE',  ( -0.000000000000000000, -0.000000000000000000, -1.000000000000000000 ) ) ;
#381 = CYLINDRICAL_SURFACE ( 'NONE', #3336, 1.984375000000000000 ) ;
#382 = CARTESIAN_POINT ( 'NONE',  ( 15.57111405666695880, 9.988387980724876769, 0.000000000000000000 ) ) ;
#383 = ORIENTED_EDGE ( 'NONE', *, *, #5748, .T. ) ;
#384 = CARTESIAN_POINT ( 'NONE',  ( -2.560603478531258581, -9.806577486417962675, -2.449099999999997390 ) ) ;
#385 = CARTESIAN_POINT ( 'NONE',  ( -7.522063524368013177, -17.40308485334662691, -7.318099999999999383 ) ) ;
#386 = CARTESIAN_POINT ( 'NONE',  ( -3.585675646931240301, -8.948570147269911956, 14.98099999999999454 ) ) ;
#387 = CARTESIAN_POINT ( 'NONE',  ( -13.88634983169434456, 4.049917912792627028, -5.730599999999983041 ) ) ;
#388 = CARTESIAN_POINT ( 'NONE',  ( -25.21712816269280566, 34.35674000225326807, 13.39349904687931314 ) ) ;
#389 = AXIS2_PLACEMENT_3D ( 'NONE', #2639, #298, #260 ) ;
#390 = CYLINDRICAL_SURFACE ( 'NONE', #6151, 1.587499999457716360 ) ;
#391 = CARTESIAN_POINT ( 'NONE',  ( 27.22101982593339287, 6.353276422773165066, 8.630999999999994898 ) ) ;
#392 = CARTESIAN_POINT ( 'NONE',  ( -7.139688768580557010, 9.184898826891243928, -7.318099999999999383 ) ) ;
#393 = CARTESIAN_POINT ( 'NONE',  ( 25.48455371229664124, 12.54643094582652729, 11.80599999999999739 ) ) ;
#394 = AXIS2_PLACEMENT_3D ( 'NONE', #665, #5635, #4017 ) ;
#395 = ORIENTED_EDGE ( 'NONE', *, *, #2702, .T. ) ;
#396 = CARTESIAN_POINT ( 'NONE',  ( -12.31311717335850986, -11.71983771963462573, 0.000000000000000000 ) ) ;
#397 = FACE_BOUND ( 'NONE', #3945, .T. ) ;
#398 = CYLINDRICAL_SURFACE ( 'NONE', #2379, 3.174999999999999822 ) ;
#399 = CARTESIAN_POINT ( 'NONE',  ( 19.73284292453422850, -12.40441390036500025, 14.98100000000000520 ) ) ;
#400 = CIRCLE ( 'NONE', #3221, 0.7499999999999996669 ) ;
#401 = ADVANCED_FACE ( 'NONE', ( #2137 ), #381, .F. ) ;
#402 = DIRECTION ( 'NONE',  ( -1.000000000000000000, 6.453308069673872516E-17, -1.432922240790251711E-32 ) ) ;
#403 = ORIENTED_EDGE ( 'NONE', *, *, #2946, .F. ) ;
#404 = LINE ( 'NONE', #6030, #3124 ) ;
#405 = EDGE_LOOP ( 'NONE', ( #5486, #3875, #5960, #3276, #2309, #1551, #318 ) ) ;
#406 = CIRCLE ( 'NONE', #4517, 1.499999999999999556 ) ;
#407 = DIRECTION ( 'NONE',  ( -0.6187123756285676235, -0.7856175890622957292, 0.000000000000000000 ) ) ;
#408 = DIRECTION ( 'NONE',  ( -0.9247449542209307261, -0.3805874007937320447, 0.000000000000000000 ) ) ;
#409 = VERTEX_POINT ( 'NONE', #7260 ) ;
#410 = CARTESIAN_POINT ( 'NONE',  ( 7.696285765109075250, 4.396799623637833498, -5.787905999999998663 ) ) ;
#411 = CARTESIAN_POINT ( 'NONE',  ( 5.462736354394249538, -12.97593693034882811, 11.05600000000000271 ) ) ;
#412 = EDGE_CURVE ( 'NONE', #5775, #5038, #2921, .T. ) ;
#413 = ADVANCED_FACE ( 'NONE', ( #3910 ), #3838, .F. ) ;
#414 = CARTESIAN_POINT ( 'NONE',  ( -6.974196657649877729, -9.719714757477259326, 12.55599999790798371 ) ) ;
#415 = CARTESIAN_POINT ( 'NONE',  ( 9.034895210211852046, -13.89891862375383624, 11.05600000000000271 ) ) ;
#416 = CARTESIAN_POINT ( 'NONE',  ( -9.853225687248782450, -3.809484351455107554, 4.818676322192284402E-17 ) ) ;
#417 = AXIS2_PLACEMENT_3D ( 'NONE', #6007, #2659, #2104 ) ;
#418 = CARTESIAN_POINT ( 'NONE',  ( 6.357654243826428520, -13.22022808459496623, 10.21850000016612192 ) ) ;
#419 = VERTEX_POINT ( 'NONE', #486 ) ;
#420 = DIRECTION ( 'NONE',  ( 0.3489024681454918064, 0.9371590407833582104, -1.574357500145857683E-16 ) ) ;
#421 = CIRCLE ( 'NONE', #4533, 3.924999999999977174 ) ;
#422 = CARTESIAN_POINT ( 'NONE',  ( 11.51291219324334847, 12.57484447282148388, 0.000000000000000000 ) ) ;
#423 = CARTESIAN_POINT ( 'NONE',  ( 0.2044901992181951955, 29.16016385193017157, 14.98099999999999454 ) ) ;
#424 = CARTESIAN_POINT ( 'NONE',  ( -16.66621222466899965, -2.277838253446197392, -8.905600000000001515 ) ) ;
#425 = CARTESIAN_POINT ( 'NONE',  ( -3.277987645022796936, 9.170018492453936076, -8.367115263861501617 ) ) ;
#426 = CARTESIAN_POINT ( 'NONE',  ( -10.77377632720185652, -15.06705754985584989, -5.730600000000001693 ) ) ;
#427 = ORIENTED_EDGE ( 'NONE', *, *, #1453, .T. ) ;
#428 = FACE_OUTER_BOUND ( 'NONE', #4452, .T. ) ;
#429 = CARTESIAN_POINT ( 'NONE',  ( -44.97519480863827113, 29.96679013402548719, 8.630999999999989569 ) ) ;
#430 = DIRECTION ( 'NONE',  ( -1.000000000000000000, 0.000000000000000000, 0.000000000000000000 ) ) ;
#431 = CARTESIAN_POINT ( 'NONE',  ( 1.226780418669875417, 32.16946954534166281, 11.80599999999999383 ) ) ;
#432 = ORIENTED_EDGE ( 'NONE', *, *, #688, .T. ) ;
#433 = EDGE_CURVE ( 'NONE', #1949, #3107, #2569, .T. ) ;
#434 = CARTESIAN_POINT ( 'NONE',  ( 7.088975582700504319, 14.81978978667507896, 3.174999999999999822 ) ) ;
#435 = FACE_OUTER_BOUND ( 'NONE', #500, .T. ) ;
#436 = CARTESIAN_POINT ( 'NONE',  ( -2.517015674973707817, -10.87939893623049059, 13.39349904687932202 ) ) ;
#437 = CARTESIAN_POINT ( 'NONE',  ( -39.73768208424983328, 9.451145619418197086, 14.98099999999999987 ) ) ;
#438 = CARTESIAN_POINT ( 'NONE',  ( -4.041245766306803766, -20.40789540588344408, -8.905600000000001515 ) ) ;
#439 = ORIENTED_EDGE ( 'NONE', *, *, #6199, .T. ) ;
#440 = CARTESIAN_POINT ( 'NONE',  ( 12.23060217376109726, -14.14318730000562141, 13.34291917891584411 ) ) ;
#441 = ORIENTED_EDGE ( 'NONE', *, *, #2214, .F. ) ;
#442 = EDGE_CURVE ( 'NONE', #7139, #3827, #5679, .T. ) ;
#443 = CARTESIAN_POINT ( 'NONE',  ( -13.08427867658368449, 5.346220250491161785, -7.318099999999999383 ) ) ;
#444 = ORIENTED_EDGE ( 'NONE', *, *, #5654, .F. ) ;
#445 = CARTESIAN_POINT ( 'NONE',  ( 5.874447809812914478, -21.54342603158024261, 0.7942348351279164831 ) ) ;
#446 = VERTEX_POINT ( 'NONE', #702 ) ;
#447 = CARTESIAN_POINT ( 'NONE',  ( 13.55618021133552098, 2.157841764141089413, -5.787905999999998663 ) ) ;
#448 = LINE ( 'NONE', #2969, #7114 ) ;
#449 = CARTESIAN_POINT ( 'NONE',  ( -47.37347727263001929, 27.19531807602060169, 11.80599999999999383 ) ) ;
#450 = CARTESIAN_POINT ( 'NONE',  ( -12.71990937226253493, -13.20744419277050063, -8.704692019481310439 ) ) ;
#451 = CARTESIAN_POINT ( 'NONE',  ( 19.34841067181731233, -0.9699995875540534662, -5.726574044572965150 ) ) ;
#452 = ADVANCED_FACE ( 'NONE', ( #1809 ), #5191, .T. ) ;
#453 = CARTESIAN_POINT ( 'NONE',  ( 15.36680967270676312, 10.17950814977343299, 0.000000000000000000 ) ) ;
#454 = VERTEX_POINT ( 'NONE', #6296 ) ;
#455 = CARTESIAN_POINT ( 'NONE',  ( -12.43602160748117669, -10.72358775524343066, -2.855999698605351078 ) ) ;
#456 = CARTESIAN_POINT ( 'NONE',  ( -13.53520020899183329, -13.31732974308160067, -8.905600000000001515 ) ) ;
#457 = CARTESIAN_POINT ( 'NONE',  ( 25.48526637672581430, -1.669644062140321239, 8.630999999999998451 ) ) ;
#458 = CARTESIAN_POINT ( 'NONE',  ( -4.036108563097333679, -20.39408905309382547, 8.631000000000000227 ) ) ;
#459 = CARTESIAN_POINT ( 'NONE',  ( 2.232987961919594699, 11.26844374255333392, 0.000000000000000000 ) ) ;
#460 = FACE_OUTER_BOUND ( 'NONE', #2689, .T. ) ;
#461 = ORIENTED_EDGE ( 'NONE', *, *, #4156, .F. ) ;
#462 = CARTESIAN_POINT ( 'NONE',  ( -8.646547152135115155, -18.66200526755969236, 3.174999999999999822 ) ) ;
#463 = CARTESIAN_POINT ( 'NONE',  ( 22.08385952095340699, 18.69922293381420886, 11.80599999999899730 ) ) ;
#464 = ADVANCED_FACE ( 'NONE', ( #2945 ), #2622, .F. ) ;
#465 = FACE_OUTER_BOUND ( 'NONE', #358, .T. ) ;
#466 = EDGE_CURVE ( 'NONE', #3730, #966, #6780, .T. ) ;
#467 = CARTESIAN_POINT ( 'NONE',  ( 5.571559769077778945, -14.65035004269345009, 14.98099999999981335 ) ) ;
#468 = ORIENTED_EDGE ( 'NONE', *, *, #5157, .F. ) ;
#469 = CARTESIAN_POINT ( 'NONE',  ( -12.32672829261598757, -11.64581983138624466, 2.069039710516650179E-08 ) ) ;
#470 = DIRECTION ( 'NONE',  ( -0.3489024681454918619, -0.9371590407833582104, -0.000000000000000000 ) ) ;
#471 = CARTESIAN_POINT ( 'NONE',  ( -8.075674094941192038, -18.89092610366523672, -7.318100000000001160 ) ) ;
#472 = CARTESIAN_POINT ( 'NONE',  ( 25.57639578305569117, -2.453975412025189762, 11.80600000000000094 ) ) ;
#473 = CARTESIAN_POINT ( 'NONE',  ( 1.298463506524899280, -11.88093877015635158, 13.39349904687932202 ) ) ;
#474 = ORIENTED_EDGE ( 'NONE', *, *, #6, .T. ) ;
#475 = PLANE ( 'NONE',  #6648 ) ;
#476 = CARTESIAN_POINT ( 'NONE',  ( -9.311884644447030013, 8.519060930577110113, -7.318099999999999383 ) ) ;
#477 = ORIENTED_EDGE ( 'NONE', *, *, #952, .T. ) ;
#478 = DIRECTION ( 'NONE',  ( 0.9371590407833582104, -0.3489024681454915844, -0.000000000000000000 ) ) ;
#479 = DIRECTION ( 'NONE',  ( 1.838610492228253069E-16, 4.938544729790589688E-16, 1.000000000000000000 ) ) ;
#480 = EDGE_LOOP ( 'NONE', ( #6877, #6846, #2377, #954 ) ) ;
#481 = CARTESIAN_POINT ( 'NONE',  ( 16.11849830496726454, 1.220092363700203020, -5.730599999999999028 ) ) ;
#482 = EDGE_CURVE ( 'NONE', #2899, #2040, #6743, .T. ) ;
#483 = CARTESIAN_POINT ( 'NONE',  ( 0.000000000000000000, 0.000000000000000000, 14.98099999999999987 ) ) ;
#484 = CARTESIAN_POINT ( 'NONE',  ( -16.41965974405983530, 36.03076986445130814, 11.80599999999999206 ) ) ;
#485 = DIRECTION ( 'NONE',  ( 0.000000000000000000, 0.000000000000000000, 1.000000000000000000 ) ) ;
#486 = CARTESIAN_POINT ( 'NONE',  ( -0.6856654756705968801, -19.10110875456180679, -6.524349999999999206 ) ) ;
#487 = EDGE_LOOP ( 'NONE', ( #6555, #623, #5446, #350 ) ) ;
#488 = CARTESIAN_POINT ( 'NONE',  ( -6.179433900825434200, -13.79456775404376145, 7.043499999999998984 ) ) ;
#489 = EDGE_CURVE ( 'NONE', #4447, #4543, #3920, .T. ) ;
#490 = CARTESIAN_POINT ( 'NONE',  ( -12.31311717335850986, -11.71983771963462573, 0.000000000000000000 ) ) ;
#491 = CARTESIAN_POINT ( 'NONE',  ( -20.08259148370260405, 32.86196989895048404, 11.80599999999999206 ) ) ;
#492 = CARTESIAN_POINT ( 'NONE',  ( 19.67346976725516683, 19.47390449454816519, 13.39349904687931669 ) ) ;
#493 = CARTESIAN_POINT ( 'NONE',  ( -40.67401417322093948, 6.922186682037451355, 14.98099999999999810 ) ) ;
#494 = CARTESIAN_POINT ( 'NONE',  ( -11.64005917702012383, -13.71557504678705719, -5.730600000000001693 ) ) ;
#495 = CARTESIAN_POINT ( 'NONE',  ( -8.518953277101237731, -18.71595190785787466, -8.905600000000001515 ) ) ;
#496 = CARTESIAN_POINT ( 'NONE',  ( -1.622867371717699347, -12.76438399408333524, 8.630999999999984240 ) ) ;
#497 = CARTESIAN_POINT ( 'NONE',  ( 0.3806793846580737162, -16.23688503106220438, 7.043499999999998984 ) ) ;
#498 = CARTESIAN_POINT ( 'NONE',  ( -9.669967158881936697, 35.40818001634448819, 11.80599999999999206 ) ) ;
#499 = B_SPLINE_CURVE_WITH_KNOTS ( 'NONE', 3,
 ( #5582, #2155, #6175, #7165, #6613, #2712, #2747, #1132, #7242, #1723, #1022, #3342, #4441, #3892 ),
 .UNSPECIFIED., .F., .F.,
 ( 4, 2, 2, 2, 2, 2, 4 ),
 ( 0.000000000000000000, 0.2500000000000000000, 0.5000000000000000000, 0.5625000000000000000, 0.6250000000000000000, 0.7500000000000000000, 1.000000000000000000 ),
 .UNSPECIFIED. ) ;
#501 = EDGE_CURVE ( 'NONE', #4244, #7216, #1700, .T. ) ;
#500 = EDGE_LOOP ( 'NONE', ( #3215, #1932 ) ) ;
#502 = VECTOR ( 'NONE', #334, 1000.000000000000000 ) ;
#503 = CARTESIAN_POINT ( 'NONE',  ( 16.82074698263024004, 9.632201488951482204, 3.174999999999999822 ) ) ;
#504 = CARTESIAN_POINT ( 'NONE',  ( 0.6682687293928385452, 10.18274841636102579, 2.636291634650535620 ) ) ;
#505 = LINE ( 'NONE', #4999, #5913 ) ;
#506 = CARTESIAN_POINT ( 'NONE',  ( -6.222808689321803755, -8.261172570105257407, 14.98100000000000165 ) ) ;
#507 = AXIS2_PLACEMENT_3D ( 'NONE', #6904, #102, #3475 ) ;
#508 = CARTESIAN_POINT ( 'NONE',  ( 14.25591115432482070, 24.17868099317998443, 13.39349904687931314 ) ) ;
#509 = ORIENTED_EDGE ( 'NONE', *, *, #2098, .T. ) ;
#510 = DIRECTION ( 'NONE',  ( -0.3805874007937244397, 0.9247449542209338347, 0.000000000000000000 ) ) ;
#511 = ORIENTED_EDGE ( 'NONE', *, *, #5430, .T. ) ;
#512 = CARTESIAN_POINT ( 'NONE',  ( -14.08565318235120145, -8.370309038491360099, -8.112905470031385846 ) ) ;
#513 = VERTEX_POINT ( 'NONE', #1849 ) ;
#514 = CARTESIAN_POINT ( 'NONE',  ( -9.586657712543104282, -16.24503456457990680, -7.318099999999999383 ) ) ;
#515 = DIRECTION ( 'NONE',  ( 0.000000000000000000, 0.000000000000000000, 1.000000000000000000 ) ) ;
#516 = ORIENTED_EDGE ( 'NONE', *, *, #1042, .F. ) ;
#517 = CARTESIAN_POINT ( 'NONE',  ( 14.87522501239010175, 1.665313298963705613, -5.787905999999998663 ) ) ;
#518 = B_SPLINE_CURVE_WITH_KNOTS ( 'NONE', 3,
 ( #3711, #914, #5477, #2120, #6612, #504, #5993, #7095, #366, #5512, #5434, #5542, #3233, #7241 ),
 .UNSPECIFIED., .F., .F.,
 ( 4, 2, 2, 2, 2, 2, 4 ),
 ( -6.241218784632742605E-05, 0.0005638073428021962881, 0.001190026873450720016, 0.001503136638774981446, 0.001816246404099242442, 0.002129356169423503656, 0.002442465934747765736 ),
 .UNSPECIFIED. ) ;
#519 = CONICAL_SURFACE ( 'NONE', #1573, 3.924999999999977174, 0.7853981633974442822 ) ;
#520 = CARTESIAN_POINT ( 'NONE',  ( 12.39555662537878256, -13.06307157796311991, 12.55600000000000094 ) ) ;
#521 = CARTESIAN_POINT ( 'NONE',  ( -3.030030175635520795, -10.74447544034259749, 14.19556458705075919 ) ) ;
#522 = CARTESIAN_POINT ( 'NONE',  ( -12.28969087732648546, -13.03584583330640889, -8.285072901588955929 ) ) ;
#523 = CARTESIAN_POINT ( 'NONE',  ( 19.33891995303380540, -0.8941243329450938582, -5.728116881957348916 ) ) ;
#524 = AXIS2_PLACEMENT_3D ( 'NONE', #3891, #6133, #5034 ) ;
#525 = VERTEX_POINT ( 'NONE', #559 ) ;
#526 = DIRECTION ( 'NONE',  ( -0.1509688510070648915, -0.9885385202538171656, 0.000000000000000000 ) ) ;
#527 = CARTESIAN_POINT ( 'NONE',  ( -9.859684447917651084, -17.99835489795132659, -8.905600000000001515 ) ) ;
#528 = CARTESIAN_POINT ( 'NONE',  ( -4.453473749772172141, -8.710837770988907991, 11.80600000000000094 ) ) ;
#529 = VECTOR ( 'NONE', #1004, 1000.000000000000227 ) ;
#530 = LINE ( 'NONE', #5058, #2175 ) ;
#531 = CARTESIAN_POINT ( 'NONE',  ( 19.19388020387352256, -0.6398805656995893987, -8.248035969732711692 ) ) ;
#532 = ADVANCED_FACE ( 'NONE', ( #5667 ), #2502, .F. ) ;
#533 = CARTESIAN_POINT ( 'NONE',  ( -5.365758893188782963, 10.85873511045645756, -8.905600000000001515 ) ) ;
#534 = VERTEX_POINT ( 'NONE', #4644 ) ;
#535 = CARTESIAN_POINT ( 'NONE',  ( -12.85690891066475672, -8.129245182550505433, 3.174999999999999822 ) ) ;
#536 = CARTESIAN_POINT ( 'NONE',  ( 13.38164866021849875, 26.72609921577227965, 11.80599999999999383 ) ) ;
#537 = CIRCLE ( 'NONE', #5470, 0.4999999999999998335 ) ;
#538 = DIRECTION ( 'NONE',  ( 0.3489024681454918064, 0.9371590407833582104, -1.574357500145857683E-16 ) ) ;
#539 = CARTESIAN_POINT ( 'NONE',  ( 2.229183074677310028, -13.76562875766001781, 11.80600000000000094 ) ) ;
#540 = CARTESIAN_POINT ( 'NONE',  ( 27.51580630283823936, -2.931758095046658852, 10.21850059711604963 ) ) ;
#541 = AXIS2_PLACEMENT_3D ( 'NONE', #6505, #1459, #3706 ) ;
#542 = CARTESIAN_POINT ( 'NONE',  ( 7.202779167234849567, 13.23207438965887661, 2.517435969732711776 ) ) ;
#543 = CARTESIAN_POINT ( 'NONE',  ( 2.040422006581943393, 11.09409342743305693, 0.000000000000000000 ) ) ;
#544 = CARTESIAN_POINT ( 'NONE',  ( 5.089656768021824540, -10.74103297613638830, 10.60799819143153044 ) ) ;
#545 = CARTESIAN_POINT ( 'NONE',  ( -44.43695755569756756, 16.47538348345661419, 14.98099999999999632 ) ) ;
#546 = CARTESIAN_POINT ( 'NONE',  ( -9.901329239701597729, -8.960905357864469067, 14.98100000000000165 ) ) ;
#547 = ORIENTED_EDGE ( 'NONE', *, *, #3715, .F. ) ;
#548 = CARTESIAN_POINT ( 'NONE',  ( -1.868502313221988453, -15.39951910751302755, 8.631000000000000227 ) ) ;
#549 = ORIENTED_EDGE ( 'NONE', *, *, #1020, .F. ) ;
#550 = CARTESIAN_POINT ( 'NONE',  ( 2.420428040132277303, -3.040034490371304798, -7.318099999999999383 ) ) ;
#551 = ORIENTED_EDGE ( 'NONE', *, *, #5084, .F. ) ;
#552 = CARTESIAN_POINT ( 'NONE',  ( -5.259945791592521402, 10.82699430550430186, -8.905599999999999739 ) ) ;
#553 = CARTESIAN_POINT ( 'NONE',  ( -10.55619991177215056, -4.809835977676105934, 0.000000000000000000 ) ) ;
#554 = ORIENTED_EDGE ( 'NONE', *, *, #6740, .F. ) ;
#555 = CARTESIAN_POINT ( 'NONE',  ( -2.517015674973626993, -10.87939893623051013, 10.21850059711605141 ) ) ;
#556 = ADVANCED_FACE ( 'NONE', ( #592 ), #6744, .F. ) ;
#557 = CARTESIAN_POINT ( 'NONE',  ( -36.57734624587926930, 34.39605359592100342, 11.80599999999999206 ) ) ;
#558 = CARTESIAN_POINT ( 'NONE',  ( -13.07430928585001340, -13.34880215144099225, -8.863290482392123693 ) ) ;
#559 = CARTESIAN_POINT ( 'NONE',  ( -6.000000000000000888, 0.000000000000000000, 14.98099999999999987 ) ) ;
#560 = EDGE_LOOP ( 'NONE', ( #5071, #6486, #5522, #5223, #4703, #1435, #5991, #3722, #1402, #6401, #4093, #4481, #1094, #7059, #5935, #3309, #959, #3854 ) ) ;
#561 = CARTESIAN_POINT ( 'NONE',  ( -9.627869797383059591, -8.822683631178811936, 13.39366456429449848 ) ) ;
#562 = CARTESIAN_POINT ( 'NONE',  ( -2.555409098860968342, -1.491539187694883584, 14.48099999999999987 ) ) ;
#563 = CARTESIAN_POINT ( 'NONE',  ( 6.400655110004744408, -11.58547895595570765, 8.630999999999419359 ) ) ;
#564 = CARTESIAN_POINT ( 'NONE',  ( 19.34913917407838468, 2.669487341995716356, -5.730599999999999028 ) ) ;
#565 = CARTESIAN_POINT ( 'NONE',  ( -0.8385945378856853871, 7.636953555415630035, -0.000000000000000000 ) ) ;
#566 = DIRECTION ( 'NONE',  ( -0.3486964237605598149, -0.9372357249148136615, 0.000000000000000000 ) ) ;
#567 = DIRECTION ( 'NONE',  ( 0.000000000000000000, 0.000000000000000000, 1.000000000000000000 ) ) ;
#568 = ORIENTED_EDGE ( 'NONE', *, *, #1368, .T. ) ;
#569 = CARTESIAN_POINT ( 'NONE',  ( -13.74369171768156406, -12.73827305083241335, 3.174999999999999822 ) ) ;
#570 = CARTESIAN_POINT ( 'NONE',  ( -6.967105568256432235, -11.34794501770343977, 8.631000000000000227 ) ) ;
#571 = EDGE_CURVE ( 'NONE', #6392, #3307, #2475, .T. ) ;
#572 = CARTESIAN_POINT ( 'NONE',  ( -12.27122387953898652, -4.524822891209272058, 3.174999999999999822 ) ) ;
#573 = CARTESIAN_POINT ( 'NONE',  ( -13.13121744587780526, -9.572183738367961325, 11.80600000000000271 ) ) ;
#574 = CARTESIAN_POINT ( 'NONE',  ( 9.279216423871176289, 13.81933280170909306, 3.174999999999999822 ) ) ;
#575 = DIRECTION ( 'NONE',  ( -0.000000000000000000, -0.000000000000000000, -1.000000000000000000 ) ) ;
#576 = DIRECTION ( 'NONE',  ( 0.000000000000000000, -0.8730714619388894038, -0.4875922705990021200 ) ) ;
#577 = CARTESIAN_POINT ( 'NONE',  ( -34.34269062145452267, 4.697388634174215483, 14.98099999999999987 ) ) ;
#578 = CARTESIAN_POINT ( 'NONE',  ( -1.169984487269735141, -11.23817251630137015, 13.39349904687932025 ) ) ;
#579 = VERTEX_POINT ( 'NONE', #2283 ) ;
#580 = EDGE_CURVE ( 'NONE', #7237, #1949, #918, .T. ) ;
#581 = CARTESIAN_POINT ( 'NONE',  ( -12.34526993216168655, -11.53829016479438252, -2.803642266177640785 ) ) ;
#582 = ORIENTED_EDGE ( 'NONE', *, *, #4482, .F. ) ;
#583 = CARTESIAN_POINT ( 'NONE',  ( -13.41532077316924898, -9.448900658554427068, -5.730599999999998140 ) ) ;
#584 = CARTESIAN_POINT ( 'NONE',  ( 2.420428040132277303, -3.040034490371304798, 0.000000000000000000 ) ) ;
#585 = CARTESIAN_POINT ( 'NONE',  ( -9.853225687254232312, -3.809484351451081885, -5.730599999999999028 ) ) ;
#586 = LINE ( 'NONE', #4323, #3118 ) ;
#587 = CARTESIAN_POINT ( 'NONE',  ( -0.3683398237218694082, 8.234065217215814414, 0.000000000000000000 ) ) ;
#588 = ORIENTED_EDGE ( 'NONE', *, *, #2501, .T. ) ;
#589 = ADVANCED_FACE ( 'NONE', ( #2874 ), #5081, .F. ) ;
#590 = CARTESIAN_POINT ( 'NONE',  ( 14.72044767618559291, 12.78361513899634794, 3.174999999999999822 ) ) ;
#591 = CARTESIAN_POINT ( 'NONE',  ( 5.571559769077778945, -14.65035004269344832, 11.80599999999961547 ) ) ;
#592 = FACE_OUTER_BOUND ( 'NONE', #220, .T. ) ;
#593 = VERTEX_POINT ( 'NONE', #92 ) ;
#595 = ADVANCED_FACE ( 'NONE', ( #1772 ), #4606, .T. ) ;
#594 = CARTESIAN_POINT ( 'NONE',  ( -10.85745331887102161, 7.643518400254419198, -5.730599999999996363 ) ) ;
#596 = DIRECTION ( 'NONE',  ( 1.000000000000000000, 0.000000000000000000, 0.000000000000000000 ) ) ;
#597 = EDGE_CURVE ( 'NONE', #5917, #1396, #2043, .T. ) ;
#598 = CARTESIAN_POINT ( 'NONE',  ( -37.63074280117568549, 30.59158252159359748, 11.80599999999999383 ) ) ;
#599 = CARTESIAN_POINT ( 'NONE',  ( -3.852868218153464586, -10.51820357379661175, 12.55599999790798549 ) ) ;
#600 = CARTESIAN_POINT ( 'NONE',  ( -3.838956224274429729, 3.827207690901893056, 0.000000000000000000 ) ) ;
#601 = CARTESIAN_POINT ( 'NONE',  ( 16.24938184449140266, 1.170377116458106936, -8.248035969732711692 ) ) ;
#602 = CARTESIAN_POINT ( 'NONE',  ( -12.24577899136729542, -8.520954962922699494, -0.01063651728166482152 ) ) ;
#603 = B_SPLINE_CURVE_WITH_KNOTS ( 'NONE', 3,
 ( #4466, #3223, #388, #3808, #6054, #1012, #7191 ),
 .UNSPECIFIED., .F., .F.,
 ( 4, 1, 1, 1, 4 ),
 ( 0.5079342641458755025, 0.5249586381463533513, 0.5897739113054744076, 0.6545891844645936875, 0.8409330947970671266 ),
 .UNSPECIFIED. ) ;
#604 = ORIENTED_EDGE ( 'NONE', *, *, #901, .F. ) ;
#605 = FACE_OUTER_BOUND ( 'NONE', #4750, .T. ) ;
#606 = CARTESIAN_POINT ( 'NONE',  ( -2.500000000000000000, 3.061616997868383141E-16, 0.2560000000000005604 ) ) ;
#607 = CARTESIAN_POINT ( 'NONE',  ( -10.90883797371126640, -17.32412320556788288, 8.631000000000000227 ) ) ;
#608 = CARTESIAN_POINT ( 'NONE',  ( 26.35318203560210648, -11.46868643948620203, 14.98100000000000520 ) ) ;
#609 = CARTESIAN_POINT ( 'NONE',  ( 5.934055386172462754, 13.04683675044269719, 1.587499999999999911 ) ) ;
#610 = CARTESIAN_POINT ( 'NONE',  ( 1.458146672739230931, -19.94119991418016724, -6.773896537098019088 ) ) ;
#611 = CARTESIAN_POINT ( 'NONE',  ( 19.34890321087421228, -2.358427444629869196, -5.730599999999999028 ) ) ;
#612 = CARTESIAN_POINT ( 'NONE',  ( 22.51648795791860991, 11.38776055877447924, 8.630999999999994898 ) ) ;
#613 = CARTESIAN_POINT ( 'NONE',  ( 4.759815703703596412, -12.78599078537129863, 13.39349904687932202 ) ) ;
#614 = ORIENTED_EDGE ( 'NONE', *, *, #5886, .T. ) ;
#615 = CARTESIAN_POINT ( 'NONE',  ( -12.36259670808054700, -11.42823074935031968, -3.689410041969034104 ) ) ;
#616 = VERTEX_POINT ( 'NONE', #5778 ) ;
#617 = DIRECTION ( 'NONE',  ( -2.940280123376413621E-16, -1.050218897352779953E-15, -1.000000000000000000 ) ) ;
#618 = CARTESIAN_POINT ( 'NONE',  ( -4.556636004441492638, 10.74571626661312074, -8.905599999999997962 ) ) ;
#619 = CARTESIAN_POINT ( 'NONE',  ( -11.73141501711418577, -6.953802425814743948, 0.000000000000000000 ) ) ;
#620 = CARTESIAN_POINT ( 'NONE',  ( -19.28813900090750977, -5.677310453037887505, 8.631000000000002004 ) ) ;
#621 = VECTOR ( 'NONE', #4958, 1000.000000000000114 ) ;
#622 = CARTESIAN_POINT ( 'NONE',  ( 5.175622008456705281, 5.468878642094232134, -5.730600000000002581 ) ) ;
#623 = ORIENTED_EDGE ( 'NONE', *, *, #2492, .F. ) ;
#624 = B_SPLINE_SURFACE_WITH_KNOTS ( 'NONE', 1, 3, ( 
 ( #5385, #2584, #4932, #7173, #2129, #3312, #4378, #6624, #6664, #1581 ),
 ( #3828, #6074, #5008, #1619, #3866, #5552, #2759, #1248, #2274, #46 ) ),
 .UNSPECIFIED., .F., .F., .F.,
 ( 2, 2 ),
 ( 4, 2, 2, 2, 4 ),
 ( 0.000000000000000000, 1.000000000000000000 ),
 ( 0.000000000000000000, 0.3312314344345015926, 0.5170122668105440189, 0.6979999127215934518, 1.000000000000000000 ),
 .UNSPECIFIED. ) ;
#625 = CARTESIAN_POINT ( 'NONE',  ( -15.36736558150627374, -8.877658348685018908, -15.44909999999999961 ) ) ;
#626 = CARTESIAN_POINT ( 'NONE',  ( 9.704111649709826537, 13.07575598749948576, 0.000000000000000000 ) ) ;
#627 = ORIENTED_EDGE ( 'NONE', *, *, #5455, .T. ) ;
#628 = CARTESIAN_POINT ( 'NONE',  ( -2.133564132269718083, 5.992650110515425510, 0.000000000000000000 ) ) ;
#629 = VECTOR ( 'NONE', #5810, 1000.000000000000114 ) ;
#630 = EDGE_CURVE ( 'NONE', #3750, #6283, #5821, .T. ) ;
#631 = CARTESIAN_POINT ( 'NONE',  ( 14.25591115432990641, 24.17868099317643171, 13.39349904687931314 ) ) ;
#632 = CARTESIAN_POINT ( 'NONE',  ( -23.76691292083733131, -2.182336403359665056, 8.630999999999998451 ) ) ;
#633 = DIRECTION ( 'NONE',  ( 0.000000000000000000, 0.000000000000000000, 1.000000000000000000 ) ) ;
#634 = DIRECTION ( 'NONE',  ( -5.463695987328524465E-16, -0.000000000000000000, 1.000000000000000000 ) ) ;
#635 = AXIS2_PLACEMENT_3D ( 'NONE', #6277, #108, #682 ) ;
#636 = CARTESIAN_POINT ( 'NONE',  ( -12.64633658977693997, 34.64295991251769635, 14.98099999999999099 ) ) ;
#637 = CARTESIAN_POINT ( 'NONE',  ( -12.43607963316675225, -10.74372845593676473, -0.002348580826617610150 ) ) ;
#638 = ORIENTED_EDGE ( 'NONE', *, *, #3957, .F. ) ;
#639 = CARTESIAN_POINT ( 'NONE',  ( -11.19984111205484112, -5.893991113273777671, 1.587499999999999911 ) ) ;
#640 = CARTESIAN_POINT ( 'NONE',  ( -6.967105568256431347, -11.34794501770343977, 11.80600000000000271 ) ) ;
#641 = VECTOR ( 'NONE', #2868, 1000.000000000000000 ) ;
#642 = DIRECTION ( 'NONE',  ( 0.9371590407833578773, -0.3489024681454928056, 0.000000000000000000 ) ) ;
#643 = CARTESIAN_POINT ( 'NONE',  ( 20.73429099352363991, 15.02051468739542806, 14.98099999999999632 ) ) ;
#644 = CARTESIAN_POINT ( 'NONE',  ( 4.289051226172818865, 12.53125708338927424, 2.517435969732711776 ) ) ;
#645 = VECTOR ( 'NONE', #4500, 1000.000000000000000 ) ;
#646 = CARTESIAN_POINT ( 'NONE',  ( 1.589364074290090079, -19.94809778261591049, -6.583088895274779695 ) ) ;
#647 = CARTESIAN_POINT ( 'NONE',  ( -10.69595452903907606, -15.18652511254910920, -5.730599999999999028 ) ) ;
#648 = CARTESIAN_POINT ( 'NONE',  ( 24.09583352102566423, 5.763476572495693340, 8.630999999999994898 ) ) ;
#649 = FACE_OUTER_BOUND ( 'NONE', #5594, .T. ) ;
#650 = ORIENTED_EDGE ( 'NONE', *, *, #4207, .T. ) ;
#651 = AXIS2_PLACEMENT_3D ( 'NONE', #1233, #5723, #1893 ) ;
#652 = CARTESIAN_POINT ( 'NONE',  ( 5.462736354394249538, -12.97593693034882811, 12.55600000000000094 ) ) ;
#653 = EDGE_CURVE ( 'NONE', #2778, #4671, #1685, .T. ) ;
#654 = CYLINDRICAL_SURFACE ( 'NONE', #4181, 0.7937499999999990674 ) ;
#655 = ORIENTED_EDGE ( 'NONE', *, *, #4898, .F. ) ;
#656 = CARTESIAN_POINT ( 'NONE',  ( -12.11951503877241976, -12.55095085116516529, 0.000000000000000000 ) ) ;
#657 = DIRECTION ( 'NONE',  ( -1.000000000000000000, 0.000000000000000000, 0.000000000000000000 ) ) ;
#658 = CARTESIAN_POINT ( 'NONE',  ( 19.34913917186174004, 1.726690403717616062, 1.587499999999999911 ) ) ;
#659 = CARTESIAN_POINT ( 'NONE',  ( 8.251932403017830708, -13.70983172667513372, 11.05600000000000271 ) ) ;
#660 = AXIS2_PLACEMENT_3D ( 'NONE', #6680, #2185, #4433 ) ;
#661 = CARTESIAN_POINT ( 'NONE',  ( -0.7382928528652020761, 7.764312843947696940, -5.787905999999998663 ) ) ;
#662 = EDGE_LOOP ( 'NONE', ( #1616, #1218, #1914, #676 ) ) ;
#663 = CARTESIAN_POINT ( 'NONE',  ( -0.9626068097610805951, -19.84497874318359578, -6.524349999999999206 ) ) ;
#664 = CARTESIAN_POINT ( 'NONE',  ( 11.48444867788076529, 27.70592705193344329, 11.80599999999999383 ) ) ;
#665 = CARTESIAN_POINT ( 'NONE',  ( 2.420428040132277303, -3.040034490371304798, -15.44909999999999961 ) ) ;
#666 = EDGE_LOOP ( 'NONE', ( #627, #4601 ) ) ;
#667 = CARTESIAN_POINT ( 'NONE',  ( -0.7382928528640985144, 7.764312843946832743, 0.000000000000000000 ) ) ;
#668 = CARTESIAN_POINT ( 'NONE',  ( -11.03479504990174398, -8.606588811822932783, 14.98100000000000165 ) ) ;
#669 = EDGE_CURVE ( 'NONE', #2942, #3730, #6386, .T. ) ;
#670 = CARTESIAN_POINT ( 'NONE',  ( 7.290481762829307044, -15.12270843337942949, 8.631000000000000227 ) ) ;
#671 = CARTESIAN_POINT ( 'NONE',  ( 7.909062721539013907, 13.25704616563519167, -5.730599999999999028 ) ) ;
#672 = DIRECTION ( 'NONE',  ( -1.000000000000000000, 0.000000000000000000, -0.000000000000000000 ) ) ;
#673 = CARTESIAN_POINT ( 'NONE',  ( 26.05945939585308224, 3.527067444167494514, 14.98099999999999810 ) ) ;
#674 = CARTESIAN_POINT ( 'NONE',  ( 9.145347856307289192, -13.92611525790092841, 12.55600000000000271 ) ) ;
#675 =( BOUNDED_SURFACE ( )  B_SPLINE_SURFACE ( 3, 3, ( 
 ( #6706, #3359, #6631, #1626 ),
 ( #6114, #1548, #3796, #2727 ),
 ( #6042, #3285, #1000, #5526 ),
 ( #4976, #2173, #5331, #4855 ),
 ( #3162, #3196, #919, #4894 ),
 ( #3236, #5438, #3716, #438 ),
 ( #953, #7031, #2536, #6028 ) ),
 .UNSPECIFIED., .F., .F., .T. ) 
 B_SPLINE_SURFACE_WITH_KNOTS ( ( 4, 3, 4 ),
 ( 4, 4 ),
 ( 0.000000000000000000, 1.000000000000000000, 1.010000000000000009 ),
 ( 0.000000000000000000, 1.000000000000000000 ),
 .UNSPECIFIED. ) 
 GEOMETRIC_REPRESENTATION_ITEM ( )  RATIONAL_B_SPLINE_SURFACE ( (
 ( 1.000000000000000000, 0.7137727214797360276, 0.7137727214797360276, 1.000000000000000000),
 ( 0.8047378541243648264, 0.5743999282161107445, 0.5743999282161107445, 0.8047378541243648264),
 ( 0.8047378541243648264, 0.5743999282161107445, 0.5743999282161107445, 0.8047378541243648264),
 ( 1.000000000000000000, 0.7137727214797360276, 0.7137727214797360276, 1.000000000000000000),
 ( 1.000000000000000000, 0.7137727214797360276, 0.7137727214797360276, 1.000000000000000000),
 ( 1.000000000000000000, 0.7137727214797360276, 0.7137727214797360276, 1.000000000000000000),
 ( 1.000000000000000000, 0.7137727214797360276, 0.7137727214797360276, 1.000000000000000000) ) ) 
 REPRESENTATION_ITEM ( '' )  SURFACE ( )  );
#676 = ORIENTED_EDGE ( 'NONE', *, *, #3724, .T. ) ;
#677 = CARTESIAN_POINT ( 'NONE',  ( -7.761895739788752913, -17.31339749815901996, 1.587499999999999911 ) ) ;
#678 = DIRECTION ( 'NONE',  ( -1.000000000000000000, 0.000000000000000000, 0.000000000000000000 ) ) ;
#679 = LINE ( 'NONE', #211, #6776 ) ;
#680 = CARTESIAN_POINT ( 'NONE',  ( -14.51444827867037546, 35.97823366288712776, 14.98099999999996257 ) ) ;
#681 = CARTESIAN_POINT ( 'NONE',  ( -1.447615242865005314, -21.14772114095298150, -12.77410000000000068 ) ) ;
#682 = DIRECTION ( 'NONE',  ( 0.9371590407833583214, -0.3489024681454917509, 0.000000000000000000 ) ) ;
#683 = CARTESIAN_POINT ( 'NONE',  ( -11.73792050015868682, -13.58042259290912313, 1.587499999999999911 ) ) ;
#684 = EDGE_CURVE ( 'NONE', #4313, #1429, #5657, .T. ) ;
#685 = CARTESIAN_POINT ( 'NONE',  ( -6.222808689321803755, -8.261172570105257407, 11.80600000000000094 ) ) ;
#686 = EDGE_LOOP ( 'NONE', ( #6626, #4196, #5834, #4928, #4791, #1697 ) ) ;
#687 = B_SPLINE_SURFACE_WITH_KNOTS ( 'NONE', 3, 1, ( 
 ( #6837, #1389 ),
 ( #6986, #186 ),
 ( #1947, #3638 ),
 ( #5881, #1794 ),
 ( #6284, #5734 ),
 ( #691, #6915 ),
 ( #2933, #6320 ),
 ( #3524, #4115 ),
 ( #2420, #6359 ),
 ( #6059, #4885 ),
 ( #2675, #3081 ),
 ( #3188, #362 ) ),
 .UNSPECIFIED., .F., .F., .F.,
 ( 4, 1, 1, 1, 1, 1, 1, 1, 1, 4 ),
 ( 2, 2 ),
 ( 0.5757304073704194725, 0.5800781249999735767, 0.5878906250000038858, 0.5976562499999800160, 0.6074218750000000000, 0.6171874999999995559, 0.6269531250000000000, 0.6347656250000000000, 0.6445312500000000000, 0.6514132337489412228 ),
 ( 0.000000000000000000, 1.000000000000000000 ),
 .UNSPECIFIED. ) ;
#688 = EDGE_CURVE ( 'NONE', #5733, #616, #735, .T. ) ;
#689 = CARTESIAN_POINT ( 'NONE',  ( -6.023209881023760204, 9.282090537204314984, 0.000000000000000000 ) ) ;
#690 = ORIENTED_EDGE ( 'NONE', *, *, #5262, .F. ) ;
#691 = CARTESIAN_POINT ( 'NONE',  ( -11.80572679239482881, -16.32977679705753005, -15.44910000000000139 ) ) ;
#692 = CARTESIAN_POINT ( 'NONE',  ( -12.38838739285752055, -11.24150495052370857, -3.141102344242059363 ) ) ;
#693 = VERTEX_POINT ( 'NONE', #4716 ) ;
#694 = CARTESIAN_POINT ( 'NONE',  ( -8.076413439607996736, -18.88989291583022734, 7.043499999999999872 ) ) ;
#695 = CARTESIAN_POINT ( 'NONE',  ( -8.229395640702152903, 10.57262428915338326, -8.905600000000001515 ) ) ;
#696 = CARTESIAN_POINT ( 'NONE',  ( -6.520390359068784392, -9.826977670270796494, 11.05600000209201994 ) ) ;
#697 = FACE_OUTER_BOUND ( 'NONE', #2919, .T. ) ;
#698 = CARTESIAN_POINT ( 'NONE',  ( 2.006911092020114751, 11.08409681377694334, 0.000000000000000000 ) ) ;
#699 = VERTEX_POINT ( 'NONE', #3056 ) ;
#700 = CARTESIAN_POINT ( 'NONE',  ( -3.174999999999999822, 3.888253587292846081E-16, 1.256000000000000671 ) ) ;
#701 = CARTESIAN_POINT ( 'NONE',  ( 0.3071816777607083715, -13.26177876956085377, 11.80600000000000271 ) ) ;
#702 = CARTESIAN_POINT ( 'NONE',  ( -0.6856654756705934384, -19.10110875456179969, 0.7942348351279164831 ) ) ;
#703 = ORIENTED_EDGE ( 'NONE', *, *, #2752, .F. ) ;
#704 = CARTESIAN_POINT ( 'NONE',  ( -2.703226009513575168, 8.526984001466102470, -5.730600000000003469 ) ) ;
#705 = CARTESIAN_POINT ( 'NONE',  ( -13.40914248965682454, -13.64434887678946673, -15.44909999999999961 ) ) ;
#706 = CARTESIAN_POINT ( 'NONE',  ( 26.35318203560210648, -11.46868643948620203, 8.631000000000000227 ) ) ;
#707 = CARTESIAN_POINT ( 'NONE',  ( 19.34913917186174004, 1.726690403717615174, 1.587499999999999911 ) ) ;
#708 = CARTESIAN_POINT ( 'NONE',  ( 0.000000000000000000, 0.000000000000000000, -7.949100000000000499 ) ) ;
#709 = CARTESIAN_POINT ( 'NONE',  ( 13.02120578917089055, -14.68302008487338384, 10.21850059711605319 ) ) ;
#710 = CARTESIAN_POINT ( 'NONE',  ( 16.80776726940273136, 2.680405512069165219, -8.905600000000001515 ) ) ;
#711 = ORIENTED_EDGE ( 'NONE', *, *, #5021, .T. ) ;
#712 = CARTESIAN_POINT ( 'NONE',  ( 27.51580630283823936, -2.931758095046658852, 8.631000000000000227 ) ) ;
#713 = CARTESIAN_POINT ( 'NONE',  ( 0.000000000000000000, 0.000000000000000000, 8.631000000000000227 ) ) ;
#714 = EDGE_CURVE ( 'NONE', #1635, #7253, #3575, .T. ) ;
#715 = CARTESIAN_POINT ( 'NONE',  ( -4.807365998177666633, 9.176104859277163683, -5.730599999999999028 ) ) ;
#716 = CARTESIAN_POINT ( 'NONE',  ( 1.226780418669875639, 32.16946954534166281, 14.98099999999999454 ) ) ;
#717 = CARTESIAN_POINT ( 'NONE',  ( 9.776788755915751139, 13.07298447920190831, 1.587499999999999911 ) ) ;
#718 = CARTESIAN_POINT ( 'NONE',  ( -1.713208622479515775, -12.25617041234368365, 7.043499999999998984 ) ) ;
#719 = CARTESIAN_POINT ( 'NONE',  ( -12.20547776684155039, -12.32040931772231396, 1.587499999999999911 ) ) ;
#720 = CARTESIAN_POINT ( 'NONE',  ( 25.20082822569305137, -0.01930093290845598039, 8.630999999999998451 ) ) ;
#721 = ORIENTED_EDGE ( 'NONE', *, *, #6866, .T. ) ;
#722 = CARTESIAN_POINT ( 'NONE',  ( -2.204894577754121787, -10.96236130471560521, 14.18724952343966272 ) ) ;
#723 = EDGE_CURVE ( 'NONE', #4578, #409, #7211, .T. ) ;
#724 = EDGE_CURVE ( 'NONE', #6070, #3750, #5305, .T. ) ;
#725 = CARTESIAN_POINT ( 'NONE',  ( -10.33883036024820257, -3.438875992665115344, 2.855986165758856998 ) ) ;
#726 = DIRECTION ( 'NONE',  ( -0.9371590407833580993, 0.3489024681454918064, 2.478176394252581634E-16 ) ) ;
#727 = ORIENTED_EDGE ( 'NONE', *, *, #1650, .F. ) ;
#728 = CARTESIAN_POINT ( 'NONE',  ( 8.945847058146746633, 27.23474620163048243, 10.21850059711604430 ) ) ;
#729 = CARTESIAN_POINT ( 'NONE',  ( 17.63675259740917411, 7.377901119531988350, 1.587499999999999911 ) ) ;
#730 = CARTESIAN_POINT ( 'NONE',  ( 7.753399127545217873, -13.58281355568365889, 11.05600000000000271 ) ) ;
#731 = EDGE_CURVE ( 'NONE', #2942, #3197, #4754, .T. ) ;
#732 = VERTEX_POINT ( 'NONE', #6450 ) ;
#733 = CARTESIAN_POINT ( 'NONE',  ( -11.99089084482726442, -7.665114792993402482, 0.000000000000000000 ) ) ;
#734 = CARTESIAN_POINT ( 'NONE',  ( -36.57734624587926930, 34.39605359592100342, 14.98099999999999454 ) ) ;
#735 = LINE ( 'NONE', #6369, #6150 ) ;
#736 = AXIS2_PLACEMENT_3D ( 'NONE', #3858, #2264, #4515 ) ;
#737 = ORIENTED_EDGE ( 'NONE', *, *, #6255, .T. ) ;
#738 = CARTESIAN_POINT ( 'NONE',  ( 20.95885385007697366, -0.9952728643482793291, -8.905600000000001515 ) ) ;
#739 = AXIS2_PLACEMENT_3D ( 'NONE', #6258, #2836, #2318 ) ;
#740 = CARTESIAN_POINT ( 'NONE',  ( 2.914358635773569794, 29.94036153015169432, 13.39349904687931136 ) ) ;
#741 = CARTESIAN_POINT ( 'NONE',  ( 6.426220926797029165, 26.62486273173800200, 8.630999999999941608 ) ) ;
#742 = CARTESIAN_POINT ( 'NONE',  ( -5.418058252156182419, -9.328021996280892125, 11.36663415283823042 ) ) ;
#743 = CARTESIAN_POINT ( 'NONE',  ( -7.522362553998433121, -17.40279457806805397, -7.318099999999999383 ) ) ;
#744 = DIRECTION ( 'NONE',  ( 0.000000000000000000, 0.000000000000000000, 1.000000000000000000 ) ) ;
#745 = CARTESIAN_POINT ( 'NONE',  ( -7.522063524368013177, -17.40308485334662691, 0.000000000000000000 ) ) ;
#746 = VECTOR ( 'NONE', #140, 1000.000000000000227 ) ;
#747 = ORIENTED_EDGE ( 'NONE', *, *, #970, .T. ) ;
#748 = CARTESIAN_POINT ( 'NONE',  ( -7.995319230445503855, -17.21320990794778538, 2.517435969732711776 ) ) ;
#749 = CARTESIAN_POINT ( 'NONE',  ( -0.4570599810652384853, -8.455613107069483547, -6.449099999999997834 ) ) ;
#750 = CARTESIAN_POINT ( 'NONE',  ( -8.036082407117895343, 9.019530349039833084, -5.730599999999993699 ) ) ;
#751 = CARTESIAN_POINT ( 'NONE',  ( 24.09583352102566423, 5.763476572495693340, 14.98099999999999987 ) ) ;
#752 = CIRCLE ( 'NONE', #5812, 18.51621113172978994 ) ;
#753 = ADVANCED_FACE ( 'NONE', ( #5933 ), #3649, .F. ) ;
#754 = CARTESIAN_POINT ( 'NONE',  ( 4.565458968152779740, -12.74065375098221331, 9.414506594396105044 ) ) ;
#755 = DIRECTION ( 'NONE',  ( -0.000000000000000000, -0.000000000000000000, -1.000000000000000000 ) ) ;
#756 = CARTESIAN_POINT ( 'NONE',  ( -10.69595452903907606, -15.18652511254910920, 1.587499999999999911 ) ) ;
#757 = CARTESIAN_POINT ( 'NONE',  ( -27.08947745728853107, 32.80811324254457872, 8.630999999999989569 ) ) ;
#758 = ORIENTED_EDGE ( 'NONE', *, *, #6356, .F. ) ;
#759 = AXIS2_PLACEMENT_3D ( 'NONE', #2907, #5595, #2241 ) ;
#760 = CARTESIAN_POINT ( 'NONE',  ( -10.32067812157115760, 7.973551672692938297, 0.000000000000000000 ) ) ;
#761 = DIRECTION ( 'NONE',  ( 6.550624015266702829E-15, -1.000000000000000000, 0.000000000000000000 ) ) ;
#762 = CARTESIAN_POINT ( 'NONE',  ( 7.753399123910876156, -13.58281357009084545, 12.55600000000000094 ) ) ;
#763 = EDGE_LOOP ( 'NONE', ( #6953, #1834, #5516, #3191, #383, #1048 ) ) ;
#764 = VECTOR ( 'NONE', #5364, 1000.000000000000000 ) ;
#765 = AXIS2_PLACEMENT_3D ( 'NONE', #6934, #4835, #896 ) ;
#766 = DIRECTION ( 'NONE',  ( 0.000000000000000000, 0.000000000000000000, 1.000000000000000000 ) ) ;
#767 = CARTESIAN_POINT ( 'NONE',  ( 14.25586860289650559, 24.17862009158087133, 10.21850030203495052 ) ) ;
#768 = CARTESIAN_POINT ( 'NONE',  ( 7.909062721539013907, 13.25704616563519167, 1.587499999999999911 ) ) ;
#769 = PLANE ( 'NONE',  #5817 ) ;
#770 = AXIS2_PLACEMENT_3D ( 'NONE', #4446, #6694, #4312 ) ;
#771 = EDGE_LOOP ( 'NONE', ( #115, #4656, #655, #5164 ) ) ;
#772 = CARTESIAN_POINT ( 'NONE',  ( 2.914358635773569794, 29.94036153015169432, 8.630999999999993122 ) ) ;
#773 = CARTESIAN_POINT ( 'NONE',  ( -47.37347727263002639, 27.19531807602060169, 14.98099999999999454 ) ) ;
#774 = CARTESIAN_POINT ( 'NONE',  ( 12.41488661398953219, 12.20135005207338175, 0.000000000000000000 ) ) ;
#775 = AXIS2_PLACEMENT_3D ( 'NONE', #3852, #5611, #2741 ) ;
#776 = CARTESIAN_POINT ( 'NONE',  ( 20.93663917186203349, 1.726690403594030476, 8.631000000000000227 ) ) ;
#777 = B_SPLINE_CURVE_WITH_KNOTS ( 'NONE', 3,
 ( #2228, #646, #4033, #35, #610, #4585, #6174, #2895, #1237, #6832, #2335, #1197 ),
 .UNSPECIFIED., .F., .F.,
 ( 4, 2, 2, 2, 2, 4 ),
 ( 3.529906531158615134E-18, 0.0001730832858496118127, 0.0003461665716992201017, 0.0006923331433984383602, 0.001384666286796875203, 0.002769332573593747369 ),
 .UNSPECIFIED. ) ;
#778 = ORIENTED_EDGE ( 'NONE', *, *, #669, .F. ) ;
#780 = EDGE_CURVE ( 'NONE', #5904, #534, #1995, .T. ) ;
#779 = CARTESIAN_POINT ( 'NONE',  ( 17.63574389021482247, 0.5370798567105617982, -5.730599999999999028 ) ) ;
#781 = CARTESIAN_POINT ( 'NONE',  ( -15.06145482490004639, -2.740503098923020797, -8.248035969732711692 ) ) ;
#782 = CARTESIAN_POINT ( 'NONE',  ( -12.07136088886978520, -6.579286415174191660, 8.630999999999973582 ) ) ;
#783 = CARTESIAN_POINT ( 'NONE',  ( -2.834902986796340674, -10.02022730372671688, 11.80600000000000271 ) ) ;
#784 = CARTESIAN_POINT ( 'NONE',  ( -7.538214527868829506, -17.39707597457473298, -7.318099999999999383 ) ) ;
#785 = DIRECTION ( 'NONE',  ( -0.3618405788679778246, -0.9322399881385087239, 0.000000000000000000 ) ) ;
#786 = DIRECTION ( 'NONE',  ( -3.015015150373259837E-13, 2.491347241658856738E-09, -1.000000000000000000 ) ) ;
#787 = VERTEX_POINT ( 'NONE', #340 ) ;
#788 = LINE ( 'NONE', #3661, #1216 ) ;
#789 = CARTESIAN_POINT ( 'NONE',  ( -9.589494263335424762, -9.130963092593336938, 8.631000000000000227 ) ) ;
#790 = CARTESIAN_POINT ( 'NONE',  ( -9.801959106896958929, -16.06714690621811314, -8.248035969732711692 ) ) ;
#791 = CARTESIAN_POINT ( 'NONE',  ( 6.400655110004744408, -11.58547895595570765, 14.98099999999981335 ) ) ;
#792 = EDGE_CURVE ( 'NONE', #579, #4178, #1362, .T. ) ;
#793 = CARTESIAN_POINT ( 'NONE',  ( 5.461819735956635391, -12.97941185394564201, 10.21850000016612192 ) ) ;
#794 = CARTESIAN_POINT ( 'NONE',  ( -16.52533010065941710, 0.6231395691810641679, -8.905600000000001515 ) ) ;
#795 = CARTESIAN_POINT ( 'NONE',  ( 5.368521280657216010, 12.90997370325365523, 1.587499999999999911 ) ) ;
#796 = DIRECTION ( 'NONE',  ( 0.9322399881385087239, -0.3618405788679777690, 0.000000000000000000 ) ) ;
#797 = CARTESIAN_POINT ( 'NONE',  ( -14.51444827866881049, 35.97823366288712776, 8.631000000000025096 ) ) ;
#798 = EDGE_CURVE ( 'NONE', #699, #6068, #2164, .T. ) ;
#799 = CARTESIAN_POINT ( 'NONE',  ( -3.452816812823029213, 8.817250506599817683, 0.000000000000000000 ) ) ;
#800 = ORIENTED_EDGE ( 'NONE', *, *, #198, .F. ) ;
#801 = CARTESIAN_POINT ( 'NONE',  ( 20.86468384455686120, -0.2581779736429366534, -8.905600000000001515 ) ) ;
#802 = CARTESIAN_POINT ( 'NONE',  ( 5.461819730051415078, -12.97941187633288962, 12.55600000000000094 ) ) ;
#803 = VERTEX_POINT ( 'NONE', #5410 ) ;
#804 = CARTESIAN_POINT ( 'NONE',  ( 9.169603263354870748, -13.98518257472503379, 8.631000000000003780 ) ) ;
#805 = CARTESIAN_POINT ( 'NONE',  ( -11.98851896552692509, -12.91572002656052121, -7.318099999999999383 ) ) ;
#806 = CARTESIAN_POINT ( 'NONE',  ( 0.9736327287355466265, 9.938051241704659589, 1.587500000000000133 ) ) ;
#807 = CARTESIAN_POINT ( 'NONE',  ( -2.472180545705637389, 30.00936299409639929, 14.98099999999999454 ) ) ;
#808 = B_SPLINE_CURVE_WITH_KNOTS ( 'NONE', 3,
 ( #207, #2326, #2363, #4575, #2471, #674, #4655, #6377, #1856, #3032 ),
 .UNSPECIFIED., .F., .F.,
 ( 4, 2, 2, 2, 4 ),
 ( 0.000000000000000000, 0.3559286171081143535, 0.5533221837525468256, 0.7086393685172394097, 1.000000000000000000 ),
 .UNSPECIFIED. ) ;
#809 = VERTEX_POINT ( 'NONE', #4414 ) ;
#810 = CARTESIAN_POINT ( 'NONE',  ( 2.914358635773569794, 29.94036153015169432, 10.21850059711604253 ) ) ;
#811 = CARTESIAN_POINT ( 'NONE',  ( -47.26318507213461118, 14.98993600145355209, 11.80599999999999739 ) ) ;
#812 = CARTESIAN_POINT ( 'NONE',  ( 12.02768081074584394, 12.37428702366251976, 0.000000000000000000 ) ) ;
#813 = DIRECTION ( 'NONE',  ( -0.9371590407833582104, 0.3489024681454918064, -0.000000000000000000 ) ) ;
#814 = VERTEX_POINT ( 'NONE', #373 ) ;
#815 = CARTESIAN_POINT ( 'NONE',  ( 20.27401818980218451, 0.5235016506652473423, -8.905600000000001515 ) ) ;
#816 = CARTESIAN_POINT ( 'NONE',  ( -14.66956674034016039, -5.694116509850606356, -8.248035969732711692 ) ) ;
#817 = CARTESIAN_POINT ( 'NONE',  ( -48.86279541950757732, 23.23735313982445305, 8.631000000000032202 ) ) ;
#818 = CARTESIAN_POINT ( 'NONE',  ( -8.829461512901504605, -8.818367714275568758, 11.05596718551655400 ) ) ;
#819 = CARTESIAN_POINT ( 'NONE',  ( 9.884607396771468046, -14.09946533633289256, 11.05600000000000271 ) ) ;
#820 = PLANE ( 'NONE',  #1085 ) ;
#821 = CARTESIAN_POINT ( 'NONE',  ( -8.565050193019002833, -16.92647862052163177, 0.000000000000000000 ) ) ;
#822 = ORIENTED_EDGE ( 'NONE', *, *, #2488, .F. ) ;
#823 = CARTESIAN_POINT ( 'NONE',  ( 14.71917428041942699, -15.17523840950907932, 8.631000000000002004 ) ) ;
#824 = EDGE_CURVE ( 'NONE', #5548, #2096, #1063, .T. ) ;
#825 = CARTESIAN_POINT ( 'NONE',  ( -10.67816996588947731, -16.15371218006999143, -8.905600000000001515 ) ) ;
#826 = CARTESIAN_POINT ( 'NONE',  ( -8.789758684990994553, -7.637995023984107235, 14.98100000000000165 ) ) ;
#827 = CARTESIAN_POINT ( 'NONE',  ( -15.88733970060773615, -7.341554013162784997, -15.44909999999999961 ) ) ;
#828 = CARTESIAN_POINT ( 'NONE',  ( -15.95442766404777934, 3.126582670229151706, -8.905600000000001515 ) ) ;
#829 = CARTESIAN_POINT ( 'NONE',  ( 10.92614210560905086, 12.78862863666391192, 1.587499999999999911 ) ) ;
#830 = CARTESIAN_POINT ( 'NONE',  ( -16.43012180872675287, -4.901778099245506226, -15.44909999999999961 ) ) ;
#831 = CARTESIAN_POINT ( 'NONE',  ( 19.74102292354263710, -15.78402317582674108, 8.631000000000000227 ) ) ;
#832 = LINE ( 'NONE', #3079, #2772 ) ;
#833 = CARTESIAN_POINT ( 'NONE',  ( -9.853225687247002540, -3.809484351456507767, 1.692312019992262773 ) ) ;
#834 = CARTESIAN_POINT ( 'NONE',  ( 12.16856079656489342, -14.54943197100188534, 12.55600000000000271 ) ) ;
#835 = ORIENTED_EDGE ( 'NONE', *, *, #824, .T. ) ;
#836 = CARTESIAN_POINT ( 'NONE',  ( 4.565458976127893642, -12.74065372056012357, 10.21850000016612192 ) ) ;
#837 = CARTESIAN_POINT ( 'NONE',  ( -10.41031883446054884, -15.48565035781322230, -7.318099999999999383 ) ) ;
#838 = CARTESIAN_POINT ( 'NONE',  ( 26.70411030644963191, 0.5000000000000003331, 14.98099999999999987 ) ) ;
#839 = CARTESIAN_POINT ( 'NONE',  ( 25.29135330922542479, -6.357112028259214398, 14.98100000000000165 ) ) ;
#840 = FACE_OUTER_BOUND ( 'NONE', #2862, .T. ) ;
#841 = ORIENTED_EDGE ( 'NONE', *, *, #5029, .T. ) ;
#842 = CARTESIAN_POINT ( 'NONE',  ( -7.523023809546844021, -17.40196944586107364, 1.587499999999999911 ) ) ;
#843 = CARTESIAN_POINT ( 'NONE',  ( 13.38164866021849875, 26.72609921577227965, 14.98099999999999454 ) ) ;
#844 = CARTESIAN_POINT ( 'NONE',  ( 12.81996575128325766, 13.82652937203813792, 8.631000000000000227 ) ) ;
#845 = LINE ( 'NONE', #445, #88 ) ;
#846 = ORIENTED_EDGE ( 'NONE', *, *, #4011, .F. ) ;
#847 = FACE_OUTER_BOUND ( 'NONE', #3752, .T. ) ;
#848 = B_SPLINE_CURVE_WITH_KNOTS ( 'NONE', 3,
 ( #3365, #2665, #2108, #3256, #490 ),
 .UNSPECIFIED., .F., .F.,
 ( 4, 1, 4 ),
 ( 0.000000000000000000, 0.1249999999999445166, 0.1324508164390099663 ),
 .UNSPECIFIED. ) ;
#849 = CARTESIAN_POINT ( 'NONE',  ( -11.60894294004532590, 6.993843075523707320, -8.248035969732711692 ) ) ;
#850 = CARTESIAN_POINT ( 'NONE',  ( 27.54192536631284938, 4.318195128450602382, 11.80599999999999916 ) ) ;
#851 = CARTESIAN_POINT ( 'NONE',  ( -3.657299401794418259, -9.794080435372821469, 12.24536584716177146 ) ) ;
#852 = VECTOR ( 'NONE', #1953, 1000.000000000000000 ) ;
#853 = DIRECTION ( 'NONE',  ( -0.9371590407833582104, 0.3489024681454918064, -0.000000000000000000 ) ) ;
#854 = DIRECTION ( 'NONE',  ( 1.000000000000000000, 0.000000000000000000, 0.000000000000000000 ) ) ;
#855 = CARTESIAN_POINT ( 'NONE',  ( -4.036108563097333679, -20.39408905309382547, 8.631000000000000227 ) ) ;
#856 = ORIENTED_EDGE ( 'NONE', *, *, #1228, .F. ) ;
#857 = EDGE_CURVE ( 'NONE', #579, #1882, #2677, .T. ) ;
#858 = CARTESIAN_POINT ( 'NONE',  ( 16.34252431176008002, 22.72080760093984608, 10.21850059711604430 ) ) ;
#859 = CIRCLE ( 'NONE', #2147, 1.587500000000002132 ) ;
#860 = CARTESIAN_POINT ( 'NONE',  ( -11.73804094493875816, -13.50742943260772932, -8.248035969732711692 ) ) ;
#861 = CARTESIAN_POINT ( 'NONE',  ( -12.07136088887055081, -6.579286415174191660, 14.98100000000002829 ) ) ;
#862 = AXIS2_PLACEMENT_3D ( 'NONE', #1737, #56, #4493 ) ;
#863 = CARTESIAN_POINT ( 'NONE',  ( 4.949162483652697730, 12.76274466165483723, 0.000000000000000000 ) ) ;
#864 = CARTESIAN_POINT ( 'NONE',  ( -3.452816812823029657, 8.817250506599817683, -8.248035969732711692 ) ) ;
#865 = LINE ( 'NONE', #2482, #2615 ) ;
#866 = CARTESIAN_POINT ( 'NONE',  ( 17.17154391907870092, 24.07817789789695340, 8.630999999999993122 ) ) ;
#867 = B_SPLINE_SURFACE_WITH_KNOTS ( 'NONE', 3, 1, ( 
 ( #3152, #1495 ),
 ( #1347, #4844 ),
 ( #907, #4189 ),
 ( #5427, #2081 ),
 ( #3703, #7053 ),
 ( #1979, #3077 ),
 ( #5395, #287 ),
 ( #2559, #1457 ),
 ( #5914, #4225 ),
 ( #4736, #5317 ),
 ( #5955, #359 ),
 ( #830, #2049 ),
 ( #7087, #5878 ),
 ( #7020, #326 ),
 ( #6468, #5359 ),
 ( #2594, #1418 ),
 ( #2014, #2519 ),
 ( #4813, #4261 ) ),
 .UNSPECIFIED., .F., .F., .F.,
 ( 4, 1, 1, 1, 1, 1, 1, 1, 1, 1, 1, 1, 1, 1, 1, 4 ),
 ( 2, 2 ),
 ( 0.4126244474604915391, 0.4199218750000000000, 0.4277343750000000000, 0.4335937499999978351, 0.4414062499999855671, 0.4492187500000000000, 0.4570312500000000000, 0.4648437500000000000, 0.4726562500000000000, 0.4804687500000000000, 0.4882812499999999445, 0.4941406250000000000, 0.5039062500000000000, 0.5117187500000000000, 0.5195312500000057732, 0.5273437499857319688 ),
 ( 0.000000000000000000, 1.000000000000000000 ),
 .UNSPECIFIED. ) ;
#868 = AXIS2_PLACEMENT_3D ( 'NONE', #1078, #6679, #1710 ) ;
#869 =( BOUNDED_CURVE ( )  B_SPLINE_CURVE ( 3, ( #4669, #5254, #801, #5806 ),
 .UNSPECIFIED., .F., .F. ) 
 B_SPLINE_CURVE_WITH_KNOTS ( ( 4, 4 ),
 ( 0.000000000000000000, 0.001456491916064783787 ),
 .UNSPECIFIED. ) 
 CURVE ( )  GEOMETRIC_REPRESENTATION_ITEM ( )  RATIONAL_B_SPLINE_CURVE ( ( 1.000000000000000000, 0.9524012290654947366, 0.9455599195930122214, 0.9794760715825524544 ) ) 
 REPRESENTATION_ITEM ( '' )  );
#870 = CARTESIAN_POINT ( 'NONE',  ( -7.522550935804823702, -17.40220710051061559, 0.7942348351279164831 ) ) ;
#871 = VERTEX_POINT ( 'NONE', #957 ) ;
#872 = CARTESIAN_POINT ( 'NONE',  ( 26.35318203560210648, -11.46868643948620203, 11.80600000000000271 ) ) ;
#873 = ORIENTED_EDGE ( 'NONE', *, *, #7036, .F. ) ;
#874 = CARTESIAN_POINT ( 'NONE',  ( -13.66721184906931796, -7.694262184550286321, 8.631000000000002004 ) ) ;
#875 = CIRCLE ( 'NONE', #2755, 0.7499999999999993339 ) ;
#876 = EDGE_CURVE ( 'NONE', #3314, #4934, #3201, .T. ) ;
#877 = CARTESIAN_POINT ( 'NONE',  ( -9.185092538057080702, -16.53977487947874181, -7.318099999999999383 ) ) ;
#878 = LINE ( 'NONE', #3234, #852 ) ;
#879 = CARTESIAN_POINT ( 'NONE',  ( 8.110213314787003469, -12.05396096807256434, 14.98100000000000520 ) ) ;
#880 = ADVANCED_FACE ( 'NONE', ( #3786 ), #2648, .F. ) ;
#881 = CARTESIAN_POINT ( 'NONE',  ( 20.93197141789683968, -0.8347430925994885342, -15.44909999999999961 ) ) ;
#882 = EDGE_LOOP ( 'NONE', ( #6260, #2911, #2676, #4504, #549 ) ) ;
#883 = CIRCLE ( 'NONE', #6642, 3.174999999999999822 ) ;
#884 = CARTESIAN_POINT ( 'NONE',  ( -23.43310772915992146, 34.30224345088092974, 10.21850059711604253 ) ) ;
#885 = ORIENTED_EDGE ( 'NONE', *, *, #4241, .F. ) ;
#886 = CARTESIAN_POINT ( 'NONE',  ( 5.089656768021824540, -10.74103297613638830, 13.00400180856847321 ) ) ;
#887 = CARTESIAN_POINT ( 'NONE',  ( -0.2653667188482610184, 10.93062915889242070, 8.631000000000000227 ) ) ;
#888 = VECTOR ( 'NONE', #3328, 1000.000000000000000 ) ;
#889 = VERTEX_POINT ( 'NONE', #1763 ) ;
#890 = CARTESIAN_POINT ( 'NONE',  ( 19.34913917186174714, -0.5685620954491648060, 0.000000000000000000 ) ) ;
#891 = CARTESIAN_POINT ( 'NONE',  ( -3.429443744414359507, 8.808644534118368341, -7.318099999999999383 ) ) ;
#892 = CARTESIAN_POINT ( 'NONE',  ( -9.615768839047843741, -10.70413264034995748, 8.631000000000000227 ) ) ;
#893 = AXIS2_PLACEMENT_3D ( 'NONE', #2767, #485, #5599 ) ;
#894 = CARTESIAN_POINT ( 'NONE',  ( -9.476301957370496964, -8.304153293431365768, 12.24536584716177146 ) ) ;
#895 = CARTESIAN_POINT ( 'NONE',  ( 0.000000000000000000, 0.000000000000000000, -11.44909999999999961 ) ) ;
#896 = DIRECTION ( 'NONE',  ( -1.000000000000000000, 0.000000000000000000, 0.000000000000000000 ) ) ;
#897 = FACE_OUTER_BOUND ( 'NONE', #6213, .T. ) ;
#898 = VERTEX_POINT ( 'NONE', #1691 ) ;
#899 = CARTESIAN_POINT ( 'NONE',  ( 12.16910334886818568, -14.54587935834384460, 12.55600000000000271 ) ) ;
#900 = DIRECTION ( 'NONE',  ( -0.000000000000000000, -0.000000000000000000, 1.000000000000000000 ) ) ;
#901 = EDGE_CURVE ( 'NONE', #6283, #5853, #3996, .T. ) ;
#902 = CARTESIAN_POINT ( 'NONE',  ( -10.21505875053735402, -15.68629689704059693, -8.248035969732711692 ) ) ;
#903 = CARTESIAN_POINT ( 'NONE',  ( -44.43695755569756756, 16.47538348345661419, 14.98099999999999632 ) ) ;
#904 = B_SPLINE_CURVE_WITH_KNOTS ( 'NONE', 3,
 ( #1678, #3927, #673, #2917, #133, #2362, #1818, #169 ),
 .UNSPECIFIED., .F., .F.,
 ( 4, 1, 1, 1, 1, 4 ),
 ( 0.3591133529189384221, 0.3671874999999999445, 0.3984375000000000000, 0.4296875000000000000, 0.4609375000000001665, 0.5000000000000000000 ),
 .UNSPECIFIED. ) ;
#905 = CARTESIAN_POINT ( 'NONE',  ( 9.538188002017227163, -14.02390432422313538, 10.21850000016612192 ) ) ;
#906 = CARTESIAN_POINT ( 'NONE',  ( -15.73615962858498918, -2.258951199618117744, -8.905600000000001515 ) ) ;
#907 = CARTESIAN_POINT ( 'NONE',  ( -16.25141662937566878, 2.067441825064930239, -15.44909999999999961 ) ) ;
#908 = CARTESIAN_POINT ( 'NONE',  ( -23.76691292083733131, -2.182336403359665056, 8.630999999999998451 ) ) ;
#909 = EDGE_CURVE ( 'NONE', #5917, #5349, #1206, .T. ) ;
#910 = CARTESIAN_POINT ( 'NONE',  ( -11.03479505870750366, -8.606588819211841823, 14.18724952343966095 ) ) ;
#911 = CARTESIAN_POINT ( 'NONE',  ( -10.40640954656971040, -15.48209485088930926, -2.071549999999999336 ) ) ;
#912 = ORIENTED_EDGE ( 'NONE', *, *, #5628, .F. ) ;
#913 = CARTESIAN_POINT ( 'NONE',  ( 1.542671963794308043, 12.76572984885058659, 3.174999999999999822 ) ) ;
#914 = CARTESIAN_POINT ( 'NONE',  ( -0.1024048808154837398, 10.80012014467228809, 3.174999999999999378 ) ) ;
#915 = CARTESIAN_POINT ( 'NONE',  ( -8.834550332455130217, -27.80497700742806089, -12.77409999999999712 ) ) ;
#916 = EDGE_CURVE ( 'NONE', #3197, #5407, #4389, .T. ) ;
#917 = CARTESIAN_POINT ( 'NONE',  ( -4.419640609212264870, -12.01210068695296229, 14.98099999999999454 ) ) ;
#918 = B_SPLINE_CURVE_WITH_KNOTS ( 'NONE', 3,
 ( #6153, #2804, #626, #3428, #125 ),
 .UNSPECIFIED., .F., .F.,
 ( 4, 1, 4 ),
 ( 0.5733475546972385262, 0.5969062499999999716, 0.6067699562236369415 ),
 .UNSPECIFIED. ) ;
#919 = CARTESIAN_POINT ( 'NONE',  ( 9.276996878865867657, -25.35493286573577620, -8.905600000000001515 ) ) ;
#920 = VERTEX_POINT ( 'NONE', #3975 ) ;
#921 = CARTESIAN_POINT ( 'NONE',  ( -10.69595452903848809, -15.18652511254911097, 1.587499999999999911 ) ) ;
#922 = EDGE_LOOP ( 'NONE', ( #90, #778, #4042, #5510 ) ) ;
#923 = CARTESIAN_POINT ( 'NONE',  ( -6.023209881023760204, 9.282090537204314984, -7.318099999999999383 ) ) ;
#924 = LINE ( 'NONE', #6590, #1324 ) ;
#925 = ORIENTED_EDGE ( 'NONE', *, *, #2576, .T. ) ;
#926 = CARTESIAN_POINT ( 'NONE',  ( 9.550019641623617161, 13.14147547970798691, 0.000000000000000000 ) ) ;
#927 = CARTESIAN_POINT ( 'NONE',  ( -15.07311084845871108, -1.246108911772248140, -7.318099999999999383 ) ) ;
#928 = CARTESIAN_POINT ( 'NONE',  ( 15.95516603052824323, -16.41534318459394726, 11.80600000000025140 ) ) ;
#929 = DIRECTION ( 'NONE',  ( -0.000000000000000000, -0.000000000000000000, -1.000000000000000000 ) ) ;
#930 = CARTESIAN_POINT ( 'NONE',  ( 7.788741369058460151, 13.26810745140160108, 0.000000000000000000 ) ) ;
#931 = CYLINDRICAL_SURFACE ( 'NONE', #5110, 16.92871113172949649 ) ;
#932 = ORIENTED_EDGE ( 'NONE', *, *, #3467, .F. ) ;
#933 = CARTESIAN_POINT ( 'NONE',  ( 23.33091368197174020, 13.91566868371786825, 8.630999999999996675 ) ) ;
#934 = CARTESIAN_POINT ( 'NONE',  ( -9.688377483212308405, -3.600166332747714915, 0.000000000000000000 ) ) ;
#935 = CARTESIAN_POINT ( 'NONE',  ( -11.93380714760685102, -13.05735525345597914, -8.248035969732711692 ) ) ;
#936 = CARTESIAN_POINT ( 'NONE',  ( -45.15773347201727006, 24.57605692322762181, 14.98100000000003718 ) ) ;
#937 = DIRECTION ( 'NONE',  ( 1.000000000000000000, 0.000000000000000000, 0.000000000000000000 ) ) ;
#938 = CARTESIAN_POINT ( 'NONE',  ( -15.71847288306527091, -2.772853778635373967, -8.905600000000001515 ) ) ;
#939 = ORIENTED_EDGE ( 'NONE', *, *, #5029, .F. ) ;
#940 = ADVANCED_FACE ( 'NONE', ( #4557 ), #5867, .F. ) ;
#941 = CARTESIAN_POINT ( 'NONE',  ( -3.764673518677126296, -20.49267306973825242, -15.44909999999999961 ) ) ;
#942 = CARTESIAN_POINT ( 'NONE',  ( 5.571559769077778945, -14.65035004269345009, 8.630999999999419359 ) ) ;
#943 = CARTESIAN_POINT ( 'NONE',  ( -13.08427867658368449, 5.346220250491161785, -7.318099999999999383 ) ) ;
#944 = CARTESIAN_POINT ( 'NONE',  ( 5.571559769077778945, -14.65035004269344832, 11.80599999999961547 ) ) ;
#945 = B_SPLINE_CURVE_WITH_KNOTS ( 'NONE', 3,
 ( #5035, #6208, #2229, #3818, #5513, #1165, #1571, #4476, #5478, #4925 ),
 .UNSPECIFIED., .F., .F.,
 ( 4, 2, 2, 2, 4 ),
 ( 0.000000000000000000, 0.3559286171081143535, 0.5533221837525468256, 0.7086393685172394097, 1.000000000000000000 ),
 .UNSPECIFIED. ) ;
#946 = ORIENTED_EDGE ( 'NONE', *, *, #6041, .T. ) ;
#947 = CARTESIAN_POINT ( 'NONE',  ( 3.044997636897679882, 13.70428404997682925, 3.174999999999999822 ) ) ;
#948 = DIRECTION ( 'NONE',  ( -0.9885385202538172766, 0.1509688510070652523, -3.352181887784972504E-17 ) ) ;
#949 = CARTESIAN_POINT ( 'NONE',  ( -1.167964022931912371, -20.39657234450162093, 2.966865243761839910 ) ) ;
#950 = CARTESIAN_POINT ( 'NONE',  ( -37.63074280117568549, 30.59158252159554081, 14.98100000000010823 ) ) ;
#951 = ADVANCED_FACE ( 'NONE', ( #3494 ), #2937, .F. ) ;
#952 = EDGE_CURVE ( 'NONE', #5178, #2798, #2934, .T. ) ;
#953 = CARTESIAN_POINT ( 'NONE',  ( 20.95885385007698076, -3.040035311528854312, -8.905600000000001515 ) ) ;
#954 = ORIENTED_EDGE ( 'NONE', *, *, #2427, .F. ) ;
#955 = CARTESIAN_POINT ( 'NONE',  ( 12.37665092793908173, -13.18686539401684499, 11.01054932792721708 ) ) ;
#956 = ORIENTED_EDGE ( 'NONE', *, *, #2796, .F. ) ;
#957 = CARTESIAN_POINT ( 'NONE',  ( -9.686739635327779041, -9.024083855329820381, 11.05600000209201994 ) ) ;
#958 = CARTESIAN_POINT ( 'NONE',  ( -3.416773536149415591, 8.803941065497687291, -5.730599999999999028 ) ) ;
#959 = ORIENTED_EDGE ( 'NONE', *, *, #5039, .T. ) ;
#960 = CARTESIAN_POINT ( 'NONE',  ( 15.38185196842986713, 10.17911490700553401, 0.000000000000000000 ) ) ;
#961 = CARTESIAN_POINT ( 'NONE',  ( 10.67431220372968959, -14.27759558364368075, 12.55600000000000271 ) ) ;
#962 = CARTESIAN_POINT ( 'NONE',  ( -36.36428634907640145, 2.224798047900578890, 8.630999999999998451 ) ) ;
#963 = CARTESIAN_POINT ( 'NONE',  ( -15.06219393573483423, -0.8403939247755348729, -5.730600000000001693 ) ) ;
#964 = CARTESIAN_POINT ( 'NONE',  ( -11.86259299427018021, -7.316179114524546279, -0.02017163137365636863 ) ) ;
#965 = CARTESIAN_POINT ( 'NONE',  ( 17.47325424130503535, 2.407690307688457487, -8.905600000000060135 ) ) ;
#966 = VERTEX_POINT ( 'NONE', #1729 ) ;
#967 = DIRECTION ( 'NONE',  ( 0.000000000000000000, 0.000000000000000000, 1.000000000000000000 ) ) ;
#968 = CARTESIAN_POINT ( 'NONE',  ( -12.41481156042968159, -11.07567432810099284, -5.730599999999997252 ) ) ;
#969 = CARTESIAN_POINT ( 'NONE',  ( -8.834550332455130217, -27.80497700742806089, -14.44909999999999961 ) ) ;
#970 = EDGE_CURVE ( 'NONE', #871, #1314, #7248, .T. ) ;
#971 = CARTESIAN_POINT ( 'NONE',  ( 20.73429099352363991, 15.02051468739542806, 11.80599999999999739 ) ) ;
#972 = CARTESIAN_POINT ( 'NONE',  ( 12.16856079656489342, -14.54943197100188534, 12.55600000000000271 ) ) ;
#973 = FACE_OUTER_BOUND ( 'NONE', #2422, .T. ) ;
#974 = CARTESIAN_POINT ( 'NONE',  ( 0.000000000000000000, 0.000000000000000000, 3.756000000000000671 ) ) ;
#975 = VECTOR ( 'NONE', #2976, 1000.000000000000000 ) ;
#976 = CARTESIAN_POINT ( 'NONE',  ( -11.89541722196372220, -3.958343393054610804, 3.174999999999999822 ) ) ;
#977 = CARTESIAN_POINT ( 'NONE',  ( -48.95355762924555165, 21.84880566579361982, 8.631000000000021544 ) ) ;
#978 = DIRECTION ( 'NONE',  ( 0.3489024681454917509, 0.9371590407833583214, 0.000000000000000000 ) ) ;
#979 = ADVANCED_FACE ( 'NONE', ( #84 ), #6807, .F. ) ;
#980 = CARTESIAN_POINT ( 'NONE',  ( 24.42985965046503338, -13.43782222754919609, 11.80600000000000271 ) ) ;
#981 = AXIS2_PLACEMENT_3D ( 'NONE', #3386, #45, #5660 ) ;
#982 = ORIENTED_EDGE ( 'NONE', *, *, #5589, .F. ) ;
#983 = DIRECTION ( 'NONE',  ( -0.000000000000000000, -0.000000000000000000, 1.000000000000000000 ) ) ;
#984 = CARTESIAN_POINT ( 'NONE',  ( 0.000000000000000000, 0.000000000000000000, 0.2560000000000005604 ) ) ;
#985 = CARTESIAN_POINT ( 'NONE',  ( -7.522720095244588734, -17.40266146616515641, -6.524349999999999206 ) ) ;
#986 = CARTESIAN_POINT ( 'NONE',  ( -3.585675646931240301, -8.948570147269911956, 14.98099999999999454 ) ) ;
#987 = MANIFOLD_SOLID_BREP ( 'Join1', #2613 ) ;
#988 = DIRECTION ( 'NONE',  ( 6.550624015266702829E-15, -1.000000000000000000, 0.000000000000000000 ) ) ;
#989 = ORIENTED_EDGE ( 'NONE', *, *, #1718, .F. ) ;
#990 = CARTESIAN_POINT ( 'NONE',  ( 12.16856079531247481, -14.54943197920268183, 13.39349999983421569 ) ) ;
#991 = ORIENTED_EDGE ( 'NONE', *, *, #3467, .T. ) ;
#992 = CIRCLE ( 'NONE', #5104, 6.000000000000000888 ) ;
#993 = CARTESIAN_POINT ( 'NONE',  ( -11.94963630523137255, 6.672263382977527968, -7.318099999999999383 ) ) ;
#994 = DIRECTION ( 'NONE',  ( 0.7856175890622957292, -0.6187123756285676235, 0.000000000000000000 ) ) ;
#995 = VERTEX_POINT ( 'NONE', #1315 ) ;
#996 = CARTESIAN_POINT ( 'NONE',  ( 13.60210720516431238, 2.198210084158157773, -5.730599999999999028 ) ) ;
#997 = CIRCLE ( 'NONE', #2637, 2.500000000000000000 ) ;
#998 = CARTESIAN_POINT ( 'NONE',  ( 5.845321746761171333, -11.52554606551525751, 12.55600000000000094 ) ) ;
#999 = CARTESIAN_POINT ( 'NONE',  ( -47.26318507213461118, 14.98993600145355209, 11.80599999999999739 ) ) ;
#1000 = CARTESIAN_POINT ( 'NONE',  ( 8.930047175742528154, -24.22562656024742012, -8.905600000000001515 ) ) ;
#1001 = CARTESIAN_POINT ( 'NONE',  ( -10.07343562847619545, -4.107461496224705577, -7.052466046853151423E-05 ) ) ;
#1002 = CIRCLE ( 'NONE', #3238, 1.984375000000000000 ) ;
#1003 = EDGE_CURVE ( 'NONE', #6219, #4178, #3350, .T. ) ;
#1004 = DIRECTION ( 'NONE',  ( 0.3489024681454918064, 0.9371590407833580993, 0.000000000000000000 ) ) ;
#1005 = ORIENTED_EDGE ( 'NONE', *, *, #5370, .F. ) ;
#1006 = CARTESIAN_POINT ( 'NONE',  ( -12.43588825728847702, -10.72591612233942016, -2.137476954055924416 ) ) ;
#1007 = AXIS2_PLACEMENT_3D ( 'NONE', #2407, #2298, #642 ) ;
#1008 = CARTESIAN_POINT ( 'NONE',  ( -11.56933667821470912, -16.57216109408330240, -8.905600000000001515 ) ) ;
#1009 = CARTESIAN_POINT ( 'NONE',  ( 4.124617960589934462, -10.98088009208205129, 8.631000000000183192 ) ) ;
#1010 = FACE_OUTER_BOUND ( 'NONE', #6587, .T. ) ;
#1011 = CARTESIAN_POINT ( 'NONE',  ( 5.064212681890032819, 12.79939556309076742, 0.000000000000000000 ) ) ;
#1012 = CARTESIAN_POINT ( 'NONE',  ( -40.67401417322093948, 6.922186682037451355, 13.39349904687931847 ) ) ;
#1013 = AXIS2_PLACEMENT_3D ( 'NONE', #6553, #5970, #4278 ) ;
#1014 = CARTESIAN_POINT ( 'NONE',  ( -8.076229456461835099, -18.89090830555811706, -8.905599999999999739 ) ) ;
#1015 = CARTESIAN_POINT ( 'NONE',  ( -19.71033619879224119, -7.218401743463203957, 8.631000000000181416 ) ) ;
#1016 = PLANE ( 'NONE',  #6297 ) ;
#1017 = CARTESIAN_POINT ( 'NONE',  ( -48.07305788143924019, 25.91494184313012994, 11.80599999999999383 ) ) ;
#1018 = VERTEX_POINT ( 'NONE', #2382 ) ;
#1019 = CARTESIAN_POINT ( 'NONE',  ( -0.2653667188310332992, 10.93062915891311881, 3.174999999999999822 ) ) ;
#1020 = EDGE_CURVE ( 'NONE', #2294, #4962, #5183, .T. ) ;
#1021 = CARTESIAN_POINT ( 'NONE',  ( -3.258408414822242527, -11.68089556798468109, -10.44909999999999783 ) ) ;
#1022 = CARTESIAN_POINT ( 'NONE',  ( 9.930396827575336260, -14.11395300742826109, 12.55600000000000271 ) ) ;
#1023 = CARTESIAN_POINT ( 'NONE',  ( 1.104215542453943488, -10.18843664028698370, 14.98100000000000520 ) ) ;
#1024 = CARTESIAN_POINT ( 'NONE',  ( -6.092761286508818763, -9.907193276350634292, 13.39349904687932025 ) ) ;
#1025 = ORIENTED_EDGE ( 'NONE', *, *, #1069, .F. ) ;
#1026 = CARTESIAN_POINT ( 'NONE',  ( 12.31468769768390104, -13.59259836169859526, 13.06889526708050298 ) ) ;
#1027 = ORIENTED_EDGE ( 'NONE', *, *, #3071, .T. ) ;
#1028 = CARTESIAN_POINT ( 'NONE',  ( -13.76229623950490222, 4.245151003387815258, -7.318099999999999383 ) ) ;
#1029 = ORIENTED_EDGE ( 'NONE', *, *, #4294, .T. ) ;
#1030 = CARTESIAN_POINT ( 'NONE',  ( -12.05430474868962953, -12.74539890315747037, -7.318099999999999383 ) ) ;
#1031 = CARTESIAN_POINT ( 'NONE',  ( -0.6856654756705943266, -19.10110875456179969, 9.559235171072470189E-15 ) ) ;
#1032 = VERTEX_POINT ( 'NONE', #836 ) ;
#1033 = EDGE_CURVE ( 'NONE', #699, #4447, #3675, .T. ) ;
#1034 = CARTESIAN_POINT ( 'NONE',  ( 15.96106117789967271, 9.595422772861729399, 0.000000000000000000 ) ) ;
#1035 = B_SPLINE_CURVE_WITH_KNOTS ( 'NONE', 3,
 ( #6670, #5495, #4457, #3873 ),
 .UNSPECIFIED., .F., .F.,
 ( 4, 4 ),
 ( 9.437347467332077668E-05, 0.0007382322759575083793 ),
 .UNSPECIFIED. ) ;
#1036 = CARTESIAN_POINT ( 'NONE',  ( 12.16910334886818568, -14.54587935834384460, 11.05600000000000271 ) ) ;
#1037 = CARTESIAN_POINT ( 'NONE',  ( 26.18805509819400612, 10.49240108418684692, 11.80599999999999739 ) ) ;
#1038 = CARTESIAN_POINT ( 'NONE',  ( -12.06375142879938522, -12.94572728782688742, -7.829369689933742826 ) ) ;
#1039 = PLANE ( 'NONE',  #5093 ) ;
#1040 = ORIENTED_EDGE ( 'NONE', *, *, #1814, .T. ) ;
#1041 = CARTESIAN_POINT ( 'NONE',  ( 20.93640320978964198, -0.9952133531469468108, -7.318099999999999383 ) ) ;
#1042 = EDGE_CURVE ( 'NONE', #3424, #5073, #6747, .T. ) ;
#1043 = CARTESIAN_POINT ( 'NONE',  ( -9.339419351663552860, -18.31344109396468056, -8.905600000000001515 ) ) ;
#1044 = CARTESIAN_POINT ( 'NONE',  ( 24.09583352102566423, 5.763476572495693340, 8.630999999999994898 ) ) ;
#1045 = CARTESIAN_POINT ( 'NONE',  ( 15.90800951566025567, -14.98663331776122121, 13.39349904687932380 ) ) ;
#1046 = CARTESIAN_POINT ( 'NONE',  ( 16.81258854239574418, 2.654630941815081524, -8.905600000000001515 ) ) ;
#1047 = CARTESIAN_POINT ( 'NONE',  ( -8.058887000673648160, 10.62427812119864257, -8.905600000000001515 ) ) ;
#1048 = ORIENTED_EDGE ( 'NONE', *, *, #3207, .T. ) ;
#1049 = CARTESIAN_POINT ( 'NONE',  ( -13.40890670851854338, -13.64429035875746443, -8.905600000000001515 ) ) ;
#1050 = ADVANCED_FACE ( 'NONE', ( #4118 ), #1424, .F. ) ;
#1051 = CARTESIAN_POINT ( 'NONE',  ( -48.49935445207389506, 17.71237818181343826, 8.630999999999936279 ) ) ;
#1052 = FACE_OUTER_BOUND ( 'NONE', #4026, .T. ) ;
#1053 = CARTESIAN_POINT ( 'NONE',  ( 13.38164866021849875, 26.72609921577227965, 14.98099999999999454 ) ) ;
#1054 = ORIENTED_EDGE ( 'NONE', *, *, #4512, .F. ) ;
#1055 = CARTESIAN_POINT ( 'NONE',  ( 20.00670320212902809, 1.726690403666421236, 3.174999999999999822 ) ) ;
#1056 = CARTESIAN_POINT ( 'NONE',  ( -1.852669853647205711, -12.20424927020291683, 5.550900000000003054 ) ) ;
#1057 = CARTESIAN_POINT ( 'NONE',  ( -6.092761286508818763, -9.907193276350634292, 13.39349904687932202 ) ) ;
#1058 = CARTESIAN_POINT ( 'NONE',  ( 4.608195843500102917, 27.43994001211607880, 11.80599999999999383 ) ) ;
#1059 = CARTESIAN_POINT ( 'NONE',  ( 26.21613685041451092, 2.538123062335156721, 14.98100000000000520 ) ) ;
#1060 = ORIENTED_EDGE ( 'NONE', *, *, #1755, .T. ) ;
#1061 = DIRECTION ( 'NONE',  ( -0.2196068247028813147, -0.8377188326305672339, -0.4999999999999975020 ) ) ;
#1062 = ORIENTED_EDGE ( 'NONE', *, *, #2304, .T. ) ;
#1063 = LINE ( 'NONE', #1539, #4980 ) ;
#1064 = CARTESIAN_POINT ( 'NONE',  ( -12.00369839893808255, -12.87642469465369288, 0.000000000000000000 ) ) ;
#1065 = LINE ( 'NONE', #1031, #6382 ) ;
#1066 = ORIENTED_EDGE ( 'NONE', *, *, #1738, .F. ) ;
#1067 = CARTESIAN_POINT ( 'NONE',  ( 17.85576811464563107, 6.961590861296286903, 0.000000000000000000 ) ) ;
#1068 = CARTESIAN_POINT ( 'NONE',  ( 8.613511381537568568, -12.25033864721264543, 11.05600000000000271 ) ) ;
#1069 = EDGE_CURVE ( 'NONE', #1170, #5182, #4083, .T. ) ;
#1070 = CARTESIAN_POINT ( 'NONE',  ( 5.860127906673534781, 30.35954048764050128, 11.80599999999999383 ) ) ;
#1071 = LINE ( 'NONE', #7259, #3244 ) ;
#1072 = CARTESIAN_POINT ( 'NONE',  ( -10.28358412055676219, -4.411016978856669546, -0.001967431381985438460 ) ) ;
#1073 = ORIENTED_EDGE ( 'NONE', *, *, #2570, .T. ) ;
#1074 = CARTESIAN_POINT ( 'NONE',  ( -8.369248915659845522, -1.925186736856493885, 0.000000000000000000 ) ) ;
#1075 = CARTESIAN_POINT ( 'NONE',  ( -2.204880372682497924, -10.96230711761995202, 11.80600000000000271 ) ) ;
#1076 = CARTESIAN_POINT ( 'NONE',  ( 3.034299951601164391, -10.69440557877959463, 11.80600000000000094 ) ) ;
#1077 = CARTESIAN_POINT ( 'NONE',  ( -8.075426939931087844, -18.89025876392038938, 8.631000000000000227 ) ) ;
#1078 = CARTESIAN_POINT ( 'NONE',  ( 0.000000000000000000, 0.000000000000000000, 14.48099999999999987 ) ) ;
#1079 = CARTESIAN_POINT ( 'NONE',  ( -10.46976548412308183, -15.41450966591522942, -5.730600000000002581 ) ) ;
#1080 = ORIENTED_EDGE ( 'NONE', *, *, #199, .T. ) ;
#1081 = CARTESIAN_POINT ( 'NONE',  ( -12.91007307468976961, -5.728882426130107675, 3.174999999999999822 ) ) ;
#1082 = CARTESIAN_POINT ( 'NONE',  ( 27.22101982593339287, 6.353276422773165955, 11.80599999999999916 ) ) ;
#1083 = CARTESIAN_POINT ( 'NONE',  ( -12.46550433297840144, -15.60074589974338011, 8.631000000000000227 ) ) ;
#1084 = CARTESIAN_POINT ( 'NONE',  ( -21.91443029615336613, 36.00304555153040553, 11.80599999999999206 ) ) ;
#1085 = AXIS2_PLACEMENT_3D ( 'NONE', #3142, #785, #4175 ) ;
#1086 = VERTEX_POINT ( 'NONE', #6882 ) ;
#1087 = CONICAL_SURFACE ( 'NONE', #2497, 3.174999999999999822, 0.7853981633974500554 ) ;
#1088 = CARTESIAN_POINT ( 'NONE',  ( 12.99234075173120395, 12.66956121021735093, 3.174999999999999822 ) ) ;
#1089 = CYLINDRICAL_SURFACE ( 'NONE', #635, 1.499999999999999334 ) ;
#1090 = CARTESIAN_POINT ( 'NONE',  ( -9.484059324258632628, -9.083107392660604518, 13.39349904687932202 ) ) ;
#1091 = CARTESIAN_POINT ( 'NONE',  ( 4.124617960589934462, -10.98088009208205129, 11.80600000000012351 ) ) ;
#1092 = CIRCLE ( 'NONE', #1808, 3.925000000000011813 ) ;
#1093 = CARTESIAN_POINT ( 'NONE',  ( 14.71917428041942699, -15.17523840950907932, 14.98100000000000342 ) ) ;
#1094 = ORIENTED_EDGE ( 'NONE', *, *, #4548, .T. ) ;
#1095 = CARTESIAN_POINT ( 'NONE',  ( 12.40834640256061228, -12.97932458429282931, 11.70354231230163400 ) ) ;
#1096 = ORIENTED_EDGE ( 'NONE', *, *, #2875, .T. ) ;
#1097 = CARTESIAN_POINT ( 'NONE',  ( -11.98851896553278884, -12.91572002654558382, -5.730599999999999028 ) ) ;
#1098 = VECTOR ( 'NONE', #407, 1000.000000000000114 ) ;
#1099 = EDGE_LOOP ( 'NONE', ( #6031, #3096, #1320, #2364, #4666, #2428 ) ) ;
#1100 = CARTESIAN_POINT ( 'NONE',  ( -8.565050193019002833, -16.92647862052163177, -7.318099999999999383 ) ) ;
#1101 = CARTESIAN_POINT ( 'NONE',  ( -12.42070057909502090, -9.299428658383460444, 0.000000000000000000 ) ) ;
#1102 = VERTEX_POINT ( 'NONE', #3084 ) ;
#1103 = EDGE_CURVE ( 'NONE', #2007, #2165, #5922, .T. ) ;
#1104 = CARTESIAN_POINT ( 'NONE',  ( 2.992012877355281653, 6.280250207400366769, -5.787905999999998663 ) ) ;
#1105 = ORIENTED_EDGE ( 'NONE', *, *, #3071, .F. ) ;
#1106 = CONICAL_SURFACE ( 'NONE', #2982, 3.174999999999999822, 0.7853981633974500554 ) ;
#1107 = CARTESIAN_POINT ( 'NONE',  ( -3.852868218153464586, -10.51820357379661175, 12.55599999790798371 ) ) ;
#1108 = CARTESIAN_POINT ( 'NONE',  ( 16.79234343857311629, -14.71471317780649102, 8.631000000000003780 ) ) ;
#1109 = CARTESIAN_POINT ( 'NONE',  ( -1.154864917356221987, -10.32993118863620019, -10.44909999999999783 ) ) ;
#1110 = EDGE_CURVE ( 'NONE', #5853, #4826, #6072, .T. ) ;
#1111 = AXIS2_PLACEMENT_3D ( 'NONE', #3412, #5651, #6798 ) ;
#1112 = EDGE_LOOP ( 'NONE', ( #873, #2060, #2930, #6033, #5808 ) ) ;
#1113 = LINE ( 'NONE', #3363, #5580 ) ;
#1114 = CARTESIAN_POINT ( 'NONE',  ( -10.57535302520171427, -17.48856966650146916, -8.905600000000001515 ) ) ;
#1115 = CARTESIAN_POINT ( 'NONE',  ( -10.34038013284929036, 32.29016240817401240, 11.80599999999999206 ) ) ;
#1116 = VECTOR ( 'NONE', #3774, 1000.000000000000114 ) ;
#1117 = DIRECTION ( 'NONE',  ( -0.000000000000000000, -0.000000000000000000, -1.000000000000000000 ) ) ;
#1118 = DIRECTION ( 'NONE',  ( 0.9371590407833583214, -0.3489024681454916954, 0.000000000000000000 ) ) ;
#1119 = CARTESIAN_POINT ( 'NONE',  ( 16.80257617430076067, 2.666367357313351061, -8.905600000000001515 ) ) ;
#1120 = FACE_OUTER_BOUND ( 'NONE', #2075, .T. ) ;
#1121 = ORIENTED_EDGE ( 'NONE', *, *, #5367, .F. ) ;
#1122 = CARTESIAN_POINT ( 'NONE',  ( -13.38702346194937398, -13.68884079140869581, -8.905599999999999739 ) ) ;
#1123 = CARTESIAN_POINT ( 'NONE',  ( -21.91443029615336613, 36.00304555153040553, 8.630999999999989569 ) ) ;
#1124 = ADVANCED_FACE ( 'NONE', ( #5292 ), #4707, .F. ) ;
#1125 = B_SPLINE_CURVE_WITH_KNOTS ( 'NONE', 3,
 ( #5629, #4353, #4836, #382, #453, #1550 ),
 .UNSPECIFIED., .F., .F.,
 ( 4, 1, 1, 4 ),
 ( 0.3829907305404776641, 0.3871359374999998604, 0.4104437499999999961, 0.4109034178545101224 ),
 .UNSPECIFIED. ) ;
#1126 = CARTESIAN_POINT ( 'NONE',  ( -1.912621489174304967, -2.257583630814017805, 14.48100000000000165 ) ) ;
#1127 = CARTESIAN_POINT ( 'NONE',  ( -48.49935445207390217, 17.71237818181344537, 11.80599999999999561 ) ) ;
#1128 = CARTESIAN_POINT ( 'NONE',  ( 26.55051723955111598, -9.162243075185559249, 10.21850059711605141 ) ) ;
#1129 = AXIS2_PLACEMENT_3D ( 'NONE', #3487, #5213, #5692 ) ;
#1130 = CARTESIAN_POINT ( 'NONE',  ( 17.21994782483924880, 8.021164140500950168, 2.517435969732711776 ) ) ;
#1131 = CARTESIAN_POINT ( 'NONE',  ( -1.154864917356221987, -10.32993118863620019, 5.550900000000003054 ) ) ;
#1132 = CARTESIAN_POINT ( 'NONE',  ( 8.979344066455420048, -13.88878415613313955, 12.55600000000000271 ) ) ;
#1133 = CARTESIAN_POINT ( 'NONE',  ( 11.79159259755873990, 23.96386019914276844, 11.80599999999999383 ) ) ;
#1134 = CARTESIAN_POINT ( 'NONE',  ( 1.298463506524899280, -11.88093877015635158, 14.98100000000000875 ) ) ;
#1135 = ORIENTED_EDGE ( 'NONE', *, *, #597, .F. ) ;
#1136 = CARTESIAN_POINT ( 'NONE',  ( -12.37010598289563568, -11.37709768456791082, -3.705588532827003512 ) ) ;
#1137 = VERTEX_POINT ( 'NONE', #4745 ) ;
#1138 = CARTESIAN_POINT ( 'NONE',  ( -9.853225687248786002, -3.809484351455105777, 0.000000000000000000 ) ) ;
#1139 = ADVANCED_FACE ( 'NONE', ( #1951 ), #3641, .T. ) ;
#1140 = CARTESIAN_POINT ( 'NONE',  ( -14.82979880833433484, 5.559558975575309425, -8.905600000000003291 ) ) ;
#1141 = CARTESIAN_POINT ( 'NONE',  ( -11.73439146106571052, -6.953776187808147213, -5.730600000000000804 ) ) ;
#1142 = CARTESIAN_POINT ( 'NONE',  ( 2.420428040132277303, -3.040034490371304798, -14.44909999999999961 ) ) ;
#1143 = CARTESIAN_POINT ( 'NONE',  ( 0.2138306264665445766, 7.388621203358913370, -5.787906000000005768 ) ) ;
#1144 = EDGE_LOOP ( 'NONE', ( #3346, #5805, #638, #727, #2978, #5731, #4112 ) ) ;
#1145 = CARTESIAN_POINT ( 'NONE',  ( 10.74479498614585538, 14.52745860629247865, 8.631000000000000227 ) ) ;
#1146 = CARTESIAN_POINT ( 'NONE',  ( 18.95516000675702628, 22.39092315294194435, 11.80600000000099215 ) ) ;
#1147 = ORIENTED_EDGE ( 'NONE', *, *, #7209, .F. ) ;
#1148 = CARTESIAN_POINT ( 'NONE',  ( -8.036082407117895343, 9.019530349039833084, -5.730599999999993699 ) ) ;
#1149 =( BOUNDED_SURFACE ( )  B_SPLINE_SURFACE ( 3, 3, ( 
 ( #1188, #2253, #6124, #1155, #3882, #3436, #6162 ),
 ( #601, #6089, #6789, #3369, #4501, #5569, #531 ),
 ( #2884, #5130, #3402, #2776, #6644, #5024, #1599 ),
 ( #3847, #1046, #7267, #5606, #1671, #3918, #3293 ),
 ( #1119, #6198, #5534, #4726, #1890, #4100, #1930 ),
 ( #99, #2993, #1335, #5199, #170, #4134, #5788 ),
 ( #710, #1821, #6345, #4024, #5754, #1266, #5718 ) ),
 .UNSPECIFIED., .F., .F., .T. ) 
 B_SPLINE_SURFACE_WITH_KNOTS ( ( 4, 3, 4 ),
 ( 4, 3, 4 ),
 ( 0.000000000000000000, 1.000000000000000000, 1.010000000000000009 ),
 ( -0.01000000000000000021, 0.000000000000000000, 1.000000000000000000 ),
 .UNSPECIFIED. ) 
 GEOMETRIC_REPRESENTATION_ITEM ( )  RATIONAL_B_SPLINE_SURFACE ( (
 ( 1.000000000000000000, 1.000000000000000000, 1.000000000000000000, 1.000000000000000000, 0.9873494360570841399, 0.9873494360570841399, 1.000000000000000000),
 ( 0.8047378541243648264, 0.8047378541243648264, 0.8047378541243648264, 0.8047378541243648264, 0.7945574664434796874, 0.7945574664434796874, 0.8047378541243648264),
 ( 0.8047378541243648264, 0.8047378541243648264, 0.8047378541243648264, 0.8047378541243648264, 0.7945574664434796874, 0.7945574664434796874, 0.8047378541243648264),
 ( 1.000000000000000000, 1.000000000000000000, 1.000000000000000000, 1.000000000000000000, 0.9873494360570841399, 0.9873494360570841399, 1.000000000000000000),
 ( 1.000000000000000000, 1.000000000000000000, 1.000000000000000000, 1.000000000000000000, 0.9873494360570841399, 0.9873494360570841399, 1.000000000000000000),
 ( 1.000000000000000000, 1.000000000000000000, 1.000000000000000000, 1.000000000000000000, 0.9873494360570841399, 0.9873494360570841399, 1.000000000000000000),
 ( 1.000000000000000000, 1.000000000000000000, 1.000000000000000000, 1.000000000000000000, 0.9873494360570841399, 0.9873494360570841399, 1.000000000000000000) ) ) 
 REPRESENTATION_ITEM ( '' )  SURFACE ( )  );
#1150 = CARTESIAN_POINT ( 'NONE',  ( -33.50011498293680745, 34.60976076831700254, 14.98099999999999632 ) ) ;
#1151 = CARTESIAN_POINT ( 'NONE',  ( -3.585675646930079896, -8.948570147270297426, 11.80600000000000271 ) ) ;
#1152 = CARTESIAN_POINT ( 'NONE',  ( 14.41385967686997027, 10.99875499969034820, -5.730599999999999028 ) ) ;
#1153 = B_SPLINE_CURVE_WITH_KNOTS ( 'NONE', 3,
 ( #842, #4792, #264, #4857, #5967, #4751, #921, #3164, #5408, #371, #6367, #2606, #7101, #1321, #3572, #5819, #3019, #231, #6960, #1916 ),
 .UNSPECIFIED., .F., .F.,
 ( 4, 2, 2, 2, 2, 2, 2, 2, 2, 4 ),
 ( 0.000000000000000000, 0.04789616266471393574, 0.1748433409760691837, 0.2806326562355618282, 0.4075798345469330841, 0.5345270128583600178, 0.6614741911696759846, 0.7884213694802443273, 0.8942106847362268907, 0.9987097166187823838 ),
 .UNSPECIFIED. ) ;
#1154 = CYLINDRICAL_SURFACE ( 'NONE', #1829, 0.4999999999999998890 ) ;
#1155 = CARTESIAN_POINT ( 'NONE',  ( 16.28144015722066129, 1.158382521813879684, -7.318099999999999383 ) ) ;
#1156 = DIRECTION ( 'NONE',  ( -0.3489024681454919175, -0.9371590407833583214, 0.000000000000000000 ) ) ;
#1157 = ORIENTED_EDGE ( 'NONE', *, *, #5787, .F. ) ;
#1158 = B_SPLINE_CURVE_WITH_KNOTS ( 'NONE', 3,
 ( #396, #4367, #7060, #469 ),
 .UNSPECIFIED., .F., .F.,
 ( 4, 4 ),
 ( 0.000000000000000000, 1.000000000000000000 ),
 .UNSPECIFIED. ) ;
#1159 = CARTESIAN_POINT ( 'NONE',  ( -12.35487886906233790, -11.65554741675857109, 1.587499999999999911 ) ) ;
#1160 = CARTESIAN_POINT ( 'NONE',  ( -25.19530689742510177, -5.040814917066635203, 11.80600000000000094 ) ) ;
#1161 = CARTESIAN_POINT ( 'NONE',  ( -12.27122387953898652, -4.524822891209272058, 8.631000000000000227 ) ) ;
#1162 = CARTESIAN_POINT ( 'NONE',  ( -6.967105568256431347, -11.34794501770343977, 11.80600000000000271 ) ) ;
#1163 = CARTESIAN_POINT ( 'NONE',  ( 3.766291807603092678, 12.28644048611850437, 1.587499999999999911 ) ) ;
#1164 = DIRECTION ( 'NONE',  ( 0.9371590407833583214, -0.3489024681454917509, 0.000000000000000000 ) ) ;
#1165 = CARTESIAN_POINT ( 'NONE',  ( 9.144517133130040776, -13.92961174789073020, 11.05600000000000271 ) ) ;
#1166 = CARTESIAN_POINT ( 'NONE',  ( 23.80368188292203513, -9.445347389392313886, 8.631000000000000227 ) ) ;
#1167 = CARTESIAN_POINT ( 'NONE',  ( 26.55051723955111598, -9.162243075185559249, 13.39349904687932025 ) ) ;
#1168 = ORIENTED_EDGE ( 'NONE', *, *, #4955, .T. ) ;
#1169 = CARTESIAN_POINT ( 'NONE',  ( -12.32942929643347263, -11.63086828784023297, -0.5609754089746117334 ) ) ;
#1170 = VERTEX_POINT ( 'NONE', #1987 ) ;
#1171 = CARTESIAN_POINT ( 'NONE',  ( -11.98739699550838900, -12.91531502102366602, 0.000000000000000000 ) ) ;
#1172 = CARTESIAN_POINT ( 'NONE',  ( -6.668371456192762281, 10.82640576353839634, -8.905599999999999739 ) ) ;
#1173 = CARTESIAN_POINT ( 'NONE',  ( -12.47800740327390479, -10.52432618645817897, -5.730599999999994587 ) ) ;
#1174 = EDGE_CURVE ( 'NONE', #3821, #1908, #3816, .T. ) ;
#1175 = CARTESIAN_POINT ( 'NONE',  ( -10.04887324793093839, -15.84119356648070287, -7.069060441911867443 ) ) ;
#1176 = CARTESIAN_POINT ( 'NONE',  ( 1.112602405612829193, 7.045904472419902476, -5.730599999999991923 ) ) ;
#1177 = ORIENTED_EDGE ( 'NONE', *, *, #247, .F. ) ;
#1178 = CARTESIAN_POINT ( 'NONE',  ( 10.74479498614585538, 14.52745860629247865, 3.174999999999999822 ) ) ;
#1179 = CARTESIAN_POINT ( 'NONE',  ( -36.57734624587926930, 34.39605359592100342, 11.80599999999999206 ) ) ;
#1180 = DIRECTION ( 'NONE',  ( -0.2535801187161745296, -0.9673143870489525620, 2.147869409105835423E-16 ) ) ;
#1181 = ORIENTED_EDGE ( 'NONE', *, *, #2946, .T. ) ;
#1182 = CARTESIAN_POINT ( 'NONE',  ( -3.392520309642245380, 4.394075141335002321, 0.000000000000000000 ) ) ;
#1183 = DIRECTION ( 'NONE',  ( 0.000000000000000000, 0.000000000000000000, -1.000000000000000000 ) ) ;
#1184 = CARTESIAN_POINT ( 'NONE',  ( -20.08259148370260405, 32.86196989895047693, 8.630999999999989569 ) ) ;
#1185 = CARTESIAN_POINT ( 'NONE',  ( 1.759916674635157552, 10.85446673156645758, -5.730599999999999028 ) ) ;
#1186 = CARTESIAN_POINT ( 'NONE',  ( -2.385987311968688296, 5.672132697788751621, 0.000000000000000000 ) ) ;
#1187 = EDGE_CURVE ( 'NONE', #5917, #5528, #4889, .T. ) ;
#1188 = CARTESIAN_POINT ( 'NONE',  ( 16.24938184449140266, 1.170377116458107158, -7.318099999999999383 ) ) ;
#1189 = CARTESIAN_POINT ( 'NONE',  ( -12.27733109437337333, -8.657829864691919397, -0.02732912567881388977 ) ) ;
#1190 = VERTEX_POINT ( 'NONE', #2087 ) ;
#1191 = CARTESIAN_POINT ( 'NONE',  ( -12.07621567143798735, -6.143470973020985326, 3.174999999999999822 ) ) ;
#1192 = CARTESIAN_POINT ( 'NONE',  ( -42.00193863272111372, 7.125692526716533415, 11.80599999999999739 ) ) ;
#1193 = ADVANCED_FACE ( 'NONE', ( #1530 ), #519, .F. ) ;
#1194 = CARTESIAN_POINT ( 'NONE',  ( -40.67401417322093948, 6.922186682037451355, 8.630999999999998451 ) ) ;
#1195 = CARTESIAN_POINT ( 'NONE',  ( 25.59606568476176136, -4.805342444251015088, 14.98099999999996790 ) ) ;
#1196 = CARTESIAN_POINT ( 'NONE',  ( 18.18467006882645975, 6.277871873167974570, 2.517435969732711776 ) ) ;
#1197 = CARTESIAN_POINT ( 'NONE',  ( -0.8871288235855958604, -19.64224335555377721, -7.288051838877895428 ) ) ;
#1198 = FACE_OUTER_BOUND ( 'NONE', #4117, .T. ) ;
#1199 = CARTESIAN_POINT ( 'NONE',  ( -23.76691292083732776, -2.182336403359665500, 11.80600000000000094 ) ) ;
#1200 = ADVANCED_FACE ( 'NONE', ( #6024 ), #7163, .F. ) ;
#1201 = DIRECTION ( 'NONE',  ( 0.9371590407833583214, -0.3489024681454916954, 0.000000000000000000 ) ) ;
#1202 = ORIENTED_EDGE ( 'NONE', *, *, #6454, .T. ) ;
#1203 = CARTESIAN_POINT ( 'NONE',  ( 4.566370287237146108, -12.73717740565215628, 12.55600000000000094 ) ) ;
#1204 = CARTESIAN_POINT ( 'NONE',  ( -12.37508330759996689, -11.34185811674389832, -3.624538416591578827 ) ) ;
#1205 = VERTEX_POINT ( 'NONE', #2153 ) ;
#1206 = LINE ( 'NONE', #5625, #4160 ) ;
#1207 = CARTESIAN_POINT ( 'NONE',  ( -3.639127402766523911, 10.55384387674172864, -8.905599999999999739 ) ) ;
#1208 = CARTESIAN_POINT ( 'NONE',  ( 3.766291807603092678, 12.28644048611850437, 1.587499999999999911 ) ) ;
#1209 = CARTESIAN_POINT ( 'NONE',  ( -0.8908048018027223680, -19.65211710691533042, -7.527191793822507471 ) ) ;
#1210 = AXIS2_PLACEMENT_3D ( 'NONE', #3380, #6655, #576 ) ;
#1211 = CARTESIAN_POINT ( 'NONE',  ( 1.466755042524039210, 10.52621844150207764, 0.000000000000000000 ) ) ;
#1212 = EDGE_CURVE ( 'NONE', #6745, #1971, #4956, .T. ) ;
#1213 = ORIENTED_EDGE ( 'NONE', *, *, #6940, .T. ) ;
#1214 = CARTESIAN_POINT ( 'NONE',  ( 8.945847058240147476, 27.23474620158858528, 8.630999999999994898 ) ) ;
#1215 = AXIS2_PLACEMENT_3D ( 'NONE', #3463, #2244, #1918 ) ;
#1216 = VECTOR ( 'NONE', #3731, 1000.000000000000114 ) ;
#1217 = CARTESIAN_POINT ( 'NONE',  ( 0.000000000000000000, 0.000000000000000000, -11.44909999999999961 ) ) ;
#1218 = ORIENTED_EDGE ( 'NONE', *, *, #4649, .T. ) ;
#1219 = CARTESIAN_POINT ( 'NONE',  ( -9.241033564324109051, -7.499274109974485292, 11.90848697772249665 ) ) ;
#1220 = AXIS2_PLACEMENT_3D ( 'NONE', #5884, #5771, #5813 ) ;
#1221 = CARTESIAN_POINT ( 'NONE',  ( -40.67401417322093948, 6.922186682037451355, 14.98100000000000165 ) ) ;
#1222 = CARTESIAN_POINT ( 'NONE',  ( -4.453473749772172141, -8.710837770988907991, 8.631000000000000227 ) ) ;
#1223 = CARTESIAN_POINT ( 'NONE',  ( 17.63675259740917411, 7.377901119531987462, -5.730599999999999028 ) ) ;
#1224 = CARTESIAN_POINT ( 'NONE',  ( -7.820609231332606548, -17.29162715188991228, 1.587500030568071541 ) ) ;
#1225 = ADVANCED_FACE ( 'NONE', ( #6062 ), #5511, .F. ) ;
#1226 = AXIS2_PLACEMENT_3D ( 'NONE', #320, #3068, #2553 ) ;
#1227 = DIRECTION ( 'NONE',  ( 0.9371590407833583214, -0.3489024681454916954, 0.000000000000000000 ) ) ;
#1228 = EDGE_CURVE ( 'NONE', #5997, #57, #1158, .T. ) ;
#1229 = ORIENTED_EDGE ( 'NONE', *, *, #5054, .T. ) ;
#1230 = CARTESIAN_POINT ( 'NONE',  ( -10.55765160132026104, -4.814631706476139250, 2.517435969732711776 ) ) ;
#1231 = FACE_OUTER_BOUND ( 'NONE', #2212, .T. ) ;
#1232 = CIRCLE ( 'NONE', #4405, 3.174999999999999822 ) ;
#1233 = CARTESIAN_POINT ( 'NONE',  ( 0.000000000000000000, 0.000000000000000000, -15.44909999999999961 ) ) ;
#1234 = CARTESIAN_POINT ( 'NONE',  ( -47.26318507213461118, 14.98993600145355387, 14.98099999999999632 ) ) ;
#1235 = FACE_OUTER_BOUND ( 'NONE', #20, .T. ) ;
#1236 = VECTOR ( 'NONE', #510, 999.9999999999998863 ) ;
#1237 = CARTESIAN_POINT ( 'NONE',  ( 0.6753941068388129576, -19.87981513201708594, -7.111030954760985345 ) ) ;
#1238 = CARTESIAN_POINT ( 'NONE',  ( -7.523516826610324948, -17.40178589657775987, -5.730599999999999028 ) ) ;
#1239 = CARTESIAN_POINT ( 'NONE',  ( -11.24625595282668300, -6.869833192725216975, 11.80600000000000094 ) ) ;
#1240 = ORIENTED_EDGE ( 'NONE', *, *, #6640, .T. ) ;
#1241 = CARTESIAN_POINT ( 'NONE',  ( -15.07851313103464896, -2.245596035779637401, 0.000000000000000000 ) ) ;
#1242 = EDGE_LOOP ( 'NONE', ( #1846, #1080, #991, #3921 ) ) ;
#1243 = CIRCLE ( 'NONE', #541, 0.5000000000000000000 ) ;
#1244 = CARTESIAN_POINT ( 'NONE',  ( -1.852669853647205711, -12.20424927020291683, 5.550900000000003054 ) ) ;
#1245 = FACE_OUTER_BOUND ( 'NONE', #6717, .T. ) ;
#1246 = EDGE_LOOP ( 'NONE', ( #4099, #2984, #3416, #4148, #2715, #1855, #7212, #6414 ) ) ;
#1247 = CARTESIAN_POINT ( 'NONE',  ( -12.54338633516919010, -11.56751249454902286, -5.730599999999999028 ) ) ;
#1248 = CARTESIAN_POINT ( 'NONE',  ( -8.184316070316913994, -9.429466381432717981, 9.416435412949159200 ) ) ;
#1249 = CARTESIAN_POINT ( 'NONE',  ( -5.140174604103816769, -10.17574938492209569, 11.05600000209201994 ) ) ;
#1250 = CARTESIAN_POINT ( 'NONE',  ( -0.9160954094073177068, -19.72004818716688490, -7.832319903681813855 ) ) ;
#1251 = AXIS2_PLACEMENT_3D ( 'NONE', #2498, #4577, #5643 ) ;
#1252 = CARTESIAN_POINT ( 'NONE',  ( 2.690094480348618866, 6.402621553937405174, -5.787905999999997775 ) ) ;
#1253 = ORIENTED_EDGE ( 'NONE', *, *, #227, .T. ) ;
#1254 = DIRECTION ( 'NONE',  ( 0.9371590407833582104, -0.3489024681454918064, 0.000000000000000000 ) ) ;
#1255 = CARTESIAN_POINT ( 'NONE',  ( -20.13484170071160406, 36.03706295988247632, 11.80599999999999206 ) ) ;
#1256 = B_SPLINE_CURVE_WITH_KNOTS ( 'NONE', 3,
 ( #1929, #1443, #6460, #1408 ),
 .UNSPECIFIED., .F., .F.,
 ( 4, 4 ),
 ( 0.000000000000000000, 1.000000000000000000 ),
 .UNSPECIFIED. ) ;
#1257 = DIRECTION ( 'NONE',  ( -0.000000000000000000, -0.000000000000000000, -1.000000000000000000 ) ) ;
#1258 = EDGE_CURVE ( 'NONE', #295, #2320, #400, .T. ) ;
#1259 = EDGE_LOOP ( 'NONE', ( #3532, #1603, #3404, #4569 ) ) ;
#1260 = CARTESIAN_POINT ( 'NONE',  ( -3.893894945604445823, 3.757448579079405437, 0.000000000000000000 ) ) ;
#1261 = DIRECTION ( 'NONE',  ( -0.9371590407833582104, 0.3489024681454918619, -5.120352090616684997E-16 ) ) ;
#1262 = CARTESIAN_POINT ( 'NONE',  ( 24.42985965046503694, -13.43782222754919786, 8.631000000000000227 ) ) ;
#1263 = DIRECTION ( 'NONE',  ( 0.000000000000000000, 0.000000000000000000, 1.000000000000000000 ) ) ;
#1264 = CARTESIAN_POINT ( 'NONE',  ( -7.570452848992600181, -17.38489065580179371, -7.318099999999999383 ) ) ;
#1265 = CARTESIAN_POINT ( 'NONE',  ( -0.4570599810652384853, -8.455613107069483547, -6.449099999999997834 ) ) ;
#1266 = CARTESIAN_POINT ( 'NONE',  ( 19.28795187761621577, 1.469577711013777988, -8.905599999999997962 ) ) ;
#1267 = ORIENTED_EDGE ( 'NONE', *, *, #346, .F. ) ;
#1268 = CARTESIAN_POINT ( 'NONE',  ( -11.41644753894031972, -14.18370272454599146, 2.517435969732711776 ) ) ;
#1269 = CARTESIAN_POINT ( 'NONE',  ( 0.3071816777607083715, -13.26177876956085377, 11.80600000000000271 ) ) ;
#1270 = ADVANCED_FACE ( 'NONE', ( #3855 ), #5903, .F. ) ;
#1271 = CARTESIAN_POINT ( 'NONE',  ( 12.58662062826657291, 25.34497970708189030, 8.630999999999994898 ) ) ;
#1272 = CARTESIAN_POINT ( 'NONE',  ( -27.11334437784210039, 35.98304491953225437, 14.98099999999999454 ) ) ;
#1273 = CARTESIAN_POINT ( 'NONE',  ( -3.924999999999977174, 0.000000000000000000, -11.44909999999999961 ) ) ;
#1274 = DIRECTION ( 'NONE',  ( -1.000000000000000000, 0.000000000000000000, 0.000000000000000000 ) ) ;
#1275 = CARTESIAN_POINT ( 'NONE',  ( -7.473746886824763180, -17.42024006774747491, -5.730599999999999028 ) ) ;
#1276 = CARTESIAN_POINT ( 'NONE',  ( 4.124617960589934462, -10.98088009208205129, 8.631000000000183192 ) ) ;
#1277 = ORIENTED_EDGE ( 'NONE', *, *, #1676, .F. ) ;
#1278 = CARTESIAN_POINT ( 'NONE',  ( -13.08427867658368449, 5.346220250491161785, 0.000000000000000000 ) ) ;
#1279 = ORIENTED_EDGE ( 'NONE', *, *, #1110, .F. ) ;
#1280 = CARTESIAN_POINT ( 'NONE',  ( -10.11112337123174854, -3.612681734114719045, 2.554668344132212443 ) ) ;
#1281 = CARTESIAN_POINT ( 'NONE',  ( -12.36686209899594147, -11.39948563234114509, -3.721871520364294472 ) ) ;
#1282 = ORIENTED_EDGE ( 'NONE', *, *, #2098, .F. ) ;
#1283 = CARTESIAN_POINT ( 'NONE',  ( -6.092761286508818763, -9.907193276350634292, 8.631000000000002004 ) ) ;
#1284 = CARTESIAN_POINT ( 'NONE',  ( 4.566370287237146108, -12.73717740565215628, 11.05600000000000271 ) ) ;
#1285 = CARTESIAN_POINT ( 'NONE',  ( 12.69427714116425321, 12.08191484158582796, 1.587499999999999911 ) ) ;
#1286 = CARTESIAN_POINT ( 'NONE',  ( 14.25591115432990641, 24.17868099317643171, 8.630999999999994898 ) ) ;
#1287 = DIRECTION ( 'NONE',  ( 1.000000000000000000, 0.000000000000000000, 0.000000000000000000 ) ) ;
#1288 = VERTEX_POINT ( 'NONE', #1273 ) ;
#1289 = CARTESIAN_POINT ( 'NONE',  ( 19.38922606354148570, 7.606379422729183659, 3.174999999999999822 ) ) ;
#1290 = CARTESIAN_POINT ( 'NONE',  ( 2.771976065070752782, -13.90792118376792175, 14.98100000000000520 ) ) ;
#1291 = DIRECTION ( 'NONE',  ( 0.9999999993168087187, -3.696461235186523285E-05, 0.000000000000000000 ) ) ;
#1292 = ORIENTED_EDGE ( 'NONE', *, *, #442, .T. ) ;
#1293 = CARTESIAN_POINT ( 'NONE',  ( 20.94388683215409586, -0.4083401911057676914, -8.905599999999999739 ) ) ;
#1294 = EDGE_CURVE ( 'NONE', #1992, #7139, #1828, .T. ) ;
#1295 = CARTESIAN_POINT ( 'NONE',  ( 12.58662062826657291, 25.34497970708189030, 13.39349904687931314 ) ) ;
#1296 = CARTESIAN_POINT ( 'NONE',  ( 28.63184273261631674, -1.233121942092602064, 8.630999999999998451 ) ) ;
#1297 = CARTESIAN_POINT ( 'NONE',  ( -14.97306319652180662, 0.1017663098150139028, -5.730599999999999028 ) ) ;
#1298 = VERTEX_POINT ( 'NONE', #178 ) ;
#1299 = FACE_OUTER_BOUND ( 'NONE', #2176, .T. ) ;
#1300 = ORIENTED_EDGE ( 'NONE', *, *, #6640, .F. ) ;
#1301 = CARTESIAN_POINT ( 'NONE',  ( -7.995319230445503855, -17.21320990794778538, 1.587499999999999911 ) ) ;
#1302 = CARTESIAN_POINT ( 'NONE',  ( -9.615768839047845518, -10.70413264034995748, 11.80600000000000271 ) ) ;
#1303 = DIRECTION ( 'NONE',  ( 0.3489024681454918064, 0.9371590407833580993, 0.000000000000000000 ) ) ;
#1304 = CARTESIAN_POINT ( 'NONE',  ( 11.50783914886425308, -12.85637688752249552, 14.98100000000000520 ) ) ;
#1305 = LINE ( 'NONE', #3551, #60 ) ;
#1306 = CARTESIAN_POINT ( 'NONE',  ( 9.194136917260884445, 13.16614395657154546, 1.587499999999999911 ) ) ;
#1307 = CARTESIAN_POINT ( 'NONE',  ( -10.55765160132026281, -4.814631706476727224, -5.730599999999999028 ) ) ;
#1308 = CARTESIAN_POINT ( 'NONE',  ( -20.08259148370260405, 32.86196989895047693, 8.630999999999989569 ) ) ;
#1309 = ORIENTED_EDGE ( 'NONE', *, *, #6079, .T. ) ;
#1310 = DIRECTION ( 'NONE',  ( -0.000000000000000000, -0.000000000000000000, 1.000000000000000000 ) ) ;
#1311 = EDGE_LOOP ( 'NONE', ( #2118, #3646, #509, #6521 ) ) ;
#1312 = CARTESIAN_POINT ( 'NONE',  ( -10.65876960407222818, -8.729259844323616235, 14.48100000000000165 ) ) ;
#1313 = CARTESIAN_POINT ( 'NONE',  ( -15.81161317222775864, -7.601217979963639237, -8.905600000000001515 ) ) ;
#1314 = VERTEX_POINT ( 'NONE', #4142 ) ;
#1315 = CARTESIAN_POINT ( 'NONE',  ( -1.015403686188532051, -10.38185233077696701, 7.043499999999998984 ) ) ;
#1316 = EDGE_CURVE ( 'NONE', #6959, #2574, #4141, .T. ) ;
#1317 = CARTESIAN_POINT ( 'NONE',  ( -18.90414476090749574, 34.44591281815267791, 10.21850029855801623 ) ) ;
#1318 = FACE_OUTER_BOUND ( 'NONE', #3391, .T. ) ;
#1319 = DIRECTION ( 'NONE',  ( -0.2535801187161341730, -0.9673143870489631091, 2.147869409105858843E-16 ) ) ;
#1320 = ORIENTED_EDGE ( 'NONE', *, *, #4494, .F. ) ;
#1321 = CARTESIAN_POINT ( 'NONE',  ( -12.22002286999543053, -8.303848861734207887, 1.587499999999999911 ) ) ;
#1322 = CARTESIAN_POINT ( 'NONE',  ( -5.273267697204470750, -11.77842311985290813, 11.80600000000000271 ) ) ;
#1323 = DIRECTION ( 'NONE',  ( 0.9372357249148136615, -0.3486964237605598149, -6.922501594588462018E-20 ) ) ;
#1324 = VECTOR ( 'NONE', #4901, 1000.000000000000000 ) ;
#1325 = CARTESIAN_POINT ( 'NONE',  ( -12.43794247399901742, -9.762299602804045406, -0.01418561979996217810 ) ) ;
#1326 = ORIENTED_EDGE ( 'NONE', *, *, #7185, .F. ) ;
#1327 = CARTESIAN_POINT ( 'NONE',  ( 19.34329966650286892, -0.9061536249069473969, -5.787906000000003992 ) ) ;
#1328 = AXIS2_PLACEMENT_3D ( 'NONE', #4053, #5708, #1180 ) ;
#1329 = CARTESIAN_POINT ( 'NONE',  ( -10.32067812157115938, 7.973551672692352099, -7.318099999999999383 ) ) ;
#1330 = CARTESIAN_POINT ( 'NONE',  ( -30.17479237114829260, 32.77157383640863486, 8.630999999999989569 ) ) ;
#1331 = CARTESIAN_POINT ( 'NONE',  ( -8.829461512901504605, -8.818367714275568758, 12.55603281448345143 ) ) ;
#1332 = CARTESIAN_POINT ( 'NONE',  ( -25.21712816269271329, 34.35674000225326807, 10.21850059711604253 ) ) ;
#1333 = LINE ( 'NONE', #3584, #5982 ) ;
#1334 = EDGE_CURVE ( 'NONE', #1499, #2968, #4621, .T. ) ;
#1335 = CARTESIAN_POINT ( 'NONE',  ( 16.83042379116701781, 2.663938198218429143, -8.905600000000001515 ) ) ;
#1336 = VECTOR ( 'NONE', #65, 1000.000000000000000 ) ;
#1337 = EDGE_LOOP ( 'NONE', ( #3799, #2610, #3542, #5590 ) ) ;
#1338 = DIRECTION ( 'NONE',  ( 0.9371590407833580993, -0.3489024681454918064, -1.239088197126291063E-16 ) ) ;
#1339 = CARTESIAN_POINT ( 'NONE',  ( 25.33973514159382034, 8.069949888297896834, 8.630999999999996675 ) ) ;
#1340 = ADVANCED_FACE ( 'NONE', ( #1235 ), #1106, .F. ) ;
#1341 = CARTESIAN_POINT ( 'NONE',  ( -10.19538667417065092, 8.029393216211451190, -5.730599999999999028 ) ) ;
#1342 = CARTESIAN_POINT ( 'NONE',  ( 16.68600726385845689, 20.15763671921128974, 14.98100000000060916 ) ) ;
#1343 = CIRCLE ( 'NONE', #1226, 2.500000000000000000 ) ;
#1344 = CARTESIAN_POINT ( 'NONE',  ( -1.015403686188532051, -10.38185233077696701, 7.043499999999998984 ) ) ;
#1345 = CARTESIAN_POINT ( 'NONE',  ( -15.81161317222775864, -7.601217979963639237, -8.905600000000001515 ) ) ;
#1346 = CYLINDRICAL_SURFACE ( 'NONE', #7103, 6.000000000000000888 ) ;
#1347 = CARTESIAN_POINT ( 'NONE',  ( -16.11478866409229127, 2.572347371091437296, -15.44909999999999961 ) ) ;
#1348 = CARTESIAN_POINT ( 'NONE',  ( 23.45242983988415375, 16.68862540272189676, 8.630999999999994898 ) ) ;
#1349 = VECTOR ( 'NONE', #420, 1000.000000000000000 ) ;
#1350 = CARTESIAN_POINT ( 'NONE',  ( -14.29269913100855405, -7.137698134232686620, -7.318099999999999383 ) ) ;
#1351 = EDGE_LOOP ( 'NONE', ( #5005, #4534, #3789, #6225, #6903 ) ) ;
#1352 = CARTESIAN_POINT ( 'NONE',  ( -4.439039386445601032, 32.30869805997172506, 13.39349904687931314 ) ) ;
#1353 = PLANE ( 'NONE',  #4528 ) ;
#1354 = ORIENTED_EDGE ( 'NONE', *, *, #3299, .F. ) ;
#1355 = VECTOR ( 'NONE', #853, 1000.000000000000000 ) ;
#1356 = CARTESIAN_POINT ( 'NONE',  ( -9.589494263335424762, -9.130963092593336938, 8.631000000000002004 ) ) ;
#1357 = EDGE_CURVE ( 'NONE', #995, #2414, #4184, .T. ) ;
#1358 = LINE ( 'NONE', #3126, #1931 ) ;
#1359 = CARTESIAN_POINT ( 'NONE',  ( 19.34913917407838468, 2.669487341995716800, 1.587499999999999911 ) ) ;
#1360 = CARTESIAN_POINT ( 'NONE',  ( 20.93663917186206191, -0.9952720431907278176, -15.44909999999999961 ) ) ;
#1361 = CIRCLE ( 'NONE', #3477, 6.000000000000000888 ) ;
#1362 = B_SPLINE_CURVE_WITH_KNOTS ( 'NONE', 3,
 ( #4827, #4091, #6335, #4965, #1579, #4345, #3826, #5969, #6663, #6071, #6032, #3864, #4276, #2028, #4930, #3278, #7140, #2095, #1028, #443, #6621, #993, #7208, #5006, #5519, #476, #7172, #1617, #6588, #923, #3166, #3720, #3241, #2718, #1508, #2127, #6106, #6519 ),
 .UNSPECIFIED., .F., .F.,
 ( 4, 2, 2, 2, 2, 2, 2, 2, 2, 2, 2, 2, 2, 2, 2, 2, 2, 2, 4 ),
 ( 0.0007805413637012128571, 0.02808819211426436327, 0.08426457634238720962, 0.1404409605716402665, 0.1966173448001218016, 0.2527937290287314287, 0.3089701132573929865, 0.3862126415716793937, 0.4423890258002889930, 0.5196315541150443584, 0.5968740824289655578, 0.6530504666575751571, 0.7232709469433443727, 0.7934914272290993775, 0.8637119075149536362, 0.9339323878006233759, 0.9655316039292052288, 0.9971308200577869707, 0.9995567065826780340 ),
 .UNSPECIFIED. ) ;
#1363 = ORIENTED_EDGE ( 'NONE', *, *, #6259, .F. ) ;
#1364 = CARTESIAN_POINT ( 'NONE',  ( 0.009654091748097287304, -19.80222881991093686, 1.504178247039568150 ) ) ;
#1365 = CARTESIAN_POINT ( 'NONE',  ( -36.36428634907640145, 2.224798047900578446, 11.80599999999999916 ) ) ;
#1366 = CARTESIAN_POINT ( 'NONE',  ( 2.551088272595281037, 13.47269945004986980, 8.631000000000000227 ) ) ;
#1367 = VECTOR ( 'NONE', #3684, 1000.000000000000000 ) ;
#1368 = EDGE_CURVE ( 'NONE', #4447, #3974, #1305, .T. ) ;
#1369 = CARTESIAN_POINT ( 'NONE',  ( 15.31602181363515314, 12.35832864774332762, 3.174999999999999822 ) ) ;
#1370 = VERTEX_POINT ( 'NONE', #754 ) ;
#1371 = CARTESIAN_POINT ( 'NONE',  ( 19.34913917186175070, -0.5027467310678341850, 0.000000000000000000 ) ) ;
#1372 = CARTESIAN_POINT ( 'NONE',  ( -14.94984990498404542, 0.4166052085571264607, -8.248035969732711692 ) ) ;
#1373 = CARTESIAN_POINT ( 'NONE',  ( -10.52473805582482669, -10.44028279238031764, 8.631000000000000227 ) ) ;
#1374 = CARTESIAN_POINT ( 'NONE',  ( -5.029307764782438461, -9.750599088799750902, 12.55603281448345143 ) ) ;
#1375 = CARTESIAN_POINT ( 'NONE',  ( -17.99163032485425973, -6.193380558376825107, 13.39349904687932202 ) ) ;
#1376 = CARTESIAN_POINT ( 'NONE',  ( -8.076743652920773897, -18.89077987542412274, -12.77409999999999890 ) ) ;
#1377 = CARTESIAN_POINT ( 'NONE',  ( 17.13785916512378904, 0.7849845658127124759, -5.730600000294427510 ) ) ;
#1378 = ORIENTED_EDGE ( 'NONE', *, *, #7239, .F. ) ;
#1379 = CARTESIAN_POINT ( 'NONE',  ( 19.15419645555989447, 3.242502156249409406, 0.000000000000000000 ) ) ;
#1380 = CARTESIAN_POINT ( 'NONE',  ( -9.589494263335424762, -9.130963092593336938, 10.21850059711605141 ) ) ;
#1381 = CARTESIAN_POINT ( 'NONE',  ( -8.148924355849684886, -17.86245616752504262, -8.905600000000001515 ) ) ;
#1382 = CARTESIAN_POINT ( 'NONE',  ( 25.57639578305569117, -2.453975412025189762, 11.80600000000000094 ) ) ;
#1383 = CARTESIAN_POINT ( 'NONE',  ( 14.89387173257804875, 10.61803224443205629, 1.587499999999999911 ) ) ;
#1384 = CARTESIAN_POINT ( 'NONE',  ( -4.558060826927802900, 9.805972554819902598, -8.905600000000001515 ) ) ;
#1385 = CARTESIAN_POINT ( 'NONE',  ( 2.051626792960399737, 11.10423661856331456, 0.000000000000000000 ) ) ;
#1386 = CARTESIAN_POINT ( 'NONE',  ( 0.000000000000000000, 0.000000000000000000, 14.98099999999999987 ) ) ;
#1387 = CARTESIAN_POINT ( 'NONE',  ( -7.106860689915234452, -8.061057165503743960, 8.631000000000000227 ) ) ;
#1388 = CARTESIAN_POINT ( 'NONE',  ( -3.429443744414331974, 8.808644534118453606, -7.318099999999999383 ) ) ;
#1389 = CARTESIAN_POINT ( 'NONE',  ( -13.46335915026455332, -13.50398159642895912, -8.905599999999996186 ) ) ;
#1390 = LINE ( 'NONE', #2525, #6413 ) ;
#1391 = ORIENTED_EDGE ( 'NONE', *, *, #263, .T. ) ;
#1392 = CARTESIAN_POINT ( 'NONE',  ( -1.681543941320843505, -8.965972145123165760, 13.00400180856847321 ) ) ;
#1393 = CARTESIAN_POINT ( 'NONE',  ( 19.34890321097595134, -4.182626699481519772, -5.730599999999999028 ) ) ;
#1394 = DIRECTION ( 'NONE',  ( 0.6187123756285675125, 0.7856175890622958402, -0.000000000000000000 ) ) ;
#1395 = CARTESIAN_POINT ( 'NONE',  ( 6.426220926797029165, 26.62486273173800200, 14.98100000000004783 ) ) ;
#1396 = VERTEX_POINT ( 'NONE', #681 ) ;
#1397 = CARTESIAN_POINT ( 'NONE',  ( -40.67401417322093948, 6.922186682037451355, 10.21850059711604786 ) ) ;
#1398 = CARTESIAN_POINT ( 'NONE',  ( 17.17154391907870092, 24.07817789789695340, 14.98099999999999454 ) ) ;
#1399 = EDGE_CURVE ( 'NONE', #5268, #5656, #4696, .T. ) ;
#1400 = CARTESIAN_POINT ( 'NONE',  ( -18.90414476090728968, 34.44591281791365134, 13.39349952343965278 ) ) ;
#1401 = DIRECTION ( 'NONE',  ( -0.9371590407833582104, 0.3489024681454918064, -0.000000000000000000 ) ) ;
#1402 = ORIENTED_EDGE ( 'NONE', *, *, #3425, .F. ) ;
#1403 = CARTESIAN_POINT ( 'NONE',  ( 19.34890321087421583, -0.9952133531469561367, -7.318099999999999383 ) ) ;
#1404 = CARTESIAN_POINT ( 'NONE',  ( -10.32067812157174203, 7.973551672692352099, -8.248035969732711692 ) ) ;
#1405 = CARTESIAN_POINT ( 'NONE',  ( -1.622867371717699347, -12.76438399408333524, 8.630999999999984240 ) ) ;
#1406 = CARTESIAN_POINT ( 'NONE',  ( -8.751285366612483685, -8.517527830486059770, 11.36663415283823042 ) ) ;
#1407 = LINE ( 'NONE', #5900, #1355 ) ;
#1408 = CARTESIAN_POINT ( 'NONE',  ( 17.82715201496630186, 0.4008002428189604838, -5.730599999999999028 ) ) ;
#1409 = CARTESIAN_POINT ( 'NONE',  ( -10.41031883446054884, -15.48565035781322230, 0.000000000000000000 ) ) ;
#1410 = ORIENTED_EDGE ( 'NONE', *, *, #3023, .T. ) ;
#1411 =( NAMED_UNIT ( * ) SI_UNIT ( $, .STERADIAN. ) SOLID_ANGLE_UNIT ( ) );
#1412 = CARTESIAN_POINT ( 'NONE',  ( -9.853225687246981224, -3.809484351456478901, -2.071549999999999336 ) ) ;
#1413 = CARTESIAN_POINT ( 'NONE',  ( -23.76691292083733131, -2.182336403359665056, 14.98099999999999987 ) ) ;
#1414 = EDGE_CURVE ( 'NONE', #1032, #3651, #6431, .T. ) ;
#1415 = CARTESIAN_POINT ( 'NONE',  ( -12.05308680556422729, 6.613262751431634889, -5.730599999999992811 ) ) ;
#1416 = CARTESIAN_POINT ( 'NONE',  ( -15.06574254688411862, -6.834453846155375878, -8.905600000000001515 ) ) ;
#1417 = EDGE_CURVE ( 'NONE', #6894, #10, #5019, .T. ) ;
#1418 = CARTESIAN_POINT ( 'NONE',  ( -15.64541451096440206, -8.115698774879561483, -8.905599999999997962 ) ) ;
#1419 = CARTESIAN_POINT ( 'NONE',  ( -18.57456196277539817, -4.252665149888139595, 8.631000000000177863 ) ) ;
#1420 = CARTESIAN_POINT ( 'NONE',  ( -7.696762300786941680, 9.074866323787089684, -7.318099999999999383 ) ) ;
#1421 = CARTESIAN_POINT ( 'NONE',  ( 3.313884498999439376, -14.05062876676627681, 11.80600000000012528 ) ) ;
#1422 = CARTESIAN_POINT ( 'NONE',  ( -16.04255383565359239, 2.809715218929526692, -8.905599999999999739 ) ) ;
#1423 = EDGE_LOOP ( 'NONE', ( #4275, #932 ) ) ;
#1424 = PLANE ( 'NONE',  #7098 ) ;
#1425 = CARTESIAN_POINT ( 'NONE',  ( -2.853721730829550385, 10.28847509130143401, -8.905599999999999739 ) ) ;
#1426 = LINE ( 'NONE', #5924, #6145 ) ;
#1427 = CARTESIAN_POINT ( 'NONE',  ( 6.400655110004744408, -11.58547895595570765, 14.98099999999981335 ) ) ;
#1428 = CARTESIAN_POINT ( 'NONE',  ( -0.7382928528652035194, 7.764312843947698717, 0.000000000000000000 ) ) ;
#1429 = VERTEX_POINT ( 'NONE', #5466 ) ;
#1430 = CARTESIAN_POINT ( 'NONE',  ( -4.439039386445601032, 32.30869805997172506, 8.630999999999993122 ) ) ;
#1431 = CARTESIAN_POINT ( 'NONE',  ( 11.48444867787988066, 27.70592705193343974, 14.98099999999994303 ) ) ;
#1432 = CARTESIAN_POINT ( 'NONE',  ( 20.93663917196170132, 3.006843940391105363, 8.631000000000000227 ) ) ;
#1433 = CARTESIAN_POINT ( 'NONE',  ( -4.901673400653729473, -3.460288697973585847, 3.756000000000001560 ) ) ;
#1434 = EDGE_CURVE ( 'NONE', #4178, #5301, #5460, .T. ) ;
#1435 = ORIENTED_EDGE ( 'NONE', *, *, #3180, .F. ) ;
#1436 = CARTESIAN_POINT ( 'NONE',  ( 19.34890321087421228, -0.9952133531469556926, -7.318099999999999383 ) ) ;
#1437 = CARTESIAN_POINT ( 'NONE',  ( -14.84865981886946784, 1.076030287531293261, -7.318099999999999383 ) ) ;
#1438 = VECTOR ( 'NONE', #6171, 1000.000000000000114 ) ;
#1439 = CARTESIAN_POINT ( 'NONE',  ( -42.00193863272112083, 7.125692526716533415, 8.630999999999994898 ) ) ;
#1440 = CARTESIAN_POINT ( 'NONE',  ( -9.476301957370498741, -8.304153293431365768, 11.80600000000000094 ) ) ;
#1441 = CIRCLE ( 'NONE', #4152, 2.500000000000000000 ) ;
#1442 = CARTESIAN_POINT ( 'NONE',  ( 4.566370287237146108, -12.73717740565215628, 11.05600000000000271 ) ) ;
#1443 = CARTESIAN_POINT ( 'NONE',  ( 17.77351523683408985, 0.4337860031829364194, -5.730196244584744747 ) ) ;
#1444 = CYLINDRICAL_SURFACE ( 'NONE', #2625, 1.499999999999999334 ) ;
#1445 = EDGE_CURVE ( 'NONE', #3107, #2356, #7130, .T. ) ;
#1446 = ORIENTED_EDGE ( 'NONE', *, *, #4649, .F. ) ;
#1447 = CARTESIAN_POINT ( 'NONE',  ( 17.62283471435448234, 7.356188847029383915, 0.000000000000000000 ) ) ;
#1448 = CARTESIAN_POINT ( 'NONE',  ( 27.51580630283823936, -2.931758095046658852, 10.21850059711604963 ) ) ;
#1449 = CIRCLE ( 'NONE', #4277, 6.000000000000000888 ) ;
#1450 = CARTESIAN_POINT ( 'NONE',  ( -11.41158442011745855, -14.14504739044597592, -7.318099999999999383 ) ) ;
#1451 = ADVANCED_FACE ( 'NONE', ( #973 ), #5392, .F. ) ;
#1452 = CARTESIAN_POINT ( 'NONE',  ( -10.34038013284806468, 32.29016240817401240, 14.98100000000004783 ) ) ;
#1453 = EDGE_CURVE ( 'NONE', #4472, #3006, #6686, .T. ) ;
#1454 = PRESENTATION_LAYER_ASSIGNMENT (  '', '', ( #3801 ) ) ;
#1455 = CARTESIAN_POINT ( 'NONE',  ( 0.000000000000000000, 0.000000000000000000, 1.256000000000000671 ) ) ;
#1456 = CARTESIAN_POINT ( 'NONE',  ( -11.18702374069943239, 8.185588255184084616, -8.905600000000001515 ) ) ;
#1457 = CARTESIAN_POINT ( 'NONE',  ( -16.66874587210071468, -1.737183387894205122, -8.905599999999997962 ) ) ;
#1458 = CARTESIAN_POINT ( 'NONE',  ( -0.8187890121333274429, -9.692814478653213328, 8.630999999999982464 ) ) ;
#1459 = DIRECTION ( 'NONE',  ( -0.3489024681454919175, -0.9371590407833583214, 0.000000000000000000 ) ) ;
#1460 = CARTESIAN_POINT ( 'NONE',  ( 28.39358412624508432, -7.233045574204664874, 11.80600000000000094 ) ) ;
#1461 = VERTEX_POINT ( 'NONE', #2012 ) ;
#1462 = CARTESIAN_POINT ( 'NONE',  ( -1.154864917356221987, -10.32993118863620019, -2.449099999999997390 ) ) ;
#1463 = VECTOR ( 'NONE', #1756, 1000.000000000000000 ) ;
#1464 = DIRECTION ( 'NONE',  ( 0.9371590407833582104, -0.3489024681454915844, -2.465190328815661618E-32 ) ) ;
#1465 = DIRECTION ( 'NONE',  ( -0.000000000000000000, -0.000000000000000000, 1.000000000000000000 ) ) ;
#1466 = CARTESIAN_POINT ( 'NONE',  ( -20.08259148370260405, 32.86196989895047693, 14.98099999999999454 ) ) ;
#1467 = LINE ( 'NONE', #5406, #5837 ) ;
#1468 = ORIENTED_EDGE ( 'NONE', *, *, #4867, .F. ) ;
#1469 = AXIS2_PLACEMENT_3D ( 'NONE', #5767, #6440, #4194 ) ;
#1470 = CARTESIAN_POINT ( 'NONE',  ( -0.4570599810652384853, -8.455613107069483547, -6.449099999999997834 ) ) ;
#1471 = ORIENTED_EDGE ( 'NONE', *, *, #3635, .F. ) ;
#1472 = DIRECTION ( 'NONE',  ( 0.000000000000000000, -0.000000000000000000, -1.000000000000000000 ) ) ;
#1473 = DIRECTION ( 'NONE',  ( 1.000000000000000000, 4.302205379782582088E-17, -9.552814938601679897E-33 ) ) ;
#1474 = VECTOR ( 'NONE', #5623, 1000.000000000000114 ) ;
#1475 = ORIENTED_EDGE ( 'NONE', *, *, #26, .T. ) ;
#1476 = CARTESIAN_POINT ( 'NONE',  ( 11.84895459896984171, 2.799682344909759646, -5.787905999999997775 ) ) ;
#1477 = B_SPLINE_CURVE_WITH_KNOTS ( 'NONE', 3,
 ( #3088, #4371, #3782, #7167, #4823, #7136, #5996, #6548, #2091, #4341 ),
 .UNSPECIFIED., .F., .F.,
 ( 4, 2, 2, 2, 4 ),
 ( 0.000000000000000000, 0.3312314344345015926, 0.5170122668105440189, 0.6979999127215934518, 1.000000000000000000 ),
 .UNSPECIFIED. ) ;
#1478 = CARTESIAN_POINT ( 'NONE',  ( -9.311884644447031789, 8.519060930577696311, -7.318099999999999383 ) ) ;
#1479 = CARTESIAN_POINT ( 'NONE',  ( 2.229183074677310028, -13.76562875766001781, 11.80600000000000094 ) ) ;
#1480 = VECTOR ( 'NONE', #6152, 1000.000000000000114 ) ;
#1481 = DIRECTION ( 'NONE',  ( 0.000000000000000000, -0.000000000000000000, -1.000000000000000000 ) ) ;
#1482 = EDGE_CURVE ( 'NONE', #3730, #966, #6016, .T. ) ;
#1483 = CYLINDRICAL_SURFACE ( 'NONE', #1715, 6.000000000000000888 ) ;
#1484 = CYLINDRICAL_SURFACE ( 'NONE', #2645, 1.499999999999999334 ) ;
#1485 = DIRECTION ( 'NONE',  ( -1.000000000000000000, 0.000000000000000000, 0.000000000000000000 ) ) ;
#1486 = ORIENTED_EDGE ( 'NONE', *, *, #122, .F. ) ;
#1487 = CARTESIAN_POINT ( 'NONE',  ( 26.21613685041451092, 2.538123062335156721, 8.631000000000000227 ) ) ;
#1488 = CARTESIAN_POINT ( 'NONE',  ( 23.33091368197174020, 13.91566868371786825, 10.21850059711604608 ) ) ;
#1489 = CARTESIAN_POINT ( 'NONE',  ( -12.05430474868962953, -12.74539890315747037, -7.318099999999999383 ) ) ;
#1490 = CARTESIAN_POINT ( 'NONE',  ( -30.17479237114829260, 32.77157383640863486, 14.98099999999999454 ) ) ;
#1491 = ADVANCED_FACE ( 'NONE', ( #5425 ), #4258, .F. ) ;
#1492 = CARTESIAN_POINT ( 'NONE',  ( 0.01151953932644047759, -8.630064341142229978, 1.550900000000002610 ) ) ;
#1493 = CARTESIAN_POINT ( 'NONE',  ( -15.41510563248869126, -5.328703355297290223, -8.905600000000001515 ) ) ;
#1494 = EDGE_CURVE ( 'NONE', #4266, #4313, #2823, .T. ) ;
#1495 = CARTESIAN_POINT ( 'NONE',  ( -16.04143873714527047, 2.813959658486365978, -8.905599999999997962 ) ) ;
#1496 = CARTESIAN_POINT ( 'NONE',  ( 18.95516000675702983, 22.39092315294194080, 8.631000000001376904 ) ) ;
#1497 = CARTESIAN_POINT ( 'NONE',  ( -3.452816812823029213, 8.817250506599817683, -7.318099999999999383 ) ) ;
#1498 = CARTESIAN_POINT ( 'NONE',  ( 2.420428040132277303, -3.040034490371304798, -15.44909999999999961 ) ) ;
#1499 = VERTEX_POINT ( 'NONE', #1492 ) ;
#1500 = CARTESIAN_POINT ( 'NONE',  ( 9.399537015999740674, 14.74308132529424320, 3.174999999999999822 ) ) ;
#1501 = DIRECTION ( 'NONE',  ( -0.1509688510070239797, -0.9885385202538233829, 2.194996451829353223E-16 ) ) ;
#1502 = LINE ( 'NONE', #5327, #502 ) ;
#1503 = CARTESIAN_POINT ( 'NONE',  ( 24.09583352102566423, 5.763476572495693340, 14.98099999999999987 ) ) ;
#1504 = DIRECTION ( 'NONE',  ( 0.3489024681454918064, 0.9371590407833582104, -5.269697580532892956E-16 ) ) ;
#1505 = EDGE_LOOP ( 'NONE', ( #3719, #29, #6447, #3025 ) ) ;
#1506 = DIRECTION ( 'NONE',  ( 0.000000000000000000, 0.000000000000000000, 1.000000000000000000 ) ) ;
#1507 = ORIENTED_EDGE ( 'NONE', *, *, #6615, .T. ) ;
#1508 = CARTESIAN_POINT ( 'NONE',  ( -3.731075803028095272, 8.918831801194977871, -7.318099999999999383 ) ) ;
#1509 = CARTESIAN_POINT ( 'NONE',  ( 6.000000000000000888, 7.347880794884120722E-16, -15.44909999999999961 ) ) ;
#1510 = ORIENTED_EDGE ( 'NONE', *, *, #2405, .F. ) ;
#1511 = CARTESIAN_POINT ( 'NONE',  ( 13.17147767661466062, 2.365355272960778965, -5.730599999999999028 ) ) ;
#1512 = DIRECTION ( 'NONE',  ( -1.000000000000000000, 0.000000000000000000, 0.000000000000000000 ) ) ;
#1513 = B_SPLINE_CURVE_WITH_KNOTS ( 'NONE', 3,
 ( #416, #1001, #1072, #6008, #6597, #3874, #2768, #6707, #4458, #964, #3213, #2660 ),
 .UNSPECIFIED., .F., .F.,
 ( 4, 2, 2, 2, 2, 4 ),
 ( 0.000000000000000000, 0.001102142754695307298, 0.002204285509390614597, 0.003306428264085921678, 0.003857499641433575436, 0.004408571018781229194 ),
 .UNSPECIFIED. ) ;
#1514 = CARTESIAN_POINT ( 'NONE',  ( -38.87205052441449737, 33.52680027512989369, 8.630999999999875882 ) ) ;
#1515 = DIRECTION ( 'NONE',  ( -0.000000000000000000, -0.000000000000000000, -1.000000000000000000 ) ) ;
#1516 = DIRECTION ( 'NONE',  ( -1.000000000000000000, 0.000000000000000000, 0.000000000000000000 ) ) ;
#1517 = ORIENTED_EDGE ( 'NONE', *, *, #5157, .T. ) ;
#1518 = ADVANCED_FACE ( 'NONE', ( #7122 ), #2218, .T. ) ;
#1519 = CARTESIAN_POINT ( 'NONE',  ( -12.43631056197835427, -10.71862105977333179, -2.548037894758451660 ) ) ;
#1520 = CARTESIAN_POINT ( 'NONE',  ( -9.185092538057080702, -16.53977487947874536, -8.248035969732711692 ) ) ;
#1521 = CARTESIAN_POINT ( 'NONE',  ( 22.32431652841541947, -10.97356072241889713, 11.80600000000000271 ) ) ;
#1522 = CARTESIAN_POINT ( 'NONE',  ( -2.927133421439798600, 10.09503064186813148, -8.905600000000003291 ) ) ;
#1523 = CARTESIAN_POINT ( 'NONE',  ( -11.98427354643398068, -12.92671066537644897, -5.730600000000000804 ) ) ;
#1524 = ORIENTED_EDGE ( 'NONE', *, *, #5085, .T. ) ;
#1525 = CARTESIAN_POINT ( 'NONE',  ( -12.21903357802425028, -15.79436762346981737, -8.905600000000001515 ) ) ;
#1526 = CARTESIAN_POINT ( 'NONE',  ( 19.74102292354263355, -15.78402317582673930, 11.80600000000000449 ) ) ;
#1527 = DIRECTION ( 'NONE',  ( 0.3489024681454918064, 0.9371590407833580993, 0.000000000000000000 ) ) ;
#1528 = CARTESIAN_POINT ( 'NONE',  ( 7.753788007554789807, 29.50962372097941966, 11.80599999999999383 ) ) ;
#1529 = VERTEX_POINT ( 'NONE', #7230 ) ;
#1530 = FACE_OUTER_BOUND ( 'NONE', #2870, .T. ) ;
#1531 = CARTESIAN_POINT ( 'NONE',  ( 0.2508736438188148843, -10.85328489085443771, -10.44909999999999783 ) ) ;
#1532 = DIRECTION ( 'NONE',  ( -0.000000000000000000, -0.000000000000000000, -1.000000000000000000 ) ) ;
#1533 = CARTESIAN_POINT ( 'NONE',  ( -13.13121744587857265, -9.572183738367961325, 14.98100000000003185 ) ) ;
#1534 = CARTESIAN_POINT ( 'NONE',  ( 20.93663917186206547, -0.9952720431907278176, -15.44909999999999961 ) ) ;
#1535 = ORIENTED_EDGE ( 'NONE', *, *, #1042, .T. ) ;
#1536 = EDGE_CURVE ( 'NONE', #2751, #7038, #5091, .T. ) ;
#1537 = CARTESIAN_POINT ( 'NONE',  ( 0.3213938048432679051, -0.3830222215594912827, 14.98099999999999987 ) ) ;
#1538 = ORIENTED_EDGE ( 'NONE', *, *, #2319, .F. ) ;
#1539 = CARTESIAN_POINT ( 'NONE',  ( -11.26858164461518186, -3.040837264634771664, 3.174999999999999822 ) ) ;
#1540 = ORIENTED_EDGE ( 'NONE', *, *, #1258, .T. ) ;
#1541 = DIRECTION ( 'NONE',  ( -0.2196068247028813147, -0.8377188326305672339, -0.4999999999999975020 ) ) ;
#1542 = ORIENTED_EDGE ( 'NONE', *, *, #6801, .T. ) ;
#1543 = CARTESIAN_POINT ( 'NONE',  ( 12.27155178401041802, 2.640207549486652816, -5.787905999999997775 ) ) ;
#1544 = ORIENTED_EDGE ( 'NONE', *, *, #1552, .T. ) ;
#1545 = CARTESIAN_POINT ( 'NONE',  ( 0.000000000000000000, 0.000000000000000000, -7.949100000000000499 ) ) ;
#1546 = CARTESIAN_POINT ( 'NONE',  ( -19.71033619878698318, -7.218401743463203957, 11.80600000000000271 ) ) ;
#1547 = CARTESIAN_POINT ( 'NONE',  ( -8.184316070316237202, -9.429466381432716204, 11.05600000209201994 ) ) ;
#1548 = CARTESIAN_POINT ( 'NONE',  ( 19.34894822567507688, -16.02398278983774915, -8.248035969732711692 ) ) ;
#1549 = LINE ( 'NONE', #6561, #2266 ) ;
#1550 = CARTESIAN_POINT ( 'NONE',  ( 15.36285586137772619, 10.18320199282660710, 0.000000000000000000 ) ) ;
#1551 = ORIENTED_EDGE ( 'NONE', *, *, #1536, .T. ) ;
#1552 = EDGE_CURVE ( 'NONE', #4210, #1018, #6334, .T. ) ;
#1553 = CARTESIAN_POINT ( 'NONE',  ( -6.386599029474316680, 0.5923071502772416785, 0.000000000000000000 ) ) ;
#1554 = CARTESIAN_POINT ( 'NONE',  ( -30.03296279907226207, 0.000000000000000000, 8.631000000000000227 ) ) ;
#1555 = CARTESIAN_POINT ( 'NONE',  ( 0.2044901992181947792, 29.16016385193016802, 11.80599999999999383 ) ) ;
#1556 = EDGE_CURVE ( 'NONE', #2202, #3730, #4395, .T. ) ;
#1557 = CARTESIAN_POINT ( 'NONE',  ( 6.357654235867039816, -13.22022811502136186, 13.39349999983421569 ) ) ;
#1558 = CARTESIAN_POINT ( 'NONE',  ( -3.342547082195711283, 8.999742611164872841, -8.112912769946152736 ) ) ;
#1559 = CYLINDRICAL_SURFACE ( 'NONE', #4424, 1.587499999457718580 ) ;
#1560 = ORIENTED_EDGE ( 'NONE', *, *, #2889, .T. ) ;
#1561 = VECTOR ( 'NONE', #6982, 1000.000000000000114 ) ;
#1562 = CARTESIAN_POINT ( 'NONE',  ( -11.20135229811853428, -15.61004671637624952, 3.174999999999999822 ) ) ;
#1563 = CARTESIAN_POINT ( 'NONE',  ( 2.771976065070752338, -13.90792118376792352, 11.80600000000000271 ) ) ;
#1564 = CARTESIAN_POINT ( 'NONE',  ( -13.56412546648184758, -13.53969029448506944, 3.174999999999999822 ) ) ;
#1565 = CARTESIAN_POINT ( 'NONE',  ( 20.98205252773207263, -15.34149038294230216, 11.80600000000000449 ) ) ;
#1566 = AXIS2_PLACEMENT_3D ( 'NONE', #3286, #1627, #1516 ) ;
#1567 = ORIENTED_EDGE ( 'NONE', *, *, #6672, .F. ) ;
#1568 = ADVANCED_FACE ( 'NONE', ( #27 ), #2811, .F. ) ;
#1569 = CARTESIAN_POINT ( 'NONE',  ( 17.53308877281843436, 10.23175332113195424, 3.174999999999999822 ) ) ;
#1570 = CYLINDRICAL_SURFACE ( 'NONE', #6875, 1.499999999999999334 ) ;
#1571 = CARTESIAN_POINT ( 'NONE',  ( 9.538188000149865786, -14.02390433230607059, 11.05600000000000271 ) ) ;
#1572 = CARTESIAN_POINT ( 'NONE',  ( 16.68600726385845689, 20.15763671921128974, 11.80600000000099215 ) ) ;
#1573 = AXIS2_PLACEMENT_3D ( 'NONE', #2678, #5433, #4923 ) ;
#1574 = CARTESIAN_POINT ( 'NONE',  ( -8.075756382246241927, -18.89114725270801642, -12.77409999999999890 ) ) ;
#1575 = VERTEX_POINT ( 'NONE', #2144 ) ;
#1576 = CARTESIAN_POINT ( 'NONE',  ( 26.70411030644963191, 0.5000000000000003331, 14.48099999999999987 ) ) ;
#1577 = ORIENTED_EDGE ( 'NONE', *, *, #6236, .T. ) ;
#1578 = AXIS2_PLACEMENT_3D ( 'NONE', #3507, #1117, #24 ) ;
#1579 = CARTESIAN_POINT ( 'NONE',  ( -14.43158449124798004, -6.659646363897024912, -7.318099999999999383 ) ) ;
#1580 = ORIENTED_EDGE ( 'NONE', *, *, #1434, .T. ) ;
#1581 = CARTESIAN_POINT ( 'NONE',  ( -9.686739635327779041, -9.024083855329820381, 11.05600000209201994 ) ) ;
#1582 = CARTESIAN_POINT ( 'NONE',  ( -3.174999999999999822, 0.000000000000000000, -10.69910000000001737 ) ) ;
#1583 = EDGE_CURVE ( 'NONE', #201, #4646, #1746, .T. ) ;
#1584 = ORIENTED_EDGE ( 'NONE', *, *, #7194, .F. ) ;
#1585 = CARTESIAN_POINT ( 'NONE',  ( 15.81399523878355318, 1.339684557042757351, -5.730599999999998140 ) ) ;
#1586 = AXIS2_PLACEMENT_3D ( 'NONE', #1498, #4365, #2524 ) ;
#1587 = FACE_OUTER_BOUND ( 'NONE', #2593, .T. ) ;
#1588 = CARTESIAN_POINT ( 'NONE',  ( -5.273267697204470750, -11.77842311985290813, 11.80600000000000271 ) ) ;
#1589 = ADVANCED_FACE ( 'NONE', ( #6231 ), #1149, .F. ) ;
#1590 = DIRECTION ( 'NONE',  ( -0.000000000000000000, -0.000000000000000000, 1.000000000000000000 ) ) ;
#1591 = CARTESIAN_POINT ( 'NONE',  ( 19.34913917186175425, -0.9952426981688476948, -5.730599999999999028 ) ) ;
#1592 = CARTESIAN_POINT ( 'NONE',  ( 19.23573578410291418, 1.397168993702418982, -8.905600000000001515 ) ) ;
#1593 = ORIENTED_EDGE ( 'NONE', *, *, #1003, .T. ) ;
#1594 = LINE ( 'NONE', #488, #1349 ) ;
#1595 = AXIS2_PLACEMENT_3D ( 'NONE', #104, #2891, #2332 ) ;
#1596 = DIRECTION ( 'NONE',  ( -1.000000000000000000, 0.000000000000000000, 0.000000000000000000 ) ) ;
#1597 = CARTESIAN_POINT ( 'NONE',  ( 25.59606568476176136, -4.805342444249469658, 8.631000000000032202 ) ) ;
#1598 = CARTESIAN_POINT ( 'NONE',  ( 26.21613685041451092, 2.538123062335156721, 13.39349904687932025 ) ) ;
#1599 = CARTESIAN_POINT ( 'NONE',  ( 19.64128800687953458, -0.1579918734576028216, -8.905600000000001515 ) ) ;
#1600 = CARTESIAN_POINT ( 'NONE',  ( -13.93570320730526824, 6.857472193501338964, -8.905600000000001515 ) ) ;
#1601 = PRODUCT_DEFINITION_CONTEXT ( 'detailed design', #2515, 'design' ) ;
#1602 = VECTOR ( 'NONE', #6269, 1000.000000000000000 ) ;
#1603 = ORIENTED_EDGE ( 'NONE', *, *, #4742, .F. ) ;
#1604 = DIRECTION ( 'NONE',  ( -1.000000000000000000, 0.000000000000000000, 0.000000000000000000 ) ) ;
#1605 = CARTESIAN_POINT ( 'NONE',  ( -9.615768839047843741, -10.70413264034995748, 8.631000000000000227 ) ) ;
#1606 = CARTESIAN_POINT ( 'NONE',  ( -14.10282422150180537, -11.13543855904509705, 3.174999999999999822 ) ) ;
#1607 = CARTESIAN_POINT ( 'NONE',  ( 20.98205252773206908, -15.34149038294230394, 14.98100000000000520 ) ) ;
#1608 = CARTESIAN_POINT ( 'NONE',  ( -5.827377880173137292, -19.72765137017993098, -14.44909999999999961 ) ) ;
#1609 = DIRECTION ( 'NONE',  ( -4.798584253715395423E-16, 1.786503482190089637E-16, -1.000000000000000000 ) ) ;
#1610 = DIRECTION ( 'NONE',  ( 0.000000000000000000, 0.000000000000000000, 1.000000000000000000 ) ) ;
#1611 = CARTESIAN_POINT ( 'NONE',  ( -7.245778761154104686, -16.65879147754336387, -6.524349999999999206 ) ) ;
#1612 = CARTESIAN_POINT ( 'NONE',  ( 24.09583352102566423, 5.763476572495694228, 11.80599999999999916 ) ) ;
#1613 = CARTESIAN_POINT ( 'NONE',  ( 26.21613685041451092, 2.538123062335156721, 13.39349904687931847 ) ) ;
#1614 = VERTEX_POINT ( 'NONE', #5833 ) ;
#1615 = LINE ( 'NONE', #1537, #7234 ) ;
#1616 = ORIENTED_EDGE ( 'NONE', *, *, #4867, .T. ) ;
#1617 = CARTESIAN_POINT ( 'NONE',  ( -7.696762300786941680, 9.074866323787089684, -7.318099999999999383 ) ) ;
#1618 = VERTEX_POINT ( 'NONE', #3066 ) ;
#1619 = CARTESIAN_POINT ( 'NONE',  ( -5.140174604103816769, -10.17574938492209746, 9.416435412949244466 ) ) ;
#1620 = DIRECTION ( 'NONE',  ( 1.000000000000000000, 0.000000000000000000, 0.000000000000000000 ) ) ;
#1621 = ORIENTED_EDGE ( 'NONE', *, *, #5489, .T. ) ;
#1622 = CARTESIAN_POINT ( 'NONE',  ( 9.382974254432054906, 3.835830653301700810, -5.730599999999997252 ) ) ;
#1623 =( BOUNDED_CURVE ( )  B_SPLINE_CURVE ( 3, ( #6668, #2207, #1624, #2691 ),
 .UNSPECIFIED., .F., .T. ) 
 B_SPLINE_CURVE_WITH_KNOTS ( ( 4, 4 ),
 ( 0.001456491916064783787, 0.001694353964019508756 ),
 .UNSPECIFIED. ) 
 CURVE ( )  GEOMETRIC_REPRESENTATION_ITEM ( )  RATIONAL_B_SPLINE_CURVE ( ( 0.9794760715825532316, 0.9851690387977070085, 0.9920103482701893016, 1.000000000000000000 ) ) 
 REPRESENTATION_ITEM ( '' )  );
#1624 = CARTESIAN_POINT ( 'NONE',  ( 20.93663917186207968, -0.9152406328668450941, -8.905600000000001515 ) ) ;
#1625 = CARTESIAN_POINT ( 'NONE',  ( 23.45242983988415375, 16.68862540272189676, 11.80599999999999561 ) ) ;
#1626 = CARTESIAN_POINT ( 'NONE',  ( -3.482415705219109814, -18.90602665373243596, -7.318099999999999383 ) ) ;
#1627 = DIRECTION ( 'NONE',  ( 0.000000000000000000, 0.000000000000000000, 1.000000000000000000 ) ) ;
#1628 = ORIENTED_EDGE ( 'NONE', *, *, #4888, .T. ) ;
#1629 = CARTESIAN_POINT ( 'NONE',  ( -9.853225687248780673, -3.809484351455109330, 0.000000000000000000 ) ) ;
#1630 = DIRECTION ( 'NONE',  ( 0.3489024681454918064, 0.9371590407833580993, 0.000000000000000000 ) ) ;
#1631 = CARTESIAN_POINT ( 'NONE',  ( 4.608195843500102917, 27.43994001211607880, 11.80599999999999383 ) ) ;
#1632 = CARTESIAN_POINT ( 'NONE',  ( -3.392520309642245380, 4.394075141335002321, 0.000000000000000000 ) ) ;
#1633 = CARTESIAN_POINT ( 'NONE',  ( -8.076743652920775673, -18.89077987542412274, -15.44909999999999783 ) ) ;
#1634 = LINE ( 'NONE', #3615, #2300 ) ;
#1635 = VERTEX_POINT ( 'NONE', #2401 ) ;
#1636 = CARTESIAN_POINT ( 'NONE',  ( -10.83613325224053270, -17.27292142887492687, -8.905600000000001515 ) ) ;
#1637 = CARTESIAN_POINT ( 'NONE',  ( -47.26318507213461118, 14.98993600145355387, 8.630999999999994898 ) ) ;
#1638 = FACE_BOUND ( 'NONE', #4615, .T. ) ;
#1639 = CARTESIAN_POINT ( 'NONE',  ( -43.06915103936022149, 31.30670315768118428, 11.80599999999999383 ) ) ;
#1640 = LINE ( 'NONE', #3889, #1438 ) ;
#1641 = EDGE_CURVE ( 'NONE', #2320, #7168, #808, .T. ) ;
#1642 = CARTESIAN_POINT ( 'NONE',  ( 19.34913917186174359, 1.726690403717615840, 2.517435969732711776 ) ) ;
#1643 = CARTESIAN_POINT ( 'NONE',  ( 1.132680650045853055, 10.13746235464814660, 0.000000000000000000 ) ) ;
#1644 = CARTESIAN_POINT ( 'NONE',  ( -2.204894577754120455, -10.96236130471560699, 13.39349904687932380 ) ) ;
#1645 = CARTESIAN_POINT ( 'NONE',  ( -35.53768265111549596, 31.38543395455020146, 11.80599999999999383 ) ) ;
#1646 = CARTESIAN_POINT ( 'NONE',  ( 27.37904200591419723, -3.814507035455043216, 14.98100000000000165 ) ) ;
#1647 = VERTEX_POINT ( 'NONE', #1377 ) ;
#1648 = LINE ( 'NONE', #2161, #1236 ) ;
#1649 = ORIENTED_EDGE ( 'NONE', *, *, #1414, .T. ) ;
#1650 = EDGE_CURVE ( 'NONE', #1137, #4962, #4759, .T. ) ;
#1651 = SURFACE_STYLE_FILL_AREA ( #4594 ) ;
#1652 = ORIENTED_EDGE ( 'NONE', *, *, #5411, .F. ) ;
#1653 = CARTESIAN_POINT ( 'NONE',  ( -12.03221265217366032, -12.80259548204367981, 0.000000000000000000 ) ) ;
#1654 = DIRECTION ( 'NONE',  ( -0.9371590407833582104, 0.3489024681454918064, -0.000000000000000000 ) ) ;
#1655 = ORIENTED_EDGE ( 'NONE', *, *, #3733, .T. ) ;
#1656 = CARTESIAN_POINT ( 'NONE',  ( -1.384090333255526772, -12.37870050427566149, 1.550900000000002610 ) ) ;
#1657 = ORIENTED_EDGE ( 'NONE', *, *, #5894, .T. ) ;
#1658 = CARTESIAN_POINT ( 'NONE',  ( 6.738176318998664982, -11.76555667031393426, 12.55600000000000094 ) ) ;
#1659 = CARTESIAN_POINT ( 'NONE',  ( -2.204894577754120011, -10.96236130471560521, 12.55599999790798371 ) ) ;
#1661 = CARTESIAN_POINT ( 'NONE',  ( -43.06915103936022149, 31.30670315768118428, 11.80599999999999383 ) ) ;
#1660 = B_SPLINE_CURVE_WITH_KNOTS ( 'NONE', 3,
 ( #3504, #705, #5232, #5194, #2839, #2322, #4058, #2949, #164, #4648, #2913, #3431 ),
 .UNSPECIFIED., .F., .F.,
 ( 4, 1, 1, 1, 1, 1, 1, 1, 1, 4 ),
 ( 0.5757304073731220884, 0.5800781249999735767, 0.5878906250000038858, 0.5976562499999800160, 0.6074218750000000000, 0.6171874999999995559, 0.6269531250000000000, 0.6347656250000000000, 0.6445312500000000000, 0.6514132336649233190 ),
 .UNSPECIFIED. ) ;
#1662 = CARTESIAN_POINT ( 'NONE',  ( -13.46324943797793239, -13.50393851900893338, -8.905599999999999739 ) ) ;
#1663 = CARTESIAN_POINT ( 'NONE',  ( 19.34890165881394353, -0.9823904640300696878, -5.730599382113109819 ) ) ;
#1664 = EDGE_CURVE ( 'NONE', #83, #2165, #2395, .T. ) ;
#1665 = ORIENTED_EDGE ( 'NONE', *, *, #3839, .F. ) ;
#1666 = CARTESIAN_POINT ( 'NONE',  ( -15.05362860479054810, -0.5226788800019500636, -5.730600000000003469 ) ) ;
#1667 = CARTESIAN_POINT ( 'NONE',  ( -8.518794115176419268, -18.71602592319977632, -8.905600000000001515 ) ) ;
#1668 = CARTESIAN_POINT ( 'NONE',  ( -34.34269062145453688, 4.697388634174216371, 11.80599999999999916 ) ) ;
#1669 = LINE ( 'NONE', #4061, #3933 ) ;
#1670 = CARTESIAN_POINT ( 'NONE',  ( 25.33973514159382034, 8.069949888297896834, 13.39349904687931847 ) ) ;
#1671 = CARTESIAN_POINT ( 'NONE',  ( 18.11475002084548436, 2.167418292742279373, -8.905599999999997962 ) ) ;
#1672 = CARTESIAN_POINT ( 'NONE',  ( -11.41158442011745855, -14.14504739044597592, -5.730600000000001693 ) ) ;
#1673 = ORIENTED_EDGE ( 'NONE', *, *, #4103, .F. ) ;
#1674 = CARTESIAN_POINT ( 'NONE',  ( -9.669967158881936697, 35.40818001634448819, 11.80599999999999206 ) ) ;
#1675 = CARTESIAN_POINT ( 'NONE',  ( -9.396224586226946229, -18.34033154151630995, 3.174999999999999822 ) ) ;
#1676 = EDGE_CURVE ( 'NONE', #3465, #5968, #6935, .T. ) ;
#1677 = CARTESIAN_POINT ( 'NONE',  ( 18.95516000675702983, 22.39092315294194080, 14.98100000000060916 ) ) ;
#1678 = CARTESIAN_POINT ( 'NONE',  ( 26.70411030644963191, 0.5000000000000003331, 14.98099999999999987 ) ) ;
#1679 = AXIS2_PLACEMENT_3D ( 'NONE', #5139, #4586, #1789 ) ;
#1680 = CARTESIAN_POINT ( 'NONE',  ( 4.029477305717906965, 13.13704761466724591, 3.174999999999999822 ) ) ;
#1681 = CARTESIAN_POINT ( 'NONE',  ( 1.837334931982260056, 10.90895692183866927, 0.000000000000000000 ) ) ;
#1682 = CARTESIAN_POINT ( 'NONE',  ( -2.204894577754120455, -10.96236130471560699, 13.39349904687932380 ) ) ;
#1683 = CARTESIAN_POINT ( 'NONE',  ( -23.76691292083733131, -2.182336403359665056, 14.98099999999999987 ) ) ;
#1684 = B_SPLINE_CURVE_WITH_KNOTS ( 'NONE', 3,
 ( #990, #4929, #4963, #440, #3239, #5483, #2684, #1026, #3199, #3308, #3824, #9, #7206, #1095, #6069, #5440, #5547, #5999, #955, #2791, #7169, #3275, #5040, #2125, #2753, #7138 ),
 .UNSPECIFIED., .F., .F.,
 ( 4, 2, 2, 2, 2, 2, 2, 2, 2, 2, 2, 2, 4 ),
 ( 0.000000000000000000, 0.0003102105176360366273, 0.0006204210352720732546, 0.0009306315529081098277, 0.001240842070544146509, 0.001861263105816212500, 0.002481684141088278707, 0.002791894658724314304, 0.003102105176360349468, 0.003412315693996385065, 0.003722526211632420663, 0.004342947246904494893, 0.004963368282176570424 ),
 .UNSPECIFIED. ) ;
#1685 = CIRCLE ( 'NONE', #2391, 1.984375000000000000 ) ;
#1686 = CIRCLE ( 'NONE', #5919, 0.4999999999999998335 ) ;
#1687 = CARTESIAN_POINT ( 'NONE',  ( 21.40792010887400920, -14.11408924160253342, 13.39349904687932202 ) ) ;
#1688 = EDGE_LOOP ( 'NONE', ( #1279, #2709, #1060, #1027, #5309, #3460, #2146 ) ) ;
#1689 = CARTESIAN_POINT ( 'NONE',  ( -12.39485688277257580, -11.18828172614481886, -2.792099008414247407 ) ) ;
#1690 = ORIENTED_EDGE ( 'NONE', *, *, #4742, .T. ) ;
#1691 = CARTESIAN_POINT ( 'NONE',  ( 5.979130371550700040, -0.5000000000000017764, 14.98099999999999987 ) ) ;
#1692 = VECTOR ( 'NONE', #6841, 1000.000000000000114 ) ;
#1693 = VERTEX_POINT ( 'NONE', #5237 ) ;
#1694 = CYLINDRICAL_SURFACE ( 'NONE', #3344, 6.000000000000000888 ) ;
#1695 = CARTESIAN_POINT ( 'NONE',  ( -12.47744904881246519, -10.52474516614557665, 0.000000000000000000 ) ) ;
#1696 = CARTESIAN_POINT ( 'NONE',  ( 2.321436638219663173, 6.576706356460996439, -5.730599999999999916 ) ) ;
#1697 = ORIENTED_EDGE ( 'NONE', *, *, #4187, .T. ) ;
#1698 = AXIS2_PLACEMENT_3D ( 'NONE', #4658, #6905, #3406 ) ;
#1699 = CARTESIAN_POINT ( 'NONE',  ( -27.11334437784210394, 35.98304491953225437, 11.80599999999999206 ) ) ;
#1700 = LINE ( 'NONE', #3501, #7210 ) ;
#1701 = VECTOR ( 'NONE', #4598, 1000.000000000000000 ) ;
#1702 = ORIENTED_EDGE ( 'NONE', *, *, #792, .F. ) ;
#1703 = CARTESIAN_POINT ( 'NONE',  ( -1.619247424605126495, 6.645710026246398172, 0.000000000000000000 ) ) ;
#1704 = ADVANCED_FACE ( 'NONE', ( #1299 ), #6824, .T. ) ;
#1705 = CARTESIAN_POINT ( 'NONE',  ( -12.61816878648236440, -13.11057329565531049, -8.905600000000001515 ) ) ;
#1706 = CARTESIAN_POINT ( 'NONE',  ( -11.24625595282668300, -6.869833192725216975, 11.80600000000000094 ) ) ;
#1707 = VECTOR ( 'NONE', #1515, 1000.000000000000000 ) ;
#1708 = CARTESIAN_POINT ( 'NONE',  ( 13.31780050810874094, 11.74001846247007208, -5.730599999999999028 ) ) ;
#1709 = CARTESIAN_POINT ( 'NONE',  ( 2.151278356618460119, -1.967197634488866864, -8.905599999999999739 ) ) ;
#1710 = DIRECTION ( 'NONE',  ( 1.000000000000000000, -0.000000000000000000, 0.000000000000000000 ) ) ;
#1711 = CARTESIAN_POINT ( 'NONE',  ( -12.39899521756441736, -11.16373379294872770, -0.02562704365369236972 ) ) ;
#1712 = ORIENTED_EDGE ( 'NONE', *, *, #1536, .F. ) ;
#1713 = CARTESIAN_POINT ( 'NONE',  ( 21.93979050004925213, -13.60194716812359239, 8.631000000000003780 ) ) ;
#1714 = CARTESIAN_POINT ( 'NONE',  ( -48.49935445207390217, 17.71237818181344537, 11.80599999999999561 ) ) ;
#1715 = AXIS2_PLACEMENT_3D ( 'NONE', #895, #929, #3141 ) ;
#1716 = CARTESIAN_POINT ( 'NONE',  ( -14.10282422150180537, -11.13543855904509705, 8.631000000000000227 ) ) ;
#1717 = CARTESIAN_POINT ( 'NONE',  ( 27.22101982593339287, 6.353276422773165066, 14.98099999999999987 ) ) ;
#1718 = EDGE_CURVE ( 'NONE', #5038, #2942, #5866, .T. ) ;
#1719 = EDGE_CURVE ( 'NONE', #4232, #5038, #4614, .T. ) ;
#1720 = CIRCLE ( 'NONE', #651, 6.000000000000000888 ) ;
#1721 = CARTESIAN_POINT ( 'NONE',  ( 17.76299797254709389, 8.393377990183905624, 3.174999999999999822 ) ) ;
#1722 = DIRECTION ( 'NONE',  ( 0.3489024681454914734, 0.9371590407833583214, 0.000000000000000000 ) ) ;
#1723 = CARTESIAN_POINT ( 'NONE',  ( 9.612959439151280705, -14.04063496526554822, 12.55600000000000271 ) ) ;
#1724 = CARTESIAN_POINT ( 'NONE',  ( 16.68600726385845689, 20.15763671921128974, 8.631000000001376904 ) ) ;
#1725 = CARTESIAN_POINT ( 'NONE',  ( -3.634024352127970925, -10.58222667935891792, 13.39349904687932025 ) ) ;
#1726 = ORIENTED_EDGE ( 'NONE', *, *, #3618, .F. ) ;
#1727 = LINE ( 'NONE', #5181, #6888 ) ;
#1728 = VERTEX_POINT ( 'NONE', #3543 ) ;
#1729 = CARTESIAN_POINT ( 'NONE',  ( 20.93652119082585372, -3.040034486010473991, -8.905599999999999739 ) ) ;
#1730 = CARTESIAN_POINT ( 'NONE',  ( -11.03796098752118482, 9.375262071028018340, -8.905599999999999739 ) ) ;
#1731 = CARTESIAN_POINT ( 'NONE',  ( -11.18634297575902359, -5.858539208204924797, 0.000000000000000000 ) ) ;
#1732 = CARTESIAN_POINT ( 'NONE',  ( -2.204894577754120011, -10.96236130471560521, 12.55599999790798371 ) ) ;
#1733 = CARTESIAN_POINT ( 'NONE',  ( 2.976911314634180350, 6.322289496846918766, -5.730599999999999028 ) ) ;
#1734 = VERTEX_POINT ( 'NONE', #5165 ) ;
#1735 = CARTESIAN_POINT ( 'NONE',  ( 14.25591115432990641, 24.17868099317643171, 10.21850059711604430 ) ) ;
#1736 = CARTESIAN_POINT ( 'NONE',  ( 13.38164866021849875, 26.72609921577227965, 11.80599999999999383 ) ) ;
#1737 = CARTESIAN_POINT ( 'NONE',  ( 2.420428040132277303, -3.040034490371304798, 1.587499999999999911 ) ) ;
#1738 = EDGE_CURVE ( 'NONE', #1288, #3123, #2749, .T. ) ;
#1739 = ORIENTED_EDGE ( 'NONE', *, *, #5818, .F. ) ;
#1740 = CARTESIAN_POINT ( 'NONE',  ( -9.350585721409538920, -7.874064151250752985, 12.85396208615931712 ) ) ;
#1741 = B_SPLINE_CURVE_WITH_KNOTS ( 'NONE', 3,
 ( #1442, #3657, #6525, #5345, #4834, #415, #5864, #819, #347, #2037, #5941, #5975 ),
 .UNSPECIFIED., .F., .F.,
 ( 4, 2, 2, 2, 2, 4 ),
 ( 0.000000000000000000, 0.3559286171081143535, 0.5533221837525468256, 0.6649916378144100637, 0.7766610918762734128, 1.000000000000000000 ),
 .UNSPECIFIED. ) ;
#1742 = CARTESIAN_POINT ( 'NONE',  ( -30.03296279907226207, 0.000000000000000000, 14.98100000000000342 ) ) ;
#1743 = CARTESIAN_POINT ( 'NONE',  ( -16.48266611867316556, 32.85587203522655386, 8.630999999999989569 ) ) ;
#1744 = CARTESIAN_POINT ( 'NONE',  ( 19.00204440975599951, 3.936513636352595658, -5.730599999999999028 ) ) ;
#1745 = CARTESIAN_POINT ( 'NONE',  ( 13.02120578881071999, -14.68302008483550303, 13.39349904687932380 ) ) ;
#1746 = LINE ( 'NONE', #1633, #1336 ) ;
#1747 = ADVANCED_FACE ( 'NONE', ( #6860 ), #6739, .F. ) ;
#1748 = CARTESIAN_POINT ( 'NONE',  ( -12.35606547655690157, -9.070104900286411365, -0.05566040240227778518 ) ) ;
#1749 = ORIENTED_EDGE ( 'NONE', *, *, #2240, .T. ) ;
#1750 = CARTESIAN_POINT ( 'NONE',  ( -10.36796614553444584, -3.399638382898482636, 3.174999999999999822 ) ) ;
#1751 = FACE_OUTER_BOUND ( 'NONE', #1259, .T. ) ;
#1752 = LINE ( 'NONE', #4693, #3830 ) ;
#1753 = CARTESIAN_POINT ( 'NONE',  ( -14.51444827866959209, 35.97823366288712776, 11.80599999999999206 ) ) ;
#1754 = CARTESIAN_POINT ( 'NONE',  ( 18.20106254745319418, 7.719823251914442963, 3.174999999999999822 ) ) ;
#1755 = EDGE_CURVE ( 'NONE', #6635, #3821, #2508, .T. ) ;
#1756 = DIRECTION ( 'NONE',  ( 0.2196068247028812870, 0.8377188326305671229, -0.4999999999999978351 ) ) ;
#1757 = CARTESIAN_POINT ( 'NONE',  ( -10.31729970230708560, -15.60574307419588536, 1.587499999999999911 ) ) ;
#1758 = CARTESIAN_POINT ( 'NONE',  ( -45.75774510664813022, 21.83306024433469616, 11.80599999999999561 ) ) ;
#1759 = LINE ( 'NONE', #2967, #1837 ) ;
#1760 = EDGE_LOOP ( 'NONE', ( #4922, #2932, #3577, #5079 ) ) ;
#1761 = CARTESIAN_POINT ( 'NONE',  ( -12.21055397620565941, -8.384484287925410229, 0.000000000000000000 ) ) ;
#1762 = ORIENTED_EDGE ( 'NONE', *, *, #157, .F. ) ;
#1763 = CARTESIAN_POINT ( 'NONE',  ( 0.2508736438188146622, -10.85328489085443771, 5.550900000000003054 ) ) ;
#1764 = CARTESIAN_POINT ( 'NONE',  ( -4.216952831166175031, 10.68371196171505311, -8.905599999999997962 ) ) ;
#1765 = CARTESIAN_POINT ( 'NONE',  ( 16.31704527226449031, 9.208254322743227860, 1.587499999999999911 ) ) ;
#1766 = CARTESIAN_POINT ( 'NONE',  ( -1.002733474507610190, -19.95275977105529819, -8.288978650684335037 ) ) ;
#1767 = CARTESIAN_POINT ( 'NONE',  ( 1.123589156979110548, 7.029168981914490466, -5.787905999999991558 ) ) ;
#1768 = ORIENTED_EDGE ( 'NONE', *, *, #6455, .F. ) ;
#1769 = ADVANCED_FACE ( 'NONE', ( #3105 ), #1444, .F. ) ;
#1770 = ADVANCED_FACE ( 'NONE', ( #897 ), #624, .F. ) ;
#1771 = CARTESIAN_POINT ( 'NONE',  ( 0.1640667450542503680, 11.45798181693037243, 8.631000000000000227 ) ) ;
#1772 = FACE_OUTER_BOUND ( 'NONE', #666, .T. ) ;
#1773 = ORIENTED_EDGE ( 'NONE', *, *, #3073, .T. ) ;
#1774 = CARTESIAN_POINT ( 'NONE',  ( -9.330482351295767529, -7.805288299499504312, 10.82954454563496327 ) ) ;
#1775 = CARTESIAN_POINT ( 'NONE',  ( -14.29269913100902123, -7.137698134232453029, -7.318099999999999383 ) ) ;
#1776 = CARTESIAN_POINT ( 'NONE',  ( 10.04801900769776779, 24.87379885554349102, 8.631000000000044636 ) ) ;
#1777 = CARTESIAN_POINT ( 'NONE',  ( -1.447615242864902729, -21.14772114095270084, 3.174999999999999822 ) ) ;
#1778 = CARTESIAN_POINT ( 'NONE',  ( -9.325291753177420873, -16.43857670557484951, 1.539769671333576229 ) ) ;
#1779 = CARTESIAN_POINT ( 'NONE',  ( 13.18822505451070981, -7.108946224410507497, 0.000000000000000000 ) ) ;
#1780 = CARTESIAN_POINT ( 'NONE',  ( 17.15571736022158333, 10.71336519412938060, 3.174999999999999822 ) ) ;
#1781 = ORIENTED_EDGE ( 'NONE', *, *, #2033, .F. ) ;
#1782 = CARTESIAN_POINT ( 'NONE',  ( -12.35487886906233612, -11.65554741675856931, 2.517435969732711776 ) ) ;
#1783 = CARTESIAN_POINT ( 'NONE',  ( -15.36736558150627374, -8.877658348685018908, -15.44909999999999961 ) ) ;
#1784 = ADVANCED_FACE ( 'NONE', ( #2237 ), #6733, .T. ) ;
#1785 = CARTESIAN_POINT ( 'NONE',  ( 17.50201407048966118, 7.551170926126913763, 0.000000000000000000 ) ) ;
#1786 = CARTESIAN_POINT ( 'NONE',  ( -20.13484170071160761, 36.03706295988247632, 14.98099999999999454 ) ) ;
#1787 = CARTESIAN_POINT ( 'NONE',  ( 7.155640179074393536, 13.88972764029216833, 3.174999999999999822 ) ) ;
#1788 = CARTESIAN_POINT ( 'NONE',  ( -9.901329239701590623, -8.960905357864465515, 14.48100000000000165 ) ) ;
#1789 = DIRECTION ( 'NONE',  ( 1.000000000000000000, 4.302205379782582088E-17, -9.552814938601679897E-33 ) ) ;
#1790 = CARTESIAN_POINT ( 'NONE',  ( -7.765330261643532239, 31.60045012614736493, 8.630999999999989569 ) ) ;
#1791 = ORIENTED_EDGE ( 'NONE', *, *, #2248, .T. ) ;
#1792 = LINE ( 'NONE', #6282, #4419 ) ;
#1793 = VERTEX_POINT ( 'NONE', #5591 ) ;
#1794 = CARTESIAN_POINT ( 'NONE',  ( -12.92405896150109434, -14.71937780238395632, -8.905599999999997962 ) ) ;
#1795 = ADVANCED_FACE ( 'NONE', ( #3352 ), #5661, .T. ) ;
#1796 = VECTOR ( 'NONE', #4307, 1000.000000000000000 ) ;
#1797 = CARTESIAN_POINT ( 'NONE',  ( -9.686723918748485929, -9.024030087174462977, 11.80600000000000271 ) ) ;
#1798 = ORIENTED_EDGE ( 'NONE', *, *, #3635, .T. ) ;
#1799 = CARTESIAN_POINT ( 'NONE',  ( 0.000000000000000000, 0.000000000000000000, -15.47176309777416137 ) ) ;
#1800 = CARTESIAN_POINT ( 'NONE',  ( -14.49074941858473764, 6.073500042486616124, -8.905599999999999739 ) ) ;
#1801 = CARTESIAN_POINT ( 'NONE',  ( 5.368521280657216010, 12.90997370325365345, 1.587499999999999911 ) ) ;
#1802 = CARTESIAN_POINT ( 'NONE',  ( 11.41814862681614784, -14.43180205245922032, 10.21850000016612370 ) ) ;
#1803 = CARTESIAN_POINT ( 'NONE',  ( 1.901096321882799423, 6.720373305100513228, -5.787906000000004880 ) ) ;
#1804 = VERTEX_POINT ( 'NONE', #117 ) ;
#1805 = B_SPLINE_SURFACE_WITH_KNOTS ( 'NONE', 1, 3, ( 
 ( #3253, #5497, #418, #2662, #6045, #6885, #4560, #6291, #1802, #6252 ),
 ( #2426, #87, #4047, #730, #659, #5114, #2977, #5186, #1912, #5151 ) ),
 .UNSPECIFIED., .F., .F., .F.,
 ( 2, 2 ),
 ( 4, 2, 2, 2, 4 ),
 ( 0.000000000000000000, 1.000000000000000000 ),
 ( 0.000000000000000000, 0.3559286171081143535, 0.5533221837525468256, 0.7086393685172394097, 1.000000000000000000 ),
 .UNSPECIFIED. ) ;
#1806 = CARTESIAN_POINT ( 'NONE',  ( 26.70411030644960704, 0.5000000000000018874, 14.18724952343965917 ) ) ;
#1807 = CARTESIAN_POINT ( 'NONE',  ( -6.908491289137258740, 34.65822918375732087, 11.80599999999999206 ) ) ;
#1808 = AXIS2_PLACEMENT_3D ( 'NONE', #5421, #3589, #3626 ) ;
#1809 = FACE_OUTER_BOUND ( 'NONE', #3911, .T. ) ;
#1810 = ADVANCED_FACE ( 'NONE', ( #4524 ), #1694, .F. ) ;
#1811 = EDGE_LOOP ( 'NONE', ( #5176, #5387, #1577, #262 ) ) ;
#1812 = CARTESIAN_POINT ( 'NONE',  ( -9.686569713148177385, -9.023495126771175379, 13.39349952335688521 ) ) ;
#1813 = PLANE ( 'NONE',  #313 ) ;
#1814 = EDGE_CURVE ( 'NONE', #3815, #7137, #3387, .T. ) ;
#1815 = CARTESIAN_POINT ( 'NONE',  ( 20.98205252773206908, -15.34149038294230394, 8.631000000000000227 ) ) ;
#1816 = CYLINDRICAL_SURFACE ( 'NONE', #1578, 0.4848803914277929894 ) ;
#1817 = CARTESIAN_POINT ( 'NONE',  ( -30.03296512515854388, -3.575746509924240810E-06, 13.39349952342820060 ) ) ;
#1818 = CARTESIAN_POINT ( 'NONE',  ( 16.34252431190909149, 22.72080760079458983, 14.98099999999999454 ) ) ;
#1819 = B_SPLINE_CURVE_WITH_KNOTS ( 'NONE', 3,
 ( #5170, #4546, #5793, #4619, #6867 ),
 .UNSPECIFIED., .F., .F.,
 ( 4, 1, 4 ),
 ( 0.04088631517368473273, 0.06184399580365035343, 0.1590669060950009872 ),
 .UNSPECIFIED. ) ;
#1820 = AXIS2_PLACEMENT_3D ( 'NONE', #4998, #948, #7199 ) ;
#1821 = CARTESIAN_POINT ( 'NONE',  ( 16.82040236356620611, 2.675678003774724978, -8.905600000000001515 ) ) ;
#1822 = ORIENTED_EDGE ( 'NONE', *, *, #3521, .F. ) ;
#1823 = DIRECTION ( 'NONE',  ( -0.3489024681454919175, -0.9371590407833583214, 0.000000000000000000 ) ) ;
#1824 = DIRECTION ( 'NONE',  ( -1.000000000000000000, 0.000000000000000000, 0.000000000000000000 ) ) ;
#1825 = VECTOR ( 'NONE', #2206, 1000.000000000000000 ) ;
#1826 = CARTESIAN_POINT ( 'NONE',  ( -2.204894577754120011, -10.96236130471560521, 11.05600000209201994 ) ) ;
#1827 = CARTESIAN_POINT ( 'NONE',  ( 25.20082822569305137, -0.01930093290845598039, 14.98099999999999987 ) ) ;
#1828 = LINE ( 'NONE', #3516, #5685 ) ;
#1829 = AXIS2_PLACEMENT_3D ( 'NONE', #3401, #64, #4540 ) ;
#1830 = B_SPLINE_CURVE_WITH_KNOTS ( 'NONE', 3,
 ( #6844, #4710, #1209, #4676, #1250, #6957, #2313, #1766, #3497, #6810, #4159, #5815, #3458, #5740 ),
 .UNSPECIFIED., .F., .F.,
 ( 4, 2, 2, 2, 2, 2, 4 ),
 ( 0.000000000000000000, 0.0003118217187845840396, 0.0006236434375691680791, 0.0009354651563537522271, 0.001247286875138336158, 0.001870930312707497082, 0.002494573750276658439 ),
 .UNSPECIFIED. ) ;
#1831 = CARTESIAN_POINT ( 'NONE',  ( 18.18467006882645975, 6.277871873167973682, 1.587499999999999911 ) ) ;
#1832 = CARTESIAN_POINT ( 'NONE',  ( -12.00749707126931298, -7.639939279345855816, 1.587499999999999911 ) ) ;
#1833 = CARTESIAN_POINT ( 'NONE',  ( -44.43695755569756756, 16.47538348345661419, 11.80599999999999739 ) ) ;
#1834 = ORIENTED_EDGE ( 'NONE', *, *, #1583, .T. ) ;
#1835 = CARTESIAN_POINT ( 'NONE',  ( -14.92656653629867591, -4.225130301441974545, -7.318099999999999383 ) ) ;
#1836 = ORIENTED_EDGE ( 'NONE', *, *, #141, .T. ) ;
#1837 = VECTOR ( 'NONE', #5288, 1000.000000000000000 ) ;
#1838 = CARTESIAN_POINT ( 'NONE',  ( -10.01964890274845921, -3.682492874882751455, 2.382178182331410099 ) ) ;
#1839 = CARTESIAN_POINT ( 'NONE',  ( 1.427386789094546860, -13.42540790871213652, -12.77410000000000068 ) ) ;
#1840 = EDGE_LOOP ( 'NONE', ( #885, #2493, #5166, #2956 ) ) ;
#1841 = CARTESIAN_POINT ( 'NONE',  ( -14.15519348680691536, 6.537551929112112248, -8.905599999999999739 ) ) ;
#1842 = CARTESIAN_POINT ( 'NONE',  ( 9.776788755915751139, 13.07298447920190831, 1.587499999999999911 ) ) ;
#1843 = EDGE_CURVE ( 'NONE', #4055, #5505, #5700, .T. ) ;
#1844 = LINE ( 'NONE', #119, #1701 ) ;
#1845 = DIRECTION ( 'NONE',  ( 1.000000000000000000, 0.000000000000000000, 0.000000000000000000 ) ) ;
#1846 = ORIENTED_EDGE ( 'NONE', *, *, #5908, .F. ) ;
#1847 = DIRECTION ( 'NONE',  ( -0.000000000000000000, -0.000000000000000000, 1.000000000000000000 ) ) ;
#1848 = CARTESIAN_POINT ( 'NONE',  ( -20.13484170071160761, 36.03706295988247632, 14.98099999999999454 ) ) ;
#1849 = CARTESIAN_POINT ( 'NONE',  ( 3.097192760286754165, 7.978681073701757498, -8.905599999999999739 ) ) ;
#1850 = ORIENTED_EDGE ( 'NONE', *, *, #3885, .F. ) ;
#1851 = CARTESIAN_POINT ( 'NONE',  ( 19.29417074208855354, -0.7329654491517949566, -7.318099999999998495 ) ) ;
#1852 = CARTESIAN_POINT ( 'NONE',  ( -8.075756382246241927, -18.89114725270801642, -12.77409999999999890 ) ) ;
#1853 = CARTESIAN_POINT ( 'NONE',  ( 28.77451289708931981, -5.204147292516262624, 8.631000000000032202 ) ) ;
#1854 = CARTESIAN_POINT ( 'NONE',  ( -10.38680096981539869, -15.50318050308815643, 0.9528719556661229273 ) ) ;
#1855 = ORIENTED_EDGE ( 'NONE', *, *, #442, .F. ) ;
#1856 = CARTESIAN_POINT ( 'NONE',  ( 11.41879587569348864, -14.42826545259720028, 12.55600000000000271 ) ) ;
#1857 = ORIENTED_EDGE ( 'NONE', *, *, #3594, .T. ) ;
#1858 = CARTESIAN_POINT ( 'NONE',  ( 16.79234343857311629, -14.71471317780649102, 8.631000000000003780 ) ) ;
#1859 = DIRECTION ( 'NONE',  ( 0.9371590407833582104, -0.3489024681454918619, 0.000000000000000000 ) ) ;
#1860 = CARTESIAN_POINT ( 'NONE',  ( -0.7382928528652021871, 7.764312843947696940, -2.865299999999999514 ) ) ;
#1861 = EDGE_CURVE ( 'NONE', #3651, #6791, #5149, .T. ) ;
#1862 = CARTESIAN_POINT ( 'NONE',  ( -4.419640609212264870, -12.01210068695296229, 14.98099999999999454 ) ) ;
#1863 = CARTESIAN_POINT ( 'NONE',  ( -16.51453429913218685, 0.6222326473570627403, -15.44909999999999961 ) ) ;
#1864 = DIRECTION ( 'NONE',  ( -0.000000000000000000, -0.000000000000000000, -1.000000000000000000 ) ) ;
#1865 = CARTESIAN_POINT ( 'NONE',  ( -12.14306333396753068, -8.124878508931427490, 0.000000000000000000 ) ) ;
#1866 = CARTESIAN_POINT ( 'NONE',  ( -10.34038013285051782, 32.29016240817401240, 8.630999999999938055 ) ) ;
#1867 = ORIENTED_EDGE ( 'NONE', *, *, #3486, .F. ) ;
#1868 = CARTESIAN_POINT ( 'NONE',  ( -13.88357108138302642, -8.312627936532434703, -7.318099999999999383 ) ) ;
#1869 = CARTESIAN_POINT ( 'NONE',  ( -9.893417710324278858, -3.778817316449611940, 1.998138105797820252 ) ) ;
#1870 = DIRECTION ( 'NONE',  ( 1.000000000000000000, 0.000000000000000000, 0.000000000000000000 ) ) ;
#1871 = ORIENTED_EDGE ( 'NONE', *, *, #4568, .T. ) ;
#1872 = CARTESIAN_POINT ( 'NONE',  ( 0.000000000000000000, 0.000000000000000000, 14.48099999999999987 ) ) ;
#1873 = CARTESIAN_POINT ( 'NONE',  ( -10.21505875053764889, -15.68629689704059693, -7.318099999999999383 ) ) ;
#1874 = CARTESIAN_POINT ( 'NONE',  ( 14.41385967687056358, 10.99875499968975667, 1.587499999999999911 ) ) ;
#1875 = CARTESIAN_POINT ( 'NONE',  ( 18.86402282299834710, -0.9952720431907391418, -15.44909999999999961 ) ) ;
#1876 = EDGE_CURVE ( 'NONE', #268, #5301, #4373, .T. ) ;
#1877 = ORIENTED_EDGE ( 'NONE', *, *, #4320, .F. ) ;
#1878 = EDGE_CURVE ( 'NONE', #409, #1693, #5780, .T. ) ;
#1879 = CARTESIAN_POINT ( 'NONE',  ( -5.132726496388960058, -10.98309063169369537, 7.043499999999999872 ) ) ;
#1880 = CARTESIAN_POINT ( 'NONE',  ( 23.45242983988415375, 16.68862540272189676, 14.98099999999999632 ) ) ;
#1881 = CARTESIAN_POINT ( 'NONE',  ( 18.06285638181418207, 9.636161558233819591, 8.631000000000000227 ) ) ;
#1882 = VERTEX_POINT ( 'NONE', #297 ) ;
#1883 = CARTESIAN_POINT ( 'NONE',  ( 20.28420182839508357, 0.5344701233892926728, -8.905600000000001515 ) ) ;
#1884 = CARTESIAN_POINT ( 'NONE',  ( -8.782548804159711509, 8.741916582865714602, -7.318099999999999383 ) ) ;
#1885 = EDGE_CURVE ( 'NONE', #3787, #5546, #1358, .T. ) ;
#1886 = CARTESIAN_POINT ( 'NONE',  ( 0.2044901992181951955, 29.16016385193017157, 8.630999999999989569 ) ) ;
#1887 = CARTESIAN_POINT ( 'NONE',  ( -6.346370424762275420, -9.097365523878567117, 11.36663415283823042 ) ) ;
#1888 = DIRECTION ( 'NONE',  ( -0.3489024681454919175, -0.9371590407833582104, 0.000000000000000000 ) ) ;
#1889 = CARTESIAN_POINT ( 'NONE',  ( -12.06671872895633690, -4.130224066751433831, 3.174999999999999822 ) ) ;
#1890 = CARTESIAN_POINT ( 'NONE',  ( 18.11829030512623717, 2.174083850580412758, -8.905599999999997962 ) ) ;
#1891 = ORIENTED_EDGE ( 'NONE', *, *, #5367, .T. ) ;
#1892 = CARTESIAN_POINT ( 'NONE',  ( -30.03296279907226207, 0.000000000000000000, 8.630999999999998451 ) ) ;
#1893 = DIRECTION ( 'NONE',  ( -1.000000000000000000, 0.000000000000000000, 0.000000000000000000 ) ) ;
#1894 = EDGE_CURVE ( 'NONE', #4178, #1461, #6444, .T. ) ;
#1895 = CARTESIAN_POINT ( 'NONE',  ( 25.48526637672581430, -1.669644062140321239, 14.98099999999999987 ) ) ;
#1896 = CARTESIAN_POINT ( 'NONE',  ( 16.31704527226449031, 9.208254322743227860, 1.587499999999999911 ) ) ;
#1897 = CARTESIAN_POINT ( 'NONE',  ( -16.56466924330963408, -3.896695309435733279, -8.905600000000001515 ) ) ;
#1898 = CARTESIAN_POINT ( 'NONE',  ( 2.499390839117278329, 11.49427392629204014, 1.587499999999999911 ) ) ;
#1899 = CARTESIAN_POINT ( 'NONE',  ( -12.20547776684155039, -12.32040931772231396, -5.730599999999999028 ) ) ;
#1900 = CARTESIAN_POINT ( 'NONE',  ( -11.24625595282668122, -6.869833192725216975, 8.631000000000000227 ) ) ;
#1901 = ORIENTED_EDGE ( 'NONE', *, *, #7194, .T. ) ;
#1902 = EDGE_CURVE ( 'NONE', #4873, #295, #4787, .T. ) ;
#1903 = CARTESIAN_POINT ( 'NONE',  ( -9.311884644447030013, 8.519060930577110113, 0.000000000000000000 ) ) ;
#1904 = ORIENTED_EDGE ( 'NONE', *, *, #952, .F. ) ;
#1905 = CARTESIAN_POINT ( 'NONE',  ( -10.28098143031145817, -8.847933038041903231, 14.48100000000000165 ) ) ;
#1906 = EDGE_CURVE ( 'NONE', #2268, #1575, #3806, .T. ) ;
#1907 = CARTESIAN_POINT ( 'NONE',  ( -16.22134418876958861, -6.031798788467400918, -8.905600000000001515 ) ) ;
#1908 = VERTEX_POINT ( 'NONE', #1988 ) ;
#1909 = DIRECTION ( 'NONE',  ( 0.000000000000000000, 0.000000000000000000, -1.000000000000000000 ) ) ;
#1910 = CARTESIAN_POINT ( 'NONE',  ( -11.93380714760685102, -13.05735525345597914, -7.318099999999999383 ) ) ;
#1911 = CARTESIAN_POINT ( 'NONE',  ( -5.391978791913061286, 1.855238334207745643, 0.000000000000000000 ) ) ;
#1912 = CARTESIAN_POINT ( 'NONE',  ( 11.41814862532204877, -14.43180206062366189, 11.05600000000000271 ) ) ;
#1913 = B_SPLINE_CURVE_WITH_KNOTS ( 'NONE', 3,
 ( #1014, #6681, #495, #5468, #5027, #6091, #5062, #7159, #1636, #4468, #2814, #3224, #1525, #6055, #2221, #3373, #6718, #3809, #1049, #30 ),
 .UNSPECIFIED., .F., .F.,
 ( 4, 2, 2, 2, 2, 2, 2, 2, 2, 4 ),
 ( 0.8588581182832208949, 0.8716853858841903113, 0.8899009454731731106, 0.9044730433523903157, 0.9226813626088121723, 0.9408997517909335473, 0.9591210407714405584, 0.9773353880055931642, 0.9918904835717163859, 1.000000011981226455 ),
 .UNSPECIFIED. ) ;
#1914 = ORIENTED_EDGE ( 'NONE', *, *, #5959, .F. ) ;
#1915 = B_SPLINE_CURVE_WITH_KNOTS ( 'NONE', 3,
 ( #3902, #6143, #4486, #6251, #2456, #5772, #193, #2939, #5851, #3457, #1911, #3016, #3050, #6842, #2312 ),
 .UNSPECIFIED., .F., .F.,
 ( 4, 1, 1, 1, 1, 1, 1, 1, 1, 1, 1, 1, 4 ),
 ( 0.000000000000000000, 0.05550813849230980257, 0.1110162769846196051, 0.1665244154769294216, 0.2220325539692392103, 0.2775406924615491100, 0.3330488309538588432, 0.3885569694461686874, 0.4440651079384784206, 0.4995732464307883758, 0.5550813849230982200, 0.6105895234154078421, 0.6288366340594742088 ),
 .UNSPECIFIED. ) ;
#1916 = CARTESIAN_POINT ( 'NONE',  ( -9.853225687246998987, -3.809484351456501994, 1.587499999999999911 ) ) ;
#1917 = CARTESIAN_POINT ( 'NONE',  ( 28.11328294592867394, 1.509902505737878320, 14.98099999999997323 ) ) ;
#1918 = DIRECTION ( 'NONE',  ( 0.000000000000000000, 1.000000000000000000, -2.810602228990811672E-16 ) ) ;
#1919 = AXIS2_PLACEMENT_3D ( 'NONE', #3421, #1654, #3867 ) ;
#1920 = DIRECTION ( 'NONE',  ( -0.3489024681454919175, -0.9371590407833583214, 0.000000000000000000 ) ) ;
#1921 = ORIENTED_EDGE ( 'NONE', *, *, #4866, .T. ) ;
#1922 = CARTESIAN_POINT ( 'NONE',  ( 12.16910334886818568, -14.54587935834384460, 11.05600000000000271 ) ) ;
#1923 = AXIS2_PLACEMENT_3D ( 'NONE', #4908, #7148, #7182 ) ;
#1924 = CARTESIAN_POINT ( 'NONE',  ( -10.80344840032254439, 7.649930394072102402, -8.248035969732711692 ) ) ;
#1925 = AXIS2_PLACEMENT_3D ( 'NONE', #136, #5133, #2957 ) ;
#1926 = CARTESIAN_POINT ( 'NONE',  ( 19.74102292354263355, -15.78402317582673930, 11.80600000000000449 ) ) ;
#1927 = CARTESIAN_POINT ( 'NONE',  ( -4.950910143045011758, -9.449961203740805615, 12.24536584716177146 ) ) ;
#1928 = CARTESIAN_POINT ( 'NONE',  ( -10.14600658867945882, -15.74874530950540574, 1.283029977145592859 ) ) ;
#1929 = CARTESIAN_POINT ( 'NONE',  ( 17.74655397297285475, 0.4500443467203734671, -5.730599999999999028 ) ) ;
#1930 = CARTESIAN_POINT ( 'NONE',  ( 20.27911000909863759, 0.5289858870272710067, -8.905600000000001515 ) ) ;
#1931 = VECTOR ( 'NONE', #333, 1000.000000000000114 ) ;
#1932 = ORIENTED_EDGE ( 'NONE', *, *, #2974, .T. ) ;
#1933 = DIRECTION ( 'NONE',  ( -1.000000000000000000, 0.000000000000000000, 0.000000000000000000 ) ) ;
#1934 = CARTESIAN_POINT ( 'NONE',  ( 21.40792010887400920, -14.11408924160253342, 10.21850059711605319 ) ) ;
#1935 = CARTESIAN_POINT ( 'NONE',  ( -6.179433900825435089, -13.79456775404376678, 7.043499999999999872 ) ) ;
#1936 = CARTESIAN_POINT ( 'NONE',  ( -5.273267697204471638, -11.77842311985290813, 14.98100000000000520 ) ) ;
#1937 = VECTOR ( 'NONE', #2411, 1000.000000000000000 ) ;
#1938 = CARTESIAN_POINT ( 'NONE',  ( -16.11509610006104865, -6.492827883625674090, -15.44909999999999961 ) ) ;
#1939 = CARTESIAN_POINT ( 'NONE',  ( -16.41308049243611222, 1.360090008357381253, -8.905600000000001515 ) ) ;
#1940 = DIRECTION ( 'NONE',  ( 0.9999999993168087187, -3.696461235719233825E-05, 0.000000000000000000 ) ) ;
#1941 = LINE ( 'NONE', #1122, #2737 ) ;
#1942 = CARTESIAN_POINT ( 'NONE',  ( -41.34135381484318827, 28.62881875561848588, 8.631000000000106809 ) ) ;
#1943 = CIRCLE ( 'NONE', #6881, 18.51621113172978639 ) ;
#1944 = CARTESIAN_POINT ( 'NONE',  ( 2.420428040132277303, -3.040034490371304798, 8.631000000000000227 ) ) ;
#1945 = ORIENTED_EDGE ( 'NONE', *, *, #1878, .T. ) ;
#1946 = EDGE_CURVE ( 'NONE', #534, #7247, #5932, .T. ) ;
#1947 = CARTESIAN_POINT ( 'NONE',  ( -13.24549356549966816, -14.03251783848994627, -15.44909999999999961 ) ) ;
#1948 = CARTESIAN_POINT ( 'NONE',  ( -1.154864917356221987, -10.32993118863620019, 5.550900000000003054 ) ) ;
#1949 = VERTEX_POINT ( 'NONE', #6476 ) ;
#1950 = AXIS2_PLACEMENT_3D ( 'NONE', #1470, #7066, #1957 ) ;
#1951 = FACE_OUTER_BOUND ( 'NONE', #1337, .T. ) ;
#1952 = CARTESIAN_POINT ( 'NONE',  ( 19.34902119136799570, -3.040005145349425231, -5.730599999999999028 ) ) ;
#1953 = DIRECTION ( 'NONE',  ( -6.550624015266702829E-15, 1.000000000000000000, 0.000000000000000000 ) ) ;
#1954 = CARTESIAN_POINT ( 'NONE',  ( 22.32431652841541947, -10.97356072241889713, 14.98100000000000520 ) ) ;
#1955 = VECTOR ( 'NONE', #5648, 1000.000000000000114 ) ;
#1956 = VERTEX_POINT ( 'NONE', #2455 ) ;
#1957 = DIRECTION ( 'NONE',  ( 0.9371590407833580993, -0.3489024681454918619, 0.000000000000000000 ) ) ;
#1958 = CARTESIAN_POINT ( 'NONE',  ( -7.829001583366465233, -11.15330637801602798, 11.80600000000000271 ) ) ;
#1959 = CARTESIAN_POINT ( 'NONE',  ( 8.592382235092802745, 14.87245495631250769, 8.631000000000000227 ) ) ;
#1960 = VECTOR ( 'NONE', #5934, 1000.000000000000000 ) ;
#1961 = CARTESIAN_POINT ( 'NONE',  ( 2.980599591960609640, 0.5000000000000018874, 14.48099999999999987 ) ) ;
#1962 = ORIENTED_EDGE ( 'NONE', *, *, #2974, .F. ) ;
#1963 = CARTESIAN_POINT ( 'NONE',  ( 20.95137045697978451, -0.4062286305607774040, -8.905599999999999739 ) ) ;
#1964 = CARTESIAN_POINT ( 'NONE',  ( -5.462015592765184557, 9.269133915182298011, -8.248035969732711692 ) ) ;
#1965 = CARTESIAN_POINT ( 'NONE',  ( -48.95355762924555165, 21.84880566579361982, 8.631000000000021544 ) ) ;
#1966 = CARTESIAN_POINT ( 'NONE',  ( -4.950910143045011758, -9.449961203740805615, 11.80600000000000271 ) ) ;
#1967 = ADVANCED_FACE ( 'NONE', ( #2975 ), #3015, .F. ) ;
#1968 = CARTESIAN_POINT ( 'NONE',  ( -8.076229456461835099, -18.89090830555811706, -8.905599999999999739 ) ) ;
#1969 = DIRECTION ( 'NONE',  ( -0.9371590407833582104, 0.3489024681454918064, -0.000000000000000000 ) ) ;
#1970 = CARTESIAN_POINT ( 'NONE',  ( -11.89037289558351418, -13.15962468831480869, 0.000000000000000000 ) ) ;
#1971 = VERTEX_POINT ( 'NONE', #2424 ) ;
#1972 = CARTESIAN_POINT ( 'NONE',  ( 12.16856079531247481, -14.54943197920268183, 13.39349999983421569 ) ) ;
#1973 = LINE ( 'NONE', #1412, #3112 ) ;
#1974 = CARTESIAN_POINT ( 'NONE',  ( -10.77377632720185474, -15.06705754985555679, -8.248035969732711692 ) ) ;
#1975 = CARTESIAN_POINT ( 'NONE',  ( 3.579375667900572822, -10.83729641830301382, 11.80600000000000271 ) ) ;
#1976 = EDGE_CURVE ( 'NONE', #1793, #2294, #6044, .T. ) ;
#1977 = CARTESIAN_POINT ( 'NONE',  ( 0.01151953932644031453, -8.630064341142229978, 1.550900000000002610 ) ) ;
#1978 = CARTESIAN_POINT ( 'NONE',  ( -15.16481855686061309, 4.995130033309116868, -8.905600000000001515 ) ) ;
#1979 = CARTESIAN_POINT ( 'NONE',  ( -16.59678491889878060, -0.1168331933133186645, -15.44909999999999961 ) ) ;
#1980 = CARTESIAN_POINT ( 'NONE',  ( -34.34269062145452267, 4.697388634174215483, 8.630999999999994898 ) ) ;
#1981 = DIRECTION ( 'NONE',  ( 1.000000000000000000, 0.000000000000000000, -0.000000000000000000 ) ) ;
#1982 = ORIENTED_EDGE ( 'NONE', *, *, #482, .F. ) ;
#1983 = CARTESIAN_POINT ( 'NONE',  ( -2.204894577754121343, -10.96236130471560521, 14.19556458705075919 ) ) ;
#1984 = EDGE_CURVE ( 'NONE', #7038, #6070, #259, .T. ) ;
#1985 = CARTESIAN_POINT ( 'NONE',  ( -16.64763673164456748, -2.818604548636777896, -8.905600000000001515 ) ) ;
#1986 = ORIENTED_EDGE ( 'NONE', *, *, #3146, .F. ) ;
#1987 = CARTESIAN_POINT ( 'NONE',  ( -1.681543941320843505, -8.965972145123165760, 13.00400180856847321 ) ) ;
#1988 = CARTESIAN_POINT ( 'NONE',  ( -5.827231276178007846, -19.72725758890293690, 7.043499999999998984 ) ) ;
#1989 = LINE ( 'NONE', #915, #3795 ) ;
#1990 = CARTESIAN_POINT ( 'NONE',  ( -9.615768839047843741, -10.70413264034995748, 14.98100000000000520 ) ) ;
#1991 = CARTESIAN_POINT ( 'NONE',  ( 20.93663917186206547, -0.9150074461170413231, -15.44909999999999961 ) ) ;
#1992 = VERTEX_POINT ( 'NONE', #6991 ) ;
#1993 = FACE_OUTER_BOUND ( 'NONE', #5200, .T. ) ;
#1994 = CARTESIAN_POINT ( 'NONE',  ( -4.419640609211103133, -12.01210068695334776, 11.80600000000000271 ) ) ;
#1995 = LINE ( 'NONE', #4242, #171 ) ;
#1996 = DIRECTION ( 'NONE',  ( 0.9322399881385087239, -0.3618405788679778246, -1.544617847435024914E-16 ) ) ;
#1997 = ORIENTED_EDGE ( 'NONE', *, *, #4731, .T. ) ;
#1999 = EDGE_CURVE ( 'NONE', #3974, #5147, #5687, .T. ) ;
#1998 = FACE_OUTER_BOUND ( 'NONE', #3274, .T. ) ;
#2000 = ADVANCED_FACE ( 'NONE', ( #4924 ), #7164, .F. ) ;
#2001 = CARTESIAN_POINT ( 'NONE',  ( -14.98520256183425303, -3.731293133095732184, -8.248035969732711692 ) ) ;
#2002 = CARTESIAN_POINT ( 'NONE',  ( -6.908491289137257851, 34.65822918375732087, 8.630999999999989569 ) ) ;
#2003 = CARTESIAN_POINT ( 'NONE',  ( -6.873425546872645064, -9.292060148414140741, 11.05596718551655400 ) ) ;
#2004 = CARTESIAN_POINT ( 'NONE',  ( -14.07821362463679371, -7.799787454060525427, -5.730600000000003469 ) ) ;
#2005 = CARTESIAN_POINT ( 'NONE',  ( -11.11513831578101907, -2.846000725388373898, 3.175000000000000266 ) ) ;
#2006 = CARTESIAN_POINT ( 'NONE',  ( -9.801959106896667606, -16.06714690621811314, 0.000000000000000000 ) ) ;
#2007 = VERTEX_POINT ( 'NONE', #4338 ) ;
#2008 = CARTESIAN_POINT ( 'NONE',  ( 18.19480658804355144, 6.235042085864936467, 0.000000000000000000 ) ) ;
#2009 = CARTESIAN_POINT ( 'NONE',  ( -1.169984487269735141, -11.23817251630137015, 8.631000000000000227 ) ) ;
#2010 = CARTESIAN_POINT ( 'NONE',  ( -11.93380714760685279, -13.05735525345611059, -7.318099999999999383 ) ) ;
#2011 = CARTESIAN_POINT ( 'NONE',  ( 15.81603941767295929, -13.23563869823644623, 11.80600000000024963 ) ) ;
#2012 = CARTESIAN_POINT ( 'NONE',  ( 16.27238260754537080, 1.161835033355498092, -7.318099999999997607 ) ) ;
#2013 = CARTESIAN_POINT ( 'NONE',  ( -13.62314715647193530, 5.725193554782126881, -8.905600000000001515 ) ) ;
#2014 = CARTESIAN_POINT ( 'NONE',  ( -15.46356717468988684, -8.625056846427275659, -15.44909999999999961 ) ) ;
#2015 = CARTESIAN_POINT ( 'NONE',  ( 17.23119601743744411, -16.31721190939495614, 8.631000000000000227 ) ) ;
#2016 = CARTESIAN_POINT ( 'NONE',  ( -10.40640954656971040, -15.48209485088929860, 0.7942348351279164831 ) ) ;
#2017 = EDGE_LOOP ( 'NONE', ( #6475, #4677 ) ) ;
#2018 = CARTESIAN_POINT ( 'NONE',  ( 2.229183074677310028, -13.76562875766001781, 11.80600000000000094 ) ) ;
#2019 = ORIENTED_EDGE ( 'NONE', *, *, #2702, .F. ) ;
#2020 = DIRECTION ( 'NONE',  ( -0.2535801187161745296, -0.9673143870489527840, 0.000000000000000000 ) ) ;
#2021 = CARTESIAN_POINT ( 'NONE',  ( 0.000000000000000000, 0.000000000000000000, -8.949100000000001387 ) ) ;
#2022 = DIRECTION ( 'NONE',  ( 0.3489024681454916954, 0.9371590407833583214, 0.000000000000000000 ) ) ;
#2023 = CARTESIAN_POINT ( 'NONE',  ( -14.69498572060141584, 32.80257204133727100, 14.98099999999996257 ) ) ;
#2024 = EDGE_CURVE ( 'NONE', #2162, #3033, #518, .T. ) ;
#2025 = CARTESIAN_POINT ( 'NONE',  ( -3.634024352127970925, -10.58222667935891792, 14.98100000000000165 ) ) ;
#2026 = ORIENTED_EDGE ( 'NONE', *, *, #1494, .F. ) ;
#2027 = CARTESIAN_POINT ( 'NONE',  ( -56.07189761964543351, 23.61786509392923961, 8.630999999999994898 ) ) ;
#2028 = CARTESIAN_POINT ( 'NONE',  ( -14.94984990498404542, 0.4166052085571269048, -7.318099999999999383 ) ) ;
#2029 = PLANE ( 'NONE',  #6301 ) ;
#2030 = ORIENTED_EDGE ( 'NONE', *, *, #2248, .F. ) ;
#2031 = CARTESIAN_POINT ( 'NONE',  ( 11.16019136842704285, 12.74039699110842427, 0.000000000000000000 ) ) ;
#2032 = CARTESIAN_POINT ( 'NONE',  ( -14.04790815498809664, 3.666967612582114455, -7.318099999999999383 ) ) ;
#2033 = EDGE_CURVE ( 'NONE', #7168, #4244, #2056, .T. ) ;
#2034 = ADVANCED_FACE ( 'NONE', ( #3159 ), #1570, .F. ) ;
#2035 = CARTESIAN_POINT ( 'NONE',  ( -9.669967158883164160, 35.40818001634448819, 8.630999999999938055 ) ) ;
#2036 = LINE ( 'NONE', #6040, #2630 ) ;
#2037 = CARTESIAN_POINT ( 'NONE',  ( 11.02224737019086476, -14.34614541538312160, 11.05600000000000271 ) ) ;
#2038 = CARTESIAN_POINT ( 'NONE',  ( -14.00047847999837813, -8.552020718259708332, 3.174999999999999822 ) ) ;
#2039 = CARTESIAN_POINT ( 'NONE',  ( -8.146051644728961705, -17.14505210264151458, -7.318792223851954937 ) ) ;
#2040 = VERTEX_POINT ( 'NONE', #1021 ) ;
#2041 = CARTESIAN_POINT ( 'NONE',  ( 17.74655397297285475, 0.4500443467203734671, -5.730599999999999028 ) ) ;
#2042 = CARTESIAN_POINT ( 'NONE',  ( -3.634024352127970925, -10.58222667935891792, 10.21850059711605141 ) ) ;
#2043 = CIRCLE ( 'NONE', #1215, 18.51621113172978639 ) ;
#2044 = EDGE_CURVE ( 'NONE', #1614, #2414, #3461, .T. ) ;
#2045 = CARTESIAN_POINT ( 'NONE',  ( -10.77377632720185652, -15.06705754985584989, -7.318099999999999383 ) ) ;
#2046 = CARTESIAN_POINT ( 'NONE',  ( -21.90804218314094598, 32.82804663215440399, 14.98099999999999454 ) ) ;
#2047 = CARTESIAN_POINT ( 'NONE',  ( 20.93640320978964198, -0.9952133531469468108, -8.905599999457717075 ) ) ;
#2048 = CARTESIAN_POINT ( 'NONE',  ( -15.60243516928465013, 0.5021545418235163760, -8.905600000000001515 ) ) ;
#2049 = CARTESIAN_POINT ( 'NONE',  ( -16.43012180872675287, -4.901778099245506226, -8.905599999999997962 ) ) ;
#2050 = CARTESIAN_POINT ( 'NONE',  ( -44.43695755569756756, 16.47538348345661419, 8.630999999999994898 ) ) ;
#2051 = AXIS2_PLACEMENT_3D ( 'NONE', #1872, #1909, #6324 ) ;
#2052 = CARTESIAN_POINT ( 'NONE',  ( -15.06145482489957566, -2.740503098923020353, -7.318099999999999383 ) ) ;
#2053 = DIRECTION ( 'NONE',  ( -0.000000000000000000, -0.000000000000000000, -1.000000000000000000 ) ) ;
#2054 = ORIENTED_EDGE ( 'NONE', *, *, #3186, .F. ) ;
#2055 = CARTESIAN_POINT ( 'NONE',  ( 20.51924219264493132, 4.406021860444302440, 3.174999999999999822 ) ) ;
#2056 = LINE ( 'NONE', #6510, #6281 ) ;
#2057 = DIRECTION ( 'NONE',  ( -0.7660444431189814551, -0.6427876096865352551, 1.427275208435519729E-16 ) ) ;
#2058 = CARTESIAN_POINT ( 'NONE',  ( 3.034299951601163503, -10.69440557877959286, 14.98100000000000520 ) ) ;
#2059 = CARTESIAN_POINT ( 'NONE',  ( 9.169603263354870748, -13.98518257472503379, 14.98100000000000342 ) ) ;
#2060 = ORIENTED_EDGE ( 'NONE', *, *, #6801, .F. ) ;
#2061 = CIRCLE ( 'NONE', #3705, 1.499999999999999556 ) ;
#2062 = CARTESIAN_POINT ( 'NONE',  ( 4.565458968152779740, -12.74065375098223285, 13.39349999983421569 ) ) ;
#2063 = ADVANCED_FACE ( 'NONE', ( #435, #397 ), #2193, .T. ) ;
#2064 = CARTESIAN_POINT ( 'NONE',  ( -13.93794969624515900, -8.311891924939731169, -7.728808671434757471 ) ) ;
#2065 = CARTESIAN_POINT ( 'NONE',  ( -13.89092137571474161, -8.293294202557374817, -5.730600000000000804 ) ) ;
#2066 = CIRCLE ( 'NONE', #2643, 18.51621113172949507 ) ;
#2067 = ORIENTED_EDGE ( 'NONE', *, *, #6479, .F. ) ;
#2068 = CARTESIAN_POINT ( 'NONE',  ( 14.43119462843200296, 1.831070810740488275, -5.787905999999998663 ) ) ;
#2069 = LINE ( 'NONE', #4422, #6051 ) ;
#2070 = CARTESIAN_POINT ( 'NONE',  ( 1.226780418669875639, 32.16946954534166281, 8.630999999999989569 ) ) ;
#2071 = VECTOR ( 'NONE', #6237, 1000.000000000000000 ) ;
#2072 = DIRECTION ( 'NONE',  ( 0.9371590407833582104, -0.3489024681454918064, 0.000000000000000000 ) ) ;
#2073 = CARTESIAN_POINT ( 'NONE',  ( 0.000000000000000000, 0.000000000000000000, -15.47176309777416137 ) ) ;
#2074 = CARTESIAN_POINT ( 'NONE',  ( -10.15298501005666232, -15.74149377081559464, -7.007006690252062242 ) ) ;
#2075 = EDGE_LOOP ( 'NONE', ( #3237, #5041, #4460 ) ) ;
#2076 = CARTESIAN_POINT ( 'NONE',  ( -12.43526236854407685, -10.73642134669469783, -4.087925333815860540 ) ) ;
#2077 = CARTESIAN_POINT ( 'NONE',  ( -11.26624397905538011, -14.38126842802861916, -8.248035969732711692 ) ) ;
#2078 = CARTESIAN_POINT ( 'NONE',  ( 13.16981931603447187, -13.16666720972293803, 11.80599999999961547 ) ) ;
#2079 = CARTESIAN_POINT ( 'NONE',  ( 12.16856079579352645, -14.54943197970156454, 10.21850029855793807 ) ) ;
#2080 = CARTESIAN_POINT ( 'NONE',  ( -7.392310971990772472, 10.75641645009015512, -8.905600000000001515 ) ) ;
#2081 = CARTESIAN_POINT ( 'NONE',  ( -16.39921938456458150, 1.356770639749712792, -8.905599999999997962 ) ) ;
#2082 = CARTESIAN_POINT ( 'NONE',  ( 3.313884498999439376, -14.05062876676627681, 11.80600000000012528 ) ) ;
#2083 = EDGE_CURVE ( 'NONE', #2798, #1908, #2638, .T. ) ;
#2084 = CARTESIAN_POINT ( 'NONE',  ( -13.46324943797793239, -13.50393851900893338, -8.905599999999999739 ) ) ;
#2085 = CARTESIAN_POINT ( 'NONE',  ( 17.17154391907870448, 24.07817789789695340, 11.80599999999999383 ) ) ;
#2086 = EDGE_LOOP ( 'NONE', ( #3396, #301, #1690, #6201 ) ) ;
#2087 = CARTESIAN_POINT ( 'NONE',  ( -2.500000000000000000, 3.061616997868383141E-16, 1.256000000000000671 ) ) ;
#2088 = LINE ( 'NONE', #1531, #3700 ) ;
#2089 = CARTESIAN_POINT ( 'NONE',  ( -1.107044373219206790, -20.23294094116684150, 2.852146236903407850 ) ) ;
#2090 = CARTESIAN_POINT ( 'NONE',  ( 13.16981931603524814, -13.16666720972293803, 14.98099999999976539 ) ) ;
#2091 = CARTESIAN_POINT ( 'NONE',  ( -8.940015150338160410, -9.243803669068361373, 12.55599999790798371 ) ) ;
#2092 = EDGE_LOOP ( 'NONE', ( #3351, #2813, #5801, #3288, #5966 ) ) ;
#2093 = DIRECTION ( 'NONE',  ( 0.2196068247028812870, 0.8377188326305671229, -0.4999999999999978351 ) ) ;
#2094 = ORIENTED_EDGE ( 'NONE', *, *, #1843, .T. ) ;
#2095 = CARTESIAN_POINT ( 'NONE',  ( -14.04790815498809486, 3.666967612582114455, -7.318099999999999383 ) ) ;
#2096 = VERTEX_POINT ( 'NONE', #4306 ) ;
#2097 = DIRECTION ( 'NONE',  ( -1.000000000000000000, -6.550624015266702829E-15, 0.000000000000000000 ) ) ;
#2098 = EDGE_CURVE ( 'NONE', #5399, #6662, #7133, .T. ) ;
#2099 = ORIENTED_EDGE ( 'NONE', *, *, #4944, .F. ) ;
#2100 = CARTESIAN_POINT ( 'NONE',  ( 14.47373102190152494, 1.859896713256550704, -5.730599999999999028 ) ) ;
#2101 = EDGE_CURVE ( 'NONE', #803, #2899, #2088, .T. ) ;
#2102 = CARTESIAN_POINT ( 'NONE',  ( 7.754278138792708219, -13.57932890675671800, 11.05600000000000271 ) ) ;
#2103 = CARTESIAN_POINT ( 'NONE',  ( 2.229183074677310028, -13.76562875766001781, 11.80600000000000094 ) ) ;
#2104 = DIRECTION ( 'NONE',  ( 0.9371590407833583214, -0.3489024681454916954, 0.000000000000000000 ) ) ;
#2105 = FACE_OUTER_BOUND ( 'NONE', #156, .T. ) ;
#2106 = VERTEX_POINT ( 'NONE', #2679 ) ;
#2107 = CARTESIAN_POINT ( 'NONE',  ( -7.378787030429424298, -0.6675356715421755238, 0.000000000000000000 ) ) ;
#2108 = CARTESIAN_POINT ( 'NONE',  ( -12.23011305507900914, -12.15081333485000492, 0.000000000000000000 ) ) ;
#2109 = CARTESIAN_POINT ( 'NONE',  ( -9.599430291588571862, -7.402616337826811055, 11.80600000000000094 ) ) ;
#2110 = DIRECTION ( 'NONE',  ( 0.9371590407833583214, -0.3489024681454916954, 0.000000000000000000 ) ) ;
#2111 = DIRECTION ( 'NONE',  ( 0.6187123756285676235, 0.7856175890622957292, 0.000000000000000000 ) ) ;
#2112 = CARTESIAN_POINT ( 'NONE',  ( -11.73804094493875816, -13.50742943260773110, -5.730600000000001693 ) ) ;
#2113 = CARTESIAN_POINT ( 'NONE',  ( -8.011171145965343854, -17.92228013239219209, 3.174999999999999822 ) ) ;
#2114 = CARTESIAN_POINT ( 'NONE',  ( -27.11334437784210039, 35.98304491953225437, 8.630999999999989569 ) ) ;
#2115 = ADVANCED_FACE ( 'NONE', ( #76 ), #1089, .F. ) ;
#2116 = CARTESIAN_POINT ( 'NONE',  ( -8.363699806487488786, -18.78337021127079254, 8.631000000000000227 ) ) ;
#2117 = CARTESIAN_POINT ( 'NONE',  ( 20.93663917186203349, 1.726690403594030476, 8.631000000000000227 ) ) ;
#2118 = ORIENTED_EDGE ( 'NONE', *, *, #4798, .F. ) ;
#2119 = CARTESIAN_POINT ( 'NONE',  ( 2.500000000000000000, 0.000000000000000000, 0.2560000000000005604 ) ) ;
#2120 = CARTESIAN_POINT ( 'NONE',  ( 0.3589607364893719899, 10.43056367081176639, 2.974238768442603487 ) ) ;
#2121 = PLANE ( 'NONE',  #1210 ) ;
#2122 = CARTESIAN_POINT ( 'NONE',  ( 25.01005285694785130, 0.8374367091044628841, 11.80600000000000094 ) ) ;
#2123 = CARTESIAN_POINT ( 'NONE',  ( 20.92266734777798831, -0.7550195714615791642, -15.44909999999999961 ) ) ;
#2124 = ORIENTED_EDGE ( 'NONE', *, *, #6170, .T. ) ;
#2125 = CARTESIAN_POINT ( 'NONE',  ( 12.23136522421902050, -14.13819087348772641, 10.25984305183090584 ) ) ;
#2126 = ORIENTED_EDGE ( 'NONE', *, *, #798, .T. ) ;
#2127 = CARTESIAN_POINT ( 'NONE',  ( -3.456395464362695069, 8.818556930000680083, -7.318099999999999383 ) ) ;
#2128 = ORIENTED_EDGE ( 'NONE', *, *, #6454, .F. ) ;
#2129 = CARTESIAN_POINT ( 'NONE',  ( -5.603345093216948847, -10.05485579300198928, 11.05600000209201994 ) ) ;
#2130 = CARTESIAN_POINT ( 'NONE',  ( 20.56924315454807228, 4.233520841936097234, 3.174999999999999822 ) ) ;
#2131 = VERTEX_POINT ( 'NONE', #2786 ) ;
#2132 = CARTESIAN_POINT ( 'NONE',  ( 16.43061027236880633, 1.087556556611547487, -5.787905999999999551 ) ) ;
#2133 = CARTESIAN_POINT ( 'NONE',  ( -11.03479504990174931, -8.606588811822936336, 14.48100000000000165 ) ) ;
#2134 = CARTESIAN_POINT ( 'NONE',  ( -38.87205052441449737, 33.52680027512989369, 11.80599999999999206 ) ) ;
#2135 = CARTESIAN_POINT ( 'NONE',  ( 2.229183074677310028, -13.76562875766001781, 11.80600000000000094 ) ) ;
#2136 = CARTESIAN_POINT ( 'NONE',  ( -14.77590818043406706, -5.254463951042881220, -5.730599999999993699 ) ) ;
#2137 = FACE_OUTER_BOUND ( 'NONE', #4014, .T. ) ;
#2138 = DIRECTION ( 'NONE',  ( -0.000000000000000000, -0.000000000000000000, -1.000000000000000000 ) ) ;
#2139 = ORIENTED_EDGE ( 'NONE', *, *, #2044, .F. ) ;
#2140 = CARTESIAN_POINT ( 'NONE',  ( -12.43509219111392561, -10.73916956584620408, -4.909268065131399794 ) ) ;
#2141 = CARTESIAN_POINT ( 'NONE',  ( -13.35042394584824166, -13.78302038808278418, -8.905600000000001515 ) ) ;
#2142 = CARTESIAN_POINT ( 'NONE',  ( 24.41231104288262443, 3.775411083464547790, 8.630999999999927397 ) ) ;
#2143 = CARTESIAN_POINT ( 'NONE',  ( -12.46550433297840144, -15.60074589974338011, 8.631000000000000227 ) ) ;
#2144 = CARTESIAN_POINT ( 'NONE',  ( 2.500000000000000000, 3.061616997868383141E-16, -8.949100000000001387 ) ) ;
#2145 = CARTESIAN_POINT ( 'NONE',  ( 2.310720785006328271, -12.14010762276945243, 9.419795200082811348 ) ) ;
#2146 = ORIENTED_EDGE ( 'NONE', *, *, #6660, .T. ) ;
#2147 = AXIS2_PLACEMENT_3D ( 'NONE', #2204, #4451, #6699 ) ;
#2148 = CARTESIAN_POINT ( 'NONE',  ( -12.84262684711184477, -12.49349414319996932, 3.174999999999999822 ) ) ;
#2149 = CARTESIAN_POINT ( 'NONE',  ( -48.86279541950757732, 23.23735313982445305, 8.631000000000032202 ) ) ;
#2150 = DIRECTION ( 'NONE',  ( -1.000000000000000000, 0.000000000000000000, 0.000000000000000000 ) ) ;
#2151 = CARTESIAN_POINT ( 'NONE',  ( 28.31198947043230518, 0.6227037764108300788, 14.98099999999999987 ) ) ;
#2152 = VERTEX_POINT ( 'NONE', #1788 ) ;
#2153 = CARTESIAN_POINT ( 'NONE',  ( -2.500000000000000000, 0.000000000000000000, -7.949100000000000499 ) ) ;
#2154 = CARTESIAN_POINT ( 'NONE',  ( 15.66825977578571383, -13.64068271913559904, -5.730599999999998140 ) ) ;
#2155 = CARTESIAN_POINT ( 'NONE',  ( 5.195052038020705254, -12.90835459777834870, 12.55600000000000094 ) ) ;
#2156 = CARTESIAN_POINT ( 'NONE',  ( 8.110213314787003469, -12.05396096807256257, 11.80600000000000271 ) ) ;
#2157 = VECTOR ( 'NONE', #5059, 1000.000000000000000 ) ;
#2158 = EDGE_CURVE ( 'NONE', #6988, #1086, #777, .T. ) ;
#2159 = CARTESIAN_POINT ( 'NONE',  ( 9.169603263354870748, -13.98518257472503379, 14.98100000000000875 ) ) ;
#2160 = ORIENTED_EDGE ( 'NONE', *, *, #4898, .T. ) ;
#2161 = CARTESIAN_POINT ( 'NONE',  ( -12.93972017062377056, -10.60450711455147221, -5.730599999999999028 ) ) ;
#2162 = VERTEX_POINT ( 'NONE', #3482 ) ;
#2163 = AXIS2_PLACEMENT_3D ( 'NONE', #749, #3109, #279 ) ;
#2164 = LINE ( 'NONE', #5485, #4282 ) ;
#2165 = VERTEX_POINT ( 'NONE', #4000 ) ;
#2166 = CARTESIAN_POINT ( 'NONE',  ( -11.64005917702012383, -13.71557504678705719, -7.318099999999999383 ) ) ;
#2167 = CARTESIAN_POINT ( 'NONE',  ( -11.11513831576380973, -2.846000725366038431, 8.631000000000000227 ) ) ;
#2168 = ORIENTED_EDGE ( 'NONE', *, *, #5140, .T. ) ;
#2169 = CARTESIAN_POINT ( 'NONE',  ( 10.59346216756389403, 3.276270782502480827, -5.787905999999996887 ) ) ;
#2170 = DIRECTION ( 'NONE',  ( 0.9322399881385086129, -0.3618405788679777690, 0.000000000000000000 ) ) ;
#2171 = CARTESIAN_POINT ( 'NONE',  ( -36.36428634907640145, 2.224798047900578446, 11.80599999999999916 ) ) ;
#2172 = CARTESIAN_POINT ( 'NONE',  ( 3.313884498999439376, -14.05062876676627681, 11.80600000000012528 ) ) ;
#2173 = CARTESIAN_POINT ( 'NONE',  ( 20.93640321647909985, -17.24164145425758221, -8.905600000000001515 ) ) ;
#2174 = DIRECTION ( 'NONE',  ( -0.9371590407833582104, 0.3489024681454918064, 0.000000000000000000 ) ) ;
#2175 = VECTOR ( 'NONE', #5023, 1000.000000000000227 ) ;
#2176 = EDGE_LOOP ( 'NONE', ( #3972, #243, #5061, #1391, #3377, #3488, #5251, #6073 ) ) ;
#2177 = CARTESIAN_POINT ( 'NONE',  ( -9.686569713148177385, -9.023495126771175379, 13.39349952335688521 ) ) ;
#2178 = B_SPLINE_CURVE_WITH_KNOTS ( 'NONE', 3,
 ( #4949, #5570, #2145, #4396 ),
 .UNSPECIFIED., .F., .F.,
 ( 4, 4 ),
 ( 4.823156037405204469E-05, 0.007048232585111907471 ),
 .UNSPECIFIED. ) ;
#2179 = AXIS2_PLACEMENT_3D ( 'NONE', #5429, #7022, #430 ) ;
#2180 = DIRECTION ( 'NONE',  ( -0.6427876096865352551, 0.7660444431189814551, -1.700960357273699293E-16 ) ) ;
#2181 = ADVANCED_FACE ( 'NONE', ( #6725 ), #3445, .F. ) ;
#2182 = CARTESIAN_POINT ( 'NONE',  ( 16.84548851959756277, -13.15329702478594598, 8.631000000000000227 ) ) ;
#2183 = CARTESIAN_POINT ( 'NONE',  ( -8.363699806487488786, -18.78337021127079254, 8.631000000000000227 ) ) ;
#2184 = CARTESIAN_POINT ( 'NONE',  ( 12.58662062826657291, 25.34497970708189030, 14.98099999999999454 ) ) ;
#2185 = DIRECTION ( 'NONE',  ( 0.000000000000000000, 0.000000000000000000, -1.000000000000000000 ) ) ;
#2186 = CIRCLE ( 'NONE', #4193, 0.5000000000000000000 ) ;
#2187 = CARTESIAN_POINT ( 'NONE',  ( -13.13876970357537033, -10.30639110097522249, 3.174999999999999822 ) ) ;
#2188 = CARTESIAN_POINT ( 'NONE',  ( 20.98205252773207263, -15.34149038294230216, 11.80600000000000449 ) ) ;
#2189 = PLANE ( 'NONE',  #775 ) ;
#2190 = CARTESIAN_POINT ( 'NONE',  ( -47.26318507213461118, 14.98993600145355209, 11.80599999999999739 ) ) ;
#2191 = CARTESIAN_POINT ( 'NONE',  ( 16.27238260754537436, 1.161835033355496760, -5.730367855174048231 ) ) ;
#2192 = CARTESIAN_POINT ( 'NONE',  ( 14.41385967687056358, 10.99875499968975845, 2.517435969732711776 ) ) ;
#2193 = PLANE ( 'NONE',  #6167 ) ;
#2194 = FACE_OUTER_BOUND ( 'NONE', #4336, .T. ) ;
#2195 = CARTESIAN_POINT ( 'NONE',  ( -21.90804218314094243, 32.82804663215440399, 11.80599999999999206 ) ) ;
#2196 = CARTESIAN_POINT ( 'NONE',  ( 14.25591115432482070, 24.17868099317998443, 14.98099999999999987 ) ) ;
#2197 = ORIENTED_EDGE ( 'NONE', *, *, #3207, .F. ) ;
#2198 = EDGE_CURVE ( 'NONE', #2472, #4427, #2927, .T. ) ;
#2199 = DIRECTION ( 'NONE',  ( -0.3489024681454919175, -0.9371590407833583214, 0.000000000000000000 ) ) ;
#2200 = ORIENTED_EDGE ( 'NONE', *, *, #40, .T. ) ;
#2201 = CARTESIAN_POINT ( 'NONE',  ( -9.686739635327779041, -9.024083855329822157, 9.416435412949244466 ) ) ;
#2202 = VERTEX_POINT ( 'NONE', #4440 ) ;
#2203 = CARTESIAN_POINT ( 'NONE',  ( -11.26624397905537833, -14.38126842802861916, 0.000000000000000000 ) ) ;
#2204 = CARTESIAN_POINT ( 'NONE',  ( 20.93663917186174217, 1.726690403594020928, 1.587499999999999689 ) ) ;
#2205 = ORIENTED_EDGE ( 'NONE', *, *, #2875, .F. ) ;
#2206 = DIRECTION ( 'NONE',  ( 0.9322398385716595959, -0.3618409642092588197, -0.000000000000000000 ) ) ;
#2207 = CARTESIAN_POINT ( 'NONE',  ( 20.93200881002260871, -0.8350634934407697996, -8.905600000000001515 ) ) ;
#2208 = CARTESIAN_POINT ( 'NONE',  ( -8.184316070314888947, -9.429466381433392996, 14.19556458705075919 ) ) ;
#2209 = CARTESIAN_POINT ( 'NONE',  ( 25.48455371229664124, 12.54643094582652729, 11.80599999999999739 ) ) ;
#2210 = FACE_OUTER_BOUND ( 'NONE', #3354, .T. ) ;
#2211 = CARTESIAN_POINT ( 'NONE',  ( 19.25571840595279127, -0.7094735996174597048, -5.730600000000002581 ) ) ;
#2212 = EDGE_LOOP ( 'NONE', ( #5320, #5106, #1517, #1177 ) ) ;
#2214 = EDGE_CURVE ( 'NONE', #2790, #4479, #6689, .T. ) ;
#2213 = CARTESIAN_POINT ( 'NONE',  ( -12.43641847810059353, -10.71675616231004291, -2.445386294056024035 ) ) ;
#2215 = CARTESIAN_POINT ( 'NONE',  ( -11.33310812752695540, -16.81473721259116516, -8.905600000000001515 ) ) ;
#2216 = CARTESIAN_POINT ( 'NONE',  ( 11.79159259755873990, 23.96386019914276844, 11.80599999999999383 ) ) ;
#2217 = CARTESIAN_POINT ( 'NONE',  ( 26.55051723955111598, -9.162243075185559249, 13.39349904687932202 ) ) ;
#2218 = PLANE ( 'NONE',  #5803 ) ;
#2219 = CARTESIAN_POINT ( 'NONE',  ( -3.217203034259950467, 10.42121353885704949, -8.905600000000001515 ) ) ;
#2220 = ORIENTED_EDGE ( 'NONE', *, *, #44, .T. ) ;
#2221 = CARTESIAN_POINT ( 'NONE',  ( -12.78129171708609313, -14.95043919502033880, -8.905600000000001515 ) ) ;
#2222 = B_SPLINE_CURVE_WITH_KNOTS ( 'NONE', 3,
 ( #6299, #2948, #6193, #5637, #2321, #6853, #4570, #6895, #2838, #1774, #6818, #4019, #21, #1219, #128, #5083, #4535, #3466, #58, #6783, #1740, #3987, #5712, #2357, #561, #1812 ),
 .UNSPECIFIED., .F., .F.,
 ( 4, 2, 2, 2, 2, 2, 2, 2, 2, 2, 2, 2, 4 ),
 ( 0.000000000000000000, 0.0003102742940175218407, 0.0006205485880350436814, 0.0009308228820525654137, 0.001241097176070087363, 0.001861645764105133646, 0.002482194352140180364, 0.002792468646157706107, 0.003102742940175231851, 0.003413017234192757595, 0.003723291528210282905, 0.004343840116245334393, 0.004964388704280385881 ),
 .UNSPECIFIED. ) ;
#2223 = CARTESIAN_POINT ( 'NONE',  ( 0.3071816777607088156, -13.26177876956085733, 8.631000000000000227 ) ) ;
#2224 = CARTESIAN_POINT ( 'NONE',  ( -3.930252202945376361, -14.63193367759294716, -14.44909999999999961 ) ) ;
#2225 = CARTESIAN_POINT ( 'NONE',  ( 28.77451289708931981, -5.204147292517808054, 14.98099999999996790 ) ) ;
#2226 = ORIENTED_EDGE ( 'NONE', *, *, #1556, .F. ) ;
#2227 = CARTESIAN_POINT ( 'NONE',  ( 13.31780050810802862, 11.74001846247078440, 2.517435969732711776 ) ) ;
#2228 = CARTESIAN_POINT ( 'NONE',  ( 1.589364074290109841, -19.94809778261591404, -6.524349999999999206 ) ) ;
#2229 = CARTESIAN_POINT ( 'NONE',  ( 6.357654241726757860, -13.22022809262043097, 11.05600000000000271 ) ) ;
#2230 = CARTESIAN_POINT ( 'NONE',  ( 10.04801900769776779, 24.87379885554348746, 11.80599999999999383 ) ) ;
#2231 = DIRECTION ( 'NONE',  ( -0.000000000000000000, -0.000000000000000000, -1.000000000000000000 ) ) ;
#2232 = ORIENTED_EDGE ( 'NONE', *, *, #3560, .F. ) ;
#2233 = CARTESIAN_POINT ( 'NONE',  ( -12.37374037185547948, -11.35157689918100488, -3.658688104179898204 ) ) ;
#2234 = VERTEX_POINT ( 'NONE', #3379 ) ;
#2235 = CARTESIAN_POINT ( 'NONE',  ( -13.17752047189650888, -10.02670388655294964, -5.730599999999999028 ) ) ;
#2236 = ORIENTED_EDGE ( 'NONE', *, *, #3248, .T. ) ;
#2237 = FACE_OUTER_BOUND ( 'NONE', #2599, .T. ) ;
#2238 = DIRECTION ( 'NONE',  ( -0.7071067811865487940, 8.659560562354950115E-17, 0.7071067811865463515 ) ) ;
#2239 = ORIENTED_EDGE ( 'NONE', *, *, #580, .F. ) ;
#2240 = EDGE_CURVE ( 'NONE', #2356, #3314, #6399, .T. ) ;
#2241 = DIRECTION ( 'NONE',  ( 1.000000000000000000, 0.000000000000000000, 0.000000000000000000 ) ) ;
#2242 = CARTESIAN_POINT ( 'NONE',  ( -1.501048752687703436, 33.03278635709281730, 11.80599999999999206 ) ) ;
#2243 = CARTESIAN_POINT ( 'NONE',  ( -11.99806174057024322, -12.91952626055577369, -7.525923668096174524 ) ) ;
#2244 = DIRECTION ( 'NONE',  ( 1.098594435088512496E-16, 2.950846729373555806E-16, 1.000000000000000000 ) ) ;
#2245 = ORIENTED_EDGE ( 'NONE', *, *, #5084, .T. ) ;
#2246 = DIRECTION ( 'NONE',  ( 1.000000000000000000, 0.000000000000000000, 0.000000000000000000 ) ) ;
#2247 = ADVANCED_FACE ( 'NONE', ( #3929 ), #5616, .F. ) ;
#2248 = EDGE_CURVE ( 'NONE', #3750, #2162, #3, .T. ) ;
#2249 = CARTESIAN_POINT ( 'NONE',  ( -12.33600428196067966, -13.78119784011711779, -8.905600000000001515 ) ) ;
#2250 = CARTESIAN_POINT ( 'NONE',  ( -39.73768208424982618, 9.451145619418195309, 11.80599999999999739 ) ) ;
#2251 = CARTESIAN_POINT ( 'NONE',  ( 20.93663917186206191, -3.040034490371304798, -15.44909999999999961 ) ) ;
#2252 = CARTESIAN_POINT ( 'NONE',  ( 23.33091368197174020, 13.91566868371786825, 13.39349904687931669 ) ) ;
#2253 = CARTESIAN_POINT ( 'NONE',  ( 16.26006794873449124, 1.166378918243364593, -7.318099999999999383 ) ) ;
#2254 = CARTESIAN_POINT ( 'NONE',  ( 5.597675635162193686, -22.28684165454750143, 0.7942348351279164831 ) ) ;
#2255 = ORIENTED_EDGE ( 'NONE', *, *, #1033, .T. ) ;
#2256 = CARTESIAN_POINT ( 'NONE',  ( -13.17637683160067930, -14.26712168308213968, 3.174999999999999822 ) ) ;
#2257 = CARTESIAN_POINT ( 'NONE',  ( -7.829001583366465233, -11.15330637801602798, 11.80600000000000271 ) ) ;
#2258 = B_SPLINE_CURVE_WITH_KNOTS ( 'NONE', 3,
 ( #2777, #1079, #6163, #426, #3182, #5535, #1672, #494, #2112, #3330, #4880, #1523, #4361, #5504 ),
 .UNSPECIFIED., .F., .F.,
 ( 4, 2, 2, 2, 2, 2, 4 ),
 ( 0.5369844867700626079, 0.5797849272169965928, 0.7086012958000008632, 0.8373685893390852009, 0.9402666091889635425, 0.9975972655642209030, 0.9999999964652235285 ),
 .UNSPECIFIED. ) ;
#2259 = CARTESIAN_POINT ( 'NONE',  ( -14.01081225731631186, -8.662863822892155952, 8.631000000000000227 ) ) ;
#2260 = CARTESIAN_POINT ( 'NONE',  ( 12.74199028093019237, -16.33159447792379382, 14.98099999999976717 ) ) ;
#2261 = AXIS2_PLACEMENT_3D ( 'NONE', #2721, #3388, #6625 ) ;
#2262 = CARTESIAN_POINT ( 'NONE',  ( 17.63675259740917411, 7.377901119531988350, 2.517435969732711776 ) ) ;
#2263 = CARTESIAN_POINT ( 'NONE',  ( 4.565458968152779740, -12.74065375098221331, 14.19749340560390038 ) ) ;
#2264 = DIRECTION ( 'NONE',  ( -0.000000000000000000, -0.000000000000000000, -1.000000000000000000 ) ) ;
#2265 = CARTESIAN_POINT ( 'NONE',  ( 22.32431652841541947, -10.97356072241889713, 11.80600000000000271 ) ) ;
#2266 = VECTOR ( 'NONE', #3761, 1000.000000000000114 ) ;
#2267 = CARTESIAN_POINT ( 'NONE',  ( 26.55051723955111598, -9.162243075185559249, 14.98100000000000165 ) ) ;
#2268 = VERTEX_POINT ( 'NONE', #2819 ) ;
#2269 = EDGE_CURVE ( 'NONE', #4135, #3625, #3539, .T. ) ;
#2270 = DIRECTION ( 'NONE',  ( -0.9372357249148136615, 0.3486964237605598149, -0.000000000000000000 ) ) ;
#2271 = ORIENTED_EDGE ( 'NONE', *, *, #6479, .T. ) ;
#2272 = CARTESIAN_POINT ( 'NONE',  ( -12.22631926680553249, -12.33791679854705770, -5.730599999999999028 ) ) ;
#2273 = AXIS2_PLACEMENT_3D ( 'NONE', #296, #5325, #4786 ) ;
#2274 = CARTESIAN_POINT ( 'NONE',  ( -8.940015150338160410, -9.243803669068363149, 9.416435412949244466 ) ) ;
#2275 = LINE ( 'NONE', #2167, #5203 ) ;
#2276 = CARTESIAN_POINT ( 'NONE',  ( 19.34890321087421228, -3.039975800327527011, -7.318099999999999383 ) ) ;
#2277 = CARTESIAN_POINT ( 'NONE',  ( 0.000000000000000000, 0.000000000000000000, 1.256000000000000671 ) ) ;
#2278 = ORIENTED_EDGE ( 'NONE', *, *, #3781, .F. ) ;
#2279 = AXIS2_PLACEMENT_3D ( 'NONE', #713, #6235, #678 ) ;
#2280 = EDGE_CURVE ( 'NONE', #446, #6972, #4641, .T. ) ;
#2281 = CARTESIAN_POINT ( 'NONE',  ( -4.901673400653727697, -3.460288697973585847, 14.98100000000000165 ) ) ;
#2282 = CARTESIAN_POINT ( 'NONE',  ( -47.37347727263001929, 27.19531807602060169, 11.80599999999999383 ) ) ;
#2283 = CARTESIAN_POINT ( 'NONE',  ( -13.89092137571483399, -8.293294202557136785, -7.318099999999999383 ) ) ;
#2284 = VECTOR ( 'NONE', #2053, 1000.000000000000000 ) ;
#2285 = ORIENTED_EDGE ( 'NONE', *, *, #198, .T. ) ;
#2286 = CARTESIAN_POINT ( 'NONE',  ( -2.385987311968688296, 5.672132697788751621, 0.000000000000000000 ) ) ;
#2287 = CARTESIAN_POINT ( 'NONE',  ( 19.34913917186175425, -0.4710884052524587084, 0.000000000000000000 ) ) ;
#2288 = CARTESIAN_POINT ( 'NONE',  ( -34.34269062145452267, 4.697388634174215483, 8.630999999999994898 ) ) ;
#2289 = AXIS2_PLACEMENT_3D ( 'NONE', #2834, #6814, #5080 ) ;
#2290 = CARTESIAN_POINT ( 'NONE',  ( 9.776788755915752915, 13.07298447920190831, -5.730599999999999028 ) ) ;
#2291 = DIRECTION ( 'NONE',  ( -0.000000000000000000, 0.000000000000000000, -1.000000000000000000 ) ) ;
#2292 = CARTESIAN_POINT ( 'NONE',  ( 14.25591115432990641, 24.17868099317643171, 14.98099999999999454 ) ) ;
#2293 = CARTESIAN_POINT ( 'NONE',  ( 19.34913917186174359, 1.726690403718858402, 0.000000000000000000 ) ) ;
#2294 = VERTEX_POINT ( 'NONE', #6207 ) ;
#2295 = CARTESIAN_POINT ( 'NONE',  ( -10.21135826824111348, -4.292784631358589564, 2.517435969732711776 ) ) ;
#2296 = CARTESIAN_POINT ( 'NONE',  ( -5.273267697204470750, -11.77842311985290813, 11.80600000000000271 ) ) ;
#2297 = AXIS2_PLACEMENT_3D ( 'NONE', #562, #2180, #3878 ) ;
#2298 = DIRECTION ( 'NONE',  ( -0.3489024681454919175, -0.9371590407833583214, 0.000000000000000000 ) ) ;
#2299 = CARTESIAN_POINT ( 'NONE',  ( -44.97519480863827113, 29.96679013402548364, 11.80599999999999383 ) ) ;
#2300 = VECTOR ( 'NONE', #567, 1000.000000000000000 ) ;
#2301 = CARTESIAN_POINT ( 'NONE',  ( 7.202779167234850455, 13.23207438965887839, 1.587499999999999911 ) ) ;
#2302 = CARTESIAN_POINT ( 'NONE',  ( -2.204894577754121343, -10.96236130471560521, 14.19556458705075919 ) ) ;
#2303 = CARTESIAN_POINT ( 'NONE',  ( -11.19984111205484112, -5.893991113273186144, 1.587499999999999911 ) ) ;
#2304 = EDGE_CURVE ( 'NONE', #7179, #3544, #4758, .T. ) ;
#2305 = CARTESIAN_POINT ( 'NONE',  ( 15.09618207182342786, 21.65501198132387373, 8.630999999999993122 ) ) ;
#2306 = DIRECTION ( 'NONE',  ( 0.000000000000000000, 0.000000000000000000, -1.000000000000000000 ) ) ;
#2307 = ORIENTED_EDGE ( 'NONE', *, *, #466, .F. ) ;
#2308 = CARTESIAN_POINT ( 'NONE',  ( -12.37769168844976519, -11.32289868113006825, -3.556678713436731698 ) ) ;
#2309 = ORIENTED_EDGE ( 'NONE', *, *, #4603, .F. ) ;
#2310 = CARTESIAN_POINT ( 'NONE',  ( -12.35431845283325636, -8.700216048916015410, 0.000000000000000000 ) ) ;
#2311 = CARTESIAN_POINT ( 'NONE',  ( -14.18107549159889480, 6.503101194155323839, -8.905599999999999739 ) ) ;
#2312 = CARTESIAN_POINT ( 'NONE',  ( -4.229680485270201906, 3.331080792520063838, -8.392798589917475082E-26 ) ) ;
#2313 = CARTESIAN_POINT ( 'NONE',  ( -0.9617993293322363302, -19.84280983452505609, -8.116286666566574937 ) ) ;
#2314 = CARTESIAN_POINT ( 'NONE',  ( 0.2080665626032929538, 7.396991936169377446, -5.730600000000006133 ) ) ;
#2315 = ORIENTED_EDGE ( 'NONE', *, *, #6199, .F. ) ;
#2316 = CARTESIAN_POINT ( 'NONE',  ( 0.9824406811407011553, 12.37296896113423550, 8.631000000000000227 ) ) ;
#2317 = CARTESIAN_POINT ( 'NONE',  ( 20.98205252773207263, -15.34149038294230216, 11.80600000000000449 ) ) ;
#2318 = DIRECTION ( 'NONE',  ( -1.000000000000000000, 0.000000000000000000, 0.000000000000000000 ) ) ;
#2319 = EDGE_CURVE ( 'NONE', #4135, #3815, #2854, .T. ) ;
#2320 = VERTEX_POINT ( 'NONE', #5688 ) ;
#2321 = CARTESIAN_POINT ( 'NONE',  ( -9.543108841840268752, -8.532707031250041041, 10.29930767026956140 ) ) ;
#2322 = CARTESIAN_POINT ( 'NONE',  ( -11.80572679239482881, -16.32977679705753005, -15.44909999999999961 ) ) ;
#2323 = CARTESIAN_POINT ( 'NONE',  ( -10.34038013285051782, 32.29016240817401240, 8.630999999999938055 ) ) ;
#2324 = CARTESIAN_POINT ( 'NONE',  ( 10.92614210560905086, 12.78862863666391192, -5.730599999999999028 ) ) ;
#2325 = CARTESIAN_POINT ( 'NONE',  ( -10.40640954656971040, -15.48209485088929860, 0.7942348351279164831 ) ) ;
#2326 = CARTESIAN_POINT ( 'NONE',  ( 5.462736354394249538, -12.97593693034882811, 12.55600000000000094 ) ) ;
#2327 = CARTESIAN_POINT ( 'NONE',  ( -12.45019093425498546, -10.18155529321822073, 0.006260910701518132386 ) ) ;
#2328 = ORIENTED_EDGE ( 'NONE', *, *, #3190, .T. ) ;
#2329 = CARTESIAN_POINT ( 'NONE',  ( -10.69595452903848809, -15.18652511254911097, 1.587499999999999911 ) ) ;
#2330 = CARTESIAN_POINT ( 'NONE',  ( -47.26318507213461118, 14.98993600145355209, 11.80599999999999739 ) ) ;
#2331 = EDGE_CURVE ( 'NONE', #1086, #5407, #6352, .T. ) ;
#2332 = DIRECTION ( 'NONE',  ( 0.9371590407833583214, -0.3489024681454916954, 0.000000000000000000 ) ) ;
#2333 = CARTESIAN_POINT ( 'NONE',  ( -48.86279541950757732, 23.23735313982243156, 14.98099999999995902 ) ) ;
#2334 = CARTESIAN_POINT ( 'NONE',  ( 2.103104905580117201, 12.02092821337582329, 3.174999999999999822 ) ) ;
#2335 = CARTESIAN_POINT ( 'NONE',  ( -0.4398172133138238404, -19.73135852081819763, -7.267500124630975833 ) ) ;
#2336 = CARTESIAN_POINT ( 'NONE',  ( 9.397507839418620890, 3.830189564210895181, -5.730599999999997252 ) ) ;
#2337 = CARTESIAN_POINT ( 'NONE',  ( 6.400655110004744408, -11.58547895595570765, 8.630999999999419359 ) ) ;
#2338 = CARTESIAN_POINT ( 'NONE',  ( -14.29269913100855405, -7.137698134232686620, 0.000000000000000000 ) ) ;
#2339 = ORIENTED_EDGE ( 'NONE', *, *, #2752, .T. ) ;
#2340 = EDGE_CURVE ( 'NONE', #3197, #966, #5575, .T. ) ;
#2341 = CARTESIAN_POINT ( 'NONE',  ( -6.000000000000000888, 0.000000000000000000, -11.44909999999999961 ) ) ;
#2342 = CARTESIAN_POINT ( 'NONE',  ( 4.565458968152779740, -12.74065375098221331, 14.19749340560390038 ) ) ;
#2343 = ORIENTED_EDGE ( 'NONE', *, *, #6170, .F. ) ;
#2344 = DIRECTION ( 'NONE',  ( -0.3489024681454918619, -0.9371590407833582104, -0.000000000000000000 ) ) ;
#2345 = B_SPLINE_CURVE_WITH_KNOTS ( 'NONE', 3,
 ( #1817, #7074, #1375, #5417, #3064 ),
 .UNSPECIFIED., .F., .F.,
 ( 4, 1, 4 ),
 ( 0.8409330947970671266, 0.9381560045431773798, 0.9591136850555620486 ),
 .UNSPECIFIED. ) ;
#2346 = CARTESIAN_POINT ( 'NONE',  ( -0.4570599810652384853, -8.455613107069483547, 1.550900000000002610 ) ) ;
#2347 = DIRECTION ( 'NONE',  ( -0.9371590407833582104, 0.3489024681454917509, 0.000000000000000000 ) ) ;
#2348 = CARTESIAN_POINT ( 'NONE',  ( -8.075756382246241927, -18.89114725270801642, -15.44909999999999961 ) ) ;
#2349 = ADVANCED_FACE ( 'NONE', ( #6434 ), #1346, .F. ) ;
#2350 = CARTESIAN_POINT ( 'NONE',  ( 5.180366153327869760, 5.396275685792824461, -5.787906000000002216 ) ) ;
#2351 = ORIENTED_EDGE ( 'NONE', *, *, #5262, .T. ) ;
#2352 = CARTESIAN_POINT ( 'NONE',  ( 20.93663917186202994, 1.726690403590434686, 3.174999999999999822 ) ) ;
#2353 = CARTESIAN_POINT ( 'NONE',  ( -38.87205052441449737, 33.52680027512989369, 11.80599999999999206 ) ) ;
#2354 = CIRCLE ( 'NONE', #4860, 0.5000000000000000000 ) ;
#2355 = DIRECTION ( 'NONE',  ( 0.9371590407833583214, -0.3489024681454916954, 0.000000000000000000 ) ) ;
#2356 = VERTEX_POINT ( 'NONE', #1385 ) ;
#2357 = CARTESIAN_POINT ( 'NONE',  ( -9.569980510478147906, -8.624637980542914306, 13.35240120309828527 ) ) ;
#2358 = FACE_OUTER_BOUND ( 'NONE', #5192, .T. ) ;
#2359 = CARTESIAN_POINT ( 'NONE',  ( 12.74199028092864694, -16.33159447792379382, 8.630999999999465544 ) ) ;
#2360 = CARTESIAN_POINT ( 'NONE',  ( 19.34913917407838468, 2.669487341995716356, 1.587499999999999911 ) ) ;
#2361 = CARTESIAN_POINT ( 'NONE',  ( 5.979130371550699152, -0.5000000000000015543, 14.48099999999999987 ) ) ;
#2362 = CARTESIAN_POINT ( 'NONE',  ( 19.67346976725517038, 19.47390449454815808, 14.98099999999999454 ) ) ;
#2363 = CARTESIAN_POINT ( 'NONE',  ( 6.358563739839704354, -13.21675123544820529, 12.55600000000000094 ) ) ;
#2364 = ORIENTED_EDGE ( 'NONE', *, *, #5549, .F. ) ;
#2365 = CARTESIAN_POINT ( 'NONE',  ( -9.392557478943123428, -16.42452542160102880, 2.517435969732711776 ) ) ;
#2366 = CARTESIAN_POINT ( 'NONE',  ( 0.000000000000000000, 0.000000000000000000, -8.949100000000001387 ) ) ;
#2367 = CARTESIAN_POINT ( 'NONE',  ( -3.764673518677131625, -20.49267306973825242, -14.44909999999999961 ) ) ;
#2368 = CARTESIAN_POINT ( 'NONE',  ( -25.19530689742510177, -5.040814917066635203, 14.98100000000000165 ) ) ;
#2369 =( BOUNDED_SURFACE ( )  B_SPLINE_SURFACE ( 3, 3, ( 
 ( #385, #7080, #2589, #3664, #5281, #246, #7049, #6498, #322, #5390, #3110, #2045, #2554, #3069, #1450, #4809, #6976, #353, #2010, #3698, #2623, #1489 ),
 ( #5949, #5907, #4326, #4182, #4876, #5983, #1520, #5312, #790, #902, #6568, #1974, #5423, #2077, #7119, #3036, #860, #3765, #935, #5871, #2512, #6428 ),
 ( #3148, #4255, #1381, #4840, #4292, #6533, #2477, #3178, #3628, #825, #4730, #280, #4771, #7015, #4221, #6464, #2249, #7153, #7187, #1705, #6712, #5461 ),
 ( #5530, #6049, #1667, #5565, #1043, #527, #6158, #1114, #6013, #2215, #1008, #22, #3802, #3325, #3290, #4429, #5055, #2141, #6676, #2773, #6639, #456 ) ),
 .UNSPECIFIED., .F., .F., .T. ) 
 B_SPLINE_SURFACE_WITH_KNOTS ( ( 4, 4 ),
 ( 4, 2, 2, 2, 2, 2, 2, 2, 2, 2, 4 ),
 ( 0.000000000000000000, 1.000000000000000000 ),
 ( 0.8588486556437868735, 0.8716853858841903113, 0.8899009454731731106, 0.9044730433523903157, 0.9226813626088121723, 0.9408997517909335473, 0.9591210407714405584, 0.9773353880055931642, 0.9918904835717163859, 1.000000000000000000, 1.003592095398861739 ),
 .UNSPECIFIED. ) 
 GEOMETRIC_REPRESENTATION_ITEM ( )  RATIONAL_B_SPLINE_SURFACE ( (
 ( 1.000000000000000000, 1.000000000000000000, 1.000000000000000000, 1.000000000000000000, 1.000000000000000000, 1.000000000000000000, 1.000000000000000000, 1.000000000000000000, 1.000000000000000000, 1.000000000000000000, 1.000000000000000000, 1.000000000000000000, 1.000000000000000000, 1.000000000000000000, 1.000000000000000000, 1.000000000000000000, 1.000000000000000000, 1.000000000000000000, 1.000000000000000000, 1.000000000000000000, 1.000000000000000000, 1.000000000000000000),
 ( 0.8047378541243648264, 0.8047378541243648264, 0.8047378541243648264, 0.8047378541243648264, 0.8047378541243648264, 0.8047378541243648264, 0.8047378541243648264, 0.8047378541243648264, 0.8047378541243648264, 0.8047378541243648264, 0.8047378541243648264, 0.8047378541243648264, 0.8047378541243648264, 0.8047378541243648264, 0.8047378541243648264, 0.8047378541243648264, 0.8047378541243648264, 0.8047378541243648264, 0.8047378541243648264, 0.8047378541243648264, 0.8047378541243648264, 0.8047378541243648264),
 ( 0.8047378541243648264, 0.8047378541243648264, 0.8047378541243648264, 0.8047378541243648264, 0.8047378541243648264, 0.8047378541243648264, 0.8047378541243648264, 0.8047378541243648264, 0.8047378541243648264, 0.8047378541243648264, 0.8047378541243648264, 0.8047378541243648264, 0.8047378541243648264, 0.8047378541243648264, 0.8047378541243648264, 0.8047378541243648264, 0.8047378541243648264, 0.8047378541243648264, 0.8047378541243648264, 0.8047378541243648264, 0.8047378541243648264, 0.8047378541243648264),
 ( 1.000000000000000000, 1.000000000000000000, 1.000000000000000000, 1.000000000000000000, 1.000000000000000000, 1.000000000000000000, 1.000000000000000000, 1.000000000000000000, 1.000000000000000000, 1.000000000000000000, 1.000000000000000000, 1.000000000000000000, 1.000000000000000000, 1.000000000000000000, 1.000000000000000000, 1.000000000000000000, 1.000000000000000000, 1.000000000000000000, 1.000000000000000000, 1.000000000000000000, 1.000000000000000000, 1.000000000000000000) ) ) 
 REPRESENTATION_ITEM ( '' )  SURFACE ( )  );
#2370 = EDGE_CURVE ( 'NONE', #5968, #6164, #992, .T. ) ;
#2371 = CARTESIAN_POINT ( 'NONE',  ( 7.753399129574218840, -13.58281354763943405, 10.21850000016612192 ) ) ;
#2372 = CARTESIAN_POINT ( 'NONE',  ( 17.21994782483925235, 8.021164140500950168, 1.587499999999999911 ) ) ;
#2373 = CARTESIAN_POINT ( 'NONE',  ( -10.21135826824090209, -4.292784631358305347, -5.730599999999999028 ) ) ;
#2374 = CARTESIAN_POINT ( 'NONE',  ( 3.579375667900573266, -10.83729641830301382, 8.631000000000000227 ) ) ;
#2375 = ORIENTED_EDGE ( 'NONE', *, *, #5352, .F. ) ;
#2376 = CARTESIAN_POINT ( 'NONE',  ( -14.66956674034015862, -5.694116509850370988, -7.318099999999999383 ) ) ;
#2377 = ORIENTED_EDGE ( 'NONE', *, *, #3073, .F. ) ;
#2378 = CARTESIAN_POINT ( 'NONE',  ( -16.87260717593671444, 34.45333303647404222, 13.39349904687931314 ) ) ;
#2379 = AXIS2_PLACEMENT_3D ( 'NONE', #3712, #367, #5369 ) ;
#2380 = DIRECTION ( 'NONE',  ( 6.605826996519679838E-15, -1.000000000000000000, 0.000000000000000000 ) ) ;
#2381 = ORIENTED_EDGE ( 'NONE', *, *, #3505, .T. ) ;
#2382 = CARTESIAN_POINT ( 'NONE',  ( -30.03296279907226207, 0.000000000000000000, 14.98099999999999810 ) ) ;
#2383 = CARTESIAN_POINT ( 'NONE',  ( 0.000000000000000000, 0.000000000000000000, 3.756000000000000671 ) ) ;
#2384 = CARTESIAN_POINT ( 'NONE',  ( -8.184316070316237202, -9.429466381432716204, 11.05600000209201994 ) ) ;
#2385 = CARTESIAN_POINT ( 'NONE',  ( -24.55684320421645239, -3.562309850401219169, 8.631000000000000227 ) ) ;
#2386 = AXIS2_PLACEMENT_3D ( 'NONE', #3322, #967, #6011 ) ;
#2387 = FACE_OUTER_BOUND ( 'NONE', #4766, .T. ) ;
#2388 = ORIENTED_EDGE ( 'NONE', *, *, #6557, .T. ) ;
#2389 = CARTESIAN_POINT ( 'NONE',  ( 8.592382235092802745, 14.87245495631250769, 3.174999999999999822 ) ) ;
#2390 = CARTESIAN_POINT ( 'NONE',  ( 20.98205252773206908, -15.34149038294230394, 14.98100000000000520 ) ) ;
#2391 = AXIS2_PLACEMENT_3D ( 'NONE', #5892, #2575, #3535 ) ;
#2392 = DIRECTION ( 'NONE',  ( -1.000000000000000000, 0.000000000000000000, 0.000000000000000000 ) ) ;
#2393 = ORIENTED_EDGE ( 'NONE', *, *, #3058, .F. ) ;
#2394 = CARTESIAN_POINT ( 'NONE',  ( -6.745295863755818466, 9.248437319659551292, -5.730599999999999028 ) ) ;
#2395 = CIRCLE ( 'NONE', #3926, 1.499999999999999556 ) ;
#2396 = CARTESIAN_POINT ( 'NONE',  ( -9.599430291588570086, -7.402616337826811055, 8.631000000000000227 ) ) ;
#2397 = CARTESIAN_POINT ( 'NONE',  ( -2.204894577754120011, -10.96236130471560521, 12.55599999790798549 ) ) ;
#2398 = CARTESIAN_POINT ( 'NONE',  ( -1.154864917356221987, -10.32993118863620019, -2.449099999999997390 ) ) ;
#2399 = ORIENTED_EDGE ( 'NONE', *, *, #6859, .T. ) ;
#2400 = VECTOR ( 'NONE', #3857, 1000.000000000000114 ) ;
#2401 = CARTESIAN_POINT ( 'NONE',  ( -0.7382928528652021871, 7.764312843947697829, -5.730599999999999028 ) ) ;
#2402 = ORIENTED_EDGE ( 'NONE', *, *, #1843, .F. ) ;
#2403 = CARTESIAN_POINT ( 'NONE',  ( -10.55765160132026281, -4.814631706476139250, 1.587499999999999911 ) ) ;
#2404 = PLANE ( 'NONE',  #1698 ) ;
#2405 = EDGE_CURVE ( 'NONE', #1956, #4487, #4074, .T. ) ;
#2406 = VECTOR ( 'NONE', #4909, 1000.000000000000000 ) ;
#2407 = CARTESIAN_POINT ( 'NONE',  ( -0.4570599810652384853, -8.455613107069483547, 1.550900000000002610 ) ) ;
#2408 = CARTESIAN_POINT ( 'NONE',  ( -48.95355762924555165, 21.84880566579361982, 14.98099999999996790 ) ) ;
#2409 = CARTESIAN_POINT ( 'NONE',  ( -16.43012180872675287, -4.901778099245506226, -15.44909999999999961 ) ) ;
#2410 = AXIS2_PLACEMENT_3D ( 'NONE', #4686, #5129, #98 ) ;
#2411 = DIRECTION ( 'NONE',  ( 2.940280123376409676E-16, 1.050218897352778573E-15, -1.000000000000000000 ) ) ;
#2412 = CARTESIAN_POINT ( 'NONE',  ( -7.423976947039199636, -17.43869423891718995, 1.587499999999999911 ) ) ;
#2413 = CARTESIAN_POINT ( 'NONE',  ( -12.07136088887016534, -6.579286415174190772, 11.80600000000000094 ) ) ;
#2414 = VERTEX_POINT ( 'NONE', #718 ) ;
#2415 = ADVANCED_FACE ( 'NONE', ( #5209, #2963 ), #179, .T. ) ;
#2416 =( BOUNDED_SURFACE ( )  B_SPLINE_SURFACE ( 3, 3, ( 
 ( #4245, #1851, #5340, #1403 ),
 ( #5302, #3686, #6487, #7039 ),
 ( #269, #2500, #6453, #2465 ),
 ( #815, #5782, #236, #3026 ),
 ( #4830, #3652, #1293, #5269 ),
 ( #1883, #6337, #1963, #6415 ),
 ( #6371, #3097, #3537, #738 ) ),
 .UNSPECIFIED., .F., .F., .T. ) 
 B_SPLINE_SURFACE_WITH_KNOTS ( ( 4, 3, 4 ),
 ( 4, 4 ),
 ( 0.000000000000000000, 1.000000000000000000, 1.010000000000000009 ),
 ( 0.000000000000000000, 1.000000000000000000 ),
 .UNSPECIFIED. ) 
 GEOMETRIC_REPRESENTATION_ITEM ( )  RATIONAL_B_SPLINE_SURFACE ( (
 ( 1.000000000000000000, 0.9444115773356837051, 0.9444115773356837051, 1.000000000000000000),
 ( 0.8047378541243648264, 0.7600037461553247331, 0.7600037461553247331, 0.8047378541243648264),
 ( 0.8047378541243648264, 0.7600037461553247331, 0.7600037461553247331, 0.8047378541243648264),
 ( 1.000000000000000000, 0.9444115773356837051, 0.9444115773356837051, 1.000000000000000000),
 ( 1.000000000000000000, 0.9444115773356837051, 0.9444115773356837051, 1.000000000000000000),
 ( 1.000000000000000000, 0.9444115773356837051, 0.9444115773356837051, 1.000000000000000000),
 ( 1.000000000000000000, 0.9444115773356837051, 0.9444115773356837051, 1.000000000000000000) ) ) 
 REPRESENTATION_ITEM ( '' )  SURFACE ( )  );
#2417 = CARTESIAN_POINT ( 'NONE',  ( -3.731075803028095272, 8.918831801194977871, 0.000000000000000000 ) ) ;
#2418 = ORIENTED_EDGE ( 'NONE', *, *, #3747, .T. ) ;
#2419 = AXIS2_PLACEMENT_3D ( 'NONE', #870, #3773, #978 ) ;
#2420 = CARTESIAN_POINT ( 'NONE',  ( -9.578135136534109861, -18.18592566192090487, -15.44910000000000139 ) ) ;
#2421 = CARTESIAN_POINT ( 'NONE',  ( -12.41495443669749577, -11.01039929508876014, -1.896357867111396311 ) ) ;
#2422 = EDGE_LOOP ( 'NONE', ( #6880, #4273, #2128, #5613, #2200, #3301 ) ) ;
#2423 = DIRECTION ( 'NONE',  ( 6.550624015266702829E-15, -1.000000000000000000, 0.000000000000000000 ) ) ;
#2424 = CARTESIAN_POINT ( 'NONE',  ( 2.500000000000000000, 0.000000000000000000, 1.256000000000000671 ) ) ;
#2425 = CARTESIAN_POINT ( 'NONE',  ( 1.762669350009652192, 10.85684839896405407, 1.587499999999999689 ) ) ;
#2426 = CARTESIAN_POINT ( 'NONE',  ( 4.565458974024221739, -12.74065372858485290, 11.05600000000000271 ) ) ;
#2427 = EDGE_CURVE ( 'NONE', #2827, #2458, #6389, .T. ) ;
#2428 = ORIENTED_EDGE ( 'NONE', *, *, #4548, .F. ) ;
#2429 = CARTESIAN_POINT ( 'NONE',  ( -9.686739635327779041, -9.024083855329820381, 12.55599999790798371 ) ) ;
#2430 = CARTESIAN_POINT ( 'NONE',  ( 27.22101982593339287, 6.353276422773165066, 14.98099999999999987 ) ) ;
#2431 = CARTESIAN_POINT ( 'NONE',  ( 12.79102231299379611, 12.00680846271314550, 0.000000000000000000 ) ) ;
#2432 = ORIENTED_EDGE ( 'NONE', *, *, #2570, .F. ) ;
#2433 = CARTESIAN_POINT ( 'NONE',  ( 19.34889959029641204, -0.9653011729014830955, -5.730599999999998140 ) ) ;
#2434 = CARTESIAN_POINT ( 'NONE',  ( 2.914358635773569794, 29.94036153015169432, 14.98099999999999632 ) ) ;
#2435 = CARTESIAN_POINT ( 'NONE',  ( 27.22101982593339287, 6.353276422773165066, 8.630999999999994898 ) ) ;
#2436 = CARTESIAN_POINT ( 'NONE',  ( -40.67401417322093948, 6.922186682037451355, 10.21850059711604786 ) ) ;
#2437 = CARTESIAN_POINT ( 'NONE',  ( -12.90739954708480752, -5.530563158258122058, 3.174999999999999822 ) ) ;
#2438 = DIRECTION ( 'NONE',  ( -0.000000000000000000, -0.000000000000000000, -1.000000000000000000 ) ) ;
#2439 = ADVANCED_FACE ( 'NONE', ( #5316 ), #6802, .F. ) ;
#2440 = EDGE_LOOP ( 'NONE', ( #2054, #6599, #7131, #3254 ) ) ;
#2441 = CARTESIAN_POINT ( 'NONE',  ( 25.33973514159382034, 8.069949888297896834, 8.630999999999998451 ) ) ;
#2442 = CARTESIAN_POINT ( 'NONE',  ( 14.25591115407787335, 24.17868099335252197, 10.21850059711604430 ) ) ;
#2443 = CARTESIAN_POINT ( 'NONE',  ( -0.8871288235855981918, -19.64224335555378076, -7.318099999999999383 ) ) ;
#2444 = CARTESIAN_POINT ( 'NONE',  ( 15.81603941767245836, -13.23563869823644801, 14.98100000000015619 ) ) ;
#2445 = DIRECTION ( 'NONE',  ( 1.000000000000000000, 0.000000000000000000, 0.000000000000000000 ) ) ;
#2446 = CARTESIAN_POINT ( 'NONE',  ( -16.22134418876958861, -6.031798788467400918, -8.905600000000001515 ) ) ;
#2447 = DIRECTION ( 'NONE',  ( -1.000000000000000000, 0.000000000000000000, -0.000000000000000000 ) ) ;
#2448 = CARTESIAN_POINT ( 'NONE',  ( 19.34890321087421228, -1.676820398888412722, -5.730599999999999028 ) ) ;
#2449 = CARTESIAN_POINT ( 'NONE',  ( -9.599430291588571862, -7.402616337826811055, 11.80600000000000094 ) ) ;
#2450 = ORIENTED_EDGE ( 'NONE', *, *, #6765, .F. ) ;
#2451 = CARTESIAN_POINT ( 'NONE',  ( -14.05551371346926892, -7.846525016573305145, 0.000000000000000000 ) ) ;
#2452 = CARTESIAN_POINT ( 'NONE',  ( 9.144517127778286181, -13.92961177041856047, 13.39349999983438977 ) ) ;
#2453 = ORIENTED_EDGE ( 'NONE', *, *, #4207, .F. ) ;
#2454 = CARTESIAN_POINT ( 'NONE',  ( 16.79234343857311629, -14.71471317780649102, 8.631000000000003780 ) ) ;
#2455 = CARTESIAN_POINT ( 'NONE',  ( -2.204894577754120455, -10.96236130471560699, 10.21850059711605141 ) ) ;
#2456 = CARTESIAN_POINT ( 'NONE',  ( -8.369248915659845522, -1.925186736856493885, 0.000000000000000000 ) ) ;
#2457 = CARTESIAN_POINT ( 'NONE',  ( -0.9256395014569176460, -8.281161872996737117, -6.449099999999997834 ) ) ;
#2458 = VERTEX_POINT ( 'NONE', #3471 ) ;
#2459 = CARTESIAN_POINT ( 'NONE',  ( -23.43310772915992146, 34.30224345088092974, 8.630999999999993122 ) ) ;
#2460 = CARTESIAN_POINT ( 'NONE',  ( -25.19530689742510177, -5.040814917066635203, 11.80600000000000094 ) ) ;
#2461 = CARTESIAN_POINT ( 'NONE',  ( -18.90063818814644137, 33.38778806933117238, 10.21849999800213205 ) ) ;
#2462 = CARTESIAN_POINT ( 'NONE',  ( 19.77995681233372949, 6.560881805570313752, 3.174999999999999822 ) ) ;
#2463 = ORIENTED_EDGE ( 'NONE', *, *, #7121, .F. ) ;
#2464 = B_SPLINE_CURVE_WITH_KNOTS ( 'NONE', 3,
 ( #6951, #5289, #255, #5145, #1352, #4704, #2378, #3561 ),
 .UNSPECIFIED., .F., .F.,
 ( 4, 1, 1, 1, 1, 4 ),
 ( 0.3224109095203864239, 0.3548185461005952113, 0.3872261826808048868, 0.4277357284060636644, 0.4763471832763853664, 0.5079342641458755025 ),
 .UNSPECIFIED. ) ;
#2465 = CARTESIAN_POINT ( 'NONE',  ( 20.00646724069225613, -0.9952376597464305252, -8.905600000000001515 ) ) ;
#2466 = CARTESIAN_POINT ( 'NONE',  ( -14.58480082940163136, 2.174848942770986504, -8.248035969732711692 ) ) ;
#2467 = CARTESIAN_POINT ( 'NONE',  ( -20.13484170071160761, 36.03706295988247632, 8.630999999999989569 ) ) ;
#2468 = CARTESIAN_POINT ( 'NONE',  ( -3.738308430127966542, -10.09402862205215889, 11.05596718551655400 ) ) ;
#2469 = CARTESIAN_POINT ( 'NONE',  ( -10.28357375591841638, -15.61079515464957801, 1.141060912818196549 ) ) ;
#2470 = CYLINDRICAL_SURFACE ( 'NONE', #765, 3.174999999999999822 ) ;
#2471 = CARTESIAN_POINT ( 'NONE',  ( 8.252796624617600330, -13.70634334510367580, 12.55600000000000271 ) ) ;
#2472 = VERTEX_POINT ( 'NONE', #1777 ) ;
#2473 = CARTESIAN_POINT ( 'NONE',  ( 17.50201407048966118, 7.551170926126913763, 0.000000000000000000 ) ) ;
#2474 = ADVANCED_FACE ( 'NONE', ( #3400 ), #1816, .T. ) ;
#2475 = B_SPLINE_CURVE_WITH_KNOTS ( 'NONE', 3,
 ( #2910, #6892, #5600, #6816, #6850, #4567 ),
 .UNSPECIFIED., .F., .F.,
 ( 4, 2, 4 ),
 ( 0.000000000000000000, 0.5000000000000000000, 1.000000000000000000 ),
 .UNSPECIFIED. ) ;
#2476 = CARTESIAN_POINT ( 'NONE',  ( 1.298463506524899280, -11.88093877015635158, 10.21850059711605319 ) ) ;
#2477 = CARTESIAN_POINT ( 'NONE',  ( -9.557852228031087805, -17.08185590469851434, -8.905600000000001515 ) ) ;
#2478 = CARTESIAN_POINT ( 'NONE',  ( -1.501048752687702992, 33.03278635709281730, 14.98099999999999454 ) ) ;
#2479 = CARTESIAN_POINT ( 'NONE',  ( 13.31780050810802862, 11.74001846247078440, 1.587499999999999911 ) ) ;
#2480 = CARTESIAN_POINT ( 'NONE',  ( -15.31233400526487998, -5.833989089426251162, -8.905600000000001515 ) ) ;
#2481 = DIRECTION ( 'NONE',  ( 0.000000000000000000, 0.000000000000000000, -1.000000000000000000 ) ) ;
#2482 = CARTESIAN_POINT ( 'NONE',  ( 1.427386789094545971, -13.42540790871213652, 7.043499999999998984 ) ) ;
#2483 = CARTESIAN_POINT ( 'NONE',  ( -16.41965974405983175, 36.03076986445130103, 8.630999999999989569 ) ) ;
#2484 = DIRECTION ( 'NONE',  ( -0.000000000000000000, -0.000000000000000000, -1.000000000000000000 ) ) ;
#2485 = FACE_OUTER_BOUND ( 'NONE', #763, .T. ) ;
#2486 = DIRECTION ( 'NONE',  ( -0.3489024681454919175, -0.9371590407833583214, 0.000000000000000000 ) ) ;
#2487 = EDGE_LOOP ( 'NONE', ( #6472, #337 ) ) ;
#2488 = EDGE_CURVE ( 'NONE', #1298, #2131, #2871, .T. ) ;
#2489 = CARTESIAN_POINT ( 'NONE',  ( 20.93663917186203349, 1.726690404052549699, 8.631000000000000227 ) ) ;
#2490 = CARTESIAN_POINT ( 'NONE',  ( -1.301698571290259121, -20.75578602884518631, 3.133954857680982808 ) ) ;
#2491 = CARTESIAN_POINT ( 'NONE',  ( -42.00193863272112083, 7.125692526716533415, 14.98099999999999987 ) ) ;
#2492 = EDGE_CURVE ( 'NONE', #3827, #966, #4022, .T. ) ;
#2493 = ORIENTED_EDGE ( 'NONE', *, *, #1103, .T. ) ;
#2494 = CARTESIAN_POINT ( 'NONE',  ( 1.220251296353678017, -19.92648088215218749, 1.198081695999611229 ) ) ;
#2495 = CARTESIAN_POINT ( 'NONE',  ( 27.54192536631284938, 4.318195128449716869, 14.98100000000006915 ) ) ;
#2496 = CARTESIAN_POINT ( 'NONE',  ( 14.72044767618559291, 12.78361513899634794, 8.631000000000000227 ) ) ;
#2497 = AXIS2_PLACEMENT_3D ( 'NONE', #7215, #515, #3353 ) ;
#2498 = CARTESIAN_POINT ( 'NONE',  ( 0.000000000000000000, 0.000000000000000000, -11.44909999999999961 ) ) ;
#2499 = ORIENTED_EDGE ( 'NONE', *, *, #1876, .F. ) ;
#2500 = CARTESIAN_POINT ( 'NONE',  ( 19.87756626389374759, -0.3773340596505592170, -8.905600000000003291 ) ) ;
#2501 = EDGE_CURVE ( 'NONE', #3815, #1170, #1669, .T. ) ;
#2502 = TOROIDAL_SURFACE ( 'NONE', #4749, 18.51621113172949507, 1.587499999999999911 ) ;
#2503 = CARTESIAN_POINT ( 'NONE',  ( -14.58480082940116418, 2.174848942770986948, -7.318099999999999383 ) ) ;
#2504 = CARTESIAN_POINT ( 'NONE',  ( 22.08385952095340699, 18.69922293381420886, 8.630999999998609340 ) ) ;
#2505 = CARTESIAN_POINT ( 'NONE',  ( -8.008001248791618565, -8.700422693099609361, 11.36663415283823042 ) ) ;
#2506 = CARTESIAN_POINT ( 'NONE',  ( -14.99609630098027324, -0.1065345772727686047, -5.730599999999999028 ) ) ;
#2507 = DIRECTION ( 'NONE',  ( -0.3489024681454918619, -0.9371590407833582104, -0.000000000000000000 ) ) ;
#2508 = LINE ( 'NONE', #855, #5099 ) ;
#2509 = ORIENTED_EDGE ( 'NONE', *, *, #6636, .F. ) ;
#2510 = CARTESIAN_POINT ( 'NONE',  ( -1.169984487269735141, -11.23817251630137015, 10.21850059711605141 ) ) ;
#2511 = EDGE_CURVE ( 'NONE', #2564, #5217, #4399, .T. ) ;
#2512 = CARTESIAN_POINT ( 'NONE',  ( -12.03221265217366209, -12.80259548204367981, -8.248035969732711692 ) ) ;
#2513 = CARTESIAN_POINT ( 'NONE',  ( -9.599430291588570086, -7.402616337826811055, 14.98100000000000165 ) ) ;
#2514 = AXIS2_PLACEMENT_3D ( 'NONE', #2366, #5134, #1824 ) ;
#2515 = APPLICATION_CONTEXT ( 'automotive_design' ) ;
#2516 = CARTESIAN_POINT ( 'NONE',  ( 12.69427714116425321, 12.08191484158582796, 1.587499999999999911 ) ) ;
#2517 = CARTESIAN_POINT ( 'NONE',  ( -14.34324000488403605, 4.555802489076622663, -8.905600000000001515 ) ) ;
#2518 = CARTESIAN_POINT ( 'NONE',  ( 15.85082825701439724, 9.731027992418974648, 1.587499999999999911 ) ) ;
#2519 = CARTESIAN_POINT ( 'NONE',  ( -15.46356717468988684, -8.625056846427275659, -8.905599999999997962 ) ) ;
#2520 = CARTESIAN_POINT ( 'NONE',  ( 12.74199028092864694, -16.33159447792379382, 8.630999999999465544 ) ) ;
#2521 = VECTOR ( 'NONE', #6848, 1000.000000000000000 ) ;
#2522 = DIRECTION ( 'NONE',  ( 0.000000000000000000, 0.000000000000000000, 1.000000000000000000 ) ) ;
#2523 = ORIENTED_EDGE ( 'NONE', *, *, #5647, .F. ) ;
#2524 = DIRECTION ( 'NONE',  ( -1.000000000000000000, 0.000000000000000000, 0.000000000000000000 ) ) ;
#2525 = CARTESIAN_POINT ( 'NONE',  ( -0.8872122126997832314, -19.64246734039021902, 0.000000000000000000 ) ) ;
#2526 = EDGE_LOOP ( 'NONE', ( #3047, #6181, #1781, #5859, #403, #6298 ) ) ;
#2527 = AXIS2_PLACEMENT_3D ( 'NONE', #2398, #1888, #3583 ) ;
#2528 =( LENGTH_UNIT ( ) NAMED_UNIT ( * ) SI_UNIT ( .MILLI., .METRE. ) );
#2529 = ADVANCED_FACE ( 'NONE', ( #6750 ), #2844, .F. ) ;
#2530 = CARTESIAN_POINT ( 'NONE',  ( -10.94507972258137585, -14.84553058644234014, -7.318099999999999383 ) ) ;
#2531 = DIRECTION ( 'NONE',  ( 0.3489024681454918064, 0.9371590407833580993, 0.000000000000000000 ) ) ;
#2532 = EDGE_CURVE ( 'NONE', #10, #1461, #2036, .T. ) ;
#2533 = CARTESIAN_POINT ( 'NONE',  ( 15.81603941767245836, -13.23563869823644801, 14.98100000000015619 ) ) ;
#2534 = B_SPLINE_CURVE_WITH_KNOTS ( 'NONE', 3,
 ( #5092, #5823, #6825, #66 ),
 .UNSPECIFIED., .F., .F.,
 ( 4, 4 ),
 ( 0.000000000000000000, 1.000000000000000000 ),
 .UNSPECIFIED. ) ;
#2535 = AXIS2_PLACEMENT_3D ( 'NONE', #1944, #2522, #1981 ) ;
#2536 = CARTESIAN_POINT ( 'NONE',  ( 9.282536371662024166, -25.37296367564160704, -8.905600000000001515 ) ) ;
#2537 = EDGE_LOOP ( 'NONE', ( #758, #5742, #4629, #3865 ) ) ;
#2538 = CARTESIAN_POINT ( 'NONE',  ( -0.8872122126997810110, -19.64246734039021902, 1.557637554804760516 ) ) ;
#2539 = CARTESIAN_POINT ( 'NONE',  ( 22.08385952095340699, 18.69922293381420886, 14.98099999999938703 ) ) ;
#2540 = DIRECTION ( 'NONE',  ( 0.1267900593580866819, 0.4836571935244741161, 0.8660254037844399289 ) ) ;
#2541 = CIRCLE ( 'NONE', #5480, 0.4999999999999999445 ) ;
#2542 = CARTESIAN_POINT ( 'NONE',  ( 33.22189427995051147, -0.5000000000000005551, 14.48099999999999987 ) ) ;
#2543 = ORIENTED_EDGE ( 'NONE', *, *, #4512, .T. ) ;
#2544 = CARTESIAN_POINT ( 'NONE',  ( -14.94984990498404720, 0.4166052085570460806, -7.318099999999999383 ) ) ;
#2545 = CARTESIAN_POINT ( 'NONE',  ( 18.95516000675702983, 22.39092315294194080, 8.631000000001376904 ) ) ;
#2546 = CARTESIAN_POINT ( 'NONE',  ( -5.494808253699537737, -9.629092998952769378, 12.55603281448345143 ) ) ;
#2547 = DIRECTION ( 'NONE',  ( 0.3489024681454918064, 0.9371590407833582104, 0.000000000000000000 ) ) ;
#2548 = LINE ( 'NONE', #3692, #59 ) ;
#2549 = ADVANCED_FACE ( 'NONE', ( #2693 ), #6657, .T. ) ;
#2550 = CARTESIAN_POINT ( 'NONE',  ( -7.522063524368013177, -17.40308485334662691, -7.318099999999999383 ) ) ;
#2551 = ORIENTED_EDGE ( 'NONE', *, *, #273, .F. ) ;
#2552 = CARTESIAN_POINT ( 'NONE',  ( 18.95789852809766174, 3.994098913387781113, 0.000000000000000000 ) ) ;
#2553 = DIRECTION ( 'NONE',  ( 1.000000000000000000, 0.000000000000000000, 0.000000000000000000 ) ) ;
#2554 = CARTESIAN_POINT ( 'NONE',  ( -10.94507972258166895, -14.84553058644204881, -7.318099999999999383 ) ) ;
#2555 = CARTESIAN_POINT ( 'NONE',  ( -45.75774510664813022, 21.83306024433469616, 14.98099999999996790 ) ) ;
#2556 = CARTESIAN_POINT ( 'NONE',  ( -3.137392780313529972, 9.540769337480666579, -8.705060954000574114 ) ) ;
#2557 = CARTESIAN_POINT ( 'NONE',  ( -14.49808754690226742, -8.546636413958143663, -8.905600000000001515 ) ) ;
#2558 = ADVANCED_FACE ( 'NONE', ( #1231 ), #5757, .F. ) ;
#2559 = CARTESIAN_POINT ( 'NONE',  ( -16.66874587210071468, -1.737183387894205122, -15.44909999999999961 ) ) ;
#2560 = CARTESIAN_POINT ( 'NONE',  ( -30.17479237114829260, 32.77157383640863486, 8.630999999999989569 ) ) ;
#2561 = DIRECTION ( 'NONE',  ( 0.000000000000000000, 0.000000000000000000, -1.000000000000000000 ) ) ;
#2562 = ORIENTED_EDGE ( 'NONE', *, *, #5533, .T. ) ;
#2563 = FACE_OUTER_BOUND ( 'NONE', #1246, .T. ) ;
#2564 = VERTEX_POINT ( 'NONE', #4545 ) ;
#2565 = CARTESIAN_POINT ( 'NONE',  ( 18.53098685648581423, 8.919767864509516642, 3.174999999999999822 ) ) ;
#2566 = CARTESIAN_POINT ( 'NONE',  ( -16.87260717593650483, 34.45333303647404932, 10.21850059711604253 ) ) ;
#2567 = DIRECTION ( 'NONE',  ( 0.000000000000000000, 0.000000000000000000, 1.000000000000000000 ) ) ;
#2568 = CARTESIAN_POINT ( 'NONE',  ( 3.579375667900573266, -10.83729641830301382, 14.98100000000000520 ) ) ;
#2569 = B_SPLINE_CURVE_WITH_KNOTS ( 'NONE', 3,
 ( #2728, #7222, #930, #2617, #5561, #3173 ),
 .UNSPECIFIED., .F., .F.,
 ( 4, 1, 1, 4 ),
 ( 0.6067699562236369415, 0.6435218749999997989, 0.6901374999999999593, 0.7262644283705788073 ),
 .UNSPECIFIED. ) ;
#2570 = EDGE_CURVE ( 'NONE', #6144, #3281, #4580, .T. ) ;
#2571 = CARTESIAN_POINT ( 'NONE',  ( -8.370241983253714935, -9.401621569430547609, 14.98100000000000165 ) ) ;
#2572 = ORIENTED_EDGE ( 'NONE', *, *, #3957, .T. ) ;
#2573 = CARTESIAN_POINT ( 'NONE',  ( 5.089656768021824540, -10.74103297613638830, 13.00400180856847321 ) ) ;
#2574 = VERTEX_POINT ( 'NONE', #1783 ) ;
#2575 = DIRECTION ( 'NONE',  ( -0.000000000000000000, -0.000000000000000000, 1.000000000000000000 ) ) ;
#2576 = EDGE_CURVE ( 'NONE', #4427, #3833, #752, .T. ) ;
#2577 = LINE ( 'NONE', #2651, #6616 ) ;
#2578 = ORIENTED_EDGE ( 'NONE', *, *, #1719, .T. ) ;
#2579 = CARTESIAN_POINT ( 'NONE',  ( 19.34913917186175425, 0.5347141825353777245, 0.000000000000000000 ) ) ;
#2580 = CARTESIAN_POINT ( 'NONE',  ( -6.023209881023760204, 9.282090537203728786, -7.318099999999999383 ) ) ;
#2581 = CARTESIAN_POINT ( 'NONE',  ( -16.41965974405983175, 36.03076986445130103, 8.630999999999989569 ) ) ;
#2582 = DIRECTION ( 'NONE',  ( 1.000000000000000000, -5.386987605565806968E-16, 0.000000000000000000 ) ) ;
#2583 = CARTESIAN_POINT ( 'NONE',  ( -14.17272213271614945, -10.19946128823908715, 3.174999999999999822 ) ) ;
#2584 = CARTESIAN_POINT ( 'NONE',  ( -3.030030175635520351, -10.74447544034259572, 11.05600000209201994 ) ) ;
#2585 = CARTESIAN_POINT ( 'NONE',  ( -7.570452848992600181, -17.38489065580179371, -7.318099999999999383 ) ) ;
#2586 = ORIENTED_EDGE ( 'NONE', *, *, #6079, .F. ) ;
#2587 = CARTESIAN_POINT ( 'NONE',  ( -5.132726496388960946, -10.98309063169369715, 7.043499999999999872 ) ) ;
#2588 = CARTESIAN_POINT ( 'NONE',  ( -24.48110990821212596, -3.611575660193429904, 8.630999999999998451 ) ) ;
#2589 = CARTESIAN_POINT ( 'NONE',  ( -7.887386940873784447, -17.25889120507233798, -7.318099999999999383 ) ) ;
#2590 = CARTESIAN_POINT ( 'NONE',  ( 25.29135330922542479, -6.357112028259214398, 11.80600000000000094 ) ) ;
#2591 = CARTESIAN_POINT ( 'NONE',  ( -14.48958093162127092, 2.586774813474217449, -5.730600000000015015 ) ) ;
#2592 = CARTESIAN_POINT ( 'NONE',  ( -3.201721530189434173, 9.425518979934565778, -8.905600000000001515 ) ) ;
#2593 = EDGE_LOOP ( 'NONE', ( #6515, #6244, #6323, #6003 ) ) ;
#2594 = CARTESIAN_POINT ( 'NONE',  ( -15.64541451096440206, -8.115698774879561483, -15.44909999999999961 ) ) ;
#2595 = CARTESIAN_POINT ( 'NONE',  ( -12.07136088886978520, -6.579286415174191660, 8.630999999999973582 ) ) ;
#2596 = CARTESIAN_POINT ( 'NONE',  ( -4.673023078167660493, 9.158108384588148354, -7.318099999999999383 ) ) ;
#2597 = ADVANCED_FACE ( 'NONE', ( #1751 ), #3440, .T. ) ;
#2598 = FACE_OUTER_BOUND ( 'NONE', #1099, .T. ) ;
#2599 = EDGE_LOOP ( 'NONE', ( #3205, #7197, #7249, #6424, #2019, #6270 ) ) ;
#2600 = CARTESIAN_POINT ( 'NONE',  ( 12.04177671483134660, 14.08937783454801007, 3.174999999999999822 ) ) ;
#2601 = CARTESIAN_POINT ( 'NONE',  ( 6.136182451740737953, -19.59515326731768070, -5.730599999999999916 ) ) ;
#2602 = LINE ( 'NONE', #4891, #1796 ) ;
#2603 = CARTESIAN_POINT ( 'NONE',  ( 20.73429099352363991, 15.02051468739542806, 14.98099999999999632 ) ) ;
#2604 = CARTESIAN_POINT ( 'NONE',  ( 5.874447809812912702, -21.54342603158024971, -6.524349999999999206 ) ) ;
#2605 = ORIENTED_EDGE ( 'NONE', *, *, #5142, .F. ) ;
#2606 = CARTESIAN_POINT ( 'NONE',  ( -12.47876764460021981, -10.30295747460228739, 1.587499999999999911 ) ) ;
#2607 = ORIENTED_EDGE ( 'NONE', *, *, #2280, .T. ) ;
#2608 = CARTESIAN_POINT ( 'NONE',  ( -13.89092137571491747, -8.293294202556946715, -7.422930355679200787 ) ) ;
#2609 = FACE_OUTER_BOUND ( 'NONE', #4895, .T. ) ;
#2610 = ORIENTED_EDGE ( 'NONE', *, *, #5404, .F. ) ;
#2611 = CARTESIAN_POINT ( 'NONE',  ( 6.875416293625381314, 4.809117947845005681, -5.730600000000000804 ) ) ;
#2612 = CARTESIAN_POINT ( 'NONE',  ( -14.44633099061022108, 2.625710786495083049, -8.248035969732711692 ) ) ;
#2613 = CLOSED_SHELL ( 'NONE', ( #3654, #1340, #1491, #3051, #401, #979, #2115, #4374, #2672, #1200, #2034, #2797, #2349, #1193, #2558, #3392, #355, #2668, #4961, #4260, #1124, #3407, #452, #2000, #4092, #753, #2529, #3663, #5797, #5310, #4473, #3198, #2549, #1770, #556, #6811, #3803, #2618, #2636, #1568, #5630, #7252, #2247, #7086, #6902, #6927, #1810, #5179, #880, #4418, #2063, #589, #73, #5206, #2979, #126, #6584, #464, #6420, #2415, #595, #4509, #3822, #1795, #5822, #4584, #5252, #6470, #2597, #1518, #3559, #1139, #1769, #187, #7094, #1225, #6719, #2181, #377, #4279, #5722, #4257, #4403, #6157, #5574, #6116, #3645, #4645, #5257, #3041, #951, #5276, #293, #6246, #7057, #6331, #4936, #1747, #5856, #6958, #3980, #4831, #4049, #3277, #4489, #3740, #6220, #4576, #285, #5998, #532, #3268, #6540, #6264, #6847, #1967, #5811, #413, #1784, #2925, #1589, #2474, #7009, #1704, #106, #1270, #1050, #3102, #6396, #2439, #6123, #1451, #940, #5126, #2843, #2962 ) ) ;
#2614 = CARTESIAN_POINT ( 'NONE',  ( -44.97519480863827113, 29.96679013402548719, 8.630999999999989569 ) ) ;
#2615 = VECTOR ( 'NONE', #4297, 1000.000000000000000 ) ;
#2616 = CARTESIAN_POINT ( 'NONE',  ( -14.97306319652180662, 0.1017663098150139028, -5.730599999999999028 ) ) ;
#2617 = CARTESIAN_POINT ( 'NONE',  ( 6.393543959764419249, 13.15056226927246996, 0.000000000000000000 ) ) ;
#2618 = ADVANCED_FACE ( 'NONE', ( #5682 ), #4028, .F. ) ;
#2619 = CARTESIAN_POINT ( 'NONE',  ( 2.420428040132277303, -3.040034490371304798, 0.000000000000000000 ) ) ;
#2620 = VERTEX_POINT ( 'NONE', #6272 ) ;
#2621 = CARTESIAN_POINT ( 'NONE',  ( -14.48958093162127092, 2.586774813474217449, -5.730600000000015015 ) ) ;
#2622 = CONICAL_SURFACE ( 'NONE', #5207, 3.924999999999977174, 0.7853981633974442822 ) ;
#2623 = CARTESIAN_POINT ( 'NONE',  ( -12.03221265217364611, -12.80259548204371889, -7.318099999999999383 ) ) ;
#2624 = CARTESIAN_POINT ( 'NONE',  ( -0.8187890121281545808, -9.692814478654938171, 14.98100000000002119 ) ) ;
#2625 = AXIS2_PLACEMENT_3D ( 'NONE', #2720, #3693, #5944 ) ;
#2626 = CARTESIAN_POINT ( 'NONE',  ( -10.19538667417065092, 8.029393216211451190, -5.730599999999999028 ) ) ;
#2627 = LINE ( 'NONE', #3260, #5363 ) ;
#2628 = DIRECTION ( 'NONE',  ( -1.000000000000000000, 0.000000000000000000, 0.000000000000000000 ) ) ;
#2629 = CARTESIAN_POINT ( 'NONE',  ( -45.68751235600759486, 22.77985263037423636, 8.631000000000032202 ) ) ;
#2630 = VECTOR ( 'NONE', #1481, 1000.000000000000000 ) ;
#2631 = DIRECTION ( 'NONE',  ( 0.000000000000000000, 0.000000000000000000, -1.000000000000000000 ) ) ;
#2632 = CARTESIAN_POINT ( 'NONE',  ( 23.45242983988415375, 16.68862540272189676, 11.80599999999999561 ) ) ;
#2633 = EDGE_CURVE ( 'NONE', #6254, #4036, #2958, .T. ) ;
#2634 = EDGE_LOOP ( 'NONE', ( #6192, #3183, #2220, #3743, #614, #6010, #1510, #5082, #5883, #4824, #6735, #4342 ) ) ;
#2635 = CARTESIAN_POINT ( 'NONE',  ( 0.1640667377571253804, 11.45798182178021207, 3.174999999999999822 ) ) ;
#2636 = ADVANCED_FACE ( 'NONE', ( #174 ), #2404, .F. ) ;
#2637 = AXIS2_PLACEMENT_3D ( 'NONE', #6155, #5193, #3912 ) ;
#2638 = LINE ( 'NONE', #3270, #3349 ) ;
#2639 = CARTESIAN_POINT ( 'NONE',  ( 2.420428040132277303, -3.040034490371304798, 8.631000000000000227 ) ) ;
#2640 = CARTESIAN_POINT ( 'NONE',  ( 25.59606568476176136, -4.805342444251015088, 14.98099999999996790 ) ) ;
#2641 = CARTESIAN_POINT ( 'NONE',  ( -8.076743652920773897, -18.89077987542412274, -12.77409999999999890 ) ) ;
#2642 = ORIENTED_EDGE ( 'NONE', *, *, #4066, .T. ) ;
#2643 = AXIS2_PLACEMENT_3D ( 'NONE', #4351, #380, #2582 ) ;
#2644 = EDGE_CURVE ( 'NONE', #4904, #1190, #5646, .T. ) ;
#2645 = AXIS2_PLACEMENT_3D ( 'NONE', #241, #2507, #5976 ) ;
#2646 = DIRECTION ( 'NONE',  ( 1.000000000000000000, 0.000000000000000000, 0.000000000000000000 ) ) ;
#2647 = ORIENTED_EDGE ( 'NONE', *, *, #6097, .F. ) ;
#2648 = CYLINDRICAL_SURFACE ( 'NONE', #2857, 1.984375000000000000 ) ;
#2649 = B_SPLINE_CURVE_WITH_KNOTS ( 'NONE', 3,
 ( #6788, #3990, #6230, #6643, #7189, #2143, #6088, #2734, #2183, #4431 ),
 .UNSPECIFIED., .F., .F.,
 ( 4, 1, 1, 1, 1, 1, 1, 4 ),
 ( 0.5214889245303880871, 0.5312500000000000000, 0.5546874999999906741, 0.5781250000000000000, 0.6015625000000000000, 0.6210937500000029976, 0.6445312500000000000, 0.6533740327021160255 ),
 .UNSPECIFIED. ) ;
#2650 = EDGE_LOOP ( 'NONE', ( #2663, #1867, #4607, #6723, #6731, #6248 ) ) ;
#2651 = CARTESIAN_POINT ( 'NONE',  ( 5.089656768021824540, -10.74103297613638830, 10.60799819143153044 ) ) ;
#2652 = EDGE_CURVE ( 'NONE', #5921, #803, #406, .T. ) ;
#2653 = AXIS2_PLACEMENT_3D ( 'NONE', #2604, #1504, #3679 ) ;
#2654 = ORIENTED_EDGE ( 'NONE', *, *, #2822, .F. ) ;
#2655 = CARTESIAN_POINT ( 'NONE',  ( 15.77912153731274714, 1.328212293748869399, -5.787905999999997775 ) ) ;
#2656 = CARTESIAN_POINT ( 'NONE',  ( 5.845321746761171333, -11.52554606551525751, 11.05600000000000271 ) ) ;
#2657 = CARTESIAN_POINT ( 'NONE',  ( -6.520390359068581887, -9.826977670270798271, 14.19556458705075919 ) ) ;
#2658 = VECTOR ( 'NONE', #5758, 1000.000000000000000 ) ;
#2659 = DIRECTION ( 'NONE',  ( -0.3489024681454919175, -0.9371590407833583214, 0.000000000000000000 ) ) ;
#2660 = CARTESIAN_POINT ( 'NONE',  ( -11.99089084482726442, -7.665114792993402482, 0.000000000000000000 ) ) ;
#2661 = EDGE_CURVE ( 'NONE', #1971, #1190, #1343, .T. ) ;
#2662 = CARTESIAN_POINT ( 'NONE',  ( 7.753399129574218840, -13.58281354763943405, 10.21850000016612192 ) ) ;
#2663 = ORIENTED_EDGE ( 'NONE', *, *, #723, .F. ) ;
#2664 = CARTESIAN_POINT ( 'NONE',  ( 18.65298533611549558, -0.1676295729807702750, -5.730599999999999916 ) ) ;
#2665 = CARTESIAN_POINT ( 'NONE',  ( -12.11951503877241976, -12.55095085116516529, 0.000000000000000000 ) ) ;
#2666 = CARTESIAN_POINT ( 'NONE',  ( -18.57456196277014016, -4.252665149888141372, 14.98099999999982401 ) ) ;
#2667 = CARTESIAN_POINT ( 'NONE',  ( 4.565458970256451643, -12.74065374295750530, 12.55600000000000094 ) ) ;
#2668 = ADVANCED_FACE ( 'NONE', ( #7048 ), #5620, .T. ) ;
#2669 = CARTESIAN_POINT ( 'NONE',  ( -4.229680485269870616, 3.331080792519784506, 1.587499999999999911 ) ) ;
#2670 = CARTESIAN_POINT ( 'NONE',  ( -4.096501741722905265, 10.66404322351924350, -8.905600000000001515 ) ) ;
#2671 = CARTESIAN_POINT ( 'NONE',  ( -7.752125480758617293, -18.01833154545533233, 3.174999999999999822 ) ) ;
#2672 = ADVANCED_FACE ( 'NONE', ( #3732 ), #5311, .F. ) ;
#2673 = CARTESIAN_POINT ( 'NONE',  ( 7.753788007554789807, 29.50962372097941966, 11.80599999999999383 ) ) ;
#2674 = CARTESIAN_POINT ( 'NONE',  ( -5.462015592765184557, 9.269133915182298011, -7.318099999999999383 ) ) ;
#2675 = CARTESIAN_POINT ( 'NONE',  ( -8.298964699385155797, -18.80810310528469387, -15.44910000000000139 ) ) ;
#2676 = ORIENTED_EDGE ( 'NONE', *, *, #6636, .T. ) ;
#2677 = B_SPLINE_CURVE_WITH_KNOTS ( 'NONE', 3,
 ( #3310, #2608, #5550, #2064, #4899, #4377, #512, #2686, #2756, #4859, #6552, #7104, #4314, #3753 ),
 .UNSPECIFIED., .F., .F.,
 ( 4, 2, 2, 2, 2, 2, 4 ),
 ( 0.000000000000000000, 0.0003100271508935037923, 0.0006200543017870075845, 0.0009300814526805064979, 0.001240108603574005628, 0.001860162905361003455, 0.002480217207148001281 ),
 .UNSPECIFIED. ) ;
#2678 = CARTESIAN_POINT ( 'NONE',  ( 0.000000000000000000, 0.000000000000000000, -11.44909999999999961 ) ) ;
#2679 = CARTESIAN_POINT ( 'NONE',  ( 17.82715201496630186, 0.4008002428189604838, -5.730599999999999028 ) ) ;
#2680 = DIRECTION ( 'NONE',  ( -0.3487310680775924654, -0.9372228348463674807, 0.000000000000000000 ) ) ;
#2681 = CARTESIAN_POINT ( 'NONE',  ( -45.42288820622445655, 18.78351911223738213, 14.98100000000005494 ) ) ;
#2682 = CARTESIAN_POINT ( 'NONE',  ( 4.565458974024221739, -12.74065372858485290, 11.05600000000000271 ) ) ;
#2683 = ORIENTED_EDGE ( 'NONE', *, *, #2501, .F. ) ;
#2684 = CARTESIAN_POINT ( 'NONE',  ( 12.28862641971712044, -13.76324665759105592, 13.18404242559138417 ) ) ;
#2685 = EDGE_LOOP ( 'NONE', ( #2886, #4064, #2226, #1921 ) ) ;
#2686 = CARTESIAN_POINT ( 'NONE',  ( -14.19269071343514810, -8.412649603948610277, -8.285416260551826895 ) ) ;
#2687 = VERTEX_POINT ( 'NONE', #4768 ) ;
#2688 = CARTESIAN_POINT ( 'NONE',  ( 19.34913917186174359, 1.726690403594009160, 1.587499999999999911 ) ) ;
#2689 = EDGE_LOOP ( 'NONE', ( #3053, #4931, #6755, #6948 ) ) ;
#2690 = CARTESIAN_POINT ( 'NONE',  ( 12.74368825970595864, 2.531398096586432001, -5.730599999999999028 ) ) ;
#2691 = CARTESIAN_POINT ( 'NONE',  ( 20.93645520024646700, -0.9927811046649085425, -8.905599999999999739 ) ) ;
#2692 = CARTESIAN_POINT ( 'NONE',  ( -14.51444827866959209, 35.97823366288712776, 11.80599999999999206 ) ) ;
#2693 = FACE_OUTER_BOUND ( 'NONE', #2650, .T. ) ;
#2694 = CARTESIAN_POINT ( 'NONE',  ( -12.35187625132421907, -13.06064923433267921, -8.366746809809242791 ) ) ;
#2695 = DIRECTION ( 'NONE',  ( 0.3489024681454918064, 0.9371590407833582104, -5.269697580532892956E-16 ) ) ;
#2696 = CARTESIAN_POINT ( 'NONE',  ( -8.963017766704933109, -16.69055490425485999, -7.305055425716699524 ) ) ;
#2697 = ORIENTED_EDGE ( 'NONE', *, *, #6574, .T. ) ;
#2698 = CARTESIAN_POINT ( 'NONE',  ( -12.43587549084726440, -10.72606633190008196, -3.061316850501914377 ) ) ;
#2699 = LINE ( 'NONE', #2807, #6652 ) ;
#2700 = CARTESIAN_POINT ( 'NONE',  ( 25.20082822569305137, -0.01930093290845598039, 8.630999999999998451 ) ) ;
#2701 = CARTESIAN_POINT ( 'NONE',  ( -2.973732939658846330, 4.925835514806896853, 0.000000000000000000 ) ) ;
#2702 = EDGE_CURVE ( 'NONE', #3974, #3197, #210, .T. ) ;
#2703 = CARTESIAN_POINT ( 'NONE',  ( -14.93800353877974985, 0.4171700424531128992, -5.730599999999995475 ) ) ;
#2704 = DIRECTION ( 'NONE',  ( -0.000000000000000000, -0.000000000000000000, -1.000000000000000000 ) ) ;
#2705 = CARTESIAN_POINT ( 'NONE',  ( -11.98482337663964437, -14.51956793716646921, 3.174999999999999822 ) ) ;
#2706 = CARTESIAN_POINT ( 'NONE',  ( 23.45242983988415375, 16.68862540272189676, 11.80599999999999561 ) ) ;
#2707 = DIRECTION ( 'NONE',  ( 0.2535801187161744741, 0.9673143870489525620, -2.147869409105835423E-16 ) ) ;
#2708 = CARTESIAN_POINT ( 'NONE',  ( 7.290481762829307044, -15.12270843337942949, 14.98100000000000520 ) ) ;
#2709 = ORIENTED_EDGE ( 'NONE', *, *, #4392, .T. ) ;
#2710 = CARTESIAN_POINT ( 'NONE',  ( 4.944095387229721084, 14.44343477546248167, 3.174999999999999822 ) ) ;
#2711 = CARTESIAN_POINT ( 'NONE',  ( 18.42979199255102429, -8.659558883519286709, -5.730599999999997252 ) ) ;
#2712 = CARTESIAN_POINT ( 'NONE',  ( 8.504861055886141941, -13.77189991494569199, 12.55600000000000271 ) ) ;
#2713 = CARTESIAN_POINT ( 'NONE',  ( 6.400655110004743520, -11.58547895595570587, 11.80599999999961547 ) ) ;
#2714 = CARTESIAN_POINT ( 'NONE',  ( -24.48110990821212596, -3.611575660193429904, 13.39349904687931847 ) ) ;
#2715 = ORIENTED_EDGE ( 'NONE', *, *, #6518, .F. ) ;
#2716 = CARTESIAN_POINT ( 'NONE',  ( 20.93663917186206191, -0.9952720431907278176, -15.44909999999999961 ) ) ;
#2717 = ORIENTED_EDGE ( 'NONE', *, *, #1902, .T. ) ;
#2718 = CARTESIAN_POINT ( 'NONE',  ( -3.953988504193371334, 8.990941570122055637, -7.318099999999999383 ) ) ;
#2719 = ORIENTED_EDGE ( 'NONE', *, *, #4355, .T. ) ;
#2720 = CARTESIAN_POINT ( 'NONE',  ( -1.154864917356221987, -10.32993118863620019, -10.44909999999999783 ) ) ;
#2721 = CARTESIAN_POINT ( 'NONE',  ( 0.000000000000000000, 0.000000000000000000, 14.98099999999999987 ) ) ;
#2722 = EDGE_LOOP ( 'NONE', ( #6139, #1542, #6443, #6922, #3451, #956, #3674, #3321, #4556, #2605, #6529 ) ) ;
#2723 = EDGE_CURVE ( 'NONE', #1618, #5052, #5836, .T. ) ;
#2724 = CARTESIAN_POINT ( 'NONE',  ( 16.99088427316198135, 8.327515528459276339, 0.000000000000000000 ) ) ;
#2725 = CARTESIAN_POINT ( 'NONE',  ( 11.41879587569356502, -14.42826545259721271, 11.05600000000000271 ) ) ;
#2726 = CARTESIAN_POINT ( 'NONE',  ( -48.95355762924554455, 21.84880566579361627, 11.80599999999999561 ) ) ;
#2727 = CARTESIAN_POINT ( 'NONE',  ( -3.482415705219109814, -18.90602665373243596, -8.248035969732711692 ) ) ;
#2728 = CARTESIAN_POINT ( 'NONE',  ( 9.198796658630165268, 13.14829040047153086, 0.000000000000000000 ) ) ;
#2729 = ORIENTED_EDGE ( 'NONE', *, *, #4694, .F. ) ;
#2730 = CARTESIAN_POINT ( 'NONE',  ( -12.43495939729202782, -10.74156562046769281, -5.730599999999997252 ) ) ;
#2731 = DIRECTION ( 'NONE',  ( -0.000000000000000000, -0.000000000000000000, 1.000000000000000000 ) ) ;
#2732 = VECTOR ( 'NONE', #3086, 1000.000000000000114 ) ;
#2733 = CARTESIAN_POINT ( 'NONE',  ( 22.51648795791860991, 11.38776055877447924, 8.630999999999994898 ) ) ;
#2734 = CARTESIAN_POINT ( 'NONE',  ( -9.396224586226946229, -18.34033154151630995, 8.631000000000000227 ) ) ;
#2735 = CARTESIAN_POINT ( 'NONE',  ( -56.07189761964543351, 23.61786509392923961, 14.98099999999999454 ) ) ;
#2736 = DIRECTION ( 'NONE',  ( 0.000000000000000000, 0.000000000000000000, 1.000000000000000000 ) ) ;
#2737 = VECTOR ( 'NONE', #3295, 1000.000000000000114 ) ;
#2738 = CARTESIAN_POINT ( 'NONE',  ( -11.91609267754444090, -16.20899671246708706, 3.174999999999999822 ) ) ;
#2739 = CARTESIAN_POINT ( 'NONE',  ( -47.37347727263002639, 27.19531807602060169, 8.630999999999989569 ) ) ;
#2740 = EDGE_CURVE ( 'NONE', #182, #4036, #1973, .T. ) ;
#2741 = DIRECTION ( 'NONE',  ( 0.9371590407833580993, -0.3489024681454918064, 0.000000000000000000 ) ) ;
#2742 = CARTESIAN_POINT ( 'NONE',  ( -42.00193863272111372, 7.125692526716533415, 11.80599999999999739 ) ) ;
#2743 = VECTOR ( 'NONE', #2423, 1000.000000000000000 ) ;
#2744 = DIRECTION ( 'NONE',  ( 1.000000000000000000, 0.000000000000000000, 0.000000000000000000 ) ) ;
#2745 = CARTESIAN_POINT ( 'NONE',  ( 7.909043193370820291, 13.91625465556599472, 3.174999999999999822 ) ) ;
#2746 = CARTESIAN_POINT ( 'NONE',  ( 13.26575898532109576, -16.08831350545678518, -5.730599999999998140 ) ) ;
#2747 = CARTESIAN_POINT ( 'NONE',  ( 8.662953519772738531, -13.81113785891160539, 12.55600000000000271 ) ) ;
#2748 = CARTESIAN_POINT ( 'NONE',  ( 13.16981931603447187, -13.16666720972293803, 11.80599999999961547 ) ) ;
#2749 = CIRCLE ( 'NONE', #4864, 3.924999999999977174 ) ;
#2750 = CARTESIAN_POINT ( 'NONE',  ( 21.40792010887400920, -14.11408924160253342, 14.98100000000000342 ) ) ;
#2751 = VERTEX_POINT ( 'NONE', #5351 ) ;
#2752 = EDGE_CURVE ( 'NONE', #4962, #372, #4600, .T. ) ;
#2753 = CARTESIAN_POINT ( 'NONE',  ( 12.20023165550474964, -14.34205234386213235, 10.21849999996891079 ) ) ;
#2754 = ORIENTED_EDGE ( 'NONE', *, *, #4176, .T. ) ;
#2755 = AXIS2_PLACEMENT_3D ( 'NONE', #3323, #7151, #526 ) ;
#2756 = CARTESIAN_POINT ( 'NONE',  ( -14.25499395715389817, -8.437296829633794459, -8.367102895869310331 ) ) ;
#2757 = EDGE_CURVE ( 'NONE', #593, #7168, #875, .T. ) ;
#2758 = VERTEX_POINT ( 'NONE', #6638 ) ;
#2759 = CARTESIAN_POINT ( 'NONE',  ( -6.974196657649271103, -9.719714757477261102, 9.416435412949295980 ) ) ;
#2760 = DIRECTION ( 'NONE',  ( 0.000000000000000000, 0.000000000000000000, 1.000000000000000000 ) ) ;
#2761 = EDGE_LOOP ( 'NONE', ( #3536, #1040, #737, #6508, #2351, #2717, #1540, #101, #1073, #5094 ) ) ;
#2762 = CARTESIAN_POINT ( 'NONE',  ( 9.349847923697209851, 3.753168379639277852, -5.787905999999996887 ) ) ;
#2763 = AXIS2_PLACEMENT_3D ( 'NONE', #6886, #3531, #1845 ) ;
#2764 = CARTESIAN_POINT ( 'NONE',  ( 10.67431220372968959, -14.27759558364302173, 11.05600000000000271 ) ) ;
#2765 = CARTESIAN_POINT ( 'NONE',  ( -6.974196657650484354, -9.719714757476854317, 14.19556458705075919 ) ) ;
#2766 = CARTESIAN_POINT ( 'NONE',  ( 7.290481762829306156, -15.12270843337942949, 11.80600000000000449 ) ) ;
#2767 = CARTESIAN_POINT ( 'NONE',  ( 0.000000000000000000, 0.000000000000000000, 3.756000000000000671 ) ) ;
#2768 = CARTESIAN_POINT ( 'NONE',  ( -11.41069303766344767, -6.306522231172555948, -0.01240954941907350915 ) ) ;
#2769 = AXIS2_PLACEMENT_3D ( 'NONE', #708, #4724, #672 ) ;
#2770 = ORIENTED_EDGE ( 'NONE', *, *, #4602, .F. ) ;
#2771 = CARTESIAN_POINT ( 'NONE',  ( 19.19324455142637120, -0.6392906806131054553, -5.730599934848972232 ) ) ;
#2772 = VECTOR ( 'NONE', #1527, 1000.000000000000227 ) ;
#2773 = CARTESIAN_POINT ( 'NONE',  ( -13.48716114222405693, -13.44170942280261016, -8.905600000000001515 ) ) ;
#2774 = CARTESIAN_POINT ( 'NONE',  ( 6.426220926797029165, 26.62486273173800200, 11.80599999999999383 ) ) ;
#2775 = CARTESIAN_POINT ( 'NONE',  ( 27.51580630283823936, -2.931758095046658852, 13.39349904687932025 ) ) ;
#2776 = CARTESIAN_POINT ( 'NONE',  ( 16.51189376130038156, 1.774240939202185174, -8.905600000000001515 ) ) ;
#2777 = CARTESIAN_POINT ( 'NONE',  ( -10.40645332325250827, -15.48207854146827955, -5.730599999999999028 ) ) ;
#2778 = VERTEX_POINT ( 'NONE', #5529 ) ;
#2779 = CARTESIAN_POINT ( 'NONE',  ( -12.62753096754016902, -7.417023407159901716, 3.174999999999999822 ) ) ;
#2780 = CARTESIAN_POINT ( 'NONE',  ( -7.829001583366465233, -11.15330637801602798, 8.631000000000000227 ) ) ;
#2781 = CARTESIAN_POINT ( 'NONE',  ( -12.46550433297840144, -15.60074589974338011, 3.174999999999999822 ) ) ;
#2782 = CARTESIAN_POINT ( 'NONE',  ( 10.86804480477624679, -15.96762004994088713, 14.98100000000000520 ) ) ;
#2783 = CARTESIAN_POINT ( 'NONE',  ( 21.40792010887400920, -14.11408924160253342, 10.21850059711605319 ) ) ;
#2784 = EDGE_CURVE ( 'NONE', #5373, #372, #3189, .T. ) ;
#2785 = CARTESIAN_POINT ( 'NONE',  ( 15.85082825701369380, 9.731027992418976424, 2.517435969732711776 ) ) ;
#2786 = CARTESIAN_POINT ( 'NONE',  ( 6.000000000000000888, -7.347880794884120722E-16, 3.756000000000000671 ) ) ;
#2787 = CARTESIAN_POINT ( 'NONE',  ( -9.686569713148177385, -9.023495126771175379, 13.39349952335688521 ) ) ;
#2788 = CARTESIAN_POINT ( 'NONE',  ( 25.59606568476175781, -4.805342444250243261, 11.80600000000000094 ) ) ;
#2789 = CARTESIAN_POINT ( 'NONE',  ( 25.33973514159382034, 8.069949888297896834, 13.39349904687931669 ) ) ;
#2790 = VERTEX_POINT ( 'NONE', #384 ) ;
#2791 = CARTESIAN_POINT ( 'NONE',  ( 12.35929905906710147, -13.30048479738332645, 10.83847878319010327 ) ) ;
#2792 = ORIENTED_EDGE ( 'NONE', *, *, #5330, .T. ) ;
#2793 = CARTESIAN_POINT ( 'NONE',  ( -12.51825233670075654, -10.22913083099695264, 0.000000000000000000 ) ) ;
#2794 = CARTESIAN_POINT ( 'NONE',  ( -5.082267925874756287, 10.81199645629561701, -8.905600000000001515 ) ) ;
#2795 = CYLINDRICAL_SURFACE ( 'NONE', #1919, 0.7932651669729868793 ) ;
#2796 = EDGE_CURVE ( 'NONE', #5178, #3695, #1594, .T. ) ;
#2797 = ADVANCED_FACE ( 'NONE', ( #6085 ), #4943, .F. ) ;
#2798 = VERTEX_POINT ( 'NONE', #5981 ) ;
#2799 = LINE ( 'NONE', #5047, #1825 ) ;
#2800 = CARTESIAN_POINT ( 'NONE',  ( -8.184316070315901470, -9.429466381432716204, 12.55599999790798371 ) ) ;
#2801 = CARTESIAN_POINT ( 'NONE',  ( 22.08385952095340699, 18.69922293381420886, 11.80599999999899730 ) ) ;
#2802 = VECTOR ( 'NONE', #6493, 1000.000000000000000 ) ;
#2803 = CARTESIAN_POINT ( 'NONE',  ( -12.18286257524237115, -12.99323609685825431, -8.112607939720613004 ) ) ;
#2804 = CARTESIAN_POINT ( 'NONE',  ( 10.09105537137651964, 12.99554880139352697, 0.000000000000000000 ) ) ;
#2805 = ORIENTED_EDGE ( 'NONE', *, *, #3491, .F. ) ;
#2806 = CARTESIAN_POINT ( 'NONE',  ( 0.000000000000000000, 0.000000000000000000, 1.256000000000000671 ) ) ;
#2807 = CARTESIAN_POINT ( 'NONE',  ( 3.174999999999999822, 0.000000000000000000, 3.005999999999991346 ) ) ;
#2808 = CARTESIAN_POINT ( 'NONE',  ( 25.57639578305569472, -2.453975412025574787, 8.630999999999982464 ) ) ;
#2809 = CARTESIAN_POINT ( 'NONE',  ( 19.34913917186174004, 1.726690403717615174, -5.730599999999999028 ) ) ;
#2810 = LINE ( 'NONE', #3292, #645 ) ;
#2811 = PLANE ( 'NONE',  #868 ) ;
#2812 = CARTESIAN_POINT ( 'NONE',  ( -0.4570599810652384853, -8.455613107069483547, 1.550900000000002610 ) ) ;
#2813 = ORIENTED_EDGE ( 'NONE', *, *, #3486, .T. ) ;
#2814 = CARTESIAN_POINT ( 'NONE',  ( -11.56933667821470912, -16.57216109408330240, -8.905600000000001515 ) ) ;
#2815 = DIRECTION ( 'NONE',  ( 0.3489024681454918064, 0.9371590407833580993, 0.000000000000000000 ) ) ;
#2816 = CARTESIAN_POINT ( 'NONE',  ( -8.075426939931089620, -18.89025876392038938, 3.174999999999999822 ) ) ;
#2817 = CARTESIAN_POINT ( 'NONE',  ( 15.95516603052774940, -16.41534318459394726, 14.98100000000015974 ) ) ;
#2818 = CARTESIAN_POINT ( 'NONE',  ( 1.364381787387545453, 10.41790534419867953, 1.587499999999999911 ) ) ;
#2819 = CARTESIAN_POINT ( 'NONE',  ( -2.500000000000000000, 0.000000000000000000, -8.949100000000001387 ) ) ;
#2820 = CARTESIAN_POINT ( 'NONE',  ( 26.89447618733375478, -0.5000000000000008882, 14.98099999999999987 ) ) ;
#2821 = CARTESIAN_POINT ( 'NONE',  ( -12.07136088887055081, -6.579286415174191660, 14.98100000000002829 ) ) ;
#2822 = EDGE_CURVE ( 'NONE', #3202, #5904, #3896, .T. ) ;
#2823 = B_SPLINE_CURVE_WITH_KNOTS ( 'NONE', 3,
 ( #4879, #4360, #6604, #3807, #7082, #6535 ),
 .UNSPECIFIED., .F., .F.,
 ( 4, 1, 1, 4 ),
 ( 0.4109034178545104554, 0.4337515625000000208, 0.4570593750000000455, 0.4982605578826527770 ),
 .UNSPECIFIED. ) ;
#2824 = CARTESIAN_POINT ( 'NONE',  ( -24.48110990821212596, -3.611575660193429904, 14.98100000000000520 ) ) ;
#2825 = ORIENTED_EDGE ( 'NONE', *, *, #4781, .F. ) ;
#2826 = CARTESIAN_POINT ( 'NONE',  ( -12.38359756713816218, -11.27866544199020282, -3.349578193546452365 ) ) ;
#2827 = VERTEX_POINT ( 'NONE', #2177 ) ;
#2828 = CARTESIAN_POINT ( 'NONE',  ( -13.89092137571474161, -8.293294202557371264, -5.730599999999999028 ) ) ;
#2829 = CARTESIAN_POINT ( 'NONE',  ( -15.83213413320853213, 3.503402255547953814, -8.905600000000001515 ) ) ;
#2830 = CARTESIAN_POINT ( 'NONE',  ( 6.000000000000000888, 7.347880794884120722E-16, -11.44909999999999961 ) ) ;
#2831 = CARTESIAN_POINT ( 'NONE',  ( 18.08309949357164825, 2.108785945389887395, -8.905600000000003291 ) ) ;
#2832 = CARTESIAN_POINT ( 'NONE',  ( -0.4312732222053555220, 7.645145931676942119, -5.730599999999999028 ) ) ;
#2833 = ORIENTED_EDGE ( 'NONE', *, *, #4011, .T. ) ;
#2834 = CARTESIAN_POINT ( 'NONE',  ( -1.852669853647205711, -12.20424927020291683, -2.449099999999997390 ) ) ;
#2835 = CARTESIAN_POINT ( 'NONE',  ( 1.226780418669875417, 32.16946954534166281, 11.80599999999999383 ) ) ;
#2836 = DIRECTION ( 'NONE',  ( 0.000000000000000000, 0.000000000000000000, 1.000000000000000000 ) ) ;
#2837 = ORIENTED_EDGE ( 'NONE', *, *, #1719, .F. ) ;
#2838 = CARTESIAN_POINT ( 'NONE',  ( -9.392156383247710849, -8.016281981375799504, 10.60984605994418928 ) ) ;
#2839 = CARTESIAN_POINT ( 'NONE',  ( -12.42588405310696231, -15.52700169928261786, -15.44909999999999961 ) ) ;
#2840 = CARTESIAN_POINT ( 'NONE',  ( 1.104215542453944376, -10.18843664028698193, 11.80600000000000271 ) ) ;
#2841 = DIRECTION ( 'NONE',  ( 1.000000000000000000, 0.000000000000000000, 0.000000000000000000 ) ) ;
#2842 = CARTESIAN_POINT ( 'NONE',  ( 12.84776550570461140, 11.97684011407541149, 0.000000000000000000 ) ) ;
#2843 = ADVANCED_FACE ( 'NONE', ( #4428 ), #6923, .F. ) ;
#2844 =( BOUNDED_SURFACE ( )  B_SPLINE_SURFACE ( 3, 3, ( 
 ( #2397, #5162, #599, #5640, #131, #3916, #6160, #3367, #63, #4539 ),
 ( #6786, #2882, #5899, #1374, #2546, #4097, #4131, #4685, #1331, #2989 ),
 ( #4801, #6458, #851, #1927, #6932, #5939, #7006, #5830, #3063, #894 ),
 ( #6342, #783, #5272, #1966, #3621, #6374, #345, #7042, #314, #1440 ),
 ( #4214, #3029, #272, #3140, #742, #1887, #5863, #2505, #1406, #5382 ),
 ( #239, #4173, #2468, #3656, #6419, #3101, #2003, #5344, #818, #4723 ),
 ( #4248, #6491, #3690, #6898, #5451, #5494, #6595, #1547, #3794, #3318 ) ),
 .UNSPECIFIED., .F., .F., .T. ) 
 B_SPLINE_SURFACE_WITH_KNOTS ( ( 4, 3, 4 ),
 ( 4, 2, 2, 2, 4 ),
 ( 0.000000000000000000, 0.5000000000000000000, 1.000000000000000000 ),
 ( 0.000000000000000000, 0.3312314344345015926, 0.5170122668105440189, 0.6979999127215934518, 1.000000000000000000 ),
 .UNSPECIFIED. ) 
 GEOMETRIC_REPRESENTATION_ITEM ( )  RATIONAL_B_SPLINE_SURFACE ( (
 ( 1.000000000000000000, 1.000000000000000000, 1.000000000000000000, 1.000000000000000000, 1.000000000000000000, 1.000000000000000000, 1.000000000000000000, 1.000000000000000000, 1.000000000000000000, 1.000000000000000000),
 ( 0.8047202490112146389, 0.8047202490112146389, 0.8047202490112146389, 0.8047202490112146389, 0.8047202490112146389, 0.8047202490112146389, 0.8047202490112146389, 0.8047202490112146389, 0.8047202490112146389, 0.8047202490112146389),
 ( 0.8047202490112146389, 0.8047202490112146389, 0.8047202490112146389, 0.8047202490112146389, 0.8047202490112146389, 0.8047202490112146389, 0.8047202490112146389, 0.8047202490112146389, 0.8047202490112146389, 0.8047202490112146389),
 ( 1.000000000000000000, 1.000000000000000000, 1.000000000000000000, 1.000000000000000000, 1.000000000000000000, 1.000000000000000000, 1.000000000000000000, 1.000000000000000000, 1.000000000000000000, 1.000000000000000000),
 ( 0.8047202490112146389, 0.8047202490112146389, 0.8047202490112146389, 0.8047202490112146389, 0.8047202490112146389, 0.8047202490112146389, 0.8047202490112146389, 0.8047202490112146389, 0.8047202490112146389, 0.8047202490112146389),
 ( 0.8047202490112146389, 0.8047202490112146389, 0.8047202490112146389, 0.8047202490112146389, 0.8047202490112146389, 0.8047202490112146389, 0.8047202490112146389, 0.8047202490112146389, 0.8047202490112146389, 0.8047202490112146389),
 ( 1.000000000000000000, 1.000000000000000000, 1.000000000000000000, 1.000000000000000000, 1.000000000000000000, 1.000000000000000000, 1.000000000000000000, 1.000000000000000000, 1.000000000000000000, 1.000000000000000000) ) ) 
 REPRESENTATION_ITEM ( '' )  SURFACE ( )  );
#2845 = CARTESIAN_POINT ( 'NONE',  ( 2.914358635773569794, 29.94036153015169432, 14.98099999999999277 ) ) ;
#2846 = CARTESIAN_POINT ( 'NONE',  ( -12.41467037773265325, -9.484440299274828234, -0.04421997497928634863 ) ) ;
#2847 = ORIENTED_EDGE ( 'NONE', *, *, #731, .F. ) ;
#2848 = CARTESIAN_POINT ( 'NONE',  ( -12.47876764460021981, -10.30295747460228739, 1.587499999999999911 ) ) ;
#2849 = CARTESIAN_POINT ( 'NONE',  ( -21.91443029615336613, 36.00304555153040553, 11.80599999999999206 ) ) ;
#2850 = CARTESIAN_POINT ( 'NONE',  ( 16.05194484473963001, 9.481663086369550797, 0.000000000000000000 ) ) ;
#2851 = CARTESIAN_POINT ( 'NONE',  ( 5.860127906673534781, 30.35954048764050484, 14.98099999999999454 ) ) ;
#2852 = VECTOR ( 'NONE', #1532, 1000.000000000000000 ) ;
#2853 = CARTESIAN_POINT ( 'NONE',  ( 11.11963937988673834, 13.41814609446669770, 3.174999999999999822 ) ) ;
#2854 = LINE ( 'NONE', #5101, #1463 ) ;
#2855 = CARTESIAN_POINT ( 'NONE',  ( 19.34902119136799570, -3.040005145349425231, -5.730599999999999028 ) ) ;
#2856 = CARTESIAN_POINT ( 'NONE',  ( 20.73429099352363991, 15.02051468739542806, 8.630999999999994898 ) ) ;
#2857 = AXIS2_PLACEMENT_3D ( 'NONE', #1799, #6696, #6140 ) ;
#2858 = AXIS2_PLACEMENT_3D ( 'NONE', #4728, #4179, #1933 ) ;
#2859 = CARTESIAN_POINT ( 'NONE',  ( 27.51580630283823936, -2.931758095046658852, 14.98100000000000520 ) ) ;
#2860 = EDGE_LOOP ( 'NONE', ( #1962, #3940, #1096, #3502 ) ) ;
#2861 = DIRECTION ( 'NONE',  ( -0.9371590407833582104, 0.3489024681454918064, -0.000000000000000000 ) ) ;
#2862 = EDGE_LOOP ( 'NONE', ( #5482, #4007, #2124, #1471, #2509 ) ) ;
#2863 = EDGE_CURVE ( 'NONE', #1314, #2827, #2222, .T. ) ;
#2864 = DIRECTION ( 'NONE',  ( 0.3489024681454918064, 0.9371590407833580993, 0.000000000000000000 ) ) ;
#2865 = VECTOR ( 'NONE', #85, 1000.000000000000000 ) ;
#2866 = CARTESIAN_POINT ( 'NONE',  ( -4.296518034863787250, 10.69925849700219445, -8.905599999999997962 ) ) ;
#2867 = CARTESIAN_POINT ( 'NONE',  ( -11.18395479659539760, -5.858903761477699312, -5.730599999999993699 ) ) ;
#2868 = DIRECTION ( 'NONE',  ( 0.000000000000000000, 0.000000000000000000, 1.000000000000000000 ) ) ;
#2869 = CARTESIAN_POINT ( 'NONE',  ( 3.880900117632891888, 5.920248118577842611, -5.787905999999999551 ) ) ;
#2870 = EDGE_LOOP ( 'NONE', ( #468, #1857, #1066, #4640 ) ) ;
#2871 = CIRCLE ( 'NONE', #5691, 6.000000000000000888 ) ;
#2872 = CARTESIAN_POINT ( 'NONE',  ( 20.30373448117783042, 5.128436356753846681, 8.631000000000000227 ) ) ;
#2873 = CARTESIAN_POINT ( 'NONE',  ( 26.35318203560210648, -11.46868643948620203, 11.80600000000000271 ) ) ;
#2874 = FACE_OUTER_BOUND ( 'NONE', #2908, .T. ) ;
#2875 = EDGE_CURVE ( 'NONE', #1190, #1971, #997, .T. ) ;
#2876 = AXIS2_PLACEMENT_3D ( 'NONE', #1545, #5694, #4454 ) ;
#2877 = ORIENTED_EDGE ( 'NONE', *, *, #122, .T. ) ;
#2878 = CARTESIAN_POINT ( 'NONE',  ( -0.9524063718781458077, 7.847419083380536620, -5.730599999999999028 ) ) ;
#2879 = CARTESIAN_POINT ( 'NONE',  ( -13.97186840969330035, -8.080783377854814375, -7.318099999999999383 ) ) ;
#2880 = CARTESIAN_POINT ( 'NONE',  ( -11.24625595282668122, -6.869833192725216975, 8.631000000000000227 ) ) ;
#2881 = VECTOR ( 'NONE', #6586, 1000.000000000000000 ) ;
#2882 = CARTESIAN_POINT ( 'NONE',  ( -2.915729083020443202, -10.32022726748416908, 12.55603281448345143 ) ) ;
#2883 = CARTESIAN_POINT ( 'NONE',  ( -9.451306713481606891, -16.34509365988022722, 1.523074817338100573 ) ) ;
#2884 = CARTESIAN_POINT ( 'NONE',  ( 16.47744732752893171, 1.787129166352866783, -8.905600000000001515 ) ) ;
#2885 = CARTESIAN_POINT ( 'NONE',  ( -12.31311717335850986, -11.71983771963462573, 0.000000000000000000 ) ) ;
#2886 = ORIENTED_EDGE ( 'NONE', *, *, #3011, .F. ) ;
#2887 = CARTESIAN_POINT ( 'NONE',  ( -11.73792050015868682, -13.58042259290912313, 2.517435969732711776 ) ) ;
#2888 = CARTESIAN_POINT ( 'NONE',  ( 2.229183074677310028, -13.76562875766001781, 11.80600000000000094 ) ) ;
#2889 = EDGE_CURVE ( 'NONE', #5921, #2040, #1113, .T. ) ;
#2890 = AXIS2_PLACEMENT_3D ( 'NONE', #1075, #5020, #3844 ) ;
#2891 = DIRECTION ( 'NONE',  ( -0.3489024681454919175, -0.9371590407833583214, 0.000000000000000000 ) ) ;
#2892 = CARTESIAN_POINT ( 'NONE',  ( 15.09618207182342786, 21.65501198132387373, 14.98099999999999454 ) ) ;
#2893 = EDGE_CURVE ( 'NONE', #5217, #2564, #883, .T. ) ;
#2894 = CARTESIAN_POINT ( 'NONE',  ( 3.467521979636503549, 12.87373051959270320, 3.174999999999999822 ) ) ;
#2895 = CARTESIAN_POINT ( 'NONE',  ( 0.8997973574489029902, -19.90140545344522138, -7.057653642932329774 ) ) ;
#2896 = CARTESIAN_POINT ( 'NONE',  ( -11.48658944705459106, -6.436629345929392620, -5.730599999999999028 ) ) ;
#2897 = CARTESIAN_POINT ( 'NONE',  ( 16.84548851959756277, -13.15329702478594598, 8.631000000000000227 ) ) ;
#2898 = CARTESIAN_POINT ( 'NONE',  ( -15.05170216074766110, -0.7453076699464327159, 0.000000000000000000 ) ) ;
#2899 = VERTEX_POINT ( 'NONE', #4496 ) ;
#2900 = CARTESIAN_POINT ( 'NONE',  ( 9.876660722348193033, -12.55885045744998685, 12.55600000000000094 ) ) ;
#2901 = FACE_OUTER_BOUND ( 'NONE', #480, .T. ) ;
#2902 = ORIENTED_EDGE ( 'NONE', *, *, #5779, .F. ) ;
#2903 = CARTESIAN_POINT ( 'NONE',  ( -12.32826802965615087, -11.79569405646802771, 0.000000000000000000 ) ) ;
#2904 = CARTESIAN_POINT ( 'NONE',  ( 5.089656768021824540, -10.74103297613638830, 13.00400180856847321 ) ) ;
#2905 = CARTESIAN_POINT ( 'NONE',  ( 1.369683003482796924, 10.42375202513125210, 1.587499999999999467 ) ) ;
#2906 = DIRECTION ( 'NONE',  ( 0.000000000000000000, 0.000000000000000000, 1.000000000000000000 ) ) ;
#2907 = CARTESIAN_POINT ( 'NONE',  ( 0.000000000000000000, 0.000000000000000000, 0.2560000000000005604 ) ) ;
#2908 = EDGE_LOOP ( 'NONE', ( #7065, #3982, #6914, #3438 ) ) ;
#2909 = FACE_OUTER_BOUND ( 'NONE', #6178, .T. ) ;
#2910 = CARTESIAN_POINT ( 'NONE',  ( -7.798979200892635077, -18.14620677803258886, 2.962316083380589937 ) ) ;
#2911 = ORIENTED_EDGE ( 'NONE', *, *, #3115, .T. ) ;
#2912 = CARTESIAN_POINT ( 'NONE',  ( -2.638067209385873468, 5.352051171928428275, 0.000000000000000000 ) ) ;
#2913 = CARTESIAN_POINT ( 'NONE',  ( -8.298964704755110944, -18.80810310304169164, -15.44909999999999961 ) ) ;
#2914 = CARTESIAN_POINT ( 'NONE',  ( 10.86804480477624679, -15.96762004994088713, 8.631000000000000227 ) ) ;
#2915 = CARTESIAN_POINT ( 'NONE',  ( 17.21994782483925235, 8.021164140500950168, -5.730599999999999028 ) ) ;
#2916 = PLANE ( 'NONE',  #2410 ) ;
#2917 = CARTESIAN_POINT ( 'NONE',  ( 25.33973514159382034, 8.069949888297896834, 14.98099999999999810 ) ) ;
#2918 = CARTESIAN_POINT ( 'NONE',  ( -11.98739699550838544, -12.91531502102366602, -5.730600000000000804 ) ) ;
#2919 = EDGE_LOOP ( 'NONE', ( #4264, #5587, #80, #1712 ) ) ;
#2920 = CARTESIAN_POINT ( 'NONE',  ( -10.31729970230708382, -15.60574307419588536, 1.587499999999999911 ) ) ;
#2921 = B_SPLINE_CURVE_WITH_KNOTS ( 'NONE', 3,
 ( #2211, #3252, #5496, #6632, #523, #5418, #6671, #451, #1663, #1591 ),
 .UNSPECIFIED., .F., .F.,
 ( 4, 2, 2, 2, 4 ),
 ( 0.000000000000000000, 0.0001522757689281283380, 0.0002284136533921926561, 0.0002664825956242257909, 0.0003045515378562589528 ),
 .UNSPECIFIED. ) ;
#2922 = CARTESIAN_POINT ( 'NONE',  ( -20.13484170071160406, 36.03706295988247632, 11.80599999999999206 ) ) ;
#2923 = CARTESIAN_POINT ( 'NONE',  ( -11.11513831578101907, -2.846000725388373898, 3.175000000000000266 ) ) ;
#2924 = CARTESIAN_POINT ( 'NONE',  ( -13.13121744587857265, -9.572183738367961325, 14.98100000000003185 ) ) ;
#2925 = ADVANCED_FACE ( 'NONE', ( #1998 ), #2416, .F. ) ;
#2926 = CARTESIAN_POINT ( 'NONE',  ( 14.41385967687056358, 10.99875499968975667, 1.587499999999999911 ) ) ;
#2927 = LINE ( 'NONE', #5173, #3227 ) ;
#2928 = CARTESIAN_POINT ( 'NONE',  ( -12.45260510949938215, -9.618601123487151128, 1.587499999999999911 ) ) ;
#2929 = CARTESIAN_POINT ( 'NONE',  ( -4.453473749772172141, -8.710837770988907991, 11.80600000000000094 ) ) ;
#2930 = ORIENTED_EDGE ( 'NONE', *, *, #4443, .T. ) ;
#2931 = CARTESIAN_POINT ( 'NONE',  ( -14.94984990498404542, 0.4166052085571269048, 0.000000000000000000 ) ) ;
#2932 = ORIENTED_EDGE ( 'NONE', *, *, #5455, .F. ) ;
#2933 = CARTESIAN_POINT ( 'NONE',  ( -11.09693763935134214, -17.05757083585742961, -15.44910000000000139 ) ) ;
#2934 = B_SPLINE_CURVE_WITH_KNOTS ( 'NONE', 3,
 ( #694, #4523, #6288, #6772 ),
 .UNSPECIFIED., .F., .F.,
 ( 4, 4 ),
 ( 0.6533639455120517914, 0.6533740327021160255 ),
 .UNSPECIFIED. ) ;
#2935 = CARTESIAN_POINT ( 'NONE',  ( -12.33239062773285610, -11.61415909216613684, -1.121895439841927633 ) ) ;
#2936 = ORIENTED_EDGE ( 'NONE', *, *, #5654, .T. ) ;
#2937 = PLANE ( 'NONE',  #981 ) ;
#2938 = CARTESIAN_POINT ( 'NONE',  ( -9.404344182638821437, 10.23298247791513660, -8.905599999999999739 ) ) ;
#2939 = CARTESIAN_POINT ( 'NONE',  ( -6.882952926972548902, -0.03794426804597871017, 0.000000000000000000 ) ) ;
#2940 = DIRECTION ( 'NONE',  ( 1.000000000000000000, 0.000000000000000000, 0.000000000000000000 ) ) ;
#2941 = CARTESIAN_POINT ( 'NONE',  ( 2.420428040132277303, -3.040034490371304798, -15.44909999999999961 ) ) ;
#2942 = VERTEX_POINT ( 'NONE', #1436 ) ;
#2943 = CARTESIAN_POINT ( 'NONE',  ( 4.279771053520975421, 14.28324554962303594, 8.631000000000000227 ) ) ;
#2944 = CARTESIAN_POINT ( 'NONE',  ( -6.908491289137257851, 34.65822918375732087, 14.98099999999999454 ) ) ;
#2945 = FACE_OUTER_BOUND ( 'NONE', #6023, .T. ) ;
#2946 = EDGE_CURVE ( 'NONE', #6791, #593, #4797, .T. ) ;
#2947 = ORIENTED_EDGE ( 'NONE', *, *, #4176, .F. ) ;
#2948 = CARTESIAN_POINT ( 'NONE',  ( -9.657304715307414966, -8.923383739668983239, 10.21841796336329544 ) ) ;
#2949 = CARTESIAN_POINT ( 'NONE',  ( -10.36693721385772093, -17.66121891534364252, -15.44909999999999961 ) ) ;
#2950 = CARTESIAN_POINT ( 'NONE',  ( 28.39358412624508432, -7.233045574204665762, 8.631000000000000227 ) ) ;
#2951 = DIRECTION ( 'NONE',  ( 1.000000000000000000, 0.000000000000000000, 0.000000000000000000 ) ) ;
#2952 = CARTESIAN_POINT ( 'NONE',  ( 14.25591103139629823, 24.17868081722507156, 13.39349952343962435 ) ) ;
#2953 = CARTESIAN_POINT ( 'NONE',  ( 26.21613685041451092, 2.538123062335156721, 10.21850059711604963 ) ) ;
#2954 = EDGE_CURVE ( 'NONE', #889, #995, #2061, .T. ) ;
#2955 = CARTESIAN_POINT ( 'NONE',  ( -6.000000000000000888, 0.000000000000000000, -11.44909999999999961 ) ) ;
#2956 = ORIENTED_EDGE ( 'NONE', *, *, #6781, .F. ) ;
#2957 = DIRECTION ( 'NONE',  ( 1.000000000000000000, 0.000000000000000000, 0.000000000000000000 ) ) ;
#2958 = LINE ( 'NONE', #3476, #6752 ) ;
#2959 = CARTESIAN_POINT ( 'NONE',  ( -9.268950091936803304, 8.548435979035428289, -5.730600000000001693 ) ) ;
#2960 = CARTESIAN_POINT ( 'NONE',  ( -47.37347727263002639, 27.19531807602060169, 14.98099999999999454 ) ) ;
#2961 = CARTESIAN_POINT ( 'NONE',  ( -16.66874587210071468, -1.737183387894205122, -15.44909999999999961 ) ) ;
#2962 = ADVANCED_FACE ( 'NONE', ( #847 ), #5802, .F. ) ;
#2963 = FACE_OUTER_BOUND ( 'NONE', #2487, .T. ) ;
#2964 = CARTESIAN_POINT ( 'NONE',  ( -10.55765160132026281, -4.814631706476727224, 1.587499999999999911 ) ) ;
#2965 = CARTESIAN_POINT ( 'NONE',  ( 25.01005285694784774, 0.8374367091040760824, 8.631000000000026873 ) ) ;
#2966 = ORIENTED_EDGE ( 'NONE', *, *, #4798, .T. ) ;
#2967 = CARTESIAN_POINT ( 'NONE',  ( -30.03296279907226207, 0.000000000000000000, 8.631000000000000227 ) ) ;
#2968 = VERTEX_POINT ( 'NONE', #1656 ) ;
#2969 = CARTESIAN_POINT ( 'NONE',  ( 19.34913917186177557, -3.040034490371193776, 0.000000000000000000 ) ) ;
#2970 = AXIS2_PLACEMENT_3D ( 'NONE', #4369, #4, #3969 ) ;
#2971 = CARTESIAN_POINT ( 'NONE',  ( -12.32672829261598757, -11.64581983138624466, 2.069039710516650179E-08 ) ) ;
#2972 = ORIENTED_EDGE ( 'NONE', *, *, #4287, .T. ) ;
#2973 = CARTESIAN_POINT ( 'NONE',  ( -3.634024352127970925, -10.58222667935891792, 8.631000000000002004 ) ) ;
#2974 = EDGE_CURVE ( 'NONE', #4904, #6745, #5228, .T. ) ;
#2975 = FACE_OUTER_BOUND ( 'NONE', #3018, .T. ) ;
#2976 = DIRECTION ( 'NONE',  ( -0.000000000000000000, 1.000000000000000000, -0.000000000000000000 ) ) ;
#2977 = CARTESIAN_POINT ( 'NONE',  ( 9.538188000149865786, -14.02390433230607059, 11.05600000000000271 ) ) ;
#2978 = ORIENTED_EDGE ( 'NONE', *, *, #5614, .T. ) ;
#2979 = ADVANCED_FACE ( 'NONE', ( #5152, #6187 ), #120, .T. ) ;
#2980 = CARTESIAN_POINT ( 'NONE',  ( 0.000000000000000000, 0.000000000000000000, 3.005999999999991346 ) ) ;
#2981 = CARTESIAN_POINT ( 'NONE',  ( 5.571559769077778945, -14.65035004269345009, 14.98099999999981335 ) ) ;
#2982 = AXIS2_PLACEMENT_3D ( 'NONE', #3481, #5727, #2445 ) ;
#2983 = CARTESIAN_POINT ( 'NONE',  ( -0.7382928528652020761, 7.764312843947696940, -5.730599999999999028 ) ) ;
#2984 = ORIENTED_EDGE ( 'NONE', *, *, #1316, .F. ) ;
#2985 = DIRECTION ( 'NONE',  ( 0.1509688510070175405, 0.9885385202538244931, -2.194996451829355688E-16 ) ) ;
#2986 = AXIS2_PLACEMENT_3D ( 'NONE', #1462, #3158, #4404 ) ;
#2987 = CARTESIAN_POINT ( 'NONE',  ( -1.852669853647205711, -12.20424927020291683, -10.44909999999999783 ) ) ;
#2988 = CARTESIAN_POINT ( 'NONE',  ( -35.53768265111548885, 31.38543395455019791, 8.630999999999989569 ) ) ;
#2989 = CARTESIAN_POINT ( 'NONE',  ( -9.563470004575247430, -8.602364820059431594, 12.55603281448345143 ) ) ;
#2990 = CARTESIAN_POINT ( 'NONE',  ( -7.554344457599334817, -17.39101118090853149, -7.318099999999999383 ) ) ;
#2991 = FACE_OUTER_BOUND ( 'NONE', #5971, .T. ) ;
#2992 = AXIS2_PLACEMENT_3D ( 'NONE', #5067, #6763, #1722 ) ;
#2993 = CARTESIAN_POINT ( 'NONE',  ( 16.81779775650938547, 2.668662316454843531, -8.905600000000001515 ) ) ;
#2994 = EDGE_LOOP ( 'NONE', ( #846, #7032 ) ) ;
#2995 = FACE_OUTER_BOUND ( 'NONE', #1311, .T. ) ;
#2996 = CARTESIAN_POINT ( 'NONE',  ( 1.298463506524899280, -11.88093877015635158, 8.631000000000002004 ) ) ;
#2997 = VECTOR ( 'NONE', #1319, 1000.000000000000114 ) ;
#2998 = CARTESIAN_POINT ( 'NONE',  ( -12.64633658977693997, 34.64295991251769635, 8.630999999999993122 ) ) ;
#2999 = CARTESIAN_POINT ( 'NONE',  ( -48.49935445207389506, 17.71237818181343826, 14.98100000000005494 ) ) ;
#3000 = B_SPLINE_CURVE_WITH_KNOTS ( 'NONE', 3,
 ( #7266, #1745, #1045, #5605, #2217, #2775, #1598, #1670, #2252, #492, #6122, #6161 ),
 .UNSPECIFIED., .F., .F.,
 ( 4, 1, 1, 1, 1, 1, 1, 1, 1, 4 ),
 ( 0.04136035097827933660, 0.05504790773366751572, 0.08745554431386974581, 0.1279650900391312573, 0.1603727266193404333, 0.1846784540544972875, 0.2170860906347065467, 0.2494937272149157226, 0.2819013637951250928, 0.3224109095203864239 ),
 .UNSPECIFIED. ) ;
#3001 = CARTESIAN_POINT ( 'NONE',  ( 11.49377828653212319, 12.59704495981061534, 1.587499999999999911 ) ) ;
#3002 = AXIS2_PLACEMENT_3D ( 'NONE', #4163, #6104, #2646 ) ;
#3003 = CARTESIAN_POINT ( 'NONE',  ( 0.000000000000000000, 0.000000000000000000, -11.44909999999999961 ) ) ;
#3004 = CARTESIAN_POINT ( 'NONE',  ( -7.523516826610324948, -17.40178589657775987, 1.587499999999999911 ) ) ;
#3005 = CARTESIAN_POINT ( 'NONE',  ( 24.41231104288262443, 3.775411083464547790, 8.630999999999927397 ) ) ;
#3006 = VERTEX_POINT ( 'NONE', #4599 ) ;
#3007 = CARTESIAN_POINT ( 'NONE',  ( -4.425450163291727357, 9.109798709189764310, 0.000000000000000000 ) ) ;
#3008 = EDGE_LOOP ( 'NONE', ( #135, #6874, #4668, #6370, #2381, #1628, #432, #1507, #5017 ) ) ;
#3009 = AXIS2_PLACEMENT_3D ( 'NONE', #4738, #3557, #1201 ) ;
#3010 = DIRECTION ( 'NONE',  ( -0.3489024681454919175, -0.9371590407833583214, 0.000000000000000000 ) ) ;
#3011 = EDGE_CURVE ( 'NONE', #4785, #1734, #5078, .T. ) ;
#3012 = CARTESIAN_POINT ( 'NONE',  ( 11.41814862264508257, -14.43180207524542702, 12.55600000000000271 ) ) ;
#3013 = ORIENTED_EDGE ( 'NONE', *, *, #2532, .T. ) ;
#3014 = CARTESIAN_POINT ( 'NONE',  ( -12.08577218535678455, -8.260898982479286445, 8.631000000000002004 ) ) ;
#3015 = PLANE ( 'NONE',  #6869 ) ;
#3016 = CARTESIAN_POINT ( 'NONE',  ( -4.893531080939470534, 2.488148397741977824, 0.000000000000000000 ) ) ;
#3017 = CARTESIAN_POINT ( 'NONE',  ( 4.565458968152779740, -12.74065375098223285, 13.39349999983421569 ) ) ;
#3018 = EDGE_LOOP ( 'NONE', ( #1901, #3499, #5132, #2572 ) ) ;
#3019 = CARTESIAN_POINT ( 'NONE',  ( -11.19984111205484112, -5.893991113273777671, 1.587499999999999911 ) ) ;
#3020 = CARTESIAN_POINT ( 'NONE',  ( -1.501048752687702992, 33.03278635709281730, 14.98099999999999454 ) ) ;
#3021 = EDGE_CURVE ( 'NONE', #1956, #1314, #4459, .T. ) ;
#3022 = CARTESIAN_POINT ( 'NONE',  ( -18.89888435792380861, 32.85861777811342677, 12.59975000094451936 ) ) ;
#3023 = EDGE_CURVE ( 'NONE', #7253, #6894, #2799, .T. ) ;
#3024 = CARTESIAN_POINT ( 'NONE',  ( 17.94165315055619914, 9.778307201251383418, 3.174999999999999822 ) ) ;
#3025 = ORIENTED_EDGE ( 'NONE', *, *, #2661, .T. ) ;
#3026 = CARTESIAN_POINT ( 'NONE',  ( 20.93640320978964198, -0.9952720344690632048, -8.905600000000001515 ) ) ;
#3027 = CARTESIAN_POINT ( 'NONE',  ( -14.84865981886881947, 1.076030287531293039, -8.248035969732711692 ) ) ;
#3028 = CARTESIAN_POINT ( 'NONE',  ( -7.106860689915234452, -8.061057165503743960, 8.631000000000000227 ) ) ;
#3029 = CARTESIAN_POINT ( 'NONE',  ( -2.834902986796340674, -10.02022730372671866, 11.36663415283823042 ) ) ;
#3030 = CARTESIAN_POINT ( 'NONE',  ( -33.50011498293680745, 34.60976076831700254, 10.21850059711604253 ) ) ;
#3031 = CARTESIAN_POINT ( 'NONE',  ( 0.000000000000000000, 0.000000000000000000, 0.2560000000000005604 ) ) ;
#3032 = CARTESIAN_POINT ( 'NONE',  ( 12.16910334886818568, -14.54587935834384460, 12.55600000000000271 ) ) ;
#3033 = VERTEX_POINT ( 'NONE', #4453 ) ;
#3034 = CARTESIAN_POINT ( 'NONE',  ( 19.67346976725517038, 19.47390449454815808, 8.630999999999996675 ) ) ;
#3035 = CARTESIAN_POINT ( 'NONE',  ( -3.930252202945377249, -14.63193367759294716, 7.043499999999998984 ) ) ;
#3036 = CARTESIAN_POINT ( 'NONE',  ( -11.64005917701988935, -13.71557504678705719, -8.248035969732711692 ) ) ;
#3037 = CARTESIAN_POINT ( 'NONE',  ( 23.80368188292203513, -9.445347389392313886, 14.98100000000000520 ) ) ;
#3038 = CARTESIAN_POINT ( 'NONE',  ( 6.357654243826428520, -13.22022808459496623, 10.21850000016612192 ) ) ;
#3039 = CARTESIAN_POINT ( 'NONE',  ( -9.018052631484367865, 9.357487925184482691, -8.905600000000001515 ) ) ;
#3040 = CARTESIAN_POINT ( 'NONE',  ( 5.934055386172463642, 13.04683675044151769, 1.587499999999999911 ) ) ;
#3041 = ADVANCED_FACE ( 'NONE', ( #2387 ), #6328, .T. ) ;
#3042 = PLANE ( 'NONE',  #5792 ) ;
#3043 = CARTESIAN_POINT ( 'NONE',  ( -6.222808689321803755, -8.261172570105257407, 8.631000000000000227 ) ) ;
#3044 = CARTESIAN_POINT ( 'NONE',  ( -5.462015592765184557, 9.269133915182298011, 0.000000000000000000 ) ) ;
#3045 = CARTESIAN_POINT ( 'NONE',  ( -9.861397950460659700, -3.803249005346686751, 1.795373390156528082 ) ) ;
#3046 = CARTESIAN_POINT ( 'NONE',  ( -16.63745931535508760, -0.6559562539159523586, -8.905600000000001515 ) ) ;
#3047 = ORIENTED_EDGE ( 'NONE', *, *, #3976, .F. ) ;
#3048 = CARTESIAN_POINT ( 'NONE',  ( -13.58947590257545635, -7.722156097359721194, 8.631000000000002004 ) ) ;
#3049 = CARTESIAN_POINT ( 'NONE',  ( -9.801959106896667606, -16.06714690621811314, -7.318099999999999383 ) ) ;
#3050 = CARTESIAN_POINT ( 'NONE',  ( -4.505929544752475202, 2.980310178192153714, 0.000000000000000000 ) ) ;
#3051 = ADVANCED_FACE ( 'NONE', ( #5187 ), #155, .F. ) ;
#3052 = CARTESIAN_POINT ( 'NONE',  ( -5.273267697204471638, -11.77842311985290813, 14.98100000000000520 ) ) ;
#3053 = ORIENTED_EDGE ( 'NONE', *, *, #857, .T. ) ;
#3054 = CARTESIAN_POINT ( 'NONE',  ( -33.50011498293680745, 34.60976076831700254, 8.630999999999993122 ) ) ;
#3055 = CARTESIAN_POINT ( 'NONE',  ( 12.74199028093019237, -16.33159447792379382, 14.98099999999976717 ) ) ;
#3056 = CARTESIAN_POINT ( 'NONE',  ( 19.34913917186174004, 1.726690403717616062, 1.587499999999999911 ) ) ;
#3057 = CARTESIAN_POINT ( 'NONE',  ( -12.33934189293555583, -11.58127647214966238, -0.02470917292545928359 ) ) ;
#3058 = EDGE_CURVE ( 'NONE', #5816, #5147, #4087, .T. ) ;
#3059 = ORIENTED_EDGE ( 'NONE', *, *, #1885, .T. ) ;
#3060 = CARTESIAN_POINT ( 'NONE',  ( 19.34913917186175425, -0.8378785336971104059, 0.000000000000000000 ) ) ;
#3061 = CARTESIAN_POINT ( 'NONE',  ( -15.05170216074766287, -0.7453076699463744292, -7.318099999999999383 ) ) ;
#3062 = CARTESIAN_POINT ( 'NONE',  ( -25.19530689742510177, -5.040814917066635203, 8.631000000000000227 ) ) ;
#3063 = CARTESIAN_POINT ( 'NONE',  ( -8.751285366612483685, -8.517527830486059770, 12.24536584716177146 ) ) ;
#3064 = CARTESIAN_POINT ( 'NONE',  ( -9.686569713148177385, -9.023495126771175379, 13.39349952335688521 ) ) ;
#3065 = CARTESIAN_POINT ( 'NONE',  ( -8.075920189769499657, -18.89007583987516981, 3.174999999999999822 ) ) ;
#3066 = CARTESIAN_POINT ( 'NONE',  ( -3.930252202945376361, -14.63193367759294716, 8.631000000000000227 ) ) ;
#3067 = ORIENTED_EDGE ( 'NONE', *, *, #433, .T. ) ;
#3068 = DIRECTION ( 'NONE',  ( 0.000000000000000000, 0.000000000000000000, 1.000000000000000000 ) ) ;
#3069 = CARTESIAN_POINT ( 'NONE',  ( -11.26624397905508523, -14.38126842802891403, -7.318099999999999383 ) ) ;
#3070 = B_SPLINE_CURVE_WITH_KNOTS ( 'NONE', 3,
 ( #6496, #7078, #5835, #1379, #2552, #4290, #3696, #2008, #4691, #1447, #2473 ),
 .UNSPECIFIED., .F., .F.,
 ( 4, 1, 1, 1, 1, 1, 1, 1, 4 ),
 ( 0.1307500000000381968, 0.1540578125000333365, 0.1773656250000284484, 0.2006734375000235882, 0.2239812500000187556, 0.2472890625000138398, 0.2705968750000089518, 0.2939046875000040915, 0.3137622286187854992 ),
 .UNSPECIFIED. ) ;
#3071 = EDGE_CURVE ( 'NONE', #3821, #1618, #5663, .T. ) ;
#3072 = CARTESIAN_POINT ( 'NONE',  ( 6.426220926797029165, 26.62486273173800200, 14.98100000000004783 ) ) ;
#3073 = EDGE_CURVE ( 'NONE', #2458, #871, #5463, .T. ) ;
#3074 = CARTESIAN_POINT ( 'NONE',  ( 10.92614210560904908, 12.78862863666391192, 1.587499999999999911 ) ) ;
#3075 = CARTESIAN_POINT ( 'NONE',  ( -15.49555201357002865, 4.325809552604403585, -8.905600000000001515 ) ) ;
#3076 = CARTESIAN_POINT ( 'NONE',  ( 14.41385967686997027, 10.99875499969034820, 1.587499999999999911 ) ) ;
#3077 = CARTESIAN_POINT ( 'NONE',  ( -16.59678491889878060, -0.1168331933133186645, -8.905599999999997962 ) ) ;
#3078 = CARTESIAN_POINT ( 'NONE',  ( 20.98205252773206908, -15.34149038294230394, 8.631000000000000227 ) ) ;
#3079 = CARTESIAN_POINT ( 'NONE',  ( -6.772800442731737647, -28.57256243734814305, -14.44909999999999961 ) ) ;
#3080 = ORIENTED_EDGE ( 'NONE', *, *, #3122, .F. ) ;
#3081 = CARTESIAN_POINT ( 'NONE',  ( -8.298964699385155797, -18.80810310528469387, -8.905599999999997962 ) ) ;
#3082 = CARTESIAN_POINT ( 'NONE',  ( 11.41814862115080054, -14.43180208340886672, 13.39349999983421569 ) ) ;
#3083 = ORIENTED_EDGE ( 'NONE', *, *, #2083, .T. ) ;
#3084 = CARTESIAN_POINT ( 'NONE',  ( -8.075920189769499657, -18.89007583987516981, 3.174999999999999822 ) ) ;
#3085 = CARTESIAN_POINT ( 'NONE',  ( -4.439039386445601032, 32.30869805997172506, 10.21850059711604253 ) ) ;
#3086 = DIRECTION ( 'NONE',  ( -0.9371590407833582104, 0.3489024681454916954, -0.000000000000000000 ) ) ;
#3087 = CARTESIAN_POINT ( 'NONE',  ( 2.229183074677309140, -13.76562875766001959, 14.98100000000000520 ) ) ;
#3088 = CARTESIAN_POINT ( 'NONE',  ( -2.204894577754120011, -10.96236130471560521, 12.55599999790798371 ) ) ;
#3089 = ORIENTED_EDGE ( 'NONE', *, *, #724, .F. ) ;
#3090 = EDGE_CURVE ( 'NONE', #6768, #185, #5419, .T. ) ;
#3091 = CARTESIAN_POINT ( 'NONE',  ( 1.567619046119865578, -19.94728248612939581, 0.9085703574848214004 ) ) ;
#3092 = CARTESIAN_POINT ( 'NONE',  ( 7.753788007555675321, 29.50962372097942321, 14.98100000000004783 ) ) ;
#3093 = CARTESIAN_POINT ( 'NONE',  ( -0.2653667188482610184, 10.93062915889242070, 8.631000000000000227 ) ) ;
#3094 = CIRCLE ( 'NONE', #4975, 0.7937499999999990674 ) ;
#3095 = DIRECTION ( 'NONE',  ( 0.3805874007937319892, -0.9247449542209306150, 0.000000000000000000 ) ) ;
#3096 = ORIENTED_EDGE ( 'NONE', *, *, #723, .T. ) ;
#3097 = CARTESIAN_POINT ( 'NONE',  ( 20.72253049208612197, 0.1377466897200849694, -8.905599999999999739 ) ) ;
#3098 =( GEOMETRIC_REPRESENTATION_CONTEXT ( 3 ) GLOBAL_UNCERTAINTY_ASSIGNED_CONTEXT ( ( #4595 ) ) GLOBAL_UNIT_ASSIGNED_CONTEXT ( ( #2528, #151, #3565 ) ) REPRESENTATION_CONTEXT ( 'NONE', 'WORKASPACE' ) );
#3099 = CARTESIAN_POINT ( 'NONE',  ( -4.673023078167661382, 9.158108384588148354, -8.248035969732711692 ) ) ;
#3100 = CARTESIAN_POINT ( 'NONE',  ( 27.22101982593339287, 6.353276422773165955, 11.80599999999999916 ) ) ;
#3101 = CARTESIAN_POINT ( 'NONE',  ( -6.418453418622712014, -9.399587381842794187, 11.05596718551655400 ) ) ;
#3102 = ADVANCED_FACE ( 'NONE', ( #5077 ), #931, .T. ) ;
#3103 = CARTESIAN_POINT ( 'NONE',  ( 5.643427785945196895, -2.101037068021307075, 0.000000000000000000 ) ) ;
#3104 = CARTESIAN_POINT ( 'NONE',  ( 0.000000000000000000, 0.000000000000000000, 14.98099999999999987 ) ) ;
#3105 = FACE_OUTER_BOUND ( 'NONE', #1760, .T. ) ;
#3106 = AXIS2_PLACEMENT_3D ( 'NONE', #2669, #356, #2111 ) ;
#3107 = VERTEX_POINT ( 'NONE', #6528 ) ;
#3108 = CARTESIAN_POINT ( 'NONE',  ( -4.036108563097339896, -20.39408905309382547, -15.44909999999999961 ) ) ;
#3109 = DIRECTION ( 'NONE',  ( -0.3489024681454918619, -0.9371590407833582104, -0.000000000000000000 ) ) ;
#3110 = CARTESIAN_POINT ( 'NONE',  ( -10.41031883446054884, -15.48565035781322408, -7.318099999999999383 ) ) ;
#3111 = CARTESIAN_POINT ( 'NONE',  ( -45.68751235600759486, 22.77985263037423636, 14.98099999999995902 ) ) ;
#3112 = VECTOR ( 'NONE', #3662, 1000.000000000000000 ) ;
#3113 = CARTESIAN_POINT ( 'NONE',  ( 2.627199034100078823, 11.58792776850128270, 0.000000000000000000 ) ) ;
#3114 = CARTESIAN_POINT ( 'NONE',  ( -15.36714506674115555, -8.877574376443865489, -8.905600000000001515 ) ) ;
#3115 = EDGE_CURVE ( 'NONE', #1793, #1728, #4722, .T. ) ;
#3116 = DIRECTION ( 'NONE',  ( 0.000000000000000000, 0.000000000000000000, 1.000000000000000000 ) ) ;
#3117 = CARTESIAN_POINT ( 'NONE',  ( 1.226780418669875639, 32.16946954534166281, 8.630999999999989569 ) ) ;
#3118 = VECTOR ( 'NONE', #2138, 1000.000000000000000 ) ;
#3119 = CARTESIAN_POINT ( 'NONE',  ( -10.32067812157115760, 7.973551672692938297, -7.318099999999999383 ) ) ;
#3120 = ORIENTED_EDGE ( 'NONE', *, *, #2633, .T. ) ;
#3121 = CARTESIAN_POINT ( 'NONE',  ( 28.63184273261631674, -1.233121942092601619, 11.80600000000000094 ) ) ;
#3122 = EDGE_CURVE ( 'NONE', #5491, #4266, #1125, .T. ) ;
#3123 = VERTEX_POINT ( 'NONE', #5977 ) ;
#3124 = VECTOR ( 'NONE', #1061, 1000.000000000000000 ) ;
#3125 = CARTESIAN_POINT ( 'NONE',  ( 7.909015576370189926, 14.84851624245665391, 3.174999999999999822 ) ) ;
#3126 = CARTESIAN_POINT ( 'NONE',  ( -2.555409098860968342, -1.491539187694883584, 14.98099999999999987 ) ) ;
#3127 = DIRECTION ( 'NONE',  ( 0.6802860802513717164, 0.7329466890683279390, 0.000000000000000000 ) ) ;
#3128 = CARTESIAN_POINT ( 'NONE',  ( -1.622867371712526152, -12.76438399408505653, 14.98100000000002119 ) ) ;
#3129 = VECTOR ( 'NONE', #5576, 1000.000000000000000 ) ;
#3130 = CARTESIAN_POINT ( 'NONE',  ( -9.901329239701597729, -8.960905357864469067, 14.98100000000000165 ) ) ;
#3131 = ORIENTED_EDGE ( 'NONE', *, *, #3021, .F. ) ;
#3132 = CARTESIAN_POINT ( 'NONE',  ( -56.07189761964543351, 23.61786509392923961, 10.21850059711604430 ) ) ;
#3133 = ORIENTED_EDGE ( 'NONE', *, *, #3337, .F. ) ;
#3134 = DIRECTION ( 'NONE',  ( -3.696461235175309246E-05, -0.9999999993168088297, 0.000000000000000000 ) ) ;
#3135 = FACE_OUTER_BOUND ( 'NONE', #405, .T. ) ;
#3136 = ORIENTED_EDGE ( 'NONE', *, *, #3964, .T. ) ;
#3137 = CARTESIAN_POINT ( 'NONE',  ( 19.27251535265162019, -0.7273949869799352097, -5.730600000000004357 ) ) ;
#3138 = CARTESIAN_POINT ( 'NONE',  ( -3.953988504193371334, 8.990941570122322091, -7.318099999999999383 ) ) ;
#3139 = CARTESIAN_POINT ( 'NONE',  ( -19.71033619879224119, -7.218401743463203957, 8.631000000000181416 ) ) ;
#3140 = CARTESIAN_POINT ( 'NONE',  ( -4.950910143045011758, -9.449961203740805615, 11.36663415283823042 ) ) ;
#3141 = DIRECTION ( 'NONE',  ( -1.000000000000000000, 0.000000000000000000, 0.000000000000000000 ) ) ;
#3142 = CARTESIAN_POINT ( 'NONE',  ( 2.522652101162977889, 6.498606346870407613, -7.318099999999999383 ) ) ;
#3143 = CARTESIAN_POINT ( 'NONE',  ( -11.93380714760685102, -13.05735525345597914, -7.318099999999999383 ) ) ;
#3144 = ORIENTED_EDGE ( 'NONE', *, *, #6557, .F. ) ;
#3145 = CARTESIAN_POINT ( 'NONE',  ( 20.27413859998240042, 0.5236313438399223807, -8.905599999999999739 ) ) ;
#3146 = EDGE_CURVE ( 'NONE', #10, #1647, #3755, .T. ) ;
#3147 = CARTESIAN_POINT ( 'NONE',  ( 26.21613685041451092, 2.538123062335156721, 10.21850059711604963 ) ) ;
#3148 = CARTESIAN_POINT ( 'NONE',  ( -7.751376530972530432, -18.01936887788673758, -8.905600000000001515 ) ) ;
#3149 = CARTESIAN_POINT ( 'NONE',  ( -2.472180545705637389, 30.00936299409639929, 14.98099999999999454 ) ) ;
#3150 = CARTESIAN_POINT ( 'NONE',  ( -2.853721730829550385, 10.28847509130143401, -8.905599999999999739 ) ) ;
#3151 = CARTESIAN_POINT ( 'NONE',  ( -15.07100508611710055, 2.833178713748989885, -8.905600000000001515 ) ) ;
#3152 = CARTESIAN_POINT ( 'NONE',  ( -16.04143873714527047, 2.813959658486365978, -15.44909999999999961 ) ) ;
#3153 = CARTESIAN_POINT ( 'NONE',  ( 1.104215542453945265, -10.18843664028698370, 8.631000000000000227 ) ) ;
#3154 = DIRECTION ( 'NONE',  ( -0.000000000000000000, -0.000000000000000000, -1.000000000000000000 ) ) ;
#3155 = DIRECTION ( 'NONE',  ( -0.000000000000000000, -0.000000000000000000, 1.000000000000000000 ) ) ;
#3156 = VECTOR ( 'NONE', #4687, 1000.000000000000000 ) ;
#3157 = ORIENTED_EDGE ( 'NONE', *, *, #4066, .F. ) ;
#3158 = DIRECTION ( 'NONE',  ( -0.3489024681454918619, -0.9371590407833582104, -0.000000000000000000 ) ) ;
#3159 = FACE_OUTER_BOUND ( 'NONE', #223, .T. ) ;
#3160 = LINE ( 'NONE', #3677, #49 ) ;
#3161 = CARTESIAN_POINT ( 'NONE',  ( -48.86279541950757732, 23.23735313982243156, 14.98099999999995902 ) ) ;
#3162 = CARTESIAN_POINT ( 'NONE',  ( 20.94388675655209298, -3.040034758276043636, -8.905600000000001515 ) ) ;
#3163 = ORIENTED_EDGE ( 'NONE', *, *, #5280, .T. ) ;
#3164 = CARTESIAN_POINT ( 'NONE',  ( -11.41644753894032149, -14.18370272454598968, 1.587499999999999911 ) ) ;
#3165 = EDGE_LOOP ( 'NONE', ( #4415, #5498, #7092, #4964 ) ) ;
#3166 = CARTESIAN_POINT ( 'NONE',  ( -5.462015592765184557, 9.269133915182298011, -7.318099999999999383 ) ) ;
#3167 = LINE ( 'NONE', #3788, #6502 ) ;
#3168 = ORIENTED_EDGE ( 'NONE', *, *, #3582, .T. ) ;
#3169 = CARTESIAN_POINT ( 'NONE',  ( 7.714639565866646009, 4.483380572707835299, -5.730599999999999028 ) ) ;
#3170 = CARTESIAN_POINT ( 'NONE',  ( -14.76875028746298035, -5.206464281081048640, -7.318099999999999383 ) ) ;
#3171 = CARTESIAN_POINT ( 'NONE',  ( 26.35318203560210648, -11.46868643948620203, 11.80600000000000271 ) ) ;
#3172 = CARTESIAN_POINT ( 'NONE',  ( -15.04563620612663755, -2.991654865032745025, -5.730599999999999028 ) ) ;
#3173 = CARTESIAN_POINT ( 'NONE',  ( 5.064212681890032819, 12.79939556309076742, 0.000000000000000000 ) ) ;
#3174 = CARTESIAN_POINT ( 'NONE',  ( 16.57349271235959165, 1.049111268417388665, -5.724718680336701837 ) ) ;
#3175 = EDGE_LOOP ( 'NONE', ( #5719, #2562, #5277, #1105 ) ) ;
#3176 = DIRECTION ( 'NONE',  ( 0.000000000000000000, 0.000000000000000000, -1.000000000000000000 ) ) ;
#3177 = CARTESIAN_POINT ( 'NONE',  ( -14.86901515784370176, 1.049209332050097254, -5.730599999999990146 ) ) ;
#3178 = CARTESIAN_POINT ( 'NONE',  ( -9.996188720101049086, -16.76012366908322093, -8.905600000000001515 ) ) ;
#3179 = CARTESIAN_POINT ( 'NONE',  ( -45.42288820622445655, 18.78351911223738213, 14.98100000000005494 ) ) ;
#3180 = EDGE_CURVE ( 'NONE', #6813, #6233, #586, .T. ) ;
#3181 = CARTESIAN_POINT ( 'NONE',  ( -10.41314714674533803, 7.897711239747242651, -5.730599999999998140 ) ) ;
#3182 = CARTESIAN_POINT ( 'NONE',  ( -10.94507972258137585, -14.84553058644234014, -5.730600000000001693 ) ) ;
#3183 = ORIENTED_EDGE ( 'NONE', *, *, #5411, .T. ) ;
#3184 = DIRECTION ( 'NONE',  ( -0.000000000000000000, -0.000000000000000000, -1.000000000000000000 ) ) ;
#3185 = CARTESIAN_POINT ( 'NONE',  ( 13.38164866021849875, 26.72609921577227965, 8.630999999999989569 ) ) ;
#3186 = EDGE_CURVE ( 'NONE', #6551, #7247, #4209, .T. ) ;
#3187 = CARTESIAN_POINT ( 'NONE',  ( -12.69611107861289589, 5.860204217221870238, -7.318099999999999383 ) ) ;
#3188 = CARTESIAN_POINT ( 'NONE',  ( -8.075756374071776378, -18.89114725574930631, -15.44909999999999961 ) ) ;
#3189 = B_SPLINE_CURVE_WITH_KNOTS ( 'NONE', 3,
 ( #5563, #3764, #3216, #1006, #6674, #5499, #2213, #1519, #3842, #455, #2698, #2076, #2140, #2730 ),
 .UNSPECIFIED., .F., .F.,
 ( 4, 2, 2, 2, 2, 2, 4 ),
 ( -0.001692219477688795652, -0.0004602270621883368471, -0.0001522289583132223085, 1.770093624334960827E-06, 0.0001557691455618922301, 0.0007717653533121197895, 0.003235750184313030027 ),
 .UNSPECIFIED. ) ;
#3190 = EDGE_CURVE ( 'NONE', #5528, #6308, #1943, .T. ) ;
#3191 = ORIENTED_EDGE ( 'NONE', *, *, #3906, .F. ) ;
#3192 = CARTESIAN_POINT ( 'NONE',  ( 19.87557174054774478, 6.288581930109777396, 3.174999999999999822 ) ) ;
#3193 = CARTESIAN_POINT ( 'NONE',  ( 18.77326817672660653, -7.563684347862443147, -5.730599999999996363 ) ) ;
#3194 = CARTESIAN_POINT ( 'NONE',  ( -0.8872122126996903058, -19.64246734038997388, 1.798530098871298222 ) ) ;
#3195 = CARTESIAN_POINT ( 'NONE',  ( -41.34135381484318827, 28.62881875561460632, 14.98099999999987908 ) ) ;
#3196 = CARTESIAN_POINT ( 'NONE',  ( 20.94388655107127306, -17.24738155224945757, -8.905600000000001515 ) ) ;
#3197 = VERTEX_POINT ( 'NONE', #2276 ) ;
#3198 = ADVANCED_FACE ( 'NONE', ( #4526 ), #1805, .F. ) ;
#3199 = CARTESIAN_POINT ( 'NONE',  ( 12.32702882628709773, -13.51178910252829546, 13.00186502524240595 ) ) ;
#3200 = EDGE_LOOP ( 'NONE', ( #3383, #2877, #2375, #3163 ) ) ;
#3201 = LINE ( 'NONE', #5442, #1098 ) ;
#3202 = VERTEX_POINT ( 'NONE', #6327 ) ;
#3203 = CARTESIAN_POINT ( 'NONE',  ( 26.89447618733375478, -0.5000000000000008882, 14.48099999999999987 ) ) ;
#3204 = CIRCLE ( 'NONE', #41, 18.51621113172978639 ) ;
#3205 = ORIENTED_EDGE ( 'NONE', *, *, #6675, .T. ) ;
#3206 = CARTESIAN_POINT ( 'NONE',  ( 10.03961328071527248, 3.487999748267391453, -5.787905999999996887 ) ) ;
#3207 = EDGE_CURVE ( 'NONE', #1992, #5733, #3568, .T. ) ;
#3208 = CARTESIAN_POINT ( 'NONE',  ( 11.41879587569348864, -14.42826545259720028, 12.55600000000000271 ) ) ;
#3209 = CARTESIAN_POINT ( 'NONE',  ( -3.030030175635520351, -10.74447544034259572, 12.55599999790798371 ) ) ;
#3210 = AXIS2_PLACEMENT_3D ( 'NONE', #4851, #4821, #3127 ) ;
#3211 = EDGE_CURVE ( 'NONE', #6863, #3695, #1844, .T. ) ;
#3212 = DIRECTION ( 'NONE',  ( 0.9371590407833580993, -0.3489024681454918064, -1.239088197126291063E-16 ) ) ;
#3213 = CARTESIAN_POINT ( 'NONE',  ( -11.92914184755596096, -7.489316369160619047, -0.009390895656601179475 ) ) ;
#3214 = DIRECTION ( 'NONE',  ( 0.000000000000000000, -0.000000000000000000, -1.000000000000000000 ) ) ;
#3215 = ORIENTED_EDGE ( 'NONE', *, *, #6430, .T. ) ;
#3216 = CARTESIAN_POINT ( 'NONE',  ( -12.43519031948128806, -10.73777336696032059, -1.624284216828065119 ) ) ;
#3217 = AXIS2_PLACEMENT_3D ( 'NONE', #266, #3134, #1291 ) ;
#3218 = CARTESIAN_POINT ( 'NONE',  ( 11.69295195454034797, 12.50472571346611517, 0.000000000000000000 ) ) ;
#3219 = CARTESIAN_POINT ( 'NONE',  ( 25.59606568476175781, -4.805342444250243261, 11.80600000000000094 ) ) ;
#3220 = CARTESIAN_POINT ( 'NONE',  ( 4.565458968152779740, -12.74065375098223285, 13.39349999983421569 ) ) ;
#3221 = AXIS2_PLACEMENT_3D ( 'NONE', #5400, #6653, #2020 ) ;
#3222 = CARTESIAN_POINT ( 'NONE',  ( 9.397507839418620890, 3.830189564210895181, -5.730599999999997252 ) ) ;
#3223 = CARTESIAN_POINT ( 'NONE',  ( -19.99907435526948518, 34.44158140885097907, 13.39349904687931492 ) ) ;
#3224 = CARTESIAN_POINT ( 'NONE',  ( -12.01225183224680571, -16.06204882957684177, -8.905600000000001515 ) ) ;
#3225 = CARTESIAN_POINT ( 'NONE',  ( 28.63184273261631674, -1.233121942092601619, 11.80600000000000094 ) ) ;
#3226 = B_SPLINE_CURVE_WITH_KNOTS ( 'NONE', 3,
 ( #6136, #4518, #3971, #6210, #5037 ),
 .UNSPECIFIED., .F., .F.,
 ( 4, 1, 4 ),
 ( 0.8368136481653776215, 0.8603761466306986128, 0.8881302158767311328 ),
 .UNSPECIFIED. ) ;
#3227 = VECTOR ( 'NONE', #142, 1000.000000000000000 ) ;
#3228 = CARTESIAN_POINT ( 'NONE',  ( -15.05170216074766110, -0.7453076699464327159, -7.318099999999999383 ) ) ;
#3229 = CARTESIAN_POINT ( 'NONE',  ( 18.95516000675702628, 22.39092315294194435, 11.80600000000099215 ) ) ;
#3230 = VERTEX_POINT ( 'NONE', #2457 ) ;
#3231 = DIRECTION ( 'NONE',  ( -0.3489024681454918619, -0.9371590407833582104, -0.000000000000000000 ) ) ;
#3232 = CIRCLE ( 'NONE', #70, 0.7937499999999991784 ) ;
#3233 = CARTESIAN_POINT ( 'NONE',  ( 0.9736327287355986959, 9.938051241704723537, 1.692303815141587009 ) ) ;
#3234 = CARTESIAN_POINT ( 'NONE',  ( 19.34913917186174359, 1.726690403594009160, 0.000000000000000000 ) ) ;
#3235 = CARTESIAN_POINT ( 'NONE',  ( -45.75774510664813022, 21.83306024433469616, 14.98099999999996790 ) ) ;
#3236 = CARTESIAN_POINT ( 'NONE',  ( 20.95137030331453687, -3.040035034902448974, -8.905600000000001515 ) ) ;
#3237 = ORIENTED_EDGE ( 'NONE', *, *, #2280, .F. ) ;
#3238 = AXIS2_PLACEMENT_3D ( 'NONE', #4743, #6360, #1870 ) ;
#3239 = CARTESIAN_POINT ( 'NONE',  ( 12.24582441186483095, -14.04351264109663155, 13.31241918631916477 ) ) ;
#3240 = ORIENTED_EDGE ( 'NONE', *, *, #876, .F. ) ;
#3241 = CARTESIAN_POINT ( 'NONE',  ( -4.425450163291727357, 9.109798709189764310, -7.318099999999999383 ) ) ;
#3242 = B_SPLINE_CURVE_WITH_KNOTS ( 'NONE', 3,
 ( #806, #2905, #2425, #226, #5294, #1208, #4559, #1801, #5260, #4158, #768, #4046, #1842, #6809, #5701, #1285, #4709, #1874, #5185, #6405, #1765, #4010, #729, #3496, #6956, #3609, #1359, #658 ),
 .UNSPECIFIED., .F., .F.,
 ( 4, 2, 2, 2, 2, 2, 2, 2, 2, 2, 2, 2, 2, 4 ),
 ( 0.0004609305074616519842, 0.06879089441601586585, 0.1238236099496764914, 0.1926145043665161705, 0.2614053987832659631, 0.3439544720834166180, 0.4127453665001959426, 0.4815362609169593910, 0.5640853342174033669, 0.6328762286338756038, 0.7154253019340063302, 0.7979743752341311724, 0.8667652696509180466, 1.000000000000000000 ),
 .UNSPECIFIED. ) ;
#3243 = CYLINDRICAL_SURFACE ( 'NONE', #3443, 18.51621113172978639 ) ;
#3244 = VECTOR ( 'NONE', #1590, 1000.000000000000000 ) ;
#3245 = ORIENTED_EDGE ( 'NONE', *, *, #489, .F. ) ;
#3246 = CARTESIAN_POINT ( 'NONE',  ( 19.34913917186175070, 1.053691488021925249, 0.000000000000000000 ) ) ;
#3247 = CARTESIAN_POINT ( 'NONE',  ( 9.538996994740129409, -14.02040265969844945, 12.55600000000000271 ) ) ;
#3248 = EDGE_CURVE ( 'NONE', #5551, #1956, #194, .T. ) ;
#3249 = CARTESIAN_POINT ( 'NONE',  ( -30.54033267322048317, 35.95643332430391581, 11.80599999999999206 ) ) ;
#3250 = AXIS2_PLACEMENT_3D ( 'NONE', #2254, #813, #234 ) ;
#3251 = CARTESIAN_POINT ( 'NONE',  ( -14.99971363828467652, -3.517184122413656855, -5.730599999999999028 ) ) ;
#3252 = CARTESIAN_POINT ( 'NONE',  ( 19.28607383716548185, -0.7510717302914829974, -5.727038077413278749 ) ) ;
#3253 = CARTESIAN_POINT ( 'NONE',  ( 4.565458976127893642, -12.74065372056012357, 10.21850000016612192 ) ) ;
#3254 = ORIENTED_EDGE ( 'NONE', *, *, #1946, .T. ) ;
#3255 = CARTESIAN_POINT ( 'NONE',  ( -12.32135587320452430, -11.81401997912475288, -5.730600000000002581 ) ) ;
#3256 = CARTESIAN_POINT ( 'NONE',  ( -12.30877937125917931, -11.74280949031104093, 0.000000000000000000 ) ) ;
#3257 = CARTESIAN_POINT ( 'NONE',  ( 18.80718129388836246, -12.73655414860664692, 8.631000000000000227 ) ) ;
#3258 = DIRECTION ( 'NONE',  ( -0.000000000000000000, -0.000000000000000000, -1.000000000000000000 ) ) ;
#3259 = CARTESIAN_POINT ( 'NONE',  ( -3.416773536141994416, 8.803941065494843343, -7.422930806097530976 ) ) ;
#3260 = CARTESIAN_POINT ( 'NONE',  ( 4.565458968152778851, -12.74065375098221331, 8.631000000000003780 ) ) ;
#3261 = VERTEX_POINT ( 'NONE', #5222 ) ;
#3262 = CARTESIAN_POINT ( 'NONE',  ( -14.07215356657220440, -10.31124698196122402, 3.174999999999999822 ) ) ;
#3263 = CARTESIAN_POINT ( 'NONE',  ( 28.77451289708931981, -5.204147292517035339, 11.80600000000000094 ) ) ;
#3264 = EDGE_CURVE ( 'NONE', #5407, #6839, #1830, .T. ) ;
#3265 = CARTESIAN_POINT ( 'NONE',  ( -13.29338258890768465, -6.451318146932627506, 3.174999999999999822 ) ) ;
#3266 = CARTESIAN_POINT ( 'NONE',  ( -9.615768839047845518, -10.70413264034995748, 11.80600000000000271 ) ) ;
#3267 = ORIENTED_EDGE ( 'NONE', *, *, #3964, .F. ) ;
#3268 = ADVANCED_FACE ( 'NONE', ( #697 ), #769, .T. ) ;
#3269 = CARTESIAN_POINT ( 'NONE',  ( 1.990856991271415799, 13.07993856111000319, 3.174999999999999822 ) ) ;
#3270 = CARTESIAN_POINT ( 'NONE',  ( -4.036108563097333679, -20.39408905309382547, 7.043499999999999872 ) ) ;
#3271 = CARTESIAN_POINT ( 'NONE',  ( 12.16856079880803598, -14.54943195631387631, 11.05600000000000271 ) ) ;
#3272 = CARTESIAN_POINT ( 'NONE',  ( 15.81603941767295929, -13.23563869823644623, 11.80600000000024963 ) ) ;
#3273 = CARTESIAN_POINT ( 'NONE',  ( -6.092761286508818763, -9.907193276350634292, 14.98100000000000698 ) ) ;
#3274 = EDGE_LOOP ( 'NONE', ( #4344, #5214, #1822, #6294, #150 ) ) ;
#3275 = CARTESIAN_POINT ( 'NONE',  ( 12.31584843294385578, -13.58499790962765452, 10.53591405485070176 ) ) ;
#3276 = ORIENTED_EDGE ( 'NONE', *, *, #2198, .F. ) ;
#3277 = ADVANCED_FACE ( 'NONE', ( #3610 ), #4086, .T. ) ;
#3278 = CARTESIAN_POINT ( 'NONE',  ( -14.58480082940163314, 2.174848942770986948, -7.318099999999999383 ) ) ;
#3279 = CARTESIAN_POINT ( 'NONE',  ( -10.77377632720185652, -15.06705754985584989, 0.000000000000000000 ) ) ;
#3280 = CARTESIAN_POINT ( 'NONE',  ( -11.11513831576380973, -2.846000725366038431, 8.631000000000000227 ) ) ;
#3281 = VERTEX_POINT ( 'NONE', #3017 ) ;
#3282 = CARTESIAN_POINT ( 'NONE',  ( 11.47345137355737954, 3.024429739990967203, -5.730599999999998140 ) ) ;
#3283 = CARTESIAN_POINT ( 'NONE',  ( 9.876660722348544752, -12.55885045745033857, 11.05600000000000271 ) ) ;
#3284 = CARTESIAN_POINT ( 'NONE',  ( -1.622867371715112528, -12.76438399408419500, 11.80600000000000271 ) ) ;
#3285 = CARTESIAN_POINT ( 'NONE',  ( 20.00649361252296288, -16.52835352298155769, -8.905600000000001515 ) ) ;
#3286 = CARTESIAN_POINT ( 'NONE',  ( 0.000000000000000000, 0.000000000000000000, 3.756000000000000671 ) ) ;
#3287 = EDGE_CURVE ( 'NONE', #5705, #5853, #3851, .T. ) ;
#3288 = ORIENTED_EDGE ( 'NONE', *, *, #6966, .T. ) ;
#3289 = DIRECTION ( 'NONE',  ( 0.000000000000000000, -1.000000000000000000, 0.000000000000000000 ) ) ;
#3290 = CARTESIAN_POINT ( 'NONE',  ( -12.78129171708609313, -14.95043919502033880, -8.905600000000001515 ) ) ;
#3291 = CARTESIAN_POINT ( 'NONE',  ( -42.95525717008185751, 27.44897564401927070, 11.80599999999999383 ) ) ;
#3292 = CARTESIAN_POINT ( 'NONE',  ( 5.979130371550700040, -0.5000000000000017764, 3.756000000000000671 ) ) ;
#3293 = CARTESIAN_POINT ( 'NONE',  ( 20.27401818980218806, 0.5235016506652482304, -8.905600000000001515 ) ) ;
#3294 = CARTESIAN_POINT ( 'NONE',  ( -6.045795402643761030, 10.87362297811815992, -8.905600000000001515 ) ) ;
#3295 = DIRECTION ( 'NONE',  ( -0.3805874007937319892, 0.9247449542209307261, -0.000000000000000000 ) ) ;
#3296 = CARTESIAN_POINT ( 'NONE',  ( 11.48444867788076529, 27.70592705193344329, 11.80599999999999383 ) ) ;
#3297 = EDGE_CURVE ( 'NONE', #4449, #4210, #154, .T. ) ;
#3298 = PLANE ( 'NONE',  #6537 ) ;
#3299 = EDGE_CURVE ( 'NONE', #2320, #6144, #4121, .T. ) ;
#3300 = CARTESIAN_POINT ( 'NONE',  ( -16.41965974405983530, 36.03076986445130814, 11.80599999999999206 ) ) ;
#3301 = ORIENTED_EDGE ( 'NONE', *, *, #5779, .T. ) ;
#3302 = CARTESIAN_POINT ( 'NONE',  ( 1.759916674635157552, 10.85446673156586783, 2.517435969732711776 ) ) ;
#3303 = CARTESIAN_POINT ( 'NONE',  ( 1.589729586350276502, -19.94823386702496748, -5.730599999999999028 ) ) ;
#3304 = FACE_OUTER_BOUND ( 'NONE', #3685, .T. ) ;
#3305 = CARTESIAN_POINT ( 'NONE',  ( -10.34038013284929036, 32.29016240817401240, 11.80599999999999206 ) ) ;
#3306 = CARTESIAN_POINT ( 'NONE',  ( 23.33091368197174020, 13.91566868371786825, 14.98100000000000165 ) ) ;
#3307 = VERTEX_POINT ( 'NONE', #5261 ) ;
#3308 = CARTESIAN_POINT ( 'NONE',  ( 12.36021173529845463, -13.29450862676794465, 12.78221329524948757 ) ) ;
#3309 = ORIENTED_EDGE ( 'NONE', *, *, #2269, .F. ) ;
#3310 = CARTESIAN_POINT ( 'NONE',  ( -13.89092137571483399, -8.293294202557136785, -7.318099999999999383 ) ) ;
#3311 = ORIENTED_EDGE ( 'NONE', *, *, #141, .F. ) ;
#3312 = CARTESIAN_POINT ( 'NONE',  ( -6.520390359068784392, -9.826977670270796494, 11.05600000209201994 ) ) ;
#3313 = CARTESIAN_POINT ( 'NONE',  ( 0.000000000000000000, 0.000000000000000000, 0.2560000000000005604 ) ) ;
#3314 = VERTEX_POINT ( 'NONE', #228 ) ;
#3315 = CARTESIAN_POINT ( 'NONE',  ( 11.89496077522621675, 2.860824450866226165, -5.730599999999998140 ) ) ;
#3316 = CARTESIAN_POINT ( 'NONE',  ( 11.68894969801998585, -12.95213167120606634, 11.05600000000000271 ) ) ;
#3317 = CARTESIAN_POINT ( 'NONE',  ( -42.00193863272111372, 7.125692526716533415, 11.80599999999999739 ) ) ;
#3318 = CARTESIAN_POINT ( 'NONE',  ( -9.686739635327779041, -9.024083855329820381, 11.05600000209201994 ) ) ;
#3319 = LINE ( 'NONE', #6081, #1480 ) ;
#3320 = DIRECTION ( 'NONE',  ( 0.000000000000000000, -1.000000000000000000, 0.000000000000000000 ) ) ;
#3321 = ORIENTED_EDGE ( 'NONE', *, *, #4103, .T. ) ;
#3322 = CARTESIAN_POINT ( 'NONE',  ( 0.000000000000000000, 0.000000000000000000, 0.000000000000000000 ) ) ;
#3323 = CARTESIAN_POINT ( 'NONE',  ( 12.16910334886818568, -14.54587935834384460, 11.80600000000000271 ) ) ;
#3324 = EDGE_CURVE ( 'NONE', #2294, #579, #2069, .T. ) ;
#3325 = CARTESIAN_POINT ( 'NONE',  ( -12.60347368593724227, -15.23862778233871040, -8.905600000000001515 ) ) ;
#3326 = AXIS2_PLACEMENT_3D ( 'NONE', #6920, #6884, #2347 ) ;
#3327 = CARTESIAN_POINT ( 'NONE',  ( 3.579375667900573266, -10.83729641830301382, 8.631000000000000227 ) ) ;
#3328 = DIRECTION ( 'NONE',  ( -0.000000000000000000, -0.000000000000000000, -1.000000000000000000 ) ) ;
#3329 = CARTESIAN_POINT ( 'NONE',  ( 8.945847058240147476, 27.23474620158858528, 14.98099999999999454 ) ) ;
#3330 = CARTESIAN_POINT ( 'NONE',  ( -11.89037289558351418, -13.15962468831480869, -5.730600000000001693 ) ) ;
#3331 = ORIENTED_EDGE ( 'NONE', *, *, #4675, .T. ) ;
#3332 = CARTESIAN_POINT ( 'NONE',  ( -11.11513831576357525, -2.846000725366218731, 3.174999999999999822 ) ) ;
#3333 = CARTESIAN_POINT ( 'NONE',  ( 17.17154391907870448, 24.07817789789695340, 11.80599999999999383 ) ) ;
#3334 = LINE ( 'NONE', #7272, #3129 ) ;
#3335 = CARTESIAN_POINT ( 'NONE',  ( 0.3071816777607083715, -13.26177876956085377, 11.80600000000000271 ) ) ;
#3336 = AXIS2_PLACEMENT_3D ( 'NONE', #2073, #4977, #3797 ) ;
#3337 = EDGE_CURVE ( 'NONE', #5301, #513, #7255, .T. ) ;
#3339 = EDGE_CURVE ( 'NONE', #7023, #525, #6527, .T. ) ;
#3338 = CARTESIAN_POINT ( 'NONE',  ( 16.34252431176008002, 22.72080760093984608, 10.21850059711604608 ) ) ;
#3340 = CARTESIAN_POINT ( 'NONE',  ( 2.499390839117278773, 11.49427392629251088, 2.517435969732711776 ) ) ;
#3341 = CARTESIAN_POINT ( 'NONE',  ( 1.466755042524047647, 10.52621844150210251, 0.000000000000000000 ) ) ;
#3342 = CARTESIAN_POINT ( 'NONE',  ( 10.88509539828712036, -14.32323146793440394, 12.55600000000000271 ) ) ;
#3343 = CARTESIAN_POINT ( 'NONE',  ( 15.09618207182342609, 21.65501198132387373, 11.80599999999999561 ) ) ;
#3344 = AXIS2_PLACEMENT_3D ( 'NONE', #2383, #3456, #657 ) ;
#3345 = CARTESIAN_POINT ( 'NONE',  ( 4.759815703703596412, -12.78599078537129863, 14.98100000000000875 ) ) ;
#3346 = ORIENTED_EDGE ( 'NONE', *, *, #363, .F. ) ;
#3347 = DIRECTION ( 'NONE',  ( 0.9371590407833578773, -0.3489024681454928611, 0.000000000000000000 ) ) ;
#3348 = ORIENTED_EDGE ( 'NONE', *, *, #3715, .T. ) ;
#3349 = VECTOR ( 'NONE', #1464, 1000.000000000000114 ) ;
#3350 = LINE ( 'NONE', #3607, #7091 ) ;
#3351 = ORIENTED_EDGE ( 'NONE', *, *, #3297, .F. ) ;
#3352 = FACE_OUTER_BOUND ( 'NONE', #4088, .T. ) ;
#3353 = DIRECTION ( 'NONE',  ( 1.000000000000000000, 0.000000000000000000, 0.000000000000000000 ) ) ;
#3354 = EDGE_LOOP ( 'NONE', ( #4969, #4079, #2647, #127 ) ) ;
#3355 = CARTESIAN_POINT ( 'NONE',  ( 0.01392726898469804492, 8.719453522961106984, 0.000000000000000000 ) ) ;
#3356 = AXIS2_PLACEMENT_3D ( 'NONE', #1244, #3010, #4630 ) ;
#3357 = CARTESIAN_POINT ( 'NONE',  ( -5.140174604103816769, -10.17574938492209569, 12.55599999790798371 ) ) ;
#3358 = CARTESIAN_POINT ( 'NONE',  ( 28.31198947043230518, 0.6227037764108297457, 11.80600000000000094 ) ) ;
#3359 = CARTESIAN_POINT ( 'NONE',  ( 19.34894822567507688, -16.02398278983774560, -7.318099999999999383 ) ) ;
#3360 = DIRECTION ( 'NONE',  ( 0.9371590407833580993, -0.3489024681454918619, 0.000000000000000000 ) ) ;
#3361 = AXIS2_PLACEMENT_3D ( 'NONE', #3917, #6197, #1118 ) ;
#3362 = ORIENTED_EDGE ( 'NONE', *, *, #6441, .T. ) ;
#3363 = CARTESIAN_POINT ( 'NONE',  ( -2.560603478531258581, -9.806577486417962675, -10.44909999999999783 ) ) ;
#3364 = VECTOR ( 'NONE', #32, 1000.000000000000114 ) ;
#3365 = CARTESIAN_POINT ( 'NONE',  ( -11.98739699550838900, -12.91531502102366602, 0.000000000000000000 ) ) ;
#3366 = CARTESIAN_POINT ( 'NONE',  ( -16.48266611867316911, 32.85587203522656097, 11.80599999999999206 ) ) ;
#3367 = CARTESIAN_POINT ( 'NONE',  ( -8.184316070315901470, -9.429466381432716204, 12.55599999790764798 ) ) ;
#3368 = DIRECTION ( 'NONE',  ( 0.3489024681454916399, 0.9371590407833583214, -0.000000000000000000 ) ) ;
#3369 = CARTESIAN_POINT ( 'NONE',  ( 16.28144015722066129, 1.158382521813879240, -8.248035969732711692 ) ) ;
#3370 = EDGE_CURVE ( 'NONE', #4785, #3730, #1623, .T. ) ;
#3371 = CARTESIAN_POINT ( 'NONE',  ( -1.852669853647205711, -12.20424927020291683, -2.449099999999997390 ) ) ;
#3372 = ORIENTED_EDGE ( 'NONE', *, *, #1453, .F. ) ;
#3373 = CARTESIAN_POINT ( 'NONE',  ( -13.06705121025828120, -14.41327463598827840, -8.905600000000001515 ) ) ;
#3374 = CARTESIAN_POINT ( 'NONE',  ( -43.06915103936022859, 31.30670315768118428, 8.631000000000105032 ) ) ;
#3375 = DIRECTION ( 'NONE',  ( 1.000000000000000000, 0.000000000000000000, 0.000000000000000000 ) ) ;
#3376 = CARTESIAN_POINT ( 'NONE',  ( -25.19530689742510177, -5.040814917066635203, 11.80600000000000094 ) ) ;
#3377 = ORIENTED_EDGE ( 'NONE', *, *, #4802, .T. ) ;
#3378 = CARTESIAN_POINT ( 'NONE',  ( 12.69427714116425321, 12.08191484158582796, 2.517435969732711776 ) ) ;
#3379 = CARTESIAN_POINT ( 'NONE',  ( -3.174999999999999822, 0.000000000000000000, -8.949100000000001387 ) ) ;
#3380 = CARTESIAN_POINT ( 'NONE',  ( 5.089656768021824540, -10.74103297613638830, 10.60799819143153044 ) ) ;
#3381 = CARTESIAN_POINT ( 'NONE',  ( -4.453473749772172141, -8.710837770988907991, 14.98100000000000165 ) ) ;
#3382 = CARTESIAN_POINT ( 'NONE',  ( 19.67346976725402996, 19.47390449454989891, 14.98100000000000165 ) ) ;
#3383 = ORIENTED_EDGE ( 'NONE', *, *, #3950, .T. ) ;
#3384 = CARTESIAN_POINT ( 'NONE',  ( -12.35989556403103329, -11.44611578546048314, -3.639978939146544246 ) ) ;
#3385 = ORIENTED_EDGE ( 'NONE', *, *, #7106, .T. ) ;
#3386 = CARTESIAN_POINT ( 'NONE',  ( 0.3806793846580737162, -16.23688503106220438, -12.77410000000000068 ) ) ;
#3387 = LINE ( 'NONE', #2904, #2865 ) ;
#3388 = DIRECTION ( 'NONE',  ( 0.000000000000000000, 0.000000000000000000, 1.000000000000000000 ) ) ;
#3389 = DIRECTION ( 'NONE',  ( -0.9598357249907946143, 0.2805626151706527849, -6.229741504230120528E-17 ) ) ;
#3390 = DIRECTION ( 'NONE',  ( 1.000000000000000000, 0.000000000000000000, -0.000000000000000000 ) ) ;
#3391 = EDGE_LOOP ( 'NONE', ( #835, #5420, #4902, #7116, #4238 ) ) ;
#3392 = ADVANCED_FACE ( 'NONE', ( #4937 ), #3834, .F. ) ;
#3393 = CARTESIAN_POINT ( 'NONE',  ( 2.551088272595281037, 13.47269945004986980, 8.631000000000000227 ) ) ;
#3394 = CARTESIAN_POINT ( 'NONE',  ( -14.51444827866959209, 35.97823366288712776, 11.80599999999999206 ) ) ;
#3395 = DIRECTION ( 'NONE',  ( -1.000000000000000000, 0.000000000000000000, 0.000000000000000000 ) ) ;
#3396 = ORIENTED_EDGE ( 'NONE', *, *, #5404, .T. ) ;
#3397 = CARTESIAN_POINT ( 'NONE',  ( -4.394200834103393127, 3.122179071957130958, 0.000000000000000000 ) ) ;
#3398 = CARTESIAN_POINT ( 'NONE',  ( -56.07189761964543351, 23.61786509392923961, 13.39349904687931314 ) ) ;
#3399 = CARTESIAN_POINT ( 'NONE',  ( -0.8187890121307411784, -9.692814478654074861, 11.80600000000000271 ) ) ;
#3400 = FACE_OUTER_BOUND ( 'NONE', #1351, .T. ) ;
#3401 = CARTESIAN_POINT ( 'NONE',  ( -0.4570599810652384853, -8.455613107069483547, 1.550900000000002610 ) ) ;
#3402 = CARTESIAN_POINT ( 'NONE',  ( 16.50041161670990064, 1.778537014919079118, -8.905600000000001515 ) ) ;
#3403 = CARTESIAN_POINT ( 'NONE',  ( 4.730527432293561318, 14.43189337509942582, 3.174999999999999822 ) ) ;
#3404 = ORIENTED_EDGE ( 'NONE', *, *, #6615, .F. ) ;
#3405 = CARTESIAN_POINT ( 'NONE',  ( -12.20547776684154861, -12.32040931772231396, 2.517435969732711776 ) ) ;
#3406 = DIRECTION ( 'NONE',  ( 0.7660444431189816772, 0.6427876096865349220, -1.427275208435518990E-16 ) ) ;
#3407 = ADVANCED_FACE ( 'NONE', ( #1587 ), #129, .F. ) ;
#3408 = CARTESIAN_POINT ( 'NONE',  ( -8.075426939931089620, -18.89025876392038938, 8.631000000000000227 ) ) ;
#3409 = B_SPLINE_CURVE_WITH_KNOTS ( 'NONE', 3,
 ( #1341, #3441, #2959, #750, #3592, #6795, #5683, #4030, #715 ),
 .UNSPECIFIED., .F., .F.,
 ( 4, 1, 1, 1, 1, 1, 4 ),
 ( 0.6375704436346667503, 0.6660976619077176863, 0.7216058004000278636, 0.7771139388923373748, 0.8048680081384921303, 0.8326220773846471079, 0.8368136481653776215 ),
 .UNSPECIFIED. ) ;
#3410 = CARTESIAN_POINT ( 'NONE',  ( 28.11328294592867394, 1.509902505737878320, 14.98099999999997323 ) ) ;
#3411 = CARTESIAN_POINT ( 'NONE',  ( 4.289051226172818865, 12.53125708338927424, 1.587499999999999911 ) ) ;
#3412 = CARTESIAN_POINT ( 'NONE',  ( 0.000000000000000000, 0.000000000000000000, 14.48099999999999987 ) ) ;
#3413 = CARTESIAN_POINT ( 'NONE',  ( -11.41644753893961273, -14.18370272454598791, -5.730599999999999028 ) ) ;
#3414 = CARTESIAN_POINT ( 'NONE',  ( 25.48526637672581430, -1.669644062140321239, 8.630999999999998451 ) ) ;
#3415 = CARTESIAN_POINT ( 'NONE',  ( -3.634024352127970925, -10.58222667935891792, 14.98100000000000698 ) ) ;
#3416 = ORIENTED_EDGE ( 'NONE', *, *, #5675, .T. ) ;
#3417 = CARTESIAN_POINT ( 'NONE',  ( -12.33805239378414953, -11.58126502646658729, -1.963028357083793418 ) ) ;
#3418 = EDGE_LOOP ( 'NONE', ( #5339, #339, #6076, #4818 ) ) ;
#3419 = CARTESIAN_POINT ( 'NONE',  ( -10.11145738087430246, -4.158924784553586385, -0.000000000000000000 ) ) ;
#3420 = CARTESIAN_POINT ( 'NONE',  ( -6.137898920528650493, 10.85949710916194455, -8.905599999999999739 ) ) ;
#3421 = CARTESIAN_POINT ( 'NONE',  ( 5.597675635162193686, -22.28684165454750143, 0.7942348351279164831 ) ) ;
#3422 = CARTESIAN_POINT ( 'NONE',  ( -10.40649713438143742, -15.48206224211922510, -6.524349999999999206 ) ) ;
#3423 = CARTESIAN_POINT ( 'NONE',  ( 3.439202725972660524, 6.099001917730575428, -5.787905999999998663 ) ) ;
#3424 = VERTEX_POINT ( 'NONE', #7145 ) ;
#3425 = EDGE_CURVE ( 'NONE', #208, #2152, #4139, .T. ) ;
#3426 = CARTESIAN_POINT ( 'NONE',  ( -0.2653667188485172579, 10.93062915889210629, 3.174999999999999822 ) ) ;
#3427 = CARTESIAN_POINT ( 'NONE',  ( 15.95516603052824323, -16.41534318459394726, 11.80600000000025140 ) ) ;
#3428 = CARTESIAN_POINT ( 'NONE',  ( 9.314088756612395770, 13.13328089445469615, 0.000000000000000000 ) ) ;
#3429 = ORIENTED_EDGE ( 'NONE', *, *, #3869, .T. ) ;
#3430 = CARTESIAN_POINT ( 'NONE',  ( -4.153975278962704465, 9.059303208367113669, -5.730600000000000804 ) ) ;
#3431 = CARTESIAN_POINT ( 'NONE',  ( -8.075756382246241927, -18.89114725270801642, -15.44909999999999961 ) ) ;
#3432 = EDGE_CURVE ( 'NONE', #6068, #5753, #448, .T. ) ;
#3433 = CARTESIAN_POINT ( 'NONE',  ( -2.472180545705637389, 30.00936299409639929, 8.630999999999989569 ) ) ;
#3434 = CARTESIAN_POINT ( 'NONE',  ( 4.289051226172818865, 12.53125708338927602, -5.730599999999999028 ) ) ;
#3435 = CARTESIAN_POINT ( 'NONE',  ( -10.03884397310449828, -15.85111633606796389, 1.344897124314737180 ) ) ;
#3436 = CARTESIAN_POINT ( 'NONE',  ( 18.34699435588117566, 0.1463387466780844692, -7.318099999999999383 ) ) ;
#3437 = CARTESIAN_POINT ( 'NONE',  ( -12.36173675371920133, -11.44236396059189431, -0.02907958582185081117 ) ) ;
#3438 = ORIENTED_EDGE ( 'NONE', *, *, #1906, .T. ) ;
#3439 = CARTESIAN_POINT ( 'NONE',  ( -11.41644753894032149, -14.18370272454598968, 1.587499999999999911 ) ) ;
#3440 = PLANE ( 'NONE',  #4872 ) ;
#3441 = CARTESIAN_POINT ( 'NONE',  ( -9.965136473824628638, 8.168605947345728424, -5.730599999999999028 ) ) ;
#3442 = CARTESIAN_POINT ( 'NONE',  ( 11.79159259755874167, 23.96386019914276844, 14.98099999999999454 ) ) ;
#3443 = AXIS2_PLACEMENT_3D ( 'NONE', #3721, #5377, #5445 ) ;
#3444 = CARTESIAN_POINT ( 'NONE',  ( 19.00020686609616760, 5.974391187396159708, 3.174999999999999822 ) ) ;
#3445 = CYLINDRICAL_SURFACE ( 'NONE', #5457, 1.499999999999999334 ) ;
#3446 = PLANE ( 'NONE',  #1679 ) ;
#3447 = CARTESIAN_POINT ( 'NONE',  ( 8.110213314787003469, -12.05396096807256434, 8.631000000000000227 ) ) ;
#3448 = B_SPLINE_SURFACE_WITH_KNOTS ( 'NONE', 3, 1, ( 
 ( #3860, #6102 ),
 ( #2714, #2824 ),
 ( #6803, #6728 ),
 ( #3894, #4960 ),
 ( #1024, #3273 ),
 ( #1725, #3415 ),
 ( #578, #3934 ),
 ( #473, #1134 ),
 ( #613, #3345 ),
 ( #5621, #2159 ),
 ( #5105, #7203 ),
 ( #1687, #4409 ),
 ( #1167, #5655 ),
 ( #6658, #2859 ),
 ( #1613, #1059 ),
 ( #2789, #5584 ),
 ( #5001, #3306 ),
 ( #6177, #3382 ),
 ( #38, #79 ),
 ( #508, #2196 ) ),
 .UNSPECIFIED., .F., .F., .F.,
 ( 4, 1, 1, 1, 1, 1, 1, 1, 1, 1, 1, 1, 1, 1, 1, 1, 1, 4 ),
 ( 2, 2 ),
 ( 0.000000000000000000, 0.09375000000000001388, 0.1171875000000000000, 0.1328125000000000000, 0.1484375000000047462, 0.1562500000000007494, 0.1718750000000026923, 0.1874999999999977240, 0.2109375000000000000, 0.2421875000000067168, 0.2734375000000000000, 0.3125000000000000000, 0.3437500000000000000, 0.3671874999999999445, 0.3984375000000000000, 0.4296875000000000000, 0.4609375000000001665, 0.5000000000000000000 ),
 ( 0.000000000000000000, 1.000000000000000000 ),
 .UNSPECIFIED. ) ;
#3449 = AXIS2_PLACEMENT_3D ( 'NONE', #4008, #2344, #5699 ) ;
#3450 = CARTESIAN_POINT ( 'NONE',  ( -14.44633099061022108, 2.625710786495084381, 0.000000000000000000 ) ) ;
#3451 = ORIENTED_EDGE ( 'NONE', *, *, #3211, .T. ) ;
#3452 = CARTESIAN_POINT ( 'NONE',  ( 10.97740683689411867, -12.80835522116043812, 12.55600000000000094 ) ) ;
#3453 = CARTESIAN_POINT ( 'NONE',  ( -8.075426939930995474, -18.89025876392011583, 1.587499999999999689 ) ) ;
#3454 = ORIENTED_EDGE ( 'NONE', *, *, #1294, .T. ) ;
#3455 = CARTESIAN_POINT ( 'NONE',  ( -12.27122387953898652, -4.524822891209272058, 8.631000000000000227 ) ) ;
#3456 = DIRECTION ( 'NONE',  ( 0.000000000000000000, 0.000000000000000000, 1.000000000000000000 ) ) ;
#3457 = CARTESIAN_POINT ( 'NONE',  ( -5.889637072824547737, 1.223330659128233577, 0.000000000000000000 ) ) ;
#3458 = CARTESIAN_POINT ( 'NONE',  ( -1.374059813461456558, -20.95014977944716961, -8.905600000000021055 ) ) ;
#3459 = CARTESIAN_POINT ( 'NONE',  ( -0.7382928528652020761, 7.764312843947696940, -5.730599999999999028 ) ) ;
#3460 = ORIENTED_EDGE ( 'NONE', *, *, #4029, .F. ) ;
#3461 = CIRCLE ( 'NONE', #7223, 1.499999999999999556 ) ;
#3462 = CARTESIAN_POINT ( 'NONE',  ( 6.405608924346491762, 14.79585107289456580, 3.174999999999999822 ) ) ;
#3463 = CARTESIAN_POINT ( 'NONE',  ( 2.420428040132277303, -3.040034490371304798, -12.77410000000000423 ) ) ;
#3464 = VECTOR ( 'NONE', #6924, 1000.000000000000000 ) ;
#3465 = VERTEX_POINT ( 'NONE', #2341 ) ;
#3466 = CARTESIAN_POINT ( 'NONE',  ( -9.285982930621518250, -7.653050861597987087, 12.50862724674352577 ) ) ;
#3467 = EDGE_CURVE ( 'NONE', #1575, #2268, #6995, .T. ) ;
#3468 = CARTESIAN_POINT ( 'NONE',  ( 0.9736327287353242488, 9.938051241704384253, -2.071549999999999336 ) ) ;
#3469 = CARTESIAN_POINT ( 'NONE',  ( 3.313884498999439376, -14.05062876676627681, 8.631000000000183192 ) ) ;
#3470 = CIRCLE ( 'NONE', #4411, 1.587499999999998579 ) ;
#3471 = CARTESIAN_POINT ( 'NONE',  ( -9.686739635327779041, -9.024083855329820381, 12.55599999790798371 ) ) ;
#3472 = CARTESIAN_POINT ( 'NONE',  ( -7.523023809546844021, -17.40196944586107364, 1.587499999999999911 ) ) ;
#3473 = CARTESIAN_POINT ( 'NONE',  ( 19.34890321087421583, -0.9952133531469556926, -7.318099999999999383 ) ) ;
#3474 = ORIENTED_EDGE ( 'NONE', *, *, #714, .T. ) ;
#3475 = DIRECTION ( 'NONE',  ( 0.9371590407833578773, -0.3489024681454927501, 0.000000000000000000 ) ) ;
#3476 = CARTESIAN_POINT ( 'NONE',  ( -11.87207353148176026, -6.051389277006242295, -2.865300000000002179 ) ) ;
#3477 = AXIS2_PLACEMENT_3D ( 'NONE', #6020, #2631, #290 ) ;
#3478 = CARTESIAN_POINT ( 'NONE',  ( 2.914358635773569794, 29.94036153015169432, 8.630999999999993122 ) ) ;
#3479 = CARTESIAN_POINT ( 'NONE',  ( -21.91443029615336613, 36.00304555153040553, 14.98099999999999454 ) ) ;
#3480 = AXIS2_PLACEMENT_3D ( 'NONE', #3371, #1920, #4502 ) ;
#3481 = CARTESIAN_POINT ( 'NONE',  ( 0.000000000000000000, 0.000000000000000000, 3.005999999999991346 ) ) ;
#3482 = CARTESIAN_POINT ( 'NONE',  ( -0.2653667188429583712, 10.93062915889860953, 3.175000000000000266 ) ) ;
#3483 = CARTESIAN_POINT ( 'NONE',  ( -11.99089084482726442, -7.665114792993402482, 0.000000000000000000 ) ) ;
#3484 = CARTESIAN_POINT ( 'NONE',  ( -45.15773347201726295, 24.57605692322762181, 11.80599999999999383 ) ) ;
#3485 = ORIENTED_EDGE ( 'NONE', *, *, #1445, .F. ) ;
#3486 = EDGE_CURVE ( 'NONE', #4449, #4578, #2464, .T. ) ;
#3487 = CARTESIAN_POINT ( 'NONE',  ( 16.83780437368767480, 2.645196265574356609, -7.318100000000001160 ) ) ;
#3488 = ORIENTED_EDGE ( 'NONE', *, *, #2822, .T. ) ;
#3489 = B_SPLINE_CURVE_WITH_KNOTS ( 'NONE', 3,
 ( #4001, #2448, #611, #2855 ),
 .UNSPECIFIED., .F., .F.,
 ( 4, 4 ),
 ( 0.000000000000000000, 1.000000000000000000 ),
 .UNSPECIFIED. ) ;
#3490 = CARTESIAN_POINT ( 'NONE',  ( -11.11513831578101907, -2.846000725388373898, 3.175000000000000266 ) ) ;
#3491 = EDGE_CURVE ( 'NONE', #2165, #1614, #3944, .T. ) ;
#3492 = LINE ( 'NONE', #5768, #6057 ) ;
#3493 = ORIENTED_EDGE ( 'NONE', *, *, #4711, .T. ) ;
#3494 = FACE_OUTER_BOUND ( 'NONE', #3008, .T. ) ;
#3495 = CARTESIAN_POINT ( 'NONE',  ( -10.37161658683881349, 9.776587560204758276, -8.905600000000001515 ) ) ;
#3496 = CARTESIAN_POINT ( 'NONE',  ( 18.18467006882645975, 6.277871873167974570, 1.587499999999999911 ) ) ;
#3497 = CARTESIAN_POINT ( 'NONE',  ( -1.026484479805090722, -20.01655544857095848, -8.370459343380710848 ) ) ;
#3498 = CARTESIAN_POINT ( 'NONE',  ( -3.814366790046009204, -10.53271460351527722, 10.21850059711605141 ) ) ;
#3499 = ORIENTED_EDGE ( 'NONE', *, *, #3324, .F. ) ;
#3500 = CARTESIAN_POINT ( 'NONE',  ( 18.06285638181418207, 9.636161558233819591, 8.631000000000000227 ) ) ;
#3501 = CARTESIAN_POINT ( 'NONE',  ( 12.16856079531247481, -14.54943197920268183, 13.39349999983421569 ) ) ;
#3502 = ORIENTED_EDGE ( 'NONE', *, *, #1212, .F. ) ;
#3503 = CARTESIAN_POINT ( 'NONE',  ( -1.965062139854503842, 6.206607571603671936, 0.000000000000000000 ) ) ;
#3504 = CARTESIAN_POINT ( 'NONE',  ( -13.46335915016357454, -13.50398159669038911, -15.44909999999999961 ) ) ;
#3505 = EDGE_CURVE ( 'NONE', #6863, #201, #221, .T. ) ;
#3506 = CARTESIAN_POINT ( 'NONE',  ( -45.42288820622445655, 18.78351911223738213, 8.630999999999936279 ) ) ;
#3507 = CARTESIAN_POINT ( 'NONE',  ( 18.86402282299834710, -0.9952720431907391418, 0.000000000000000000 ) ) ;
#3508 = CARTESIAN_POINT ( 'NONE',  ( -0.9166854995383106885, 0.3412802089971356256, 0.000000000000000000 ) ) ;
#3509 = CARTESIAN_POINT ( 'NONE',  ( 19.67346976719853657, 19.47390449463422968, 10.21850059711604608 ) ) ;
#3510 = CARTESIAN_POINT ( 'NONE',  ( -7.887386940873784447, -17.25889120507233443, 0.000000000000000000 ) ) ;
#3511 = EDGE_LOOP ( 'NONE', ( #6438, #2966, #4529, #1282 ) ) ;
#3512 = CARTESIAN_POINT ( 'NONE',  ( 26.55051723955111598, -9.162243075185559249, 8.631000000000002004 ) ) ;
#3513 = CARTESIAN_POINT ( 'NONE',  ( 2.420428040132277303, -3.040034490371304798, 7.043499999999998096 ) ) ;
#3514 = CARTESIAN_POINT ( 'NONE',  ( 16.99088427316201333, 8.327515528459253247, 0.000000000000000000 ) ) ;
#3515 = CARTESIAN_POINT ( 'NONE',  ( -48.07305788143924730, 25.91494184313114246, 14.98100000000003718 ) ) ;
#3516 = CARTESIAN_POINT ( 'NONE',  ( -8.075756382246241927, -18.89114725270801642, -15.44909999999999961 ) ) ;
#3517 = CARTESIAN_POINT ( 'NONE',  ( 20.93640320978964198, -3.040034481649643183, -7.318100000000001160 ) ) ;
#3518 = CARTESIAN_POINT ( 'NONE',  ( -11.73792050015868682, -13.58042259290912313, -5.730599999999999028 ) ) ;
#3519 = CARTESIAN_POINT ( 'NONE',  ( 22.32431652841541947, -10.97356072241889713, 8.631000000000000227 ) ) ;
#3520 = ORIENTED_EDGE ( 'NONE', *, *, #4320, .T. ) ;
#3521 = EDGE_CURVE ( 'NONE', #7247, #4785, #869, .T. ) ;
#3522 = CARTESIAN_POINT ( 'NONE',  ( -3.953988504193371334, 8.990941570122055637, 0.000000000000000000 ) ) ;
#3523 = ORIENTED_EDGE ( 'NONE', *, *, #5726, .T. ) ;
#3524 = CARTESIAN_POINT ( 'NONE',  ( -10.36693721385772093, -17.66121891534364252, -15.44910000000000139 ) ) ;
#3525 = CARTESIAN_POINT ( 'NONE',  ( -12.38188149010584027, -11.29176793875989659, -3.418931309180421430 ) ) ;
#3526 = ORIENTED_EDGE ( 'NONE', *, *, #5169, .F. ) ;
#3527 = CARTESIAN_POINT ( 'NONE',  ( -2.560603478531258581, -9.806577486417962675, 5.550900000000003054 ) ) ;
#3528 = DIRECTION ( 'NONE',  ( 0.000000000000000000, 0.000000000000000000, -1.000000000000000000 ) ) ;
#3529 = CARTESIAN_POINT ( 'NONE',  ( 20.93663917186206191, -0.9952720431907278176, -15.44909999999999961 ) ) ;
#3530 = CARTESIAN_POINT ( 'NONE',  ( 4.566370287237146108, -12.73717740565215628, 12.55600000000000094 ) ) ;
#3531 = DIRECTION ( 'NONE',  ( -0.000000000000000000, -0.000000000000000000, 1.000000000000000000 ) ) ;
#3532 = ORIENTED_EDGE ( 'NONE', *, *, #5647, .T. ) ;
#3533 = CARTESIAN_POINT ( 'NONE',  ( 4.279771053520975421, 14.28324554962303594, 3.174999999999999822 ) ) ;
#3534 = CARTESIAN_POINT ( 'NONE',  ( -12.27556252960572714, -9.873853818606887600, 11.80600000000000271 ) ) ;
#3535 = DIRECTION ( 'NONE',  ( -1.000000000000000000, 0.000000000000000000, 0.000000000000000000 ) ) ;
#3536 = ORIENTED_EDGE ( 'NONE', *, *, #2319, .T. ) ;
#3537 = CARTESIAN_POINT ( 'NONE',  ( 20.95885408180547316, -0.4041170700157871165, -8.905599999999999739 ) ) ;
#3538 = CARTESIAN_POINT ( 'NONE',  ( 12.58662062826657291, 25.34497970708189030, 14.98099999999999810 ) ) ;
#3539 = B_SPLINE_CURVE_WITH_KNOTS ( 'NONE', 3,
 ( #2263, #6240, #4514, #2302 ),
 .UNSPECIFIED., .F., .F.,
 ( 4, 4 ),
 ( 0.0001421384952819808604, 0.007142139520019837561 ),
 .UNSPECIFIED. ) ;
#3540 = CARTESIAN_POINT ( 'NONE',  ( 28.31198947043230518, 0.6227037764108300788, 8.630999999999998451 ) ) ;
#3541 = PLANE ( 'NONE',  #2769 ) ;
#3542 = ORIENTED_EDGE ( 'NONE', *, *, #5140, .F. ) ;
#3543 = CARTESIAN_POINT ( 'NONE',  ( -10.40649713438143742, -15.48206224211922510, -6.524349999999999206 ) ) ;
#3544 = VERTEX_POINT ( 'NONE', #5215 ) ;
#3545 = CARTESIAN_POINT ( 'NONE',  ( -12.47876764460022159, -10.30295747460228739, 2.517435969732711776 ) ) ;
#3546 = CARTESIAN_POINT ( 'NONE',  ( -48.95355762924554455, 21.84880566579361627, 11.80599999999999561 ) ) ;
#3547 = EDGE_CURVE ( 'NONE', #5548, #182, #6683, .T. ) ;
#3548 = CARTESIAN_POINT ( 'NONE',  ( -0.4469312924721686731, -12.72760297242115435, -2.449099999999997390 ) ) ;
#3549 = CARTESIAN_POINT ( 'NONE',  ( 19.73284292453422850, -12.40441390036500025, 14.98100000000000520 ) ) ;
#3550 = APPLICATION_CONTEXT ( 'automotive_design' ) ;
#3551 = CARTESIAN_POINT ( 'NONE',  ( 19.34913917186177557, -3.040034490371325671, 1.587499999999999911 ) ) ;
#3553 = CARTESIAN_POINT ( 'NONE',  ( 12.69427714116495842, 12.08191484158582796, 1.587499999999999911 ) ) ;
#3552 = PRODUCT_DEFINITION ( 'UNKNOWN', '', #3570, #1601 ) ;
#3554 = CARTESIAN_POINT ( 'NONE',  ( -7.374207007253636093, -17.45714841008690499, -5.730599999999999028 ) ) ;
#3555 = CARTESIAN_POINT ( 'NONE',  ( -21.90804218314094598, 32.82804663215440399, 8.630999999999989569 ) ) ;
#3556 = VERTEX_POINT ( 'NONE', #4040 ) ;
#3557 = DIRECTION ( 'NONE',  ( -0.3489024681454919175, -0.9371590407833583214, 0.000000000000000000 ) ) ;
#3558 = ORIENTED_EDGE ( 'NONE', *, *, #4802, .F. ) ;
#3559 = ADVANCED_FACE ( 'NONE', ( #2485 ), #687, .T. ) ;
#3560 = EDGE_CURVE ( 'NONE', #995, #732, #4230, .T. ) ;
#3561 = CARTESIAN_POINT ( 'NONE',  ( -18.90414476090728968, 34.44591281791365134, 13.39349952343965278 ) ) ;
#3562 = VECTOR ( 'NONE', #3184, 1000.000000000000000 ) ;
#3563 = CARTESIAN_POINT ( 'NONE',  ( -16.52533010065941710, 0.6231395691810641679, -8.905600000000001515 ) ) ;
#3564 = ORIENTED_EDGE ( 'NONE', *, *, #2492, .T. ) ;
#3565 =( NAMED_UNIT ( * ) SI_UNIT ( $, .STERADIAN. ) SOLID_ANGLE_UNIT ( ) );
#3566 = CARTESIAN_POINT ( 'NONE',  ( -11.26624397905537833, -14.38126842802861916, -7.318099999999999383 ) ) ;
#3567 = CYLINDRICAL_SURFACE ( 'NONE', #5437, 1.587500000000000133 ) ;
#3568 = LINE ( 'NONE', #2348, #6287 ) ;
#3569 = AXIS2_PLACEMENT_3D ( 'NONE', #5120, #1257, #3395 ) ;
#3570 = PRODUCT_DEFINITION_FORMATION_WITH_SPECIFIED_SOURCE ( 'ANY', '', #5454, .NOT_KNOWN. ) ;
#3571 = ORIENTED_EDGE ( 'NONE', *, *, #4029, .T. ) ;
#3572 = CARTESIAN_POINT ( 'NONE',  ( -12.00749707126931298, -7.639939279345856704, 1.587499999999999911 ) ) ;
#3573 = CARTESIAN_POINT ( 'NONE',  ( 2.229183074677310028, -13.76562875766001781, 11.80600000000000094 ) ) ;
#3574 = AXIS2_PLACEMENT_3D ( 'NONE', #4337, #3231, #3710 ) ;
#3575 = LINE ( 'NONE', #2983, #3687 ) ;
#3576 = CARTESIAN_POINT ( 'NONE',  ( -6.000000000000000888, 0.000000000000000000, -15.44909999999999961 ) ) ;
#3577 = ORIENTED_EDGE ( 'NONE', *, *, #2101, .T. ) ;
#3578 = CARTESIAN_POINT ( 'NONE',  ( 19.34913917186178978, -0.2759828692096333302, 0.000000000000000000 ) ) ;
#3579 = VECTOR ( 'NONE', #900, 1000.000000000000000 ) ;
#3580 = CARTESIAN_POINT ( 'NONE',  ( -3.731075803028095272, 8.918831801194716746, -7.318099999999999383 ) ) ;
#3581 = CARTESIAN_POINT ( 'NONE',  ( 11.79159259755874167, 23.96386019914276844, 8.630999999999993122 ) ) ;
#3582 = EDGE_CURVE ( 'NONE', #6070, #6029, #292, .T. ) ;
#3583 = DIRECTION ( 'NONE',  ( 0.9371590407833580993, -0.3489024681454918619, 0.000000000000000000 ) ) ;
#3584 = CARTESIAN_POINT ( 'NONE',  ( 5.874447809812914478, -21.54342603158024261, 0.7942348351279164831 ) ) ;
#3585 = AXIS2_PLACEMENT_3D ( 'NONE', #2941, #4639, #1287 ) ;
#3586 = B_SPLINE_CURVE_WITH_KNOTS ( 'NONE', 3,
 ( #5500, #4945, #4390, #6086, #668 ),
 .UNSPECIFIED., .F., .F.,
 ( 4, 1, 4 ),
 ( 0.000000000000000000, 0.09375000000000001388, 0.1067600112836824544 ),
 .UNSPECIFIED. ) ;
#3587 = DIRECTION ( 'NONE',  ( -0.000000000000000000, 0.000000000000000000, -1.000000000000000000 ) ) ;
#3588 = ORIENTED_EDGE ( 'NONE', *, *, #3594, .F. ) ;
#3589 = DIRECTION ( 'NONE',  ( -0.000000000000000000, -0.000000000000000000, -1.000000000000000000 ) ) ;
#3590 = CARTESIAN_POINT ( 'NONE',  ( 16.34252431176008002, 22.72080760093984608, 8.630999999999993122 ) ) ;
#3591 = CIRCLE ( 'NONE', #417, 1.499999999999999556 ) ;
#3592 = CARTESIAN_POINT ( 'NONE',  ( -6.745295863755818466, 9.248437319659551292, -5.730599999999999028 ) ) ;
#3593 = CARTESIAN_POINT ( 'NONE',  ( -9.669967158880709235, 35.40818001634448819, 14.98100000000004783 ) ) ;
#3594 = EDGE_CURVE ( 'NONE', #1529, #3123, #330, .T. ) ;
#3595 = B_SPLINE_CURVE_WITH_KNOTS ( 'NONE', 3,
 ( #4674, #4597, #6290, #1249, #5739, #696, #153, #2384, #4637, #4085 ),
 .UNSPECIFIED., .F., .F.,
 ( 4, 2, 2, 2, 4 ),
 ( 0.000000000000000000, 0.3312314344345015926, 0.5170122668105440189, 0.6979999127215934518, 1.000000000000000000 ),
 .UNSPECIFIED. ) ;
#3596 = CARTESIAN_POINT ( 'NONE',  ( -3.930252202945376361, -14.63193367759294716, -14.44909999999999961 ) ) ;
#3597 = CARTESIAN_POINT ( 'NONE',  ( -16.64763673164456748, -2.818604548636777896, -8.905600000000001515 ) ) ;
#3598 = CIRCLE ( 'NONE', #2179, 3.174999999999999822 ) ;
#3599 = CARTESIAN_POINT ( 'NONE',  ( -9.686739635327779041, -9.024083855329820381, 12.55599999790798371 ) ) ;
#3600 = LINE ( 'NONE', #4881, #6736 ) ;
#3601 = CARTESIAN_POINT ( 'NONE',  ( 11.48444867788164991, 27.70592705193343974, 8.631000000000042860 ) ) ;
#3602 = CARTESIAN_POINT ( 'NONE',  ( -13.97186840969304100, -8.080783377854872995, 0.000000000000000000 ) ) ;
#3603 = CIRCLE ( 'NONE', #660, 2.500000000000000000 ) ;
#3604 = CARTESIAN_POINT ( 'NONE',  ( -10.16436796697103162, -3.572044062377906837, 2.636348534532910293 ) ) ;
#3605 = FACE_OUTER_BOUND ( 'NONE', #4161, .T. ) ;
#3606 = ORIENTED_EDGE ( 'NONE', *, *, #3560, .T. ) ;
#3607 = CARTESIAN_POINT ( 'NONE',  ( -3.416773536143488776, 8.803941065495425988, -3.659049999999999692 ) ) ;
#3608 = CARTESIAN_POINT ( 'NONE',  ( -10.77377632720185652, -15.06705754985584989, -7.318099999999999383 ) ) ;
#3609 = CARTESIAN_POINT ( 'NONE',  ( 19.00204440975599951, 3.936513636352596546, 1.587499999999999911 ) ) ;
#3610 = FACE_OUTER_BOUND ( 'NONE', #2685, .T. ) ;
#3611 = ORIENTED_EDGE ( 'NONE', *, *, #1984, .T. ) ;
#3612 = CARTESIAN_POINT ( 'NONE',  ( 1.323853505462642355, -19.93343835410081155, 1.147134359634493173 ) ) ;
#3613 = CARTESIAN_POINT ( 'NONE',  ( -13.13121744587780526, -9.572183738367961325, 11.80600000000000271 ) ) ;
#3614 = CARTESIAN_POINT ( 'NONE',  ( 0.9824406811445084431, 12.37296896113690536, 8.631000000000000227 ) ) ;
#3615 = CARTESIAN_POINT ( 'NONE',  ( -16.04143873714866686, 2.813959658475184700, -15.44909999999999961 ) ) ;
#3616 = ORIENTED_EDGE ( 'NONE', *, *, #3843, .F. ) ;
#3618 = EDGE_CURVE ( 'NONE', #2131, #3544, #5958, .T. ) ;
#3617 = CARTESIAN_POINT ( 'NONE',  ( 19.22509895137961422, -0.6688628105438961802, -5.730599999999998140 ) ) ;
#3619 = CARTESIAN_POINT ( 'NONE',  ( -14.44633099061022286, 2.625710786495083937, -7.318099999999999383 ) ) ;
#3620 = CARTESIAN_POINT ( 'NONE',  ( 28.77451289708931981, -5.204147292517035339, 11.80600000000000094 ) ) ;
#3621 = CARTESIAN_POINT ( 'NONE',  ( -5.418058252156181531, -9.328021996280893902, 11.80600000000000271 ) ) ;
#3622 = CARTESIAN_POINT ( 'NONE',  ( -15.00702754229353886, -3.433522867642640364, -5.730599999999999028 ) ) ;
#3623 = FACE_OUTER_BOUND ( 'NONE', #1505, .T. ) ;
#3624 = CARTESIAN_POINT ( 'NONE',  ( -11.98739699550838900, -12.91531502102366602, 0.000000000000000000 ) ) ;
#3625 = VERTEX_POINT ( 'NONE', #1983 ) ;
#3626 = DIRECTION ( 'NONE',  ( 1.000000000000000000, 0.000000000000000000, 0.000000000000000000 ) ) ;
#3627 = CARTESIAN_POINT ( 'NONE',  ( 27.51580630283823936, -2.931758095046658852, 8.630999999999998451 ) ) ;
#3628 = CARTESIAN_POINT ( 'NONE',  ( -10.23032806375363535, -16.56659506666673920, -8.905600000000001515 ) ) ;
#3629 = CARTESIAN_POINT ( 'NONE',  ( 25.48526637672581074, -1.669644062140321239, 11.80600000000000094 ) ) ;
#3630 = DIRECTION ( 'NONE',  ( -0.3489024681454918064, -0.9371590407833580993, -0.000000000000000000 ) ) ;
#3631 = CARTESIAN_POINT ( 'NONE',  ( -16.11326513529649418, 2.608618246269576169, -8.905600000000001515 ) ) ;
#3632 = DIRECTION ( 'NONE',  ( -1.000000000000000000, 0.000000000000000000, 0.000000000000000000 ) ) ;
#3633 = FACE_OUTER_BOUND ( 'NONE', #12, .T. ) ;
#3634 = CARTESIAN_POINT ( 'NONE',  ( 2.771976065070752782, -13.90792118376792175, 8.631000000000000227 ) ) ;
#3635 = EDGE_CURVE ( 'NONE', #4862, #5212, #6473, .T. ) ;
#3636 = B_SPLINE_SURFACE_WITH_KNOTS ( 'NONE', 3, 1, ( 
 ( #631, #6339 ),
 ( #1295, #3538 ),
 ( #5783, #5086 ),
 ( #740, #2434 ),
 ( #4683, #6854 ),
 ( #6930, #95 ),
 ( #3954, #61 ),
 ( #6194, #1150 ),
 ( #3398, #4537 ),
 ( #6784, #1221 ),
 ( #6262, #1742 ) ),
 .UNSPECIFIED., .F., .F., .F.,
 ( 4, 1, 1, 1, 1, 1, 1, 1, 4 ),
 ( 2, 2 ),
 ( 0.5000000000000000000, 0.5312499999999995559, 0.5625000000000000000, 0.6015624999999973355, 0.6484375000000048850, 0.6953125000000000000, 0.7578125000000003331, 0.8203124999999988898, 1.000000000000000000 ),
 ( 0.000000000000000000, 1.000000000000000000 ),
 .UNSPECIFIED. ) ;
#3637 = CARTESIAN_POINT ( 'NONE',  ( -3.405855749582381797, 8.799896514024602823, -7.318099999999999383 ) ) ;
#3638 = CARTESIAN_POINT ( 'NONE',  ( -13.24549356549966816, -14.03251783848994627, -8.905599999999996186 ) ) ;
#3639 = CARTESIAN_POINT ( 'NONE',  ( -15.36725559823728204, -8.877615641742254482, -8.905599999999999739 ) ) ;
#3640 = EDGE_LOOP ( 'NONE', ( #721, #395, #2847, #989 ) ) ;
#3641 = PLANE ( 'NONE',  #2273 ) ;
#3642 = CARTESIAN_POINT ( 'NONE',  ( 19.23283021124134962, -5.325186958605536702, -5.730599999999999028 ) ) ;
#3643 = CARTESIAN_POINT ( 'NONE',  ( -0.9447358908488447948, -19.79697709586156051, 2.295581287848789565 ) ) ;
#3644 = CARTESIAN_POINT ( 'NONE',  ( -16.48266611867316556, 32.85587203522655386, 14.98099999999999454 ) ) ;
#3645 = ADVANCED_FACE ( 'NONE', ( #5398, #2563 ), #7058, .T. ) ;
#3646 = ORIENTED_EDGE ( 'NONE', *, *, #5231, .F. ) ;
#3647 = CARTESIAN_POINT ( 'NONE',  ( 8.945847058240147476, 27.23474620158858528, 10.21850059711604430 ) ) ;
#3648 = CARTESIAN_POINT ( 'NONE',  ( -42.00193863272111372, 7.125692526716533415, 11.80599999999999739 ) ) ;
#3649 = PLANE ( 'NONE',  #6513 ) ;
#3650 = CARTESIAN_POINT ( 'NONE',  ( 20.93652119082585372, -3.040034486010473991, -8.905599999999999739 ) ) ;
#3651 = VERTEX_POINT ( 'NONE', #4816 ) ;
#3652 = CARTESIAN_POINT ( 'NONE',  ( 20.70925157940095573, 0.1296520129651468900, -8.905599999999999739 ) ) ;
#3653 = CARTESIAN_POINT ( 'NONE',  ( -7.139688768580557010, 9.184898826891243928, -8.248035969732711692 ) ) ;
#3654 = ADVANCED_FACE ( 'NONE', ( #2598 ), #4635, .T. ) ;
#3655 = CARTESIAN_POINT ( 'NONE',  ( 24.42985965046503338, -13.43782222754919609, 11.80600000000000271 ) ) ;
#3656 = CARTESIAN_POINT ( 'NONE',  ( -5.029307764782438461, -9.750599088799750902, 11.05596718551655400 ) ) ;
#3657 = CARTESIAN_POINT ( 'NONE',  ( 5.462736354394249538, -12.97593693034882811, 11.05600000000000271 ) ) ;
#3658 = CARTESIAN_POINT ( 'NONE',  ( -1.852669853647206155, -12.20424927020291683, -6.449099999999997834 ) ) ;
#3659 = CARTESIAN_POINT ( 'NONE',  ( -9.801959106896667606, -16.06714690621811314, -7.318099999999999383 ) ) ;
#3660 = ORIENTED_EDGE ( 'NONE', *, *, #7030, .T. ) ;
#3661 = CARTESIAN_POINT ( 'NONE',  ( -3.924999999999977174, 0.000000000000000000, -11.44909999999999961 ) ) ;
#3662 = DIRECTION ( 'NONE',  ( 0.000000000000000000, 0.000000000000000000, -1.000000000000000000 ) ) ;
#3663 = ADVANCED_FACE ( 'NONE', ( #4491 ), #4689, .F. ) ;
#3664 = CARTESIAN_POINT ( 'NONE',  ( -8.317659564491716395, -17.05880492909819424, -7.318099999999999383 ) ) ;
#3665 = CARTESIAN_POINT ( 'NONE',  ( -39.73768208424983328, 9.451145619418197086, 14.98099999999999987 ) ) ;
#3666 = CARTESIAN_POINT ( 'NONE',  ( -11.06227672180435562, 7.467025795930665844, -5.730599999999995475 ) ) ;
#3667 = CARTESIAN_POINT ( 'NONE',  ( -6.032565110391950647, 9.941324859187867347, -8.905600000000001515 ) ) ;
#3668 = CARTESIAN_POINT ( 'NONE',  ( -1.294326148523905928, -10.27801004649543870, 7.043499999999998984 ) ) ;
#3669 = CARTESIAN_POINT ( 'NONE',  ( 22.08385952095340699, 18.69922293381420886, 8.630999999998609340 ) ) ;
#3670 = B_SPLINE_CURVE_WITH_KNOTS ( 'NONE', 3,
 ( #1662, #3837, #558, #450, #5560, #2694, #522, #2803, #18, #1038, #4939, #2243, #3909, #7181 ),
 .UNSPECIFIED., .F., .F.,
 ( 4, 2, 2, 2, 2, 2, 4 ),
 ( -5.397826085125447996E-05, 0.0005747057647596194628, 0.001203389790370493250, 0.001517731803175926620, 0.001832073815981359989, 0.002146415828786793576, 0.002460757841592226946 ),
 .UNSPECIFIED. ) ;
#3671 = CARTESIAN_POINT ( 'NONE',  ( -6.023209881023760204, 9.282090537204314984, -7.318099999999999383 ) ) ;
#3672 = CARTESIAN_POINT ( 'NONE',  ( 15.95516603052824323, -16.41534318459394726, 11.80600000000025140 ) ) ;
#3673 = DIRECTION ( 'NONE',  ( -0.9371590407833582104, 0.3489024681454917509, 0.000000000000000000 ) ) ;
#3674 = ORIENTED_EDGE ( 'NONE', *, *, #6554, .T. ) ;
#3675 = LINE ( 'NONE', #5770, #2743 ) ;
#3676 = CARTESIAN_POINT ( 'NONE',  ( -8.317659564491716395, -17.05880492909819068, -7.318099999999999383 ) ) ;
#3677 = CARTESIAN_POINT ( 'NONE',  ( -2.555409098860968342, -1.491539187694883584, 14.48099999999999987 ) ) ;
#3678 = CARTESIAN_POINT ( 'NONE',  ( 16.68600726385845689, 20.15763671921128974, 14.98100000000060916 ) ) ;
#3679 = DIRECTION ( 'NONE',  ( -0.9371590407833582104, 0.3489024681454918064, 0.000000000000000000 ) ) ;
#3680 = ORIENTED_EDGE ( 'NONE', *, *, #571, .F. ) ;
#3681 = CARTESIAN_POINT ( 'NONE',  ( -4.439039386445601032, 32.30869805997172506, 10.21850059711604253 ) ) ;
#3682 = CARTESIAN_POINT ( 'NONE',  ( 1.226780418669875639, 32.16946954534166281, 14.98099999999999454 ) ) ;
#3683 = CARTESIAN_POINT ( 'NONE',  ( 6.405608924346491762, 14.79585107289456580, 8.631000000000000227 ) ) ;
#3684 = DIRECTION ( 'NONE',  ( 0.000000000000000000, 0.000000000000000000, 1.000000000000000000 ) ) ;
#3685 = EDGE_LOOP ( 'NONE', ( #4727, #6659, #4420, #2754, #5571, #703, #1739, #1798, #2543, #309, #3986, #4490 ) ) ;
#3686 = CARTESIAN_POINT ( 'NONE',  ( 19.29417074208854999, -0.7329654491517947346, -8.248035969732713468 ) ) ;
#3687 = VECTOR ( 'NONE', #306, 1000.000000000000000 ) ;
#3688 = CARTESIAN_POINT ( 'NONE',  ( -10.80344840032254439, 7.649930394072104178, -7.318099999999999383 ) ) ;
#3689 = CARTESIAN_POINT ( 'NONE',  ( -13.13121744587703787, -9.572183738367961325, 8.630999999999973582 ) ) ;
#3690 = CARTESIAN_POINT ( 'NONE',  ( -3.852868218153464586, -10.51820357379661175, 11.05600000209201994 ) ) ;
#3691 = CARTESIAN_POINT ( 'NONE',  ( -5.827377880173139069, -19.72765137017993098, -15.44909999999999961 ) ) ;
#3692 = CARTESIAN_POINT ( 'NONE',  ( -4.258885790967078755, -4.226333141092729839, 3.756000000000001560 ) ) ;
#3693 = DIRECTION ( 'NONE',  ( -0.3489024681454918619, -0.9371590407833582104, -0.000000000000000000 ) ) ;
#3694 = VECTOR ( 'NONE', #6715, 1000.000000000000000 ) ;
#3695 = VERTEX_POINT ( 'NONE', #1879 ) ;
#3696 = CARTESIAN_POINT ( 'NONE',  ( 18.47238313837005208, 5.489533652473714831, 0.000000000000000000 ) ) ;
#3697 = CARTESIAN_POINT ( 'NONE',  ( -24.48110990821212596, -3.611575660193429904, 10.21850059711604963 ) ) ;
#3698 = CARTESIAN_POINT ( 'NONE',  ( -12.00369839893808432, -12.87642469465363604, -7.318099999999999383 ) ) ;
#3699 = CARTESIAN_POINT ( 'NONE',  ( -11.24625595282668122, -6.869833192725216975, 14.98100000000000165 ) ) ;
#3700 = VECTOR ( 'NONE', #3777, 1000.000000000000114 ) ;
#3701 = CARTESIAN_POINT ( 'NONE',  ( 3.496790880902192811, 12.15276323273699433, 0.000000000000000000 ) ) ;
#3702 = CARTESIAN_POINT ( 'NONE',  ( -14.67631809530986509, -8.063479700905862302, -8.905600000000001515 ) ) ;
#3703 = CARTESIAN_POINT ( 'NONE',  ( -16.51453429913218685, 0.6222326473570627403, -15.44909999999999961 ) ) ;
#3704 = CARTESIAN_POINT ( 'NONE',  ( 2.229183074677309584, -13.76562875766001959, 8.631000000000000227 ) ) ;
#3705 = AXIS2_PLACEMENT_3D ( 'NONE', #5230, #5860, #5896 ) ;
#3706 = DIRECTION ( 'NONE',  ( 0.9371590407833579883, -0.3489024681454927501, 0.000000000000000000 ) ) ;
#3707 = CARTESIAN_POINT ( 'NONE',  ( 28.11328294592867394, 1.509902505737491074, 11.80599999999999916 ) ) ;
#3708 = ORIENTED_EDGE ( 'NONE', *, *, #2044, .T. ) ;
#3709 = CIRCLE ( 'NONE', #770, 3.174999999999999822 ) ;
#3710 = DIRECTION ( 'NONE',  ( 0.9371590407833578773, -0.3489024681454928056, 0.000000000000000000 ) ) ;
#3711 = CARTESIAN_POINT ( 'NONE',  ( -0.2653667188429583712, 10.93062915889860953, 3.175000000000000266 ) ) ;
#3712 = CARTESIAN_POINT ( 'NONE',  ( 0.000000000000000000, 0.000000000000000000, 1.256000000000000671 ) ) ;
#3713 = CARTESIAN_POINT ( 'NONE',  ( 23.80368188292203513, -9.445347389392313886, 14.98100000000000520 ) ) ;
#3714 = AXIS2_PLACEMENT_3D ( 'NONE', #7195, #4436, #2150 ) ;
#3715 = EDGE_CURVE ( 'NONE', #1086, #419, #3232, .T. ) ;
#3716 = CARTESIAN_POINT ( 'NONE',  ( 9.279766625263945912, -25.36394827068869517, -8.905600000000001515 ) ) ;
#3717 = ORIENTED_EDGE ( 'NONE', *, *, #5405, .T. ) ;
#3718 = CARTESIAN_POINT ( 'NONE',  ( 11.00242262869093324, -14.36672734858498046, 13.39349904687932380 ) ) ;
#3719 = ORIENTED_EDGE ( 'NONE', *, *, #2644, .F. ) ;
#3720 = CARTESIAN_POINT ( 'NONE',  ( -4.673023078167660493, 9.158108384588148354, -7.318099999999999383 ) ) ;
#3721 = CARTESIAN_POINT ( 'NONE',  ( 2.420428040132277303, -3.040034490371304798, -15.44909999999999961 ) ) ;
#3722 = ORIENTED_EDGE ( 'NONE', *, *, #5280, .F. ) ;
#3723 = CARTESIAN_POINT ( 'NONE',  ( 16.87070072443274427, 0.9242452481529364050, -5.730600000000000804 ) ) ;
#3724 = EDGE_CURVE ( 'NONE', #693, #6695, #6332, .T. ) ;
#3725 = CARTESIAN_POINT ( 'NONE',  ( -14.76875028746344931, -5.206464281080813272, -8.248035969732711692 ) ) ;
#3726 = CARTESIAN_POINT ( 'NONE',  ( 5.571559769077778945, -14.65035004269344832, 11.80599999999961547 ) ) ;
#3727 = FACE_OUTER_BOUND ( 'NONE', #291, .T. ) ;
#3728 = CARTESIAN_POINT ( 'NONE',  ( -12.97206497474924802, -14.88434647536540822, 3.174999999999999822 ) ) ;
#3729 = CARTESIAN_POINT ( 'NONE',  ( -10.38745504277504317, -15.50250706268919920, -6.680687597866163507 ) ) ;
#3730 = VERTEX_POINT ( 'NONE', #5666 ) ;
#3731 = DIRECTION ( 'NONE',  ( -0.7071067811865445751, 0.000000000000000000, -0.7071067811865504593 ) ) ;
#3732 = FACE_OUTER_BOUND ( 'NONE', #3511, .T. ) ;
#3733 = EDGE_CURVE ( 'NONE', #2574, #1882, #4678, .T. ) ;
#3734 = DIRECTION ( 'NONE',  ( -0.9371590407833582104, 0.3489024681454915844, 1.239088197126291310E-16 ) ) ;
#3735 = CARTESIAN_POINT ( 'NONE',  ( -35.53768265111548885, 31.38543395455019791, 14.98099999999999454 ) ) ;
#3736 = CARTESIAN_POINT ( 'NONE',  ( -3.416773536141808787, 8.803941065494790053, -7.318099999999999383 ) ) ;
#3737 = CARTESIAN_POINT ( 'NONE',  ( -15.46334548494149708, -8.624975958979645085, -8.905600000000001515 ) ) ;
#3738 = CARTESIAN_POINT ( 'NONE',  ( -3.925000000000011813, 4.806738686653375470E-16, 3.756000000000000671 ) ) ;
#3739 = CARTESIAN_POINT ( 'NONE',  ( 25.48455371229664124, 12.54643094582652729, 8.630999999999994898 ) ) ;
#3740 = ADVANCED_FACE ( 'NONE', ( #2909 ), #5677, .F. ) ;
#3741 = CARTESIAN_POINT ( 'NONE',  ( -14.44633099061022108, 2.625710786495084381, -7.318099999999999383 ) ) ;
#3742 = CARTESIAN_POINT ( 'NONE',  ( 27.22101982593339287, 6.353276422773165955, 11.80599999999999916 ) ) ;
#3743 = ORIENTED_EDGE ( 'NONE', *, *, #1414, .F. ) ;
#3744 = CARTESIAN_POINT ( 'NONE',  ( 0.4557271103517532285, 10.34342851405888908, 3.174999999999999822 ) ) ;
#3745 = CARTESIAN_POINT ( 'NONE',  ( 3.877830721534657687, -19.94431696524823394, -5.730599999999998140 ) ) ;
#3746 = LINE ( 'NONE', #5963, #2852 ) ;
#3747 = EDGE_CURVE ( 'NONE', #2564, #4495, #6890, .T. ) ;
#3748 = CARTESIAN_POINT ( 'NONE',  ( -7.765330261643532239, 31.60045012614736493, 14.98099999999999454 ) ) ;
#3749 = PLANE ( 'NONE',  #2653 ) ;
#3750 = VERTEX_POINT ( 'NONE', #53 ) ;
#3751 = CARTESIAN_POINT ( 'NONE',  ( -2.321249374038885094, -12.02979803613017218, 1.550900000000002610 ) ) ;
#3752 = EDGE_LOOP ( 'NONE', ( #5665, #1157, #2654, #3558, #5929, #1147, #1986, #3900, #4706, #147, #4324, #3240, #7046, #3485, #4126, #2239, #982, #4445, #2026, #3080, #7184, #1378, #6407, #7261, #2578 ) ) ;
#3753 = CARTESIAN_POINT ( 'NONE',  ( -15.36725559823728204, -8.877615641742254482, -8.905599999999999739 ) ) ;
#3754 = DIRECTION ( 'NONE',  ( -0.3489024681454919175, -0.9371590407833583214, 0.000000000000000000 ) ) ;
#3755 = B_SPLINE_CURVE_WITH_KNOTS ( 'NONE', 3,
 ( #6563, #3174, #6633, #6009 ),
 .UNSPECIFIED., .F., .F.,
 ( 4, 4 ),
 ( 0.000000000000000000, 0.0009342971072768995518 ),
 .UNSPECIFIED. ) ;
#3756 = ORIENTED_EDGE ( 'NONE', *, *, #5614, .F. ) ;
#3757 = CARTESIAN_POINT ( 'NONE',  ( 18.47238313837003787, 5.489533652473727265, 0.000000000000000000 ) ) ;
#3758 = CARTESIAN_POINT ( 'NONE',  ( 8.252796624617600330, -13.70634334510367580, 12.55600000000000271 ) ) ;
#3759 = CARTESIAN_POINT ( 'NONE',  ( 13.38164866021849875, 26.72609921577227965, 8.630999999999989569 ) ) ;
#3760 = DIRECTION ( 'NONE',  ( -0.000000000000000000, -0.000000000000000000, -1.000000000000000000 ) ) ;
#3761 = DIRECTION ( 'NONE',  ( -0.3489024681454918064, -0.9371590407833580993, -0.000000000000000000 ) ) ;
#3762 = CARTESIAN_POINT ( 'NONE',  ( -8.695351580873772690, -16.85356323845545390, -7.312125387253368913 ) ) ;
#3763 = EDGE_LOOP ( 'NONE', ( #4701, #4562, #4067, #2642 ) ) ;
#3764 = CARTESIAN_POINT ( 'NONE',  ( -12.43460794047767060, -10.74725765156501289, -1.213730025581817307 ) ) ;
#3765 = CARTESIAN_POINT ( 'NONE',  ( -11.89037289558351418, -13.15962468831480869, -8.248035969732711692 ) ) ;
#3766 = CARTESIAN_POINT ( 'NONE',  ( 24.41231104288262443, 3.775411083463663164, 11.80599999999999916 ) ) ;
#3767 = CARTESIAN_POINT ( 'NONE',  ( -14.81871106927809478, 1.253054490993758430, -5.730599999999993699 ) ) ;
#3768 = FACE_OUTER_BOUND ( 'NONE', #6771, .T. ) ;
#3769 = VERTEX_POINT ( 'NONE', #733 ) ;
#3770 = CARTESIAN_POINT ( 'NONE',  ( -13.50439131277991045, -7.101772757446992657, 3.174999999999999822 ) ) ;
#3771 = CARTESIAN_POINT ( 'NONE',  ( 26.35318203560210648, -11.46868643948620203, 11.80600000000000271 ) ) ;
#3772 = B_SPLINE_CURVE_WITH_KNOTS ( 'NONE', 3,
 ( #6379, #4838, #5905, #319 ),
 .UNSPECIFIED., .F., .F.,
 ( 4, 4 ),
 ( 0.000000000000000000, 1.000000000000000000 ),
 .UNSPECIFIED. ) ;
#3773 = DIRECTION ( 'NONE',  ( 0.9371590407833582104, -0.3489024681454918064, 0.000000000000000000 ) ) ;
#3774 = DIRECTION ( 'NONE',  ( 0.7071067811865445751, 8.659560562354899578E-17, -0.7071067811865504593 ) ) ;
#3775 = EDGE_LOOP ( 'NONE', ( #2343, #5296, #1054 ) ) ;
#3776 = CARTESIAN_POINT ( 'NONE',  ( 10.07216600223971525, 14.63526996521948931, 3.174999999999999822 ) ) ;
#3777 = DIRECTION ( 'NONE',  ( -0.3489024681454918064, -0.9371590407833580993, -0.000000000000000000 ) ) ;
#3778 = CARTESIAN_POINT ( 'NONE',  ( -1.447615242864902729, -21.14772114095270084, 3.174999999999999822 ) ) ;
#3779 = CARTESIAN_POINT ( 'NONE',  ( 16.84548851959756277, -13.15329702478594598, 11.80600000000000271 ) ) ;
#3780 = EDGE_CURVE ( 'NONE', #4495, #920, #1232, .T. ) ;
#3781 = EDGE_CURVE ( 'NONE', #5505, #4479, #5347, .T. ) ;
#3782 = CARTESIAN_POINT ( 'NONE',  ( -3.852868218153464586, -10.51820357379661175, 12.55599999790798371 ) ) ;
#3783 = ORIENTED_EDGE ( 'NONE', *, *, #3856, .F. ) ;
#3784 = CARTESIAN_POINT ( 'NONE',  ( 26.83599368920614125, -0.1661615928965727573, 14.48099999999999987 ) ) ;
#3785 = ORIENTED_EDGE ( 'NONE', *, *, #2198, .T. ) ;
#3786 = FACE_OUTER_BOUND ( 'NONE', #5238, .T. ) ;
#3787 = VERTEX_POINT ( 'NONE', #2281 ) ;
#3788 = CARTESIAN_POINT ( 'NONE',  ( 33.22189427995051147, -0.5000000000000005551, 14.98099999999999987 ) ) ;
#3789 = ORIENTED_EDGE ( 'NONE', *, *, #1718, .T. ) ;
#3790 = CARTESIAN_POINT ( 'NONE',  ( 19.34913917210154466, 1.979504257544440593, 0.000000000000000000 ) ) ;
#3791 = ORIENTED_EDGE ( 'NONE', *, *, #6781, .T. ) ;
#3792 = CARTESIAN_POINT ( 'NONE',  ( 12.39555662537878256, -13.06307157796311991, 11.05600000000000271 ) ) ;
#3793 = CARTESIAN_POINT ( 'NONE',  ( -3.852868218153464586, -10.51820357379661353, 14.19556458705075919 ) ) ;
#3794 = CARTESIAN_POINT ( 'NONE',  ( -8.940015150338160410, -9.243803669068361373, 11.05600000209201994 ) ) ;
#3795 = VECTOR ( 'NONE', #2531, 1000.000000000000227 ) ;
#3796 = CARTESIAN_POINT ( 'NONE',  ( 8.686675194393602695, -23.43346126757722914, -8.248035969732711692 ) ) ;
#3797 = DIRECTION ( 'NONE',  ( 1.000000000000000000, 0.000000000000000000, 0.000000000000000000 ) ) ;
#3798 = CARTESIAN_POINT ( 'NONE',  ( 19.77701458318540162, 0.9852306060390499942, -8.905599999999999739 ) ) ;
#3799 = ORIENTED_EDGE ( 'NONE', *, *, #909, .T. ) ;
#3800 = CARTESIAN_POINT ( 'NONE',  ( -5.889637072824547737, 1.223330659128233577, 0.000000000000000000 ) ) ;
#3801 = STYLED_ITEM ( 'NONE', ( #5588 ), #987 ) ;
#3802 = CARTESIAN_POINT ( 'NONE',  ( -12.21903357802425028, -15.79436762346981737, -8.905600000000001515 ) ) ;
#3803 = ADVANCED_FACE ( 'NONE', ( #4530 ), #4564, .T. ) ;
#3804 = CARTESIAN_POINT ( 'NONE',  ( 22.32431652841541947, -10.97356072241889713, 8.631000000000000227 ) ) ;
#3805 = CARTESIAN_POINT ( 'NONE',  ( 14.25591115432990641, 24.17868099317643171, 14.98099999999999454 ) ) ;
#3806 = CIRCLE ( 'NONE', #4394, 2.500000000000000000 ) ;
#3807 = CARTESIAN_POINT ( 'NONE',  ( 13.93193292403184813, 11.34756372673525071, 0.000000000000000000 ) ) ;
#3808 = CARTESIAN_POINT ( 'NONE',  ( -33.50011498293680745, 34.60976076831700254, 13.39349904687931314 ) ) ;
#3809 = CARTESIAN_POINT ( 'NONE',  ( -13.35042394584824166, -13.78302038808278418, -8.905600000000001515 ) ) ;
#3810 = CARTESIAN_POINT ( 'NONE',  ( 12.74199028092941788, -16.33159447792379382, 11.80599999999961547 ) ) ;
#3811 = AXIS2_PLACEMENT_3D ( 'NONE', #97, #6266, #2951 ) ;
#3812 = FACE_OUTER_BOUND ( 'NONE', #4192, .T. ) ;
#3813 = EDGE_CURVE ( 'NONE', #6972, #5816, #6330, .T. ) ;
#3814 = CARTESIAN_POINT ( 'NONE',  ( 28.77451289708931981, -5.204147292517035339, 11.80600000000000094 ) ) ;
#3815 = VERTEX_POINT ( 'NONE', #2573 ) ;
#3816 = LINE ( 'NONE', #7132, #5219 ) ;
#3817 = CARTESIAN_POINT ( 'NONE',  ( -1.154864917356221987, -10.32993118863620019, -10.44909999999999783 ) ) ;
#3818 = CARTESIAN_POINT ( 'NONE',  ( 7.753399127545217873, -13.58281355568365889, 11.05600000000000271 ) ) ;
#3819 = CARTESIAN_POINT ( 'NONE',  ( -8.789758684990994553, -7.637995023984107235, 14.98100000000000165 ) ) ;
#3820 = CARTESIAN_POINT ( 'NONE',  ( 27.00849569335025180, -1.150862987309260621, 14.98099999999999987 ) ) ;
#3821 = VERTEX_POINT ( 'NONE', #5333 ) ;
#3822 = ADVANCED_FACE ( 'NONE', ( #1993 ), #4825, .T. ) ;
#3823 = VECTOR ( 'NONE', #726, 1000.000000000000227 ) ;
#3824 = CARTESIAN_POINT ( 'NONE',  ( 12.37808146068292636, -13.17749831787928372, 12.60513482663078122 ) ) ;
#3825 = ORIENTED_EDGE ( 'NONE', *, *, #4631, .F. ) ;
#3826 = CARTESIAN_POINT ( 'NONE',  ( -14.76875028746344931, -5.206464281081047751, -7.318099999999999383 ) ) ;
#3827 = VERTEX_POINT ( 'NONE', #6482 ) ;
#3828 = CARTESIAN_POINT ( 'NONE',  ( -2.204894577754120455, -10.96236130471560699, 9.416435412949244466 ) ) ;
#3829 = CARTESIAN_POINT ( 'NONE',  ( 20.93663917186174217, 1.726690403594020484, 1.587499999999999689 ) ) ;
#3830 = VECTOR ( 'NONE', #4071, 1000.000000000000000 ) ;
#3831 = ORIENTED_EDGE ( 'NONE', *, *, #1445, .T. ) ;
#3832 = CARTESIAN_POINT ( 'NONE',  ( 16.49557840086363214, 8.975035046512845227, 0.000000000000000000 ) ) ;
#3833 = VERTEX_POINT ( 'NONE', #4204 ) ;
#3834 = CYLINDRICAL_SURFACE ( 'NONE', #2876, 2.500000000000000000 ) ;
#3835 = CARTESIAN_POINT ( 'NONE',  ( -9.615768839047845518, -10.70413264034995748, 11.80600000000000271 ) ) ;
#3836 = AXIS2_PLACEMENT_3D ( 'NONE', #974, #2736, #5426 ) ;
#3837 = CARTESIAN_POINT ( 'NONE',  ( -13.26846490816514113, -13.42624446432590268, -8.905600000000001515 ) ) ;
#3838 = CYLINDRICAL_SURFACE ( 'NONE', #6862, 1.587499999457717248 ) ;
#3839 = EDGE_CURVE ( 'NONE', #3281, #7216, #5809, .T. ) ;
#3840 = CARTESIAN_POINT ( 'NONE',  ( -10.28578946076098077, -15.60834818571194127, -6.867925320983133020 ) ) ;
#3841 = ORIENTED_EDGE ( 'NONE', *, *, #5726, .F. ) ;
#3843 = EDGE_CURVE ( 'NONE', #3307, #182, #1153, .T. ) ;
#3842 = CARTESIAN_POINT ( 'NONE',  ( -12.43626000984209057, -10.71949178500596922, -2.599364383275749368 ) ) ;
#3844 = DIRECTION ( 'NONE',  ( 0.2535801187161745296, 0.9673143870489527840, 0.000000000000000000 ) ) ;
#3845 = CARTESIAN_POINT ( 'NONE',  ( -35.53768265111549596, 31.38543395455020146, 11.80599999999999383 ) ) ;
#3846 = CARTESIAN_POINT ( 'NONE',  ( -2.638067209385873468, 5.352051171928428275, 0.000000000000000000 ) ) ;
#3847 = CARTESIAN_POINT ( 'NONE',  ( 16.79998062674977533, 2.659348279935443760, -8.905600000000001515 ) ) ;
#3848 = FACE_BOUND ( 'NONE', #6928, .T. ) ;
#3849 = CARTESIAN_POINT ( 'NONE',  ( -12.59064847542148513, -5.126852658734943446, 3.174999999999999822 ) ) ;
#3850 = CARTESIAN_POINT ( 'NONE',  ( 7.290481762829306156, -15.12270843337942949, 11.80600000000000449 ) ) ;
#3851 = B_SPLINE_CURVE_WITH_KNOTS ( 'NONE', 3,
 ( #6365, #2385, #620, #4638 ),
 .UNSPECIFIED., .F., .F.,
 ( 4, 4 ),
 ( 0.000000000000000000, 0.09247114830130061247 ),
 .UNSPECIFIED. ) ;
#3852 = CARTESIAN_POINT ( 'NONE',  ( -4.216040996850648703, -11.32437084069082545, 0.000000000000000000 ) ) ;
#3853 = CARTESIAN_POINT ( 'NONE',  ( 26.18805509819400257, 10.49240108418684692, 14.98099999999999987 ) ) ;
#3854 = ORIENTED_EDGE ( 'NONE', *, *, #3839, .T. ) ;
#3855 = FACE_OUTER_BOUND ( 'NONE', #6481, .T. ) ;
#3856 = EDGE_CURVE ( 'NONE', #218, #2758, #5353, .T. ) ;
#3857 = DIRECTION ( 'NONE',  ( -0.3489024681454918064, -0.9371590407833580993, -0.000000000000000000 ) ) ;
#3858 = CARTESIAN_POINT ( 'NONE',  ( 13.18822505451070981, -7.108946224410507497, -7.318099999999999383 ) ) ;
#3859 = CARTESIAN_POINT ( 'NONE',  ( -2.472180545705637389, 30.00936299409639574, 11.80599999999999383 ) ) ;
#3860 = CARTESIAN_POINT ( 'NONE',  ( -30.03296279907226207, 0.000000000000000000, 13.39349904687931847 ) ) ;
#3861 = ORIENTED_EDGE ( 'NONE', *, *, #5556, .T. ) ;
#3862 = DIRECTION ( 'NONE',  ( 0.7660444431189816772, 0.6427876096865349220, -1.427275208435518990E-16 ) ) ;
#3863 = VERTEX_POINT ( 'NONE', #548 ) ;
#3864 = CARTESIAN_POINT ( 'NONE',  ( -15.07311084845917648, -1.246108911772247696, -7.318099999999999383 ) ) ;
#3865 = ORIENTED_EDGE ( 'NONE', *, *, #4675, .F. ) ;
#3866 = CARTESIAN_POINT ( 'NONE',  ( -5.603345093217156681, -10.05485579300199106, 9.416435412949244466 ) ) ;
#3867 = DIRECTION ( 'NONE',  ( -0.3489024681454917509, -0.9371590407833583214, 0.000000000000000000 ) ) ;
#3868 = EDGE_LOOP ( 'NONE', ( #6591, #690, #1649, #4519 ) ) ;
#3869 = EDGE_CURVE ( 'NONE', #1396, #6839, #4375, .T. ) ;
#3870 = CARTESIAN_POINT ( 'NONE',  ( 16.08619189629592228, 1.212498244761760713, -5.787905999999998663 ) ) ;
#3871 = CARTESIAN_POINT ( 'NONE',  ( 10.97740683689345964, -12.80835522115978087, 11.05600000000000271 ) ) ;
#3872 = CARTESIAN_POINT ( 'NONE',  ( -7.829001583366465233, -11.15330637801602798, 11.80600000000000271 ) ) ;
#3873 = CARTESIAN_POINT ( 'NONE',  ( 18.36224080036274842, 0.04271570447053176650, -5.730599999999999028 ) ) ;
#3874 = CARTESIAN_POINT ( 'NONE',  ( -11.23939844932008647, -5.981425099901191089, -0.002608633256667788110 ) ) ;
#3875 = ORIENTED_EDGE ( 'NONE', *, *, #6990, .T. ) ;
#3876 = CARTESIAN_POINT ( 'NONE',  ( -9.358681107995392878, -3.181530337052272284, 0.000000000000000000 ) ) ;
#3877 = EDGE_CURVE ( 'NONE', #6233, #693, #7127, .T. ) ;
#3878 = DIRECTION ( 'NONE',  ( -0.7660444431189814551, -0.6427876096865352551, 1.427275208435519729E-16 ) ) ;
#3879 = CARTESIAN_POINT ( 'NONE',  ( -45.15773347201726295, 24.57605692322762181, 11.80599999999999383 ) ) ;
#3880 = PLANE ( 'NONE',  #5948 ) ;
#3881 =( BOUNDED_SURFACE ( )  B_SPLINE_SURFACE ( 3, 3, ( 
 ( #6227, #2879, #4571, #1775, #4020, #5714, #3170, #6967, #6488, #6456, #311, #927, #3061, #2544, #1437, #2503, #3619, #2032, #4283, #5303, #4129, #237, #4865, #3688, #1329, #1478, #1884, #5937, #5897, #2580, #4799, #7072, #6523, #3138, #3580, #5827, #891, #5342 ),
 ( #270, #7040, #5415, #5861, #4832, #816, #3725, #5270, #2001, #781, #4246, #5973, #378, #1372, #3027, #2466, #2612, #5380, #343, #4760, #6372, #4720, #849, #1924, #1404, #4171, #4212, #6416, #3653, #7003, #1964, #3099, #4143, #4812, #6467, #864, #7083, #5952 ),
 ( #2557, #214, #3702, #250, #1416, #2480, #1493, #6388, #6433, #938, #906, #4697, #284, #2048, #4774, #5284, #3151, #7052, #2517, #2013, #5393, #357, #5247, #1456, #4734, #6536, #3039, #4259, #7018, #3667, #4296, #1384, #5912, #6501, #5875, #6980, #2592, #4843 ),
 ( #3114, #3737, #5315, #1345, #325, #2446, #6944, #5986, #1897, #3597, #4185, #5841, #5357, #794, #1939, #3631, #828, #3075, #1978, #4224, #1600, #6716, #4916, #3883, #7158, #5025, #6571, #1047, #2080, #3294, #533, #7268, #2670, #7123, #2219, #6125, #4330, #5467 ) ),
 .UNSPECIFIED., .F., .F., .F. ) 
 B_SPLINE_SURFACE_WITH_KNOTS ( ( 4, 4 ),
 ( 4, 2, 2, 2, 2, 2, 2, 2, 2, 2, 2, 2, 2, 2, 2, 2, 2, 2, 4 ),
 ( 0.000000000000000000, 1.000000000000000000 ),
 ( 0.000000000000000000, 0.02808819211426436327, 0.08426457634238720962, 0.1404409605716402665, 0.1966173448001218016, 0.2527937290287314287, 0.3089701132573929865, 0.3862126415716793937, 0.4423890258002889930, 0.5196315541150443584, 0.5968740824289655578, 0.6530504666575751571, 0.7232709469433443727, 0.7934914272290993775, 0.8637119075149536362, 0.9339323878006233759, 0.9655316039292052288, 0.9971308200577869707, 1.000000000000000000 ),
 .UNSPECIFIED. ) 
 GEOMETRIC_REPRESENTATION_ITEM ( )  RATIONAL_B_SPLINE_SURFACE ( (
 ( 1.000000000000000000, 1.000000000000000000, 1.000000000000000000, 1.000000000000000000, 1.000000000000000000, 1.000000000000000000, 1.000000000000000000, 1.000000000000000000, 1.000000000000000000, 1.000000000000000000, 1.000000000000000000, 1.000000000000000000, 1.000000000000000000, 1.000000000000000000, 1.000000000000000000, 1.000000000000000000, 1.000000000000000000, 1.000000000000000000, 1.000000000000000000, 1.000000000000000000, 1.000000000000000000, 1.000000000000000000, 1.000000000000000000, 1.000000000000000000, 1.000000000000000000, 1.000000000000000000, 1.000000000000000000, 1.000000000000000000, 1.000000000000000000, 1.000000000000000000, 1.000000000000000000, 1.000000000000000000, 1.000000000000000000, 1.000000000000000000, 1.000000000000000000, 1.000000000000000000, 1.000000000000000000, 1.000000000000000000),
 ( 0.8047378541243648264, 0.8047378541243648264, 0.8047378541243648264, 0.8047378541243648264, 0.8047378541243648264, 0.8047378541243648264, 0.8047378541243648264, 0.8047378541243648264, 0.8047378541243648264, 0.8047378541243648264, 0.8047378541243648264, 0.8047378541243648264, 0.8047378541243648264, 0.8047378541243648264, 0.8047378541243648264, 0.8047378541243648264, 0.8047378541243648264, 0.8047378541243648264, 0.8047378541243648264, 0.8047378541243648264, 0.8047378541243648264, 0.8047378541243648264, 0.8047378541243648264, 0.8047378541243648264, 0.8047378541243648264, 0.8047378541243648264, 0.8047378541243648264, 0.8047378541243648264, 0.8047378541243648264, 0.8047378541243648264, 0.8047378541243648264, 0.8047378541243648264, 0.8047378541243648264, 0.8047378541243648264, 0.8047378541243648264, 0.8047378541243648264, 0.8047378541243648264, 0.8047378541243648264),
 ( 0.8047378541243648264, 0.8047378541243648264, 0.8047378541243648264, 0.8047378541243648264, 0.8047378541243648264, 0.8047378541243648264, 0.8047378541243648264, 0.8047378541243648264, 0.8047378541243648264, 0.8047378541243648264, 0.8047378541243648264, 0.8047378541243648264, 0.8047378541243648264, 0.8047378541243648264, 0.8047378541243648264, 0.8047378541243648264, 0.8047378541243648264, 0.8047378541243648264, 0.8047378541243648264, 0.8047378541243648264, 0.8047378541243648264, 0.8047378541243648264, 0.8047378541243648264, 0.8047378541243648264, 0.8047378541243648264, 0.8047378541243648264, 0.8047378541243648264, 0.8047378541243648264, 0.8047378541243648264, 0.8047378541243648264, 0.8047378541243648264, 0.8047378541243648264, 0.8047378541243648264, 0.8047378541243648264, 0.8047378541243648264, 0.8047378541243648264, 0.8047378541243648264, 0.8047378541243648264),
 ( 1.000000000000000000, 1.000000000000000000, 1.000000000000000000, 1.000000000000000000, 1.000000000000000000, 1.000000000000000000, 1.000000000000000000, 1.000000000000000000, 1.000000000000000000, 1.000000000000000000, 1.000000000000000000, 1.000000000000000000, 1.000000000000000000, 1.000000000000000000, 1.000000000000000000, 1.000000000000000000, 1.000000000000000000, 1.000000000000000000, 1.000000000000000000, 1.000000000000000000, 1.000000000000000000, 1.000000000000000000, 1.000000000000000000, 1.000000000000000000, 1.000000000000000000, 1.000000000000000000, 1.000000000000000000, 1.000000000000000000, 1.000000000000000000, 1.000000000000000000, 1.000000000000000000, 1.000000000000000000, 1.000000000000000000, 1.000000000000000000, 1.000000000000000000, 1.000000000000000000, 1.000000000000000000, 1.000000000000000000) ) ) 
 REPRESENTATION_ITEM ( '' )  SURFACE ( )  );
#3882 = CARTESIAN_POINT ( 'NONE',  ( 17.36374231417123681, 0.7534399484217204623, -7.318099999999999383 ) ) ;
#3883 = CARTESIAN_POINT ( 'NONE',  ( -11.72948118925235406, 8.943122867159386757, -8.905600000000001515 ) ) ;
#3884 = CARTESIAN_POINT ( 'NONE',  ( 20.93663917186206547, -3.040034490371302578, 8.631000000000000227 ) ) ;
#3885 = EDGE_CURVE ( 'NONE', #6329, #1529, #3709, .T. ) ;
#3886 = CARTESIAN_POINT ( 'NONE',  ( -5.273267697204471638, -11.77842311985290813, 8.631000000000000227 ) ) ;
#3887 = CARTESIAN_POINT ( 'NONE',  ( -8.834550332455130217, -27.80497700742806089, -14.44909999999999961 ) ) ;
#3888 = CARTESIAN_POINT ( 'NONE',  ( -48.86279541950757732, 23.23735313982344408, 11.80599999999999383 ) ) ;
#3889 = CARTESIAN_POINT ( 'NONE',  ( -4.229680485269870616, 3.331080792519784506, 1.587499999999999911 ) ) ;
#3890 = CARTESIAN_POINT ( 'NONE',  ( 5.799172678438313078, 13.69167914355558402, 3.174999999999999822 ) ) ;
#3891 = CARTESIAN_POINT ( 'NONE',  ( 2.980599591960609640, 0.5000000000000018874, 14.48099999999999987 ) ) ;
#3892 = CARTESIAN_POINT ( 'NONE',  ( 12.16856079656489342, -14.54943197100188534, 12.55600000000000271 ) ) ;
#3893 = CARTESIAN_POINT ( 'NONE',  ( 22.51648795791860991, 11.38776055877447924, 11.80599999999999739 ) ) ;
#3894 = CARTESIAN_POINT ( 'NONE',  ( -9.589494263335424762, -9.130963092593336938, 13.39349904687932025 ) ) ;
#3895 = ORIENTED_EDGE ( 'NONE', *, *, #6041, .F. ) ;
#3896 = B_SPLINE_CURVE_WITH_KNOTS ( 'NONE', 3,
 ( #4979, #2664, #7225, #2771 ),
 .UNSPECIFIED., .F., .F.,
 ( 4, 4 ),
 ( 0.000000000000000000, 1.000000000000000000 ),
 .UNSPECIFIED. ) ;
#3897 = CARTESIAN_POINT ( 'NONE',  ( -13.46335915016357454, -13.50398159669038911, -15.44909999999999961 ) ) ;
#3898 = VERTEX_POINT ( 'NONE', #3751 ) ;
#3899 = SURFACE_STYLE_USAGE ( .BOTH. , #6840 ) ;
#3900 = ORIENTED_EDGE ( 'NONE', *, *, #1417, .F. ) ;
#3901 = CARTESIAN_POINT ( 'NONE',  ( -11.26624397905537833, -14.38126842802861916, -7.318099999999999383 ) ) ;
#3902 = CARTESIAN_POINT ( 'NONE',  ( -9.853225687248782450, -3.809484351455107554, 4.818676322192284402E-17 ) ) ;
#3903 = EDGE_LOOP ( 'NONE', ( #2792, #5895 ) ) ;
#3904 = CARTESIAN_POINT ( 'NONE',  ( 3.496790880902175491, 12.15276323273701919, 0.000000000000000000 ) ) ;
#3905 = ORIENTED_EDGE ( 'NONE', *, *, #6940, .F. ) ;
#3906 = EDGE_CURVE ( 'NONE', #4848, #5158, #6661, .T. ) ;
#3907 = CARTESIAN_POINT ( 'NONE',  ( 17.17154391907870448, 24.07817789789695340, 11.80599999999999383 ) ) ;
#3908 = CARTESIAN_POINT ( 'NONE',  ( -48.86279541950757732, 23.23735313982344408, 11.80599999999999383 ) ) ;
#3909 = CARTESIAN_POINT ( 'NONE',  ( -11.98851896552684337, -12.91572002656049456, -7.422886677790248910 ) ) ;
#3910 = FACE_OUTER_BOUND ( 'NONE', #922, .T. ) ;
#3911 = EDGE_LOOP ( 'NONE', ( #6344, #5007, #7269, #1181 ) ) ;
#3912 = DIRECTION ( 'NONE',  ( 1.000000000000000000, 0.000000000000000000, 0.000000000000000000 ) ) ;
#3913 = CARTESIAN_POINT ( 'NONE',  ( 10.62606245850336606, 12.86255094592695691, 0.000000000000000000 ) ) ;
#3914 = CIRCLE ( 'NONE', #736, 8.827043914571909511 ) ;
#3915 = CARTESIAN_POINT ( 'NONE',  ( -18.57456196277276916, -4.252665149888141372, 11.80600000000000094 ) ) ;
#3916 = CARTESIAN_POINT ( 'NONE',  ( -6.520390359068784392, -9.826977670270796494, 12.55599999790798549 ) ) ;
#3917 = CARTESIAN_POINT ( 'NONE',  ( -1.154864917356221987, -10.32993118863620019, -2.449099999999997390 ) ) ;
#3918 = CARTESIAN_POINT ( 'NONE',  ( 19.27483029591568098, 1.451125243416885313, -8.905599999999997962 ) ) ;
#3919 = CARTESIAN_POINT ( 'NONE',  ( 1.590095103986505665, -19.94836994353445192, 0.7942348351279164831 ) ) ;
#3920 = CIRCLE ( 'NONE', #862, 16.92871113172949649 ) ;
#3921 = ORIENTED_EDGE ( 'NONE', *, *, #4919, .F. ) ;
#3922 = CARTESIAN_POINT ( 'NONE',  ( 5.979130371550700040, 0.5000000000000016653, 14.98099999999999987 ) ) ;
#3923 = CARTESIAN_POINT ( 'NONE',  ( -14.51444827866959209, 35.97823366288712776, 11.80599999999999206 ) ) ;
#3924 = CARTESIAN_POINT ( 'NONE',  ( -11.11513831576380973, -2.846000725366038431, 8.631000000000000227 ) ) ;
#3925 = CARTESIAN_POINT ( 'NONE',  ( 11.48444867787988066, 27.70592705193343974, 14.98099999999994303 ) ) ;
#3926 = AXIS2_PLACEMENT_3D ( 'NONE', #6901, #6268, #1227 ) ;
#3927 = CARTESIAN_POINT ( 'NONE',  ( 26.59976386258400893, 1.016140953780593437, 14.98099999999999810 ) ) ;
#3928 = CARTESIAN_POINT ( 'NONE',  ( 2.870011529899069824, 11.75559239679222223, 2.517435969732711776 ) ) ;
#3929 = FACE_OUTER_BOUND ( 'NONE', #662, .T. ) ;
#3930 = DIRECTION ( 'NONE',  ( -0.9372228348463677028, 0.3487310680775922989, 0.000000000000000000 ) ) ;
#3931 = EDGE_CURVE ( 'NONE', #3625, #1170, #6550, .T. ) ;
#3932 = CARTESIAN_POINT ( 'NONE',  ( 18.80718129388836601, -12.73655414860664692, 11.80600000000000271 ) ) ;
#3933 = VECTOR ( 'NONE', #5751, 1000.000000000000114 ) ;
#3934 = CARTESIAN_POINT ( 'NONE',  ( -1.169984487269735141, -11.23817251630137015, 14.98100000000000698 ) ) ;
#3935 = ORIENTED_EDGE ( 'NONE', *, *, #1334, .T. ) ;
#3936 = CARTESIAN_POINT ( 'NONE',  ( -12.35878355267679041, -11.45333679329088383, -3.605391940665340744 ) ) ;
#3937 = ORIENTED_EDGE ( 'NONE', *, *, #5910, .F. ) ;
#3938 = VECTOR ( 'NONE', #633, 1000.000000000000000 ) ;
#3939 = CARTESIAN_POINT ( 'NONE',  ( -10.60288352446186622, -4.877117477416113012, 0.000000000000000000 ) ) ;
#3940 = ORIENTED_EDGE ( 'NONE', *, *, #2644, .T. ) ;
#3941 = DIRECTION ( 'NONE',  ( -1.495426859468111024E-09, -9.792003747390797365E-09, 0.9999999999999998890 ) ) ;
#3942 = CARTESIAN_POINT ( 'NONE',  ( -12.16440077905439665, -8.099885605651932607, 0.000000000000000000 ) ) ;
#3943 = CARTESIAN_POINT ( 'NONE',  ( -0.4294343904331776596, 7.642390722410390858, -5.787905999999998663 ) ) ;
#3944 = CIRCLE ( 'NONE', #3356, 1.499999999999999556 ) ;
#3945 = EDGE_LOOP ( 'NONE', ( #6131, #4954 ) ) ;
#3946 = CARTESIAN_POINT ( 'NONE',  ( -48.49935445207390217, 17.71237818181344537, 11.80599999999999561 ) ) ;
#3947 = CARTESIAN_POINT ( 'NONE',  ( 17.23119601743744411, -16.31721190939495614, 11.80600000000000449 ) ) ;
#3948 = DIRECTION ( 'NONE',  ( -0.3489024681454919175, -0.9371590407833583214, 0.000000000000000000 ) ) ;
#3949 = VECTOR ( 'NONE', #634, 1000.000000000000000 ) ;
#3950 = EDGE_CURVE ( 'NONE', #5011, #4910, #1615, .T. ) ;
#3951 = ORIENTED_EDGE ( 'NONE', *, *, #653, .F. ) ;
#3952 = CARTESIAN_POINT ( 'NONE',  ( -1.040224536643662212, 7.380931404014712705, 0.000000000000000000 ) ) ;
#3953 = VECTOR ( 'NONE', #3154, 1000.000000000000000 ) ;
#3954 = CARTESIAN_POINT ( 'NONE',  ( -23.43310772915992146, 34.30224345088092974, 13.39349904687931136 ) ) ;
#3955 = CARTESIAN_POINT ( 'NONE',  ( -44.69879262735813796, 25.43413383263218464, 11.80599999999999383 ) ) ;
#3956 = CARTESIAN_POINT ( 'NONE',  ( 9.194136917260884445, 13.16614395657154546, -5.730599999999999028 ) ) ;
#3957 = EDGE_CURVE ( 'NONE', #4962, #6254, #1648, .T. ) ;
#3958 = DIRECTION ( 'NONE',  ( 1.000000000000000000, 0.000000000000000000, 0.000000000000000000 ) ) ;
#3959 = CARTESIAN_POINT ( 'NONE',  ( -8.075756382246241927, -18.89114725270801642, -15.44909999999999961 ) ) ;
#3960 = CARTESIAN_POINT ( 'NONE',  ( 1.449519804217432428, 12.70084435787760491, 3.174999999999999822 ) ) ;
#3961 = ORIENTED_EDGE ( 'NONE', *, *, #6097, .T. ) ;
#3962 = CARTESIAN_POINT ( 'NONE',  ( -11.48658944705459106, -6.436629345929393509, 1.587499999999999911 ) ) ;
#3963 = CARTESIAN_POINT ( 'NONE',  ( -12.27556252960572714, -9.873853818606887600, 11.80600000000000271 ) ) ;
#3964 = EDGE_CURVE ( 'NONE', #5182, #4487, #404, .T. ) ;
#3965 = CARTESIAN_POINT ( 'NONE',  ( -11.51961056268199002, -3.391863894924190603, 8.631000000000000227 ) ) ;
#3966 = CARTESIAN_POINT ( 'NONE',  ( 22.08385952095340699, 18.69922293381420886, 14.98099999999938703 ) ) ;
#3967 = CARTESIAN_POINT ( 'NONE',  ( 2.499390839117278329, 11.49427392629251088, 1.587499999999999911 ) ) ;
#3968 = DIRECTION ( 'NONE',  ( -0.3489024681454918064, -0.9371590407833580993, -0.000000000000000000 ) ) ;
#3969 = DIRECTION ( 'NONE',  ( 0.9371590407833580993, -0.3489024681454918619, 0.000000000000000000 ) ) ;
#3970 = CARTESIAN_POINT ( 'NONE',  ( -2.472180545705637389, 30.00936299409639929, 8.630999999999989569 ) ) ;
#3971 = CARTESIAN_POINT ( 'NONE',  ( -4.116644134645864206, 9.046972216271907286, -5.730600000000000804 ) ) ;
#3972 = ORIENTED_EDGE ( 'NONE', *, *, #2532, .F. ) ;
#3973 = DIRECTION ( 'NONE',  ( -0.3489024681454916954, -0.9371590407833583214, 0.000000000000000000 ) ) ;
#3974 = VERTEX_POINT ( 'NONE', #6138 ) ;
#3975 = CARTESIAN_POINT ( 'NONE',  ( 3.174999999999999822, 0.000000000000000000, 3.005999999999991346 ) ) ;
#3976 = EDGE_CURVE ( 'NONE', #7216, #3651, #1684, .T. ) ;
#3977 = CARTESIAN_POINT ( 'NONE',  ( -7.630305352141318664, 10.69424046324987110, -8.905599999999997962 ) ) ;
#3978 = CARTESIAN_POINT ( 'NONE',  ( -10.55855558020808083, -4.807921687094308005, -5.730599999999996363 ) ) ;
#3979 = DIRECTION ( 'NONE',  ( 2.645097801367776568E-16, 1.058039120547110627E-15, -1.000000000000000000 ) ) ;
#3980 = ADVANCED_FACE ( 'NONE', ( #5517 ), #475, .T. ) ;
#3981 = CARTESIAN_POINT ( 'NONE',  ( 6.027413631498740543, 5.057297382340638414, -5.787906000000002216 ) ) ;
#3982 = ORIENTED_EDGE ( 'NONE', *, *, #5330, .F. ) ;
#3983 = CARTESIAN_POINT ( 'NONE',  ( 12.58662062826657291, 25.34497970708189030, 10.21850059711604430 ) ) ;
#3984 = CARTESIAN_POINT ( 'NONE',  ( -30.54033267322048317, 35.95643332430391581, 11.80599999999999206 ) ) ;
#3985 = DIRECTION ( 'NONE',  ( -1.495427292949014688E-09, -9.791999627505709968E-09, 0.9999999999999998890 ) ) ;
#3986 = ORIENTED_EDGE ( 'NONE', *, *, #2740, .T. ) ;
#3987 = CARTESIAN_POINT ( 'NONE',  ( -9.412947515321805625, -8.087410742831012911, 13.07642878602656999 ) ) ;
#3988 = CARTESIAN_POINT ( 'NONE',  ( -27.08947745728853107, 32.80811324254457872, 8.630999999999989569 ) ) ;
#3989 = CARTESIAN_POINT ( 'NONE',  ( 0.9656174468386756748, 9.928214956165350102, -5.730599999999999028 ) ) ;
#3990 = CARTESIAN_POINT ( 'NONE',  ( -13.76201395425443330, -8.020143073608602791, 8.631000000000000227 ) ) ;
#3991 = CARTESIAN_POINT ( 'NONE',  ( -4.439039386445601032, 32.30869805997172506, 14.98099999999999277 ) ) ;
#3992 = CARTESIAN_POINT ( 'NONE',  ( 8.381278976049271634, 15.07987995473119014, 3.174999999999999822 ) ) ;
#3993 = ORIENTED_EDGE ( 'NONE', *, *, #6554, .F. ) ;
#3994 = CARTESIAN_POINT ( 'NONE',  ( -12.00749707126930943, -7.639939279345855816, 2.517435969732711776 ) ) ;
#3995 = CARTESIAN_POINT ( 'NONE',  ( -16.41965974405983530, 36.03076986445130814, 11.80599999999999206 ) ) ;
#3996 = B_SPLINE_CURVE_WITH_KNOTS ( 'NONE', 3,
 ( #6249, #6732, #3455, #4043, #116, #5148 ),
 .UNSPECIFIED., .F., .F.,
 ( 4, 1, 1, 4 ),
 ( 0.4687499999978241294, 0.4882812499986299293, 0.5078124999994358957, 0.5214889245303880871 ),
 .UNSPECIFIED. ) ;
#3997 = CARTESIAN_POINT ( 'NONE',  ( 14.25591115432990641, 24.17868099317643171, 8.630999999999994898 ) ) ;
#3998 = CARTESIAN_POINT ( 'NONE',  ( -7.829001583366465233, -11.15330637801602798, 11.80600000000000271 ) ) ;
#3999 = CARTESIAN_POINT ( 'NONE',  ( 16.31704527226449031, 9.208254322743227860, 2.517435969732711776 ) ) ;
#4000 = CARTESIAN_POINT ( 'NONE',  ( -3.258408414822242527, -11.68089556798468109, 5.550900000000003054 ) ) ;
#4001 = CARTESIAN_POINT ( 'NONE',  ( 19.34913917186175425, -0.9952426981688476948, -5.730599999999999028 ) ) ;
#4002 = CARTESIAN_POINT ( 'NONE',  ( 3.034299951601164391, -10.69440557877959463, 11.80600000000000094 ) ) ;
#4003 = CARTESIAN_POINT ( 'NONE',  ( -14.76875028746344931, -5.206464281081047751, 0.000000000000000000 ) ) ;
#4004 = ORIENTED_EDGE ( 'NONE', *, *, #1003, .F. ) ;
#4005 = CARTESIAN_POINT ( 'NONE',  ( 8.121165900317295794, -12.12488216542233133, 11.05600000000000271 ) ) ;
#4006 = LINE ( 'NONE', #5735, #1474 ) ;
#4007 = ORIENTED_EDGE ( 'NONE', *, *, #4063, .T. ) ;
#4008 = CARTESIAN_POINT ( 'NONE',  ( -1.154864917356221987, -10.32993118863620019, 5.550900000000003054 ) ) ;
#4009 = CARTESIAN_POINT ( 'NONE',  ( -4.052815082584843687, 10.64881668718538776, -8.905599999999999739 ) ) ;
#4010 = CARTESIAN_POINT ( 'NONE',  ( 17.21994782483924880, 8.021164140500950168, 1.587499999999999911 ) ) ;
#4011 = EDGE_CURVE ( 'NONE', #2968, #3898, #537, .T. ) ;
#4012 = DIRECTION ( 'NONE',  ( -2.645097801367780019E-16, -1.058039120547112008E-15, -1.000000000000000000 ) ) ;
#4013 = CARTESIAN_POINT ( 'NONE',  ( -0.6151563994231412646, 7.920666858332094051, -0.000000000000000000 ) ) ;
#4014 = EDGE_LOOP ( 'NONE', ( #3951, #5931, #5365, #3311 ) ) ;
#4015 = CARTESIAN_POINT ( 'NONE',  ( 12.58662062826657291, 25.34497970708189030, 8.630999999999994898 ) ) ;
#4016 = CARTESIAN_POINT ( 'NONE',  ( 24.42985965046503338, -13.43782222754919609, 11.80600000000000271 ) ) ;
#4017 = DIRECTION ( 'NONE',  ( -1.000000000000000000, 0.000000000000000000, 0.000000000000000000 ) ) ;
#4018 = ORIENTED_EDGE ( 'NONE', *, *, #2033, .T. ) ;
#4019 = CARTESIAN_POINT ( 'NONE',  ( -9.252804964161049028, -7.539545370241127920, 11.38881967464851819 ) ) ;
#4020 = CARTESIAN_POINT ( 'NONE',  ( -14.43158449124751286, -6.659646363897026689, -7.318099999999999383 ) ) ;
#4021 = CARTESIAN_POINT ( 'NONE',  ( 4.608195843500102917, 27.43994001211607880, 8.630999999999989569 ) ) ;
#4022 = LINE ( 'NONE', #2251, #3938 ) ;
#4023 = CARTESIAN_POINT ( 'NONE',  ( -8.936060770182473689, -16.70881628294552712, 1.576190226123892701 ) ) ;
#4024 = CARTESIAN_POINT ( 'NONE',  ( 16.84567255189314849, 2.666222987185844051, -8.905600000000001515 ) ) ;
#4025 = CARTESIAN_POINT ( 'NONE',  ( -3.764673518677133846, -20.49267306973825953, -12.77409999999999712 ) ) ;
#4026 = EDGE_LOOP ( 'NONE', ( #6183, #2770, #7245, #461, #3905, #1326, #2139, #2805 ) ) ;
#4027 = CARTESIAN_POINT ( 'NONE',  ( -7.761895739788753801, -17.31339749815901996, 2.517435969732711776 ) ) ;
#4028 = PLANE ( 'NONE',  #2279 ) ;
#4029 = EDGE_CURVE ( 'NONE', #787, #3863, #1727, .T. ) ;
#4030 = CARTESIAN_POINT ( 'NONE',  ( -4.846223704767488982, 9.182108774246428240, -5.730599999999998140 ) ) ;
#4031 = CARTESIAN_POINT ( 'NONE',  ( -43.06915103936022859, 31.30670315768118428, 14.98099999999987908 ) ) ;
#4032 = CARTESIAN_POINT ( 'NONE',  ( 16.32820644849762459, 10.18513740152879343, 3.174999999999999822 ) ) ;
#4033 = CARTESIAN_POINT ( 'NONE',  ( 1.566950063201841603, -19.94701353438449232, -6.638841323043654263 ) ) ;
#4034 = CARTESIAN_POINT ( 'NONE',  ( -8.825214408934927590, -16.80551438950678289, 1.587499999999999911 ) ) ;
#4035 = CARTESIAN_POINT ( 'NONE',  ( -18.57456196277276916, -4.252665149888141372, 11.80600000000000094 ) ) ;
#4036 = VERTEX_POINT ( 'NONE', #6770 ) ;
#4037 = VECTOR ( 'NONE', #4197, 1000.000000000000000 ) ;
#4038 = CARTESIAN_POINT ( 'NONE',  ( -14.98520256183472199, -3.731293133095731740, 0.000000000000000000 ) ) ;
#4039 = VERTEX_POINT ( 'NONE', #1761 ) ;
#4040 = CARTESIAN_POINT ( 'NONE',  ( 3.174999999999999822, 3.888253587292845095E-16, -8.949100000000001387 ) ) ;
#4041 = CARTESIAN_POINT ( 'NONE',  ( 20.93663917186177414, -3.040034490371314568, 1.587499999999999689 ) ) ;
#4042 = ORIENTED_EDGE ( 'NONE', *, *, #731, .T. ) ;
#4043 = CARTESIAN_POINT ( 'NONE',  ( -13.13374469604258010, -6.150443497605188270, 8.631000000000000227 ) ) ;
#4044 = VECTOR ( 'NONE', #6362, 1000.000000000000000 ) ;
#4045 = CARTESIAN_POINT ( 'NONE',  ( -13.68804567982945564, 7.152058685858134091, -8.905600000000003291 ) ) ;
#4046 = CARTESIAN_POINT ( 'NONE',  ( 9.194136917260884445, 13.16614395657154546, 1.587499999999999911 ) ) ;
#4047 = CARTESIAN_POINT ( 'NONE',  ( 6.357654241726757860, -13.22022809262043097, 11.05600000000000271 ) ) ;
#4048 = CARTESIAN_POINT ( 'NONE',  ( 20.92266734777800963, -0.7550195714617394804, -12.17735000000000056 ) ) ;
#4049 = ADVANCED_FACE ( 'NONE', ( #1245 ), #654, .F. ) ;
#4050 = ORIENTED_EDGE ( 'NONE', *, *, #5533, .F. ) ;
#4051 = AXIS2_PLACEMENT_3D ( 'NONE', #3517, #4698, #1940 ) ;
#4052 = CARTESIAN_POINT ( 'NONE',  ( 0.9824406811407011553, 12.37296896113423550, 3.174999999999999822 ) ) ;
#4053 = CARTESIAN_POINT ( 'NONE',  ( 0.6258626949111196769, -0.1640690333985025950, 8.631000000000000227 ) ) ;
#4054 = VECTOR ( 'NONE', #2170, 1000.000000000000114 ) ;
#4055 = VERTEX_POINT ( 'NONE', #4480 ) ;
#4056 = CARTESIAN_POINT ( 'NONE',  ( -2.973732939658846330, 4.925835514806896853, 0.000000000000000000 ) ) ;
#4057 = B_SPLINE_CURVE_WITH_KNOTS ( 'NONE', 3,
 ( #168, #2436, #4653, #3030, #1332, #4174, #5163 ),
 .UNSPECIFIED., .F., .F.,
 ( 4, 1, 1, 1, 4 ),
 ( 0.1590669060950009872, 0.3454108174725035729, 0.4102260909951112033, 0.4750413645177207211, 0.4920657386136739753 ),
 .UNSPECIFIED. ) ;
#4058 = CARTESIAN_POINT ( 'NONE',  ( -11.09693763935134214, -17.05757083585742961, -15.44909999999999961 ) ) ;
#4059 = CARTESIAN_POINT ( 'NONE',  ( 2.771976065070752782, -13.90792118376792175, 8.631000000000000227 ) ) ;
#4060 = VECTOR ( 'NONE', #5108, 1000.000000000000000 ) ;
#4061 = CARTESIAN_POINT ( 'NONE',  ( 5.089656768021824540, -10.74103297613638830, 13.00400180856847321 ) ) ;
#4062 = CARTESIAN_POINT ( 'NONE',  ( -1.868502313221988453, -15.39951910751302755, 8.631000000000000227 ) ) ;
#4063 = EDGE_CURVE ( 'NONE', #6836, #809, #6285, .T. ) ;
#4064 = ORIENTED_EDGE ( 'NONE', *, *, #3370, .T. ) ;
#4065 = CARTESIAN_POINT ( 'NONE',  ( -7.706093242219577810, -17.33461775995888132, 0.000000000000000000 ) ) ;
#4066 = EDGE_CURVE ( 'NONE', #2751, #4447, #3470, .T. ) ;
#4067 = ORIENTED_EDGE ( 'NONE', *, *, #4853, .T. ) ;
#4068 = CARTESIAN_POINT ( 'NONE',  ( -10.21135826824111170, -4.292784631358589564, 1.587499999999999911 ) ) ;
#4069 = CARTESIAN_POINT ( 'NONE',  ( -44.97519480863827113, 29.96679013402548364, 11.80599999999999383 ) ) ;
#4070 = VECTOR ( 'NONE', #2231, 1000.000000000000000 ) ;
#4071 = DIRECTION ( 'NONE',  ( 0.000000000000000000, 0.000000000000000000, 1.000000000000000000 ) ) ;
#4072 = CARTESIAN_POINT ( 'NONE',  ( 22.32431652841541947, -10.97356072241889713, 14.98100000000000520 ) ) ;
#4073 = CARTESIAN_POINT ( 'NONE',  ( 18.18467006882645975, 6.277871873167974570, 1.587499999999999911 ) ) ;
#4074 = LINE ( 'NONE', #251, #4992 ) ;
#4075 = CARTESIAN_POINT ( 'NONE',  ( -12.20557599190673237, -8.365054386376248985, 0.000000000000000000 ) ) ;
#4076 = CARTESIAN_POINT ( 'NONE',  ( 25.59606568476176136, -4.805342444249469658, 8.631000000000032202 ) ) ;
#4077 = ORIENTED_EDGE ( 'NONE', *, *, #6321, .T. ) ;
#4078 = CARTESIAN_POINT ( 'NONE',  ( -14.04790815498809486, 3.666967612582114455, 0.000000000000000000 ) ) ;
#4079 = ORIENTED_EDGE ( 'NONE', *, *, #3264, .T. ) ;
#4080 = CARTESIAN_POINT ( 'NONE',  ( -9.917652785065623533, -3.760325228352406679, 2.098889828118243095 ) ) ;
#4081 = CARTESIAN_POINT ( 'NONE',  ( -12.34013787346189517, -11.56903069968453224, -2.243378202728985471 ) ) ;
#4082 = ORIENTED_EDGE ( 'NONE', *, *, #1894, .F. ) ;
#4083 = LINE ( 'NONE', #1392, #4044 ) ;
#4084 = CARTESIAN_POINT ( 'NONE',  ( 12.16856079880803598, -14.54943195631387631, 11.05600000000000271 ) ) ;
#4085 = CARTESIAN_POINT ( 'NONE',  ( -9.686739635327779041, -9.024083855329820381, 11.05600000209201994 ) ) ;
#4086 = CYLINDRICAL_SURFACE ( 'NONE', #7228, 2.072616348863718372 ) ;
#4087 = LINE ( 'NONE', #5774, #2406 ) ;
#4088 = EDGE_LOOP ( 'NONE', ( #3717, #5144 ) ) ;
#4089 = DIRECTION ( 'NONE',  ( 0.3489024681454919175, 0.9371590407833582104, 0.000000000000000000 ) ) ;
#4090 = CARTESIAN_POINT ( 'NONE',  ( -21.91443029615336613, 36.00304555153040553, 14.98099999999999454 ) ) ;
#4091 = CARTESIAN_POINT ( 'NONE',  ( -13.97651370051151964, -8.067762232335129013, -7.318099999999999383 ) ) ;
#4092 = ADVANCED_FACE ( 'NONE', ( #2901 ), #42, .F. ) ;
#4093 = ORIENTED_EDGE ( 'NONE', *, *, #5710, .F. ) ;
#4094 = CARTESIAN_POINT ( 'NONE',  ( 19.31799504754692265, -0.8160951902601147889, -5.730599999999995475 ) ) ;
#4095 = CARTESIAN_POINT ( 'NONE',  ( 18.86402282299834710, -0.9952720431907391418, -5.730599999999999028 ) ) ;
#4096 = CARTESIAN_POINT ( 'NONE',  ( 19.74102292354263710, -15.78402317582674108, 8.631000000000000227 ) ) ;
#4097 = CARTESIAN_POINT ( 'NONE',  ( -6.418453418622712014, -9.399587381842794187, 12.55603281448345143 ) ) ;
#4098 = DIRECTION ( 'NONE',  ( 0.000000000000000000, -0.000000000000000000, 1.000000000000000000 ) ) ;
#4099 = ORIENTED_EDGE ( 'NONE', *, *, #6581, .F. ) ;
#4100 = CARTESIAN_POINT ( 'NONE',  ( 19.27920415648252472, 1.457276065949182797, -8.905599999999997962 ) ) ;
#4101 = ORIENTED_EDGE ( 'NONE', *, *, #1357, .T. ) ;
#4102 = DIRECTION ( 'NONE',  ( 0.9371590407833578773, -0.3489024681454928611, 0.000000000000000000 ) ) ;
#4103 = EDGE_CURVE ( 'NONE', #1102, #6392, #4651, .T. ) ;
#4104 = CARTESIAN_POINT ( 'NONE',  ( -38.87205052441449737, 33.52680027512989369, 11.80599999999999206 ) ) ;
#4105 = EDGE_CURVE ( 'NONE', #5026, #5349, #4006, .T. ) ;
#4106 = CARTESIAN_POINT ( 'NONE',  ( 16.52494116422809611, 8.936648741310641242, 0.000000000000000000 ) ) ;
#4107 = CARTESIAN_POINT ( 'NONE',  ( -44.97519480863827113, 29.96679013402548719, 14.98099999999999454 ) ) ;
#4108 = CARTESIAN_POINT ( 'NONE',  ( -16.61196196253316160, -3.358108760128377668, -15.44909999999999961 ) ) ;
#4109 = CARTESIAN_POINT ( 'NONE',  ( 1.759916674635157552, 10.85446673156645758, 1.587499999999999911 ) ) ;
#4110 = CARTESIAN_POINT ( 'NONE',  ( -9.392557478943125204, -16.42452542160103235, -5.730599999999999028 ) ) ;
#4111 = CARTESIAN_POINT ( 'NONE',  ( -14.69498572059985442, 32.80257204133727100, 8.631000000000025096 ) ) ;
#4112 = ORIENTED_EDGE ( 'NONE', *, *, #6887, .T. ) ;
#4113 = B_SPLINE_CURVE_WITH_KNOTS ( 'NONE', 3,
 ( #6684, #1271, #175, #3478, #4581, #2998, #5242, #6273, #5097, #1194, #5838 ),
 .UNSPECIFIED., .F., .F.,
 ( 4, 1, 1, 1, 1, 1, 1, 1, 4 ),
 ( 0.5000000000000000000, 0.5312499999999995559, 0.5625000000000000000, 0.6015624999999973355, 0.6484375000000048850, 0.6953125000000000000, 0.7578125000000003331, 0.8203124999999988898, 1.000000000000000000 ),
 .UNSPECIFIED. ) ;
#4114 = CARTESIAN_POINT ( 'NONE',  ( -4.901673400653727697, -3.460288697973585847, 14.48100000000000165 ) ) ;
#4115 = CARTESIAN_POINT ( 'NONE',  ( -10.36693721385772093, -17.66121891534364252, -8.905599999999997962 ) ) ;
#4116 = CARTESIAN_POINT ( 'NONE',  ( -15.96257746985418180, -7.081668958368594780, -8.905600000000001515 ) ) ;
#4117 = EDGE_LOOP ( 'NONE', ( #5117, #2972, #5769, #5659 ) ) ;
#4118 = FACE_OUTER_BOUND ( 'NONE', #3640, .T. ) ;
#4119 = CARTESIAN_POINT ( 'NONE',  ( -3.208723181123211088, 10.42019794570058266, -8.905599999999999739 ) ) ;
#4120 = LINE ( 'NONE', #5221, #6263 ) ;
#4121 = LINE ( 'NONE', #3530, #2997 ) ;
#4122 = ORIENTED_EDGE ( 'NONE', *, *, #7205, .F. ) ;
#4123 = CARTESIAN_POINT ( 'NONE',  ( 19.38922606354148570, 7.606379422729183659, 8.631000000000000227 ) ) ;
#4124 = CARTESIAN_POINT ( 'NONE',  ( -43.06915103936022859, 31.30670315768118428, 14.98099999999987908 ) ) ;
#4125 = DIRECTION ( 'NONE',  ( -0.6187123756285676235, -0.7856175890622957292, 0.000000000000000000 ) ) ;
#4126 = ORIENTED_EDGE ( 'NONE', *, *, #433, .F. ) ;
#4127 = CARTESIAN_POINT ( 'NONE',  ( 18.50003290133665246, -0.04064075890956608123, -5.787905999999995998 ) ) ;
#4128 = EDGE_CURVE ( 'NONE', #6308, #15, #3492, .T. ) ;
#4129 = CARTESIAN_POINT ( 'NONE',  ( -12.69611107861354071, 5.860204217221870238, -7.318099999999999383 ) ) ;
#4130 = CARTESIAN_POINT ( 'NONE',  ( 16.68600726385845689, 20.15763671921128974, 8.631000000001376904 ) ) ;
#4131 = CARTESIAN_POINT ( 'NONE',  ( -6.873425546873050074, -9.292060148414140741, 12.55603281448365394 ) ) ;
#4132 = CARTESIAN_POINT ( 'NONE',  ( 19.34913917186177557, -3.040034490371259501, 1.587499999999999911 ) ) ;
#4133 = CARTESIAN_POINT ( 'NONE',  ( -11.03479504990174931, -8.606588811822936336, 14.48100000000000165 ) ) ;
#4134 = CARTESIAN_POINT ( 'NONE',  ( 19.28357801704937202, 1.463426888481480281, -8.905599999999997962 ) ) ;
#4135 = VERTEX_POINT ( 'NONE', #2342 ) ;
#4136 =( LENGTH_UNIT ( ) NAMED_UNIT ( * ) SI_UNIT ( .MILLI., .METRE. ) );
#4137 = CARTESIAN_POINT ( 'NONE',  ( 4.759815703703596412, -12.78599078537129863, 10.21850059711605319 ) ) ;
#4138 = CARTESIAN_POINT ( 'NONE',  ( -11.03479504990174398, -8.606588811822932783, 14.98100000000000165 ) ) ;
#4139 = B_SPLINE_CURVE_WITH_KNOTS ( 'NONE', 3,
 ( #2133, #1312, #1905, #148 ),
 .UNSPECIFIED., .F., .F.,
 ( 4, 4 ),
 ( 0.1067600112836824405, 0.1128186161936991921 ),
 .UNSPECIFIED. ) ;
#4140 = CARTESIAN_POINT ( 'NONE',  ( 23.15220087576790675, 9.544644554831304362, 14.98099999999999987 ) ) ;
#4141 = B_SPLINE_CURVE_WITH_KNOTS ( 'NONE', 3,
 ( #6908, #283, #5314, #6276, #1863, #6979, #6387, #2961, #5208, #4108, #6432, #2409, #4662, #1938, #827, #4773, #7017, #6351 ),
 .UNSPECIFIED., .F., .F.,
 ( 4, 1, 1, 1, 1, 1, 1, 1, 1, 1, 1, 1, 1, 1, 1, 4 ),
 ( 0.4126244474606047818, 0.4199218749999998335, 0.4277343749999996669, 0.4335937499999973355, 0.4414062499999849010, 0.4492187499999991673, 0.4570312499999990008, 0.4648437499999987788, 0.4726562499999986122, 0.4804687499999984457, 0.4882812499999982236, 0.4941406249999981126, 0.5039062499999978906, 0.5117187499999976685, 0.5195312500000033307, 0.5273437499999940048 ),
 .UNSPECIFIED. ) ;
#4142 = CARTESIAN_POINT ( 'NONE',  ( -9.686569714830211453, -9.023495132595190427, 10.21850029864089038 ) ) ;
#4143 = CARTESIAN_POINT ( 'NONE',  ( -4.425450163291859695, 9.109798709189764310, -8.248035969732711692 ) ) ;
#4144 = CIRCLE ( 'NONE', #6022, 0.5000000000000000000 ) ;
#4145 = CARTESIAN_POINT ( 'NONE',  ( -0.8871288235855973037, -19.64224335555377721, 0.000000000000000000 ) ) ;
#4146 = CARTESIAN_POINT ( 'NONE',  ( -10.31729970230708560, -15.60574307419588536, -5.730599999999999028 ) ) ;
#4147 = CARTESIAN_POINT ( 'NONE',  ( 10.86804480477624679, -15.96762004994088713, 8.631000000000000227 ) ) ;
#4148 = ORIENTED_EDGE ( 'NONE', *, *, #4866, .F. ) ;
#4149 = CARTESIAN_POINT ( 'NONE',  ( -8.782548804159709732, 8.741916582865714602, 0.000000000000000000 ) ) ;
#4150 = EDGE_LOOP ( 'NONE', ( #229, #2551 ) ) ;
#4151 = CARTESIAN_POINT ( 'NONE',  ( -10.94931491275495361, -2.972687788161955780, 3.174999999999999822 ) ) ;
#4152 = AXIS2_PLACEMENT_3D ( 'NONE', #3313, #2760, #7251 ) ;
#4153 = FACE_OUTER_BOUND ( 'NONE', #3418, .T. ) ;
#4154 = ORIENTED_EDGE ( 'NONE', *, *, #5394, .F. ) ;
#4155 = CARTESIAN_POINT ( 'NONE',  ( -11.98851896553278706, -12.91572002654558560, -3.659049999999999692 ) ) ;
#4156 = EDGE_CURVE ( 'NONE', #5375, #6863, #6247, .T. ) ;
#4157 = CARTESIAN_POINT ( 'NONE',  ( -11.98427584905240018, -12.92670470448679332, -7.318099999999999383 ) ) ;
#4158 = CARTESIAN_POINT ( 'NONE',  ( 7.202779167234850455, 13.23207438965887839, 1.587499999999999911 ) ) ;
#4159 = CARTESIAN_POINT ( 'NONE',  ( -1.166618694689298241, -20.39295876580700551, -8.706837449345945501 ) ) ;
#4160 = VECTOR ( 'NONE', #2864, 1000.000000000000227 ) ;
#4161 = EDGE_LOOP ( 'NONE', ( #1665, #2432, #4966, #6096 ) ) ;
#4162 = B_SPLINE_SURFACE_WITH_KNOTS ( 'NONE', 1, 3, ( 
 ( #4667, #3602, #2451, #2338, #112, #6357, #4003, #219, #4038, #184, #1241, #254, #2898, #2931, #6243, #4702, #3450, #4078, #5845, #1278, #5732, #6949, #5804, #6318, #760, #1903, #4149, #5143, #5253, #689, #3044, #6835, #3007, #3522, #2417, #799, #5177, #6913 ),
 ( #1868, #4588, #6394, #1350, #146, #2376, #4628, #1835, #6876, #2052, #4191, #6437, #3228, #4884, #6575, #5916, #3741, #7089, #5397, #943, #3187, #6541, #4300, #7128, #3119, #361, #5471, #1420, #392, #3671, #2674, #2596, #4334, #7055, #5880, #1497, #1388, #3637 ) ),
 .UNSPECIFIED., .F., .F., .F.,
 ( 2, 2 ),
 ( 4, 2, 2, 2, 2, 2, 2, 2, 2, 2, 2, 2, 2, 2, 2, 2, 2, 2, 4 ),
 ( 0.000000000000000000, 1.000000000000000000 ),
 ( 0.000000000000000000, 0.02808819211426436327, 0.08426457634238720962, 0.1404409605716402665, 0.1966173448001218016, 0.2527937290287314287, 0.3089701132573929865, 0.3862126415716793937, 0.4423890258002889930, 0.5196315541150443584, 0.5968740824289655578, 0.6530504666575751571, 0.7232709469433443727, 0.7934914272290993775, 0.8637119075149536362, 0.9339323878006233759, 0.9655316039292052288, 0.9971308200577869707, 1.000000000000000000 ),
 .UNSPECIFIED. ) ;
#4163 = CARTESIAN_POINT ( 'NONE',  ( 0.000000000000000000, 0.000000000000000000, 0.2560000000000010045 ) ) ;
#4164 = CARTESIAN_POINT ( 'NONE',  ( 28.31198947043230518, 0.6227037764108300788, 14.98099999999999987 ) ) ;
#4165 = AXIS2_PLACEMENT_3D ( 'NONE', #2346, #5112, #6289 ) ;
#4166 = CARTESIAN_POINT ( 'NONE',  ( 20.30373448117742896, 5.128436356754933811, 8.631000000000000227 ) ) ;
#4167 = CARTESIAN_POINT ( 'NONE',  ( 3.555560986992869488, 14.00187721219304038, 3.174999999999999822 ) ) ;
#4168 = ORIENTED_EDGE ( 'NONE', *, *, #3869, .F. ) ;
#4169 = CARTESIAN_POINT ( 'NONE',  ( 19.34913917186176135, -0.9449626134939376199, 0.000000000000000000 ) ) ;
#4170 = VECTOR ( 'NONE', #4746, 1000.000000000000000 ) ;
#4171 = CARTESIAN_POINT ( 'NONE',  ( -9.311884644446443815, 8.519060930577696311, -8.248035969732711692 ) ) ;
#4172 = CARTESIAN_POINT ( 'NONE',  ( 12.74199028092941788, -16.33159447792379382, 11.80599999999961547 ) ) ;
#4173 = CARTESIAN_POINT ( 'NONE',  ( -2.915729083020443202, -10.32022726748416908, 11.05596718551655400 ) ) ;
#4174 = CARTESIAN_POINT ( 'NONE',  ( -19.99907435526927912, 34.44158140885099328, 10.21850059711604253 ) ) ;
#4175 = DIRECTION ( 'NONE',  ( 0.9322399881385086129, -0.3618405788679777690, 0.000000000000000000 ) ) ;
#4176 = EDGE_CURVE ( 'NONE', #57, #5373, #4769, .T. ) ;
#4177 = DIRECTION ( 'NONE',  ( -1.000000000000000000, 0.000000000000000000, 0.000000000000000000 ) ) ;
#4178 = VERTEX_POINT ( 'NONE', #6442 ) ;
#4179 = DIRECTION ( 'NONE',  ( 0.000000000000000000, 0.000000000000000000, 1.000000000000000000 ) ) ;
#4180 = CARTESIAN_POINT ( 'NONE',  ( 26.21613685041451092, 2.538123062335156721, 8.630999999999998451 ) ) ;
#4181 = AXIS2_PLACEMENT_3D ( 'NONE', #6838, #2861, #3973 ) ;
#4182 = CARTESIAN_POINT ( 'NONE',  ( -8.317659564492009494, -17.05880492909819068, -8.248035969732711692 ) ) ;
#4183 = CARTESIAN_POINT ( 'NONE',  ( 16.68600726385845689, 20.15763671921128974, 11.80600000000099215 ) ) ;
#4184 = LINE ( 'NONE', #1344, #6275 ) ;
#4185 = CARTESIAN_POINT ( 'NONE',  ( -16.66621222466899965, -2.277838253446197392, -8.905600000000001515 ) ) ;
#4186 = CIRCLE ( 'NONE', #1007, 0.4999999999999999445 ) ;
#4187 = EDGE_CURVE ( 'NONE', #4543, #6972, #1390, .T. ) ;
#4188 = CARTESIAN_POINT ( 'NONE',  ( 4.289051226172818865, 12.53125708338927602, 1.587499999999999911 ) ) ;
#4189 = CARTESIAN_POINT ( 'NONE',  ( -16.25141662937566878, 2.067441825064930239, -8.905599999999997962 ) ) ;
#4190 = CARTESIAN_POINT ( 'NONE',  ( -45.75774510664813022, 21.83306024433469616, 8.631000000000021544 ) ) ;
#4191 = CARTESIAN_POINT ( 'NONE',  ( -15.07851313103464896, -2.245596035779637401, -7.318099999999999383 ) ) ;
#4192 = EDGE_LOOP ( 'NONE', ( #5868, #2168, #5473, #2523, #6782 ) ) ;
#4193 = AXIS2_PLACEMENT_3D ( 'NONE', #4861, #3754, #7069 ) ;
#4194 = DIRECTION ( 'NONE',  ( -1.000000000000000000, 0.000000000000000000, 0.000000000000000000 ) ) ;
#4195 = CARTESIAN_POINT ( 'NONE',  ( 5.461819727935585789, -12.97941188435437354, 13.39349999983421569 ) ) ;
#4196 = ORIENTED_EDGE ( 'NONE', *, *, #3058, .T. ) ;
#4197 = DIRECTION ( 'NONE',  ( -0.000000000000000000, -0.000000000000000000, 1.000000000000000000 ) ) ;
#4198 = CARTESIAN_POINT ( 'NONE',  ( -11.98637146586493962, -12.92127957136805882, -7.318099999999999383 ) ) ;
#4199 = DIRECTION ( 'NONE',  ( -0.7856175890622958402, 0.6187123756285675125, 0.000000000000000000 ) ) ;
#4200 = CARTESIAN_POINT ( 'NONE',  ( -19.71033619878172161, -7.218401743463203957, 14.98099999999982401 ) ) ;
#4201 = B_SPLINE_CURVE_WITH_KNOTS ( 'NONE', 3,
 ( #77, #4075, #1865, #6241, #3483 ),
 .UNSPECIFIED., .F., .F.,
 ( 4, 1, 4 ),
 ( 0.4935803526185258971, 0.5000000000000001110, 0.5729568710433834422 ),
 .UNSPECIFIED. ) ;
#4202 = EDGE_CURVE ( 'NONE', #2758, #218, #1002, .T. ) ;
#4203 = ORIENTED_EDGE ( 'NONE', *, *, #2652, .F. ) ;
#4204 = CARTESIAN_POINT ( 'NONE',  ( -3.764673518677139619, -20.49267306973825953, 7.043499999999998984 ) ) ;
#4205 = CARTESIAN_POINT ( 'NONE',  ( 28.39358412624508432, -7.233045574204665762, 14.98100000000000165 ) ) ;
#4206 = DIRECTION ( 'NONE',  ( 0.000000000000000000, -1.000000000000000000, 0.000000000000000000 ) ) ;
#4207 = EDGE_CURVE ( 'NONE', #1882, #268, #6439, .T. ) ;
#4208 = CYLINDRICAL_SURFACE ( 'NONE', #3250, 0.7932651669729868793 ) ;
#4209 = B_SPLINE_CURVE_WITH_KNOTS ( 'NONE', 3,
 ( #48, #965, #2831, #1592, #3798, #6083 ),
 .UNSPECIFIED., .F., .F.,
 ( 4, 2, 4 ),
 ( 0.000000000000000000, 0.002029200810939026101, 0.004058401621878052201 ),
 .UNSPECIFIED. ) ;
#4210 = VERTEX_POINT ( 'NONE', #3805 ) ;
#4211 = CARTESIAN_POINT ( 'NONE',  ( 19.31768360630377401, -0.8173630032868589579, -5.787905999999995110 ) ) ;
#4212 = CARTESIAN_POINT ( 'NONE',  ( -8.782548804159711509, 8.741916582865714602, -8.248035969732711692 ) ) ;
#4213 = CARTESIAN_POINT ( 'NONE',  ( 0.3071816777607088156, -13.26177876956085733, 8.631000000000000227 ) ) ;
#4214 = CARTESIAN_POINT ( 'NONE',  ( -2.014695283645366874, -10.23682132733323868, 11.36663415283823042 ) ) ;
#4215 = CARTESIAN_POINT ( 'NONE',  ( 1.984375000000000000, 0.000000000000000000, -7.949100000000000499 ) ) ;
#4216 = LINE ( 'NONE', #5832, #2802 ) ;
#4217 = CARTESIAN_POINT ( 'NONE',  ( -11.41158442011745855, -14.14504739044597592, -7.318099999999999383 ) ) ;
#4218 = ORIENTED_EDGE ( 'NONE', *, *, #1334, .F. ) ;
#4219 = DIRECTION ( 'NONE',  ( 0.000000000000000000, 0.000000000000000000, -1.000000000000000000 ) ) ;
#4220 = DIRECTION ( 'NONE',  ( 0.9371590407833583214, -0.3489024681454916954, 0.000000000000000000 ) ) ;
#4221 = CARTESIAN_POINT ( 'NONE',  ( -11.97893575900352836, -14.47865159892505460, -8.905600000000001515 ) ) ;
#4222 = CARTESIAN_POINT ( 'NONE',  ( -7.765330261643532239, 31.60045012614736493, 14.98099999999999454 ) ) ;
#4223 = CARTESIAN_POINT ( 'NONE',  ( -3.413129052785580875, 8.813555637147853616, -7.526010523711378575 ) ) ;
#4224 = CARTESIAN_POINT ( 'NONE',  ( -14.38522226906396817, 6.261142741487724095, -8.905600000000001515 ) ) ;
#4225 = CARTESIAN_POINT ( 'NONE',  ( -16.65746720359356559, -2.548208754440649315, -8.905599999999997962 ) ) ;
#4226 = CARTESIAN_POINT ( 'NONE',  ( 28.63184273261631674, -1.233121942092602064, 8.630999999999998451 ) ) ;
#4227 = PRODUCT_DEFINITION_SHAPE ( 'NONE', 'NONE',  #3552 ) ;
#4228 = FACE_BOUND ( 'NONE', #1423, .T. ) ;
#4229 = EDGE_LOOP ( 'NONE', ( #5601, #2205 ) ) ;
#4230 = LINE ( 'NONE', #5990, #190 ) ;
#4231 = CARTESIAN_POINT ( 'NONE',  ( -16.66036468884557209, -1.196578931002857393, -8.905600000000001515 ) ) ;
#4232 = VERTEX_POINT ( 'NONE', #5882 ) ;
#4233 = CARTESIAN_POINT ( 'NONE',  ( 19.34890321087421228, -0.9952133531469472549, -7.318099999999999383 ) ) ;
#4234 = DIRECTION ( 'NONE',  ( -0.3805874007937319337, 0.9247449542209307261, 0.000000000000000000 ) ) ;
#4235 = CARTESIAN_POINT ( 'NONE',  ( -15.36736558150627374, -8.877658348685018908, -15.44909999999999961 ) ) ;
#4236 = CARTESIAN_POINT ( 'NONE',  ( -36.36428634907640145, 2.224798047900578890, 14.98099999999999987 ) ) ;
#4237 = LINE ( 'NONE', #5888, #6893 ) ;
#4238 = ORIENTED_EDGE ( 'NONE', *, *, #3547, .F. ) ;
#4239 = CARTESIAN_POINT ( 'NONE',  ( -30.03296279907226207, 0.000000000000000000, 8.631000000000000227 ) ) ;
#4240 = CARTESIAN_POINT ( 'NONE',  ( 28.77451289708931981, -5.204147292517808054, 14.98099999999996790 ) ) ;
#4241 = EDGE_CURVE ( 'NONE', #2007, #889, #6179, .T. ) ;
#4242 = CARTESIAN_POINT ( 'NONE',  ( 19.19388020387351901, -0.6398805656995876223, -7.318099999999999383 ) ) ;
#4243 = DIRECTION ( 'NONE',  ( 6.550624015266702829E-15, -1.000000000000000000, 0.000000000000000000 ) ) ;
#4244 = VERTEX_POINT ( 'NONE', #834 ) ;
#4245 = CARTESIAN_POINT ( 'NONE',  ( 19.19388020387351190, -0.6398805656995824043, -7.318099999999999383 ) ) ;
#4246 = CARTESIAN_POINT ( 'NONE',  ( -15.07851313103418001, -2.245596035779755084, -8.248035969732711692 ) ) ;
#4247 = CARTESIAN_POINT ( 'NONE',  ( -30.54033267322048317, 35.95643332430390871, 8.630999999999989569 ) ) ;
#4248 = CARTESIAN_POINT ( 'NONE',  ( -2.204894577754120011, -10.96236130471560521, 11.05600000209201994 ) ) ;
#4249 = CARTESIAN_POINT ( 'NONE',  ( -14.41000476459172219, -6.796399528164237758, -5.730600000000003469 ) ) ;
#4250 = CARTESIAN_POINT ( 'NONE',  ( 2.500000000000000000, 3.061616997868383141E-16, -7.949100000000000499 ) ) ;
#4251 = CARTESIAN_POINT ( 'NONE',  ( -8.998819715029162225, -16.66378078452587630, -7.318099999999999383 ) ) ;
#4252 = ORIENTED_EDGE ( 'NONE', *, *, #4331, .T. ) ;
#4253 = LINE ( 'NONE', #2587, #165 ) ;
#4254 = CARTESIAN_POINT ( 'NONE',  ( 9.169603263354870748, -13.98518257472503379, 10.21850059711605319 ) ) ;
#4255 = CARTESIAN_POINT ( 'NONE',  ( -7.951639481703749901, -17.94486195867010281, -8.905600000000001515 ) ) ;
#4256 = CARTESIAN_POINT ( 'NONE',  ( 16.84548851959756277, -13.15329702478594598, 11.80600000000000271 ) ) ;
#4257 = ADVANCED_FACE ( 'NONE', ( #4153 ), #1353, .F. ) ;
#4258 = CYLINDRICAL_SURFACE ( 'NONE', #5448, 3.174999999999999822 ) ;
#4259 = CARTESIAN_POINT ( 'NONE',  ( -7.846759262749933406, 9.716653703975165257, -8.905600000000001515 ) ) ;
#4260 = ADVANCED_FACE ( 'NONE', ( #3605 ), #230, .F. ) ;
#4261 = CARTESIAN_POINT ( 'NONE',  ( -15.36736558150629506, -8.877658348684953182, -8.905599999999997962 ) ) ;
#4262 = CARTESIAN_POINT ( 'NONE',  ( 26.35318203560210648, -11.46868643948620203, 8.631000000000000227 ) ) ;
#4263 = CARTESIAN_POINT ( 'NONE',  ( 3.174999999999999822, 0.000000000000000000, 1.256000000000000671 ) ) ;
#4264 = ORIENTED_EDGE ( 'NONE', *, *, #4853, .F. ) ;
#4265 = CARTESIAN_POINT ( 'NONE',  ( 7.290481762829306156, -15.12270843337942949, 11.80600000000000449 ) ) ;
#4266 = VERTEX_POINT ( 'NONE', #6052 ) ;
#4267 = CARTESIAN_POINT ( 'NONE',  ( 11.39328584945233125, 14.30841822104198613, 3.174999999999999822 ) ) ;
#4268 = DIRECTION ( 'NONE',  ( 0.9322399881385086129, -0.3618405788679777690, 0.000000000000000000 ) ) ;
#4269 = LINE ( 'NONE', #5435, #161 ) ;
#4270 = CARTESIAN_POINT ( 'NONE',  ( -48.07305788143924730, 25.91494184313114246, 14.98100000000003718 ) ) ;
#4271 = CIRCLE ( 'NONE', #7085, 1.587500000000001465 ) ;
#4272 = CARTESIAN_POINT ( 'NONE',  ( -1.169984487269735141, -11.23817251630137015, 14.98100000000000165 ) ) ;
#4273 = ORIENTED_EDGE ( 'NONE', *, *, #4331, .F. ) ;
#4274 = CARTESIAN_POINT ( 'NONE',  ( 5.941298669967766344, -13.10710658889590796, 13.39349904687932202 ) ) ;
#4275 = ORIENTED_EDGE ( 'NONE', *, *, #1906, .F. ) ;
#4276 = CARTESIAN_POINT ( 'NONE',  ( -15.05170216074766110, -0.7453076699464327159, -7.318099999999999383 ) ) ;
#4277 = AXIS2_PLACEMENT_3D ( 'NONE', #5869, #4219, #6937 ) ;
#4278 = DIRECTION ( 'NONE',  ( -0.3489024681454916954, -0.9371590407833583214, 0.000000000000000000 ) ) ;
#4279 = ADVANCED_FACE ( 'NONE', ( #1010 ), #4984, .F. ) ;
#4280 = ORIENTED_EDGE ( 'NONE', *, *, #5231, .T. ) ;
#4281 = CARTESIAN_POINT ( 'NONE',  ( 8.549743160484267079, 4.159242215400512421, -5.730599999999997252 ) ) ;
#4282 = VECTOR ( 'NONE', #1472, 1000.000000000000000 ) ;
#4283 = CARTESIAN_POINT ( 'NONE',  ( -13.76229623950425918, 4.245151003387816147, -7.318099999999999383 ) ) ;
#4284 = CARTESIAN_POINT ( 'NONE',  ( -7.829001583366465233, -11.15330637801602798, 8.631000000000000227 ) ) ;
#4285 = FACE_OUTER_BOUND ( 'NONE', #52, .T. ) ;
#4286 = CARTESIAN_POINT ( 'NONE',  ( -2.204894577754120011, -10.96236130471560521, 12.55599999790798371 ) ) ;
#4287 = EDGE_CURVE ( 'NONE', #4521, #898, #2810, .T. ) ;
#4288 = CARTESIAN_POINT ( 'NONE',  ( -10.32655799395276652, -15.56628778027153714, -6.812711131602113390 ) ) ;
#4289 = ORIENTED_EDGE ( 'NONE', *, *, #6581, .T. ) ;
#4290 = CARTESIAN_POINT ( 'NONE',  ( 18.72737036885385109, 4.742486964862748344, 0.000000000000000000 ) ) ;
#4291 = CARTESIAN_POINT ( 'NONE',  ( 26.55051723955111598, -9.162243075185559249, 8.631000000000000227 ) ) ;
#4292 = CARTESIAN_POINT ( 'NONE',  ( -8.885804400813125170, -17.50097728752401238, -8.905600000000001515 ) ) ;
#4293 = CARTESIAN_POINT ( 'NONE',  ( -6.222808689321803755, -8.261172570105257407, 14.98100000000000165 ) ) ;
#4294 = EDGE_CURVE ( 'NONE', #3833, #5764, #530, .T. ) ;
#4295 = CARTESIAN_POINT ( 'NONE',  ( -3.200147623311149214, 9.375296640451992403, -8.586766650985198979 ) ) ;
#4296 = CARTESIAN_POINT ( 'NONE',  ( -5.422144762331466694, 9.927568289029835569, -8.905600000000001515 ) ) ;
#4297 = DIRECTION ( 'NONE',  ( 1.153179875884041271E-16, -4.293266002911708775E-17, -1.000000000000000000 ) ) ;
#4298 = CARTESIAN_POINT ( 'NONE',  ( 28.39358412624508432, -7.233045574204665762, 8.631000000000000227 ) ) ;
#4299 = AXIS2_PLACEMENT_3D ( 'NONE', #6598, #3389, #6775 ) ;
#4300 = CARTESIAN_POINT ( 'NONE',  ( -11.60894294004579130, 6.993843075523475505, -7.318099999999999383 ) ) ;
#4301 = B_SPLINE_CURVE_WITH_KNOTS ( 'NONE', 3,
 ( #6412, #4755, #6754, #3960, #4542, #4167, #3403, #3992, #6232, #5678, #1369, #1780, #3024, #5858, #5267, #2462, #4717, #2130, #5338, #6034 ),
 .UNSPECIFIED., .F., .F.,
 ( 4, 2, 2, 2, 2, 2, 2, 2, 2, 4 ),
 ( 0.000000000000000000, 0.06250000000000000000, 0.1250000000000000000, 0.2500000000000000000, 0.5000000000000000000, 0.6250000000000000000, 0.7500000000000000000, 0.8125000000000000000, 0.8750000000000000000, 1.000000000000000000 ),
 .UNSPECIFIED. ) ;
#4302 = CARTESIAN_POINT ( 'NONE',  ( 28.74950554974190808, -2.214734616449455906, 11.80600000000000094 ) ) ;
#4303 = ORIENTED_EDGE ( 'NONE', *, *, #2214, .T. ) ;
#4304 = AXIS2_PLACEMENT_3D ( 'NONE', #458, #3368, #5567 ) ;
#4305 = CARTESIAN_POINT ( 'NONE',  ( 20.93663915342094839, 3.006843940567516693, 3.174999999999999822 ) ) ;
#4306 = CARTESIAN_POINT ( 'NONE',  ( -5.476848407906265592, 4.313286688830135773, 3.174999999999999822 ) ) ;
#4307 = DIRECTION ( 'NONE',  ( -0.000000000000000000, -0.000000000000000000, -1.000000000000000000 ) ) ;
#4308 = CARTESIAN_POINT ( 'NONE',  ( 4.608195843500102917, 27.43994001211607880, 14.98099999999999454 ) ) ;
#4309 = VECTOR ( 'NONE', #2484, 1000.000000000000000 ) ;
#4310 = CARTESIAN_POINT ( 'NONE',  ( 3.226654034836949200E-17, 0.5000000000000021094, 14.98099999999999987 ) ) ;
#4311 = ORIENTED_EDGE ( 'NONE', *, *, #1894, .T. ) ;
#4312 = DIRECTION ( 'NONE',  ( -1.000000000000000000, 0.000000000000000000, 0.000000000000000000 ) ) ;
#4313 = VERTEX_POINT ( 'NONE', #2842 ) ;
#4314 = CARTESIAN_POINT ( 'NONE',  ( -15.17496853754664343, -8.801436913525053640, -8.905600000000003291 ) ) ;
#4315 = FACE_OUTER_BOUND ( 'NONE', #1811, .T. ) ;
#4316 = ORIENTED_EDGE ( 'NONE', *, *, #7156, .T. ) ;
#4317 = CARTESIAN_POINT ( 'NONE',  ( 17.44611340266509814, 7.656533872797455231, 0.000000000000000000 ) ) ;
#4318 = CARTESIAN_POINT ( 'NONE',  ( 7.754278138792708219, -13.57932890675671800, 12.55600000000000094 ) ) ;
#4319 = CARTESIAN_POINT ( 'NONE',  ( 28.63184273261631674, -1.233121942092601619, 11.80600000000000094 ) ) ;
#4320 = EDGE_CURVE ( 'NONE', #6635, #2798, #4393, .T. ) ;
#4321 = LINE ( 'NONE', #6560, #1707 ) ;
#4322 = DIRECTION ( 'NONE',  ( 5.492972175442562479E-17, 1.475423364686777903E-16, 1.000000000000000000 ) ) ;
#4323 = CARTESIAN_POINT ( 'NONE',  ( 26.89447618411513830, -0.5000000000000004441, 14.18724952343965917 ) ) ;
#4324 = ORIENTED_EDGE ( 'NONE', *, *, #5489, .F. ) ;
#4325 = CARTESIAN_POINT ( 'NONE',  ( -5.391978791913061286, 1.855238334207745643, 0.000000000000000000 ) ) ;
#4326 = CARTESIAN_POINT ( 'NONE',  ( -7.887386940873577501, -17.25889120507233798, -8.248035969732711692 ) ) ;
#4327 = CARTESIAN_POINT ( 'NONE',  ( -37.63074280117568549, 30.59158252159554081, 14.98100000000010823 ) ) ;
#4328 = EDGE_CURVE ( 'NONE', #7216, #4449, #3000, .T. ) ;
#4329 = CARTESIAN_POINT ( 'NONE',  ( 11.68611431456662686, 2.941890786584679507, -5.730504177707913982 ) ) ;
#4330 = CARTESIAN_POINT ( 'NONE',  ( -2.879673686379025987, 10.29791118748881651, -8.905600000000001515 ) ) ;
#4331 = EDGE_CURVE ( 'NONE', #113, #4934, #6338, .T. ) ;
#4332 = CARTESIAN_POINT ( 'NONE',  ( 1.589364074290109841, -19.94809778261591404, -6.524349999999999206 ) ) ;
#4333 = CARTESIAN_POINT ( 'NONE',  ( 25.48455371229664124, 12.54643094582652729, 11.80599999999999739 ) ) ;
#4334 = CARTESIAN_POINT ( 'NONE',  ( -4.425450163291727357, 9.109798709189764310, -7.318099999999999383 ) ) ;
#4335 = CARTESIAN_POINT ( 'NONE',  ( 13.38164866021849875, 26.72609921577227965, 11.80599999999999383 ) ) ;
#4336 = EDGE_LOOP ( 'NONE', ( #2245, #4856, #5188, #3606 ) ) ;
#4337 = CARTESIAN_POINT ( 'NONE',  ( -0.4570599810652384853, -8.455613107069483547, 1.550900000000002610 ) ) ;
#4338 = CARTESIAN_POINT ( 'NONE',  ( -2.560603478531258581, -9.806577486417962675, 5.550900000000003054 ) ) ;
#4339 = DIRECTION ( 'NONE',  ( 0.3805874007937319892, -0.9247449542209307261, 0.000000000000000000 ) ) ;
#4340 = CARTESIAN_POINT ( 'NONE',  ( 23.15220087576790675, 9.544644554831304362, 14.98099999999999987 ) ) ;
#4341 = CARTESIAN_POINT ( 'NONE',  ( -9.686739635327779041, -9.024083855329820381, 12.55599999790798371 ) ) ;
#4342 = ORIENTED_EDGE ( 'NONE', *, *, #1110, .T. ) ;
#4343 = CARTESIAN_POINT ( 'NONE',  ( -1.681543941320843505, -8.965972145123165760, 13.00400180856847321 ) ) ;
#4344 = ORIENTED_EDGE ( 'NONE', *, *, #669, .T. ) ;
#4345 = CARTESIAN_POINT ( 'NONE',  ( -14.66956674034015862, -5.694116509850370988, -7.318099999999999383 ) ) ;
#4346 = PLANE ( 'NONE',  #7014 ) ;
#4347 = ORIENTED_EDGE ( 'NONE', *, *, #7239, .T. ) ;
#4348 = EDGE_CURVE ( 'NONE', #2790, #4055, #4770, .T. ) ;
#4349 = CARTESIAN_POINT ( 'NONE',  ( 11.05346397620403209, 3.187444276086003558, -5.730599999999997252 ) ) ;
#4350 = CARTESIAN_POINT ( 'NONE',  ( -9.669967158881936697, 35.40818001634448819, 11.80599999999999206 ) ) ;
#4351 = CARTESIAN_POINT ( 'NONE',  ( 2.420428040132277303, -3.040034490371304798, 3.174999999999999822 ) ) ;
#4352 = CARTESIAN_POINT ( 'NONE',  ( 5.874447809812912702, -21.54342603158024971, -6.524349999999999206 ) ) ;
#4353 = CARTESIAN_POINT ( 'NONE',  ( 16.01940093929100328, 9.517733037164385124, 0.000000000000000000 ) ) ;
#4354 = ORIENTED_EDGE ( 'NONE', *, *, #2954, .F. ) ;
#4355 = EDGE_CURVE ( 'NONE', #268, #4785, #6293, .T. ) ;
#4356 = CARTESIAN_POINT ( 'NONE',  ( -15.00691541254490780, -3.686597052937071073, -5.730600000000002581 ) ) ;
#4357 = FACE_OUTER_BOUND ( 'NONE', #6964, .T. ) ;
#4358 = CARTESIAN_POINT ( 'NONE',  ( 11.50783914886425308, -12.85637688752249552, 8.631000000000000227 ) ) ;
#4359 = CARTESIAN_POINT ( 'NONE',  ( 0.3806793846580737162, -16.23688503106220438, -8.905599999999999739 ) ) ;
#4360 = CARTESIAN_POINT ( 'NONE',  ( 15.16631608751730198, 10.36679388444151684, 0.000000000000000000 ) ) ;
#4361 = CARTESIAN_POINT ( 'NONE',  ( -11.98636671717563651, -12.92129186477549219, -5.730600000000000804 ) ) ;
#4362 = CARTESIAN_POINT ( 'NONE',  ( -13.92325797002906462, -11.93685580255732326, 3.174999999999999822 ) ) ;
#4363 = CARTESIAN_POINT ( 'NONE',  ( -13.13121744587703787, -9.572183738367961325, 8.630999999999973582 ) ) ;
#4364 = CARTESIAN_POINT ( 'NONE',  ( -8.363699806487488786, -18.78337021127079254, 3.174999999999999822 ) ) ;
#4365 = DIRECTION ( 'NONE',  ( -0.000000000000000000, 0.000000000000000000, -1.000000000000000000 ) ) ;
#4366 = ORIENTED_EDGE ( 'NONE', *, *, #630, .T. ) ;
#4367 = CARTESIAN_POINT ( 'NONE',  ( -12.31776998804357426, -11.69519188434587420, 0.000000000000000000 ) ) ;
#4368 = CARTESIAN_POINT ( 'NONE',  ( 10.42011122087960118, -18.00278348826131136, -5.730599999999998140 ) ) ;
#4369 = CARTESIAN_POINT ( 'NONE',  ( -1.154864917356221987, -10.32993118863620019, 5.550900000000003054 ) ) ;
#4370 = CARTESIAN_POINT ( 'NONE',  ( 24.41231104288262443, 3.775411083463663164, 11.80599999999999916 ) ) ;
#4371 = CARTESIAN_POINT ( 'NONE',  ( -3.030030175635520351, -10.74447544034259572, 12.55599999790798371 ) ) ;
#4372 = ORIENTED_EDGE ( 'NONE', *, *, #4711, .F. ) ;
#4373 = B_SPLINE_CURVE_WITH_KNOTS ( 'NONE', 3,
 ( #4636, #2829, #6184, #1140, #1800, #5075, #6883, #2311, #1841, #4045, #13, #5738, #4558, #6250, #5626, #6773, #1730, #3495, #2938, #695, #3977, #6808, #5184, #6215, #1172, #3420, #6325, #552, #2794, #5044, #618, #2866, #1764, #4009, #1207, #4119, #1425 ),
 .UNSPECIFIED., .F., .F.,
 ( 4, 1, 1, 1, 1, 2, 2, 1, 1, 1, 1, 2, 2, 1, 1, 1, 2, 2, 1, 2, 2, 2, 2, 1, 4 ),
 ( 0.000000000000000000, 0.1249999999999998612, 0.1874999999999997502, 0.2187499999999996669, 0.2343749999999995837, 0.2421874999999994449, 0.2499999999999993339, 0.3749999999999983347, 0.4374999999999979461, 0.4687499999999978351, 0.4843749999999976130, 0.4921874999999975575, 0.4999999999999975020, 0.6249999999999978906, 0.6874999999999978906, 0.7187499999999980016, 0.7343749999999980016, 0.7499999999999980016, 0.8124999999999983347, 0.8437499999999986677, 0.8749999999999988898, 0.9062499999999992228, 0.9218749999999994449, 0.9374999999999996669, 1.000000000000000000 ),
 .UNSPECIFIED. ) ;
#4374 = ADVANCED_FACE ( 'NONE', ( #5532 ), #1154, .F. ) ;
#4375 = LINE ( 'NONE', #6619, #2881 ) ;
#4376 = ORIENTED_EDGE ( 'NONE', *, *, #6765, .T. ) ;
#4377 = CARTESIAN_POINT ( 'NONE',  ( -14.04034609096225772, -8.352389022542078933, -8.021755751702590587 ) ) ;
#4378 = CARTESIAN_POINT ( 'NONE',  ( -6.974196657649674336, -9.719714757477259326, 11.05600000209201994 ) ) ;
#4379 = CARTESIAN_POINT ( 'NONE',  ( -12.12650021708599368, -12.53230680778728079, -5.730599999999999028 ) ) ;
#4380 = ORIENTED_EDGE ( 'NONE', *, *, #5675, .F. ) ;
#4381 = CARTESIAN_POINT ( 'NONE',  ( 19.15419645555992290, 3.242502156249417400, 0.000000000000000000 ) ) ;
#4382 = CARTESIAN_POINT ( 'NONE',  ( 6.358563739839704354, -13.21675123544820529, 11.05600000000000271 ) ) ;
#4383 = CARTESIAN_POINT ( 'NONE',  ( -10.52473805582482669, -10.44028279238031587, 11.80600000000000271 ) ) ;
#4384 = DIRECTION ( 'NONE',  ( 0.000000000000000000, 0.000000000000000000, -1.000000000000000000 ) ) ;
#4385 = FACE_OUTER_BOUND ( 'NONE', #5889, .T. ) ;
#4386 = CARTESIAN_POINT ( 'NONE',  ( -7.862741113354926981, -17.27383316487121689, -7.318099999999998495 ) ) ;
#4387 = ORIENTED_EDGE ( 'NONE', *, *, #51, .T. ) ;
#4388 = CARTESIAN_POINT ( 'NONE',  ( -12.43495939729202782, -10.74156562046769281, -5.730599999999997252 ) ) ;
#4389 = CIRCLE ( 'NONE', #5926, 16.92847517084367581 ) ;
#4390 = CARTESIAN_POINT ( 'NONE',  ( -18.40158467912231188, -6.030282401385134605, 14.98100000000000165 ) ) ;
#4391 = CARTESIAN_POINT ( 'NONE',  ( 3.034299951601164391, -10.69440557877959286, 8.631000000000000227 ) ) ;
#4392 = EDGE_CURVE ( 'NONE', #5853, #6635, #2649, .T. ) ;
#4393 = LINE ( 'NONE', #1077, #888 ) ;
#4394 = AXIS2_PLACEMENT_3D ( 'NONE', #2021, #3528, #6363 ) ;
#4395 = LINE ( 'NONE', #4432, #2157 ) ;
#4396 = CARTESIAN_POINT ( 'NONE',  ( 4.565458968152779740, -12.74065375098221331, 9.414506594396105044 ) ) ;
#4397 = CARTESIAN_POINT ( 'NONE',  ( -10.33863229515618798, -17.70720044669522864, 3.174999999999999822 ) ) ;
#4398 = CARTESIAN_POINT ( 'NONE',  ( -38.87205052441449737, 33.52680027512989369, 8.630999999999875882 ) ) ;
#4399 = CIRCLE ( 'NONE', #3811, 3.174999999999999822 ) ;
#4400 = LINE ( 'NONE', #497, #5241 ) ;
#4401 = CARTESIAN_POINT ( 'NONE',  ( 27.54192536631284938, 4.318195128449716869, 14.98100000000006915 ) ) ;
#4402 = ORIENTED_EDGE ( 'NONE', *, *, #6675, .F. ) ;
#4403 = ADVANCED_FACE ( 'NONE', ( #6678 ), #3880, .T. ) ;
#4404 = DIRECTION ( 'NONE',  ( 0.9371590407833583214, -0.3489024681454917509, 0.000000000000000000 ) ) ;
#4405 = AXIS2_PLACEMENT_3D ( 'NONE', #2980, #196, #6256 ) ;
#4406 = DIRECTION ( 'NONE',  ( 0.9371590407833583214, -0.3489024681454917509, 0.000000000000000000 ) ) ;
#4407 = FACE_OUTER_BOUND ( 'NONE', #7070, .T. ) ;
#4408 = CARTESIAN_POINT ( 'NONE',  ( -7.106860689915234452, -8.061057165503743960, 14.98100000000000165 ) ) ;
#4409 = CARTESIAN_POINT ( 'NONE',  ( 21.40792010887400920, -14.11408924160253342, 14.98100000000000875 ) ) ;
#4410 = ORIENTED_EDGE ( 'NONE', *, *, #6866, .F. ) ;
#4411 = AXIS2_PLACEMENT_3D ( 'NONE', #4041, #2380, #4632 ) ;
#4412 = DIRECTION ( 'NONE',  ( 1.000000000000000000, 0.000000000000000000, -0.000000000000000000 ) ) ;
#4413 = ORIENTED_EDGE ( 'NONE', *, *, #4494, .T. ) ;
#4414 = CARTESIAN_POINT ( 'NONE',  ( -7.245778761154101133, -16.65879147754335676, 0.7942348351279164831 ) ) ;
#4415 = ORIENTED_EDGE ( 'NONE', *, *, #3747, .F. ) ;
#4416 = CARTESIAN_POINT ( 'NONE',  ( -7.887386940873784447, -17.25889120507233443, -7.318099999999999383 ) ) ;
#4417 = CARTESIAN_POINT ( 'NONE',  ( -12.34059455832055896, -11.74322359752068934, 0.000000000000000000 ) ) ;
#4418 = ADVANCED_FACE ( 'NONE', ( #6375, #6969 ), #3541, .T. ) ;
#4419 = VECTOR ( 'NONE', #1310, 1000.000000000000000 ) ;
#4420 = ORIENTED_EDGE ( 'NONE', *, *, #1228, .T. ) ;
#4421 = CARTESIAN_POINT ( 'NONE',  ( 13.88089062061624190, 11.38620787283660007, 0.000000000000000000 ) ) ;
#4422 = CARTESIAN_POINT ( 'NONE',  ( -11.91896851475473440, -13.08471255831795332, -7.318099999999999383 ) ) ;
#4423 = CARTESIAN_POINT ( 'NONE',  ( -25.19530689742510177, -5.040814917066635203, 11.80600000000000094 ) ) ;
#4424 = AXIS2_PLACEMENT_3D ( 'NONE', #7231, #4988, #6090 ) ;
#4425 = CARTESIAN_POINT ( 'NONE',  ( -3.930252202945376361, -14.63193367759294716, -12.77409999999999712 ) ) ;
#4426 = CARTESIAN_POINT ( 'NONE',  ( 0.3806793846580737162, -16.23688503106220438, 7.043499999999998984 ) ) ;
#4427 = VERTEX_POINT ( 'NONE', #5273 ) ;
#4428 = FACE_OUTER_BOUND ( 'NONE', #7143, .T. ) ;
#4429 = CARTESIAN_POINT ( 'NONE',  ( -13.06705121025828120, -14.41327463598827840, -8.905600000000001515 ) ) ;
#4430 = CARTESIAN_POINT ( 'NONE',  ( -23.76691292083732776, -2.182336403359665500, 11.80600000000000094 ) ) ;
#4431 = CARTESIAN_POINT ( 'NONE',  ( -8.075426939931087844, -18.89025876392038938, 8.631000000000000227 ) ) ;
#4432 = CARTESIAN_POINT ( 'NONE',  ( 20.93663917186206547, -0.9952720431907278176, -15.44909999999999961 ) ) ;
#4433 = DIRECTION ( 'NONE',  ( -1.000000000000000000, 0.000000000000000000, 0.000000000000000000 ) ) ;
#4434 = CARTESIAN_POINT ( 'NONE',  ( -9.168668310772037700, -17.36941593109173354, 3.174999999999999822 ) ) ;
#4435 = CARTESIAN_POINT ( 'NONE',  ( -4.419640609209941395, -12.01210068695373678, 8.631000000000009109 ) ) ;
#4436 = DIRECTION ( 'NONE',  ( 0.000000000000000000, 0.000000000000000000, -1.000000000000000000 ) ) ;
#4437 = CARTESIAN_POINT ( 'NONE',  ( 2.229183074677309140, -13.76562875766001959, 14.98100000000000520 ) ) ;
#4438 = DIRECTION ( 'NONE',  ( -0.3489024681454919175, -0.9371590407833583214, 0.000000000000000000 ) ) ;
#4439 = CARTESIAN_POINT ( 'NONE',  ( 19.34913917407838113, 2.669487341995717244, 2.517435969732711776 ) ) ;
#4440 = CARTESIAN_POINT ( 'NONE',  ( 20.93663917186206547, -0.9952720431907278176, -15.44909999999999961 ) ) ;
#4441 = CARTESIAN_POINT ( 'NONE',  ( 11.52467475569279998, -14.44850044230454245, 12.55600000000000271 ) ) ;
#4442 = CARTESIAN_POINT ( 'NONE',  ( -27.08947745728853462, 32.80811324254457872, 11.80599999999999206 ) ) ;
#4443 = EDGE_CURVE ( 'NONE', #5291, #1793, #5725, .T. ) ;
#4444 = CARTESIAN_POINT ( 'NONE',  ( -11.98739699550838544, -12.91531502102366602, -5.730600000000000804 ) ) ;
#4445 = ORIENTED_EDGE ( 'NONE', *, *, #684, .F. ) ;
#4446 = CARTESIAN_POINT ( 'NONE',  ( 0.000000000000000000, 0.000000000000000000, -10.69910000000001737 ) ) ;
#4447 = VERTEX_POINT ( 'NONE', #4132 ) ;
#4448 = FILL_AREA_STYLE_COLOUR ( '', #4627 ) ;
#4449 = VERTEX_POINT ( 'NONE', #2952 ) ;
#4450 = CARTESIAN_POINT ( 'NONE',  ( -11.93380714760685102, -13.05735525345597914, 0.000000000000000000 ) ) ;
#4451 = DIRECTION ( 'NONE',  ( -7.785527778025876375E-11, -1.000000000000000000, 0.000000000000000000 ) ) ;
#4452 = EDGE_LOOP ( 'NONE', ( #4633, #3616, #3680, #1673, #6336 ) ) ;
#4453 = CARTESIAN_POINT ( 'NONE',  ( 0.9736327287355466265, 9.938051241704659589, 1.587500000000000133 ) ) ;
#4454 = DIRECTION ( 'NONE',  ( -1.000000000000000000, 0.000000000000000000, 0.000000000000000000 ) ) ;
#4455 = CARTESIAN_POINT ( 'NONE',  ( -43.06915103936022149, 31.30670315768118428, 11.80599999999999383 ) ) ;
#4456 = CARTESIAN_POINT ( 'NONE',  ( -21.91443029615336613, 36.00304555153040553, 11.80599999999999206 ) ) ;
#4457 = CARTESIAN_POINT ( 'NONE',  ( 18.18820389449193442, 0.1686260443965611477, -5.727138569301548188 ) ) ;
#4458 = CARTESIAN_POINT ( 'NONE',  ( -11.72114780678718482, -6.974532673053118970, -0.02725512502980518767 ) ) ;
#4459 = B_SPLINE_CURVE_WITH_KNOTS ( 'NONE', 3,
 ( #4527, #555, #3498, #5741, #5012, #6777, #7254 ),
 .UNSPECIFIED., .F., .F.,
 ( 4, 1, 1, 1, 4 ),
 ( 0.000000000000000000, 0.005130631469040678773, 0.02133444985002242930, 0.03753826823099926102, 0.04088631517368473273 ),
 .UNSPECIFIED. ) ;
#4460 = ORIENTED_EDGE ( 'NONE', *, *, #3813, .F. ) ;
#4461 = CARTESIAN_POINT ( 'NONE',  ( -8.864050803140843371, -2.553467471521255305, 0.000000000000000000 ) ) ;
#4462 = DIRECTION ( 'NONE',  ( 1.000000000000000000, 0.000000000000000000, 0.000000000000000000 ) ) ;
#4463 = CARTESIAN_POINT ( 'NONE',  ( 13.16981931603369915, -13.16666720972293803, 8.630999999999465544 ) ) ;
#4464 = CARTESIAN_POINT ( 'NONE',  ( -1.040224536643662212, 7.380931404014712705, 0.000000000000000000 ) ) ;
#4465 = CARTESIAN_POINT ( 'NONE',  ( 20.93663917186206191, -3.040034490371304798, -15.44909999999999961 ) ) ;
#4466 = CARTESIAN_POINT ( 'NONE',  ( -18.90414476090728968, 34.44591281791365134, 13.39349952343965278 ) ) ;
#4467 = ORIENTED_EDGE ( 'NONE', *, *, #5352, .T. ) ;
#4468 = CARTESIAN_POINT ( 'NONE',  ( -11.33310812752695540, -16.81473721259116516, -8.905600000000001515 ) ) ;
#4469 = CARTESIAN_POINT ( 'NONE',  ( -6.908491289137258740, 34.65822918375732087, 11.80599999999999206 ) ) ;
#4470 = CARTESIAN_POINT ( 'NONE',  ( -14.01081225731631186, -8.662863822892155952, 3.174999999999999822 ) ) ;
#4471 = CARTESIAN_POINT ( 'NONE',  ( 28.74950554974190808, -2.214734616449070437, 14.98100000000001764 ) ) ;
#4472 = VERTEX_POINT ( 'NONE', #1297 ) ;
#4473 = ADVANCED_FACE ( 'NONE', ( #5197 ), #2916, .T. ) ;
#4474 = CARTESIAN_POINT ( 'NONE',  ( 14.89387173257804697, 10.61803224443205451, 2.517435969732711776 ) ) ;
#4475 = CARTESIAN_POINT ( 'NONE',  ( -0.2653667188482610184, 10.93062915889242070, 8.631000000000000227 ) ) ;
#4476 = CARTESIAN_POINT ( 'NONE',  ( 10.67358603180522358, -14.28111567599690090, 11.05600000000000271 ) ) ;
#4477 = CARTESIAN_POINT ( 'NONE',  ( -45.15773347201727006, 24.57605692322762181, 14.98100000000003718 ) ) ;
#4478 = CARTESIAN_POINT ( 'NONE',  ( -3.930252202945377249, -14.63193367759294716, 7.043499999999999872 ) ) ;
#4479 = VERTEX_POINT ( 'NONE', #240 ) ;
#4480 = CARTESIAN_POINT ( 'NONE',  ( 0.2508736438188146622, -10.85328489085443771, -2.449099999999997390 ) ) ;
#4481 = ORIENTED_EDGE ( 'NONE', *, *, #6966, .F. ) ;
#4482 = EDGE_CURVE ( 'NONE', #5764, #3863, #6899, .T. ) ;
#4483 = CARTESIAN_POINT ( 'NONE',  ( -13.65312107444199619, -8.871097430555899166, -5.730599999999999028 ) ) ;
#4484 = EDGE_LOOP ( 'NONE', ( #4354, #3791, #3708, #331 ) ) ;
#4485 = DIRECTION ( 'NONE',  ( -0.000000000000000000, -0.000000000000000000, -1.000000000000000000 ) ) ;
#4486 = CARTESIAN_POINT ( 'NONE',  ( -9.358681107995392878, -3.181530337052272284, 0.000000000000000000 ) ) ;
#4487 = VERTEX_POINT ( 'NONE', #5235 ) ;
#4488 = CARTESIAN_POINT ( 'NONE',  ( 3.868360152134618701, 5.976281212757068140, -5.730599999999999916 ) ) ;
#4489 = ADVANCED_FACE ( 'NONE', ( #205 ), #5717, .T. ) ;
#4490 = ORIENTED_EDGE ( 'NONE', *, *, #363, .T. ) ;
#4491 = FACE_OUTER_BOUND ( 'NONE', #771, .T. ) ;
#4492 = CARTESIAN_POINT ( 'NONE',  ( 10.86804480477624857, -15.96762004994088713, 11.80600000000000449 ) ) ;
#4493 = DIRECTION ( 'NONE',  ( 1.000000000000000000, -6.148336264272642552E-16, 0.000000000000000000 ) ) ;
#4494 = EDGE_CURVE ( 'NONE', #2620, #409, #4057, .T. ) ;
#4495 = VERTEX_POINT ( 'NONE', #6822 ) ;
#4496 = CARTESIAN_POINT ( 'NONE',  ( -0.4469312924721686731, -12.72760297242115435, -10.44909999999999783 ) ) ;
#4497 = CARTESIAN_POINT ( 'NONE',  ( 11.07392860789800970, 12.73279348761337637, 0.000000000000000000 ) ) ;
#4498 = CARTESIAN_POINT ( 'NONE',  ( -12.07136088887016534, -6.579286415174190772, 11.80600000000000094 ) ) ;
#4499 = CARTESIAN_POINT ( 'NONE',  ( 2.870011529898834457, 11.75559239679175327, -5.730599999999999028 ) ) ;
#4500 = DIRECTION ( 'NONE',  ( 0.000000000000000000, 0.000000000000000000, 1.000000000000000000 ) ) ;
#4501 = CARTESIAN_POINT ( 'NONE',  ( 17.36374231417124037, 0.7534399484217199072, -8.248035969732711692 ) ) ;
#4502 = DIRECTION ( 'NONE',  ( 0.9371590407833583214, -0.3489024681454916954, 0.000000000000000000 ) ) ;
#4503 = AXIS2_PLACEMENT_3D ( 'NONE', #1109, #19, #3360 ) ;
#4504 = ORIENTED_EDGE ( 'NONE', *, *, #5818, .T. ) ;
#4505 =( GEOMETRIC_REPRESENTATION_CONTEXT ( 3 ) GLOBAL_UNCERTAINTY_ASSIGNED_CONTEXT ( ( #4989 ) ) GLOBAL_UNIT_ASSIGNED_CONTEXT ( ( #4136, #278, #1411 ) ) REPRESENTATION_CONTEXT ( 'NONE', 'WORKASPACE' ) );
#4506 = CYLINDRICAL_SURFACE ( 'NONE', #507, 0.5000000000000000000 ) ;
#4507 = CARTESIAN_POINT ( 'NONE',  ( -47.37347727263001929, 27.19531807602060169, 11.80599999999999383 ) ) ;
#4508 = LINE ( 'NONE', #6128, #1955 ) ;
#4509 = ADVANCED_FACE ( 'NONE', ( #5752 ), #6933, .T. ) ;
#4510 = CARTESIAN_POINT ( 'NONE',  ( 24.42985965046503694, -13.43782222754919786, 14.98100000000000520 ) ) ;
#4511 = VECTOR ( 'NONE', #5246, 1000.000000000000114 ) ;
#4512 = EDGE_CURVE ( 'NONE', #5212, #3307, #4541, .T. ) ;
#4513 = CARTESIAN_POINT ( 'NONE',  ( 0.9656174468386756748, 9.928214956165350102, 1.587499999999999911 ) ) ;
#4514 = CARTESIAN_POINT ( 'NONE',  ( 0.05014653387747222690, -11.56175542872333573, 14.20016547221709402 ) ) ;
#4515 = DIRECTION ( 'NONE',  ( 0.3504248004933557814, 0.9365908707643866293, 0.000000000000000000 ) ) ;
#4516 = CARTESIAN_POINT ( 'NONE',  ( -42.95525717008185751, 27.44897564401927070, 14.98099999999999454 ) ) ;
#4517 = AXIS2_PLACEMENT_3D ( 'NONE', #5906, #4729, #4220 ) ;
#4518 = CARTESIAN_POINT ( 'NONE',  ( -4.588933495298327614, 9.142340008348256220, -5.730599999999999028 ) ) ;
#4519 = ORIENTED_EDGE ( 'NONE', *, *, #1861, .T. ) ;
#4520 = DIRECTION ( 'NONE',  ( 0.3489024681454918064, 0.9371590407833580993, 0.000000000000000000 ) ) ;
#4521 = VERTEX_POINT ( 'NONE', #2361 ) ;
#4522 = VECTOR ( 'NONE', #2985, 1000.000000000000114 ) ;
#4523 = CARTESIAN_POINT ( 'NONE',  ( -8.076084613443670790, -18.89001488403089013, 7.043499999999998984 ) ) ;
#4524 = FACE_OUTER_BOUND ( 'NONE', #341, .T. ) ;
#4525 = DIRECTION ( 'NONE',  ( -0.000000000000000000, -0.000000000000000000, -1.000000000000000000 ) ) ;
#4526 = FACE_OUTER_BOUND ( 'NONE', #3868, .T. ) ;
#4527 = CARTESIAN_POINT ( 'NONE',  ( -2.204894577754120455, -10.96236130471560699, 10.21850059711605141 ) ) ;
#4528 = AXIS2_PLACEMENT_3D ( 'NONE', #4359, #5807, #3673 ) ;
#4529 = ORIENTED_EDGE ( 'NONE', *, *, #273, .T. ) ;
#4530 = FACE_OUTER_BOUND ( 'NONE', #6610, .T. ) ;
#4531 = CARTESIAN_POINT ( 'NONE',  ( 27.22101982593339287, 6.353276422773165955, 11.80599999999999916 ) ) ;
#4532 = DIRECTION ( 'NONE',  ( -1.000000000000000000, 0.000000000000000000, 0.000000000000000000 ) ) ;
#4533 = AXIS2_PLACEMENT_3D ( 'NONE', #4982, #2731, #1596 ) ;
#4534 = ORIENTED_EDGE ( 'NONE', *, *, #412, .T. ) ;
#4535 = CARTESIAN_POINT ( 'NONE',  ( -9.263683957269915226, -7.576763608428259467, 12.31634217770898587 ) ) ;
#4536 = AXIS2_PLACEMENT_3D ( 'NONE', #5487, #408, #3095 ) ;
#4537 = CARTESIAN_POINT ( 'NONE',  ( -56.07189761964543351, 23.61786509392923961, 14.98099999999999810 ) ) ;
#4538 = CARTESIAN_POINT ( 'NONE',  ( -3.585675646928918603, -8.948570147270682895, 8.631000000000009109 ) ) ;
#4539 = CARTESIAN_POINT ( 'NONE',  ( -9.686739635327779041, -9.024083855329820381, 12.55599999790798371 ) ) ;
#4540 = DIRECTION ( 'NONE',  ( 0.9371590407833578773, -0.3489024681454928056, 0.000000000000000000 ) ) ;
#4541 = B_SPLINE_CURVE_WITH_KNOTS ( 'NONE', 3,
 ( #2325, #5831, #1854, #6421, #2469, #1928, #3435, #4574, #5674, #2883, #1778, #4023, #132, #6267, #1224, #3472 ),
 .UNSPECIFIED., .F., .F.,
 ( 4, 2, 2, 2, 2, 2, 2, 4 ),
 ( 0.000000000000000000, 0.0002393543677142417317, 0.0004787087354284834634, 0.0009574174708569669267, 0.001436126206285450553, 0.001914834941713933853, 0.002872252412570895034, 0.003829669883427855998 ),
 .UNSPECIFIED. ) ;
#4542 = CARTESIAN_POINT ( 'NONE',  ( 1.956374180208166891, 13.06181625979752248, 3.174999999999999822 ) ) ;
#4543 = VERTEX_POINT ( 'NONE', #4612 ) ;
#4544 = CARTESIAN_POINT ( 'NONE',  ( -11.48658944705459106, -6.436629345929394397, 2.517435969732711776 ) ) ;
#4545 = CARTESIAN_POINT ( 'NONE',  ( -3.174999999999999822, 3.888253587292846081E-16, 1.256000000000000671 ) ) ;
#4546 = CARTESIAN_POINT ( 'NONE',  ( -10.95545900269248385, -8.654613803962538654, 10.21850059711605141 ) ) ;
#4547 = CARTESIAN_POINT ( 'NONE',  ( 3.313884498999439376, -14.05062876676627681, 14.98100000000006560 ) ) ;
#4548 = EDGE_CURVE ( 'NONE', #7067, #2827, #2345, .T. ) ;
#4549 = CARTESIAN_POINT ( 'NONE',  ( 5.934055386172461866, 13.04683675044269719, 2.517435969732711776 ) ) ;
#4550 = CARTESIAN_POINT ( 'NONE',  ( 0.9736327287353307991, 9.938051241704396688, 0.000000000000000000 ) ) ;
#4551 = CARTESIAN_POINT ( 'NONE',  ( -7.995319230445771197, -17.21320990794778538, -5.730599999999999028 ) ) ;
#4552 = CARTESIAN_POINT ( 'NONE',  ( -8.789758684990994553, -7.637995023984107235, 11.80600000000000094 ) ) ;
#4553 = CARTESIAN_POINT ( 'NONE',  ( 4.565458968152778851, -12.74065375098221331, 14.18724952343966272 ) ) ;
#4554 = ORIENTED_EDGE ( 'NONE', *, *, #1755, .F. ) ;
#4555 = CARTESIAN_POINT ( 'NONE',  ( -12.39783938891594595, -11.16275076065931060, -2.617449593101791816 ) ) ;
#4556 = ORIENTED_EDGE ( 'NONE', *, *, #571, .T. ) ;
#4557 = FACE_OUTER_BOUND ( 'NONE', #1144, .T. ) ;
#4558 = CARTESIAN_POINT ( 'NONE',  ( -11.51771529507020553, 9.069168351872384903, -8.905599999999996186 ) ) ;
#4559 = CARTESIAN_POINT ( 'NONE',  ( 4.289051226172818865, 12.53125708338927424, 1.587499999999999911 ) ) ;
#4560 = CARTESIAN_POINT ( 'NONE',  ( 9.538188002017227163, -14.02390432422313538, 10.21850000016612192 ) ) ;
#4561 = CARTESIAN_POINT ( 'NONE',  ( 4.701207521340247553, 12.72917427223496212, 0.000000000000000000 ) ) ;
#4562 = ORIENTED_EDGE ( 'NONE', *, *, #6441, .F. ) ;
#4563 = EDGE_CURVE ( 'NONE', #295, #593, #1741, .T. ) ;
#4564 = B_SPLINE_SURFACE_WITH_KNOTS ( 'NONE', 3, 1, ( 
 ( #6779, #1735 ),
 ( #4015, #3983 ),
 ( #1214, #3647 ),
 ( #772, #810 ),
 ( #1430, #3681 ),
 ( #6516, #5930 ),
 ( #2459, #884 ),
 ( #3054, #4714 ),
 ( #2027, #3132 ),
 ( #6448, #1397 ),
 ( #4239, #5297 ) ),
 .UNSPECIFIED., .F., .F., .F.,
 ( 4, 1, 1, 1, 1, 1, 1, 1, 4 ),
 ( 2, 2 ),
 ( 0.5000000000000000000, 0.5312499999999995559, 0.5625000000000000000, 0.6015624999999973355, 0.6484375000000048850, 0.6953125000000000000, 0.7578125000000003331, 0.8203124999999988898, 1.000000000000000000 ),
 ( 0.000000000000000000, 1.000000000000000000 ),
 .UNSPECIFIED. ) ;
#4565 = CARTESIAN_POINT ( 'NONE',  ( -0.2653667188485172579, 10.93062915889210629, 8.631000000000000227 ) ) ;
#4566 = CARTESIAN_POINT ( 'NONE',  ( 7.753788007554789807, 29.50962372097941966, 11.80599999999999383 ) ) ;
#4567 = CARTESIAN_POINT ( 'NONE',  ( -7.523023809546844021, -17.40196944586107364, 1.587499999999999911 ) ) ;
#4568 = EDGE_CURVE ( 'NONE', #15, #616, #315, .T. ) ;
#4569 = ORIENTED_EDGE ( 'NONE', *, *, #4568, .F. ) ;
#4570 = CARTESIAN_POINT ( 'NONE',  ( -9.463543038896810700, -8.260503622730084317, 10.42763848800553106 ) ) ;
#4571 = CARTESIAN_POINT ( 'NONE',  ( -14.05551371346903444, -7.846525016573423272, -7.318099999999999383 ) ) ;
#4572 = CARTESIAN_POINT ( 'NONE',  ( -41.34135381484318827, 28.62881875561848588, 8.631000000000106809 ) ) ;
#4573 = CARTESIAN_POINT ( 'NONE',  ( 18.18467006882645975, 6.277871873167973682, -5.730599999999999028 ) ) ;
#4574 = CARTESIAN_POINT ( 'NONE',  ( -9.812999219688924413, -16.05316853219918016, 1.440993506174654382 ) ) ;
#4575 = CARTESIAN_POINT ( 'NONE',  ( 7.754278138792708219, -13.57932890675671800, 12.55600000000000094 ) ) ;
#4576 = ADVANCED_FACE ( 'NONE', ( #4285 ), #4907, .F. ) ;
#4577 = DIRECTION ( 'NONE',  ( 0.000000000000000000, 0.000000000000000000, -1.000000000000000000 ) ) ;
#4578 = VERTEX_POINT ( 'NONE', #7112 ) ;
#4579 = CARTESIAN_POINT ( 'NONE',  ( -30.03296512515854388, -3.575746509924240810E-06, 13.39349952342820060 ) ) ;
#4580 = LINE ( 'NONE', #6793, #6634 ) ;
#4581 = CARTESIAN_POINT ( 'NONE',  ( -4.439039386445601032, 32.30869805997172506, 8.630999999999993122 ) ) ;
#4582 = CARTESIAN_POINT ( 'NONE',  ( 18.80718129388836246, -12.73655414860664692, 14.98100000000000520 ) ) ;
#4583 = CARTESIAN_POINT ( 'NONE',  ( 13.65279430490866375, 12.30728699034124141, 3.174999999999999822 ) ) ;
#4584 = ADVANCED_FACE ( 'NONE', ( #6492 ), #1483, .F. ) ;
#4585 = CARTESIAN_POINT ( 'NONE',  ( 1.320701060019913609, -19.93300042864089505, -6.878782907405534885 ) ) ;
#4586 = DIRECTION ( 'NONE',  ( 4.302205379782582088E-17, -1.000000000000000000, 2.220446049250313574E-16 ) ) ;
#4587 = CARTESIAN_POINT ( 'NONE',  ( 10.04801900769776779, 24.87379885554349102, 8.631000000000044636 ) ) ;
#4588 = CARTESIAN_POINT ( 'NONE',  ( -13.97186840969304100, -8.080783377854872995, -7.318099999999999383 ) ) ;
#4589 = EDGE_LOOP ( 'NONE', ( #2902, #6673, #2126, #4347, #511, #6543, #6395, #4756, #5324, #6651, #3067, #3831, #1749 ) ) ;
#4590 = B_SPLINE_CURVE_WITH_KNOTS ( 'NONE', 3,
 ( #6306, #3338, #3509, #5578, #5198, #2953, #540, #1128, #2783, #1, #709, #4613 ),
 .UNSPECIFIED., .F., .F.,
 ( 4, 1, 1, 1, 1, 1, 1, 1, 1, 4 ),
 ( 0.6775890942779617676, 0.7180986402306391847, 0.7505062769927814958, 0.7829139137549235850, 0.8153215505170657851, 0.8396272780886723242, 0.8720349148508144133, 0.9125444608034920524, 0.9449520975656271471, 0.9586396543949803339 ),
 .UNSPECIFIED. ) ;
#4591 = DIRECTION ( 'NONE',  ( -0.3489024681454918064, -0.9371590407833582104, 3.148715000291715367E-16 ) ) ;
#4592 = DIRECTION ( 'NONE',  ( 0.9598357249907945032, -0.2805626151706527849, 6.229741504230120528E-17 ) ) ;
#4593 = ORIENTED_EDGE ( 'NONE', *, *, #6397, .F. ) ;
#4594 = FILL_AREA_STYLE ('',( #4448 ) ) ;
#4595 = UNCERTAINTY_MEASURE_WITH_UNIT (LENGTH_MEASURE( 1.000000000000000082E-05 ), #2528, 'distance_accuracy_value', 'NONE');
#4596 = CARTESIAN_POINT ( 'NONE',  ( 0.2508736438188148843, -10.85328489085443771, -2.449099999999997390 ) ) ;
#4597 = CARTESIAN_POINT ( 'NONE',  ( -3.030030175635520351, -10.74447544034259572, 11.05600000209201994 ) ) ;
#4598 = DIRECTION ( 'NONE',  ( 0.000000000000000000, 0.000000000000000000, 1.000000000000000000 ) ) ;
#4599 = CARTESIAN_POINT ( 'NONE',  ( -10.19538667417065092, 8.029393216211451190, -5.730599999999999028 ) ) ;
#4600 = B_SPLINE_CURVE_WITH_KNOTS ( 'NONE', 3,
 ( #5459, #6565, #3255, #968, #4388 ),
 .UNSPECIFIED., .F., .F.,
 ( 4, 1, 4 ),
 ( 5.085892762018619779E-07, 0.1250000000000000000, 0.2276857249746409295 ),
 .UNSPECIFIED. ) ;
#4601 = ORIENTED_EDGE ( 'NONE', *, *, #2652, .T. ) ;
#4602 = EDGE_CURVE ( 'NONE', #3695, #83, #5383, .T. ) ;
#4603 = EDGE_CURVE ( 'NONE', #2751, #2472, #2066, .T. ) ;
#4604 = CARTESIAN_POINT ( 'NONE',  ( 12.81996575128325766, 13.82652937203813792, 3.174999999999999822 ) ) ;
#4605 = CARTESIAN_POINT ( 'NONE',  ( 12.74199028092941788, -16.33159447792379382, 11.80599999999961547 ) ) ;
#4606 = PLANE ( 'NONE',  #4503 ) ;
#4607 = ORIENTED_EDGE ( 'NONE', *, *, #4328, .F. ) ;
#4608 = CARTESIAN_POINT ( 'NONE',  ( -1.336563837028515112, 7.004650961141550169, 0.000000000000000000 ) ) ;
#4609 = DIRECTION ( 'NONE',  ( 0.9371590407833583214, -0.3489024681454916954, 0.000000000000000000 ) ) ;
#4610 = CARTESIAN_POINT ( 'NONE',  ( 15.95516603052874061, -16.41534318459394726, 8.631000000000346617 ) ) ;
#4611 = CARTESIAN_POINT ( 'NONE',  ( 1.364381787387329625, 10.41790534419841485, -5.730599999999999028 ) ) ;
#4612 = CARTESIAN_POINT ( 'NONE',  ( -0.8872122126997832314, -19.64246734039021902, 1.587499999999999911 ) ) ;
#4613 = CARTESIAN_POINT ( 'NONE',  ( 12.16856079579352645, -14.54943197970156454, 10.21850029855793807 ) ) ;
#4614 = LINE ( 'NONE', #134, #6037 ) ;
#4615 = EDGE_LOOP ( 'NONE', ( #2278, #5624 ) ) ;
#4616 = CARTESIAN_POINT ( 'NONE',  ( -9.392557478943123428, -16.42452542160103235, 1.587499999999999911 ) ) ;
#4617 = CARTESIAN_POINT ( 'NONE',  ( -36.36428634907640145, 2.224798047900578446, 11.80599999999999916 ) ) ;
#4618 = VECTOR ( 'NONE', #36, 1000.000000000000114 ) ;
#4619 = CARTESIAN_POINT ( 'NONE',  ( -24.48110990821212596, -3.611575660193429904, 10.21850059711604963 ) ) ;
#4620 = CARTESIAN_POINT ( 'NONE',  ( 25.57639578305569472, -2.453975412024805181, 14.98100000000001764 ) ) ;
#4621 = LINE ( 'NONE', #1977, #4511 ) ;
#4622 = CARTESIAN_POINT ( 'NONE',  ( 17.63675259740917411, 7.377901119531987462, 1.587499999999999911 ) ) ;
#4623 = CARTESIAN_POINT ( 'NONE',  ( -10.21135826824090209, -4.292784631358305347, 1.587499999999999911 ) ) ;
#4624 = CARTESIAN_POINT ( 'NONE',  ( 11.50783914886425308, -12.85637688752249552, 8.631000000000000227 ) ) ;
#4625 = ORIENTED_EDGE ( 'NONE', *, *, #4603, .T. ) ;
#4626 = B_SPLINE_SURFACE_WITH_KNOTS ( 'NONE', 1, 3, ( 
 ( #5543, #2412, #6278, #3004, #4664, #5210, #4034, #6833, #1757, #756, #4699, #683, #719, #5729, #6910, #2928, #5689, #1832, #5174, #2303, #2964, #4623, #6315 ),
 ( #3554, #6872, #1275, #1238, #6946, #4551, #5249, #4110, #4146, #647, #3413, #3518, #1899, #5762, #109, #6353, #5102, #6799, #2896, #143, #1307, #2373, #6390 ) ),
 .UNSPECIFIED., .F., .F., .F.,
 ( 2, 2 ),
 ( 4, 3, 2, 2, 2, 2, 2, 2, 2, 2, 4 ),
 ( 0.000000000000000000, 1.000000000000000000 ),
 ( -0.01000000000000000021, 0.000000000000000000, 0.04789616266471393574, 0.1748433409760691837, 0.2806326562355618282, 0.4075798345469330841, 0.5345270128583600178, 0.6614741911696759846, 0.7884213694802443273, 0.8942106847362268907, 1.000000000000000000 ),
 .UNSPECIFIED. ) ;
#4627 = COLOUR_RGB ( '',0.7921568627450980005, 0.8196078431372548767, 0.9333333333333333481 ) ;
#4628 = CARTESIAN_POINT ( 'NONE',  ( -14.76875028746344931, -5.206464281081047751, -7.318099999999999383 ) ) ;
#4629 = ORIENTED_EDGE ( 'NONE', *, *, #5697, .T. ) ;
#4630 = DIRECTION ( 'NONE',  ( 0.9371590407833583214, -0.3489024681454916954, 0.000000000000000000 ) ) ;
#4631 = EDGE_CURVE ( 'NONE', #6000, #4472, #5596, .T. ) ;
#4632 = DIRECTION ( 'NONE',  ( 1.000000000000000000, 6.556435184794237246E-15, 0.000000000000000000 ) ) ;
#4633 = ORIENTED_EDGE ( 'NONE', *, *, #3547, .T. ) ;
#4634 = DIRECTION ( 'NONE',  ( -1.000000000000000000, 0.000000000000000000, 0.000000000000000000 ) ) ;
#4635 =( BOUNDED_SURFACE ( )  B_SPLINE_SURFACE ( 3, 3, ( 
 ( #2018, #4921, #1421, #944, #4265, #6609, #4783, #3672, #6507, #5918, #1565, #980, #872, #1460, #3814, #4302, #3121, #4847, #3707, #7090, #3742, #5431, #393, #2632, #7129, #3229, #2085, #4335, #6576, #1528, #5472, #431, #5321, #5031, #498, #1753, #3300, #6796, #1084, #4994, #7196, #5065, #7236, #1639, #2299, #72, #1017, #3888, #33, #1127, #2190, #2742, #6650, #3376, #5649, #573, #5539, #5577, #3266, #3998, #1162, #5509, #5612, #5098, #3335, #539 ),
 ( #4437, #6130, #4547, #467, #2708, #2782, #2260, #2817, #6685, #7273, #1607, #4510, #608, #6760, #2225, #4471, #4953, #2151, #3410, #4401, #1717, #3853, #6095, #6722, #3966, #1677, #6205, #1053, #3925, #6169, #2851, #716, #2478, #6274, #3593, #680, #212, #1786, #3479, #1272, #6942, #5759, #4732, #4031, #4107, #2960, #3515, #2333, #2408, #2999, #1234, #6868, #6907, #2368, #5724, #2924, #5171, #5205, #5136, #5243, #176, #1936, #1862, #5839, #6312, #105 ),
 ( #6977, #139, #6350, #791, #6238, #1304, #4661, #2444, #4695, #4582, #3549, #4072, #3037, #5794, #1195, #4620, #1895, #1827, #5282, #6830, #751, #4140, #248, #643, #6384, #1342, #2892, #3442, #5684, #3072, #6465, #423, #3149, #4222, #1452, #5313, #5872, #5909, #2046, #6534, #1490, #3735, #4327, #5984, #7050, #281, #936, #3111, #2555, #3179, #903, #3665, #4913, #1413, #2666, #861, #3699, #2513, #826, #5355, #4293, #5424, #386, #2624, #6569, #4877 ),
 ( #323, #1975, #4810, #4772, #5391, #7120, #2078, #2011, #4256, #6499, #5950, #1521, #354, #2590, #3219, #1382, #3629, #4841, #7081, #3766, #5462, #6014, #7016, #971, #7154, #4183, #6429, #2216, #5056, #2774, #1631, #1555, #5022, #4946, #1115, #6195, #3366, #491, #5566, #6677, #6121, #3845, #598, #6749, #3291, #3955, #3879, #23, #6087, #5088, #5639, #2250, #1668, #4430, #3915, #4498, #1706, #2109, #5604, #6159, #6641, #528, #1151, #3399, #2840, #1076 ),
 ( #4391, #3327, #1009, #563, #7265, #4358, #4463, #6602, #2182, #3257, #6713, #3804, #6050, #5501, #1597, #2808, #457, #2700, #7188, #2142, #1044, #5531, #2733, #4983, #7227, #4130, #5750, #3581, #1776, #741, #4021, #1886, #3433, #5195, #2323, #6373, #1743, #1184, #6820, #3988, #1330, #2988, #6228, #4572, #5828, #6303, #5161, #62, #6265, #3506, #5672, #166, #2288, #632, #5127, #782, #2880, #2396, #5233, #3028, #96, #1222, #4538, #4650, #130, #6785 ),
 ( #6897, #4059, #3469, #5715, #670, #2914, #2359, #4610, #6855, #4096, #1815, #1262, #706, #2950, #1853, #6341, #1296, #3540, #5784, #204, #2435, #4684, #6931, #4833, #2504, #2545, #238, #3759, #5416, #6006, #344, #2070, #6968, #2002, #2035, #6490, #2581, #2467, #4761, #4800, #4247, #7041, #1514, #5304, #2614, #7004, #6524, #817, #1965, #312, #5974, #1439, #962, #3062, #3139, #3689, #5938, #1373, #892, #4284, #271, #5898, #5381, #1405, #4213, #6457 ),
 ( #1479, #7073, #5271, #3726, #4868, #5343, #4172, #928, #4721, #1926, #6417, #3655, #3171, #7111, #3620, #379, #4319, #6559, #5862, #850, #3100, #1037, #17, #1625, #6741, #4938, #3907, #7180, #5048, #6594, #1070, #5493, #2242, #4906, #4350, #2692, #484, #7220, #4973, #1699, #3249, #557, #2134, #4455, #6039, #449, #5525, #6148, #2726, #3946, #999, #3317, #2171, #4423, #1546, #6669, #7256, #4383, #3835, #3872, #6630, #1588, #6080, #3284, #6113, #2103 ) ),
 .UNSPECIFIED., .T., .T., .F. ) 
 B_SPLINE_SURFACE_WITH_KNOTS ( ( 4, 3, 4 ),
 ( 4, 2, 2, 2, 2, 2, 2, 2, 2, 2, 2, 2, 2, 2, 2, 2, 2, 2, 2, 2, 2, 2, 2, 2, 2, 2, 2, 2, 2, 2, 2, 2, 4 ),
 ( 0.000000000000000000, 0.5000000000000000000, 1.000000000000000000 ),
 ( 0.000000000000000000, 0.008602279888498043370, 0.03594602988850257447, 0.06328977988850710557, 0.08086790488850542635, 0.09844602988850373326, 0.1336022798885003748, 0.1609460298885003193, 0.1746179048885002916, 0.1882897798885002638, 0.2195397798885003193, 0.2507897798885003748, 0.2859460298884995977, 0.3211022798884988205, 0.3523522798884995977, 0.3836022798885003748, 0.4265710298885028173, 0.4695397798885052598, 0.4968835298885041496, 0.5242272798885030394, 0.5789147798885007079, 0.6101647798884999307, 0.6414147798884992646, 0.6638757173884992646, 0.6863366548884991536, 0.7312585298884990426, 0.8211022798884987095, 0.9148522798885003748, 0.9285241548885014851, 0.9421960298885027063, 0.9558679048885039276, 0.9695397798885050378, 1.000000000000000000 ),
 .UNSPECIFIED. ) 
 GEOMETRIC_REPRESENTATION_ITEM ( )  RATIONAL_B_SPLINE_SURFACE ( (
 ( 1.000000000000000000, 1.000000000000000000, 1.000000000000000000, 1.000000000000000000, 1.000000000000000000, 1.000000000000000000, 1.000000000000000000, 1.000000000000000000, 1.000000000000000000, 1.000000000000000000, 1.000000000000000000, 1.000000000000000000, 1.000000000000000000, 1.000000000000000000, 1.000000000000000000, 1.000000000000000000, 1.000000000000000000, 1.000000000000000000, 1.000000000000000000, 1.000000000000000000, 1.000000000000000000, 1.000000000000000000, 1.000000000000000000, 1.000000000000000000, 1.000000000000000000, 1.000000000000000000, 1.000000000000000000, 1.000000000000000000, 1.000000000000000000, 1.000000000000000000, 1.000000000000000000, 1.000000000000000000, 1.000000000000000000, 1.000000000000000000, 1.000000000000000000, 1.000000000000000000, 1.000000000000000000, 1.000000000000000000, 1.000000000000000000, 1.000000000000000000, 1.000000000000000000, 1.000000000000000000, 1.000000000000000000, 1.000000000000000000, 1.000000000000000000, 1.000000000000000000, 1.000000000000000000, 1.000000000000000000, 1.000000000000000000, 1.000000000000000000, 1.000000000000000000, 1.000000000000000000, 1.000000000000000000, 1.000000000000000000, 1.000000000000000000, 1.000000000000000000, 1.000000000000000000, 1.000000000000000000, 1.000000000000000000, 1.000000000000000000, 1.000000000000000000, 1.000000000000000000, 1.000000000000000000, 1.000000000000000000, 1.000000000000000000, 1.000000000000000000),
 ( 0.3333333333333333703, 0.3333333333333333703, 0.3333333333333333703, 0.3333333333333333703, 0.3333333333333333703, 0.3333333333333333703, 0.3333333333333333703, 0.3333333333333333703, 0.3333333333333333703, 0.3333333333333333703, 0.3333333333333333703, 0.3333333333333333703, 0.3333333333333333703, 0.3333333333333333703, 0.3333333333333333703, 0.3333333333333333703, 0.3333333333333333703, 0.3333333333333333703, 0.3333333333333333703, 0.3333333333333333703, 0.3333333333333333703, 0.3333333333333333703, 0.3333333333333333703, 0.3333333333333333703, 0.3333333333333333703, 0.3333333333333333703, 0.3333333333333333703, 0.3333333333333333703, 0.3333333333333333703, 0.3333333333333333703, 0.3333333333333333703, 0.3333333333333333703, 0.3333333333333333703, 0.3333333333333333703, 0.3333333333333333703, 0.3333333333333333703, 0.3333333333333333703, 0.3333333333333333703, 0.3333333333333333703, 0.3333333333333333703, 0.3333333333333333703, 0.3333333333333333703, 0.3333333333333333703, 0.3333333333333333703, 0.3333333333333333703, 0.3333333333333333703, 0.3333333333333333703, 0.3333333333333333703, 0.3333333333333333703, 0.3333333333333333703, 0.3333333333333333703, 0.3333333333333333703, 0.3333333333333333703, 0.3333333333333333703, 0.3333333333333333703, 0.3333333333333333703, 0.3333333333333333703, 0.3333333333333333703, 0.3333333333333333703, 0.3333333333333333703, 0.3333333333333333703, 0.3333333333333333703, 0.3333333333333333703, 0.3333333333333333703, 0.3333333333333333703, 0.3333333333333333703),
 ( 0.3333333333333333703, 0.3333333333333333703, 0.3333333333333333703, 0.3333333333333333703, 0.3333333333333333703, 0.3333333333333333703, 0.3333333333333333703, 0.3333333333333333703, 0.3333333333333333703, 0.3333333333333333703, 0.3333333333333333703, 0.3333333333333333703, 0.3333333333333333703, 0.3333333333333333703, 0.3333333333333333703, 0.3333333333333333703, 0.3333333333333333703, 0.3333333333333333703, 0.3333333333333333703, 0.3333333333333333703, 0.3333333333333333703, 0.3333333333333333703, 0.3333333333333333703, 0.3333333333333333703, 0.3333333333333333703, 0.3333333333333333703, 0.3333333333333333703, 0.3333333333333333703, 0.3333333333333333703, 0.3333333333333333703, 0.3333333333333333703, 0.3333333333333333703, 0.3333333333333333703, 0.3333333333333333703, 0.3333333333333333703, 0.3333333333333333703, 0.3333333333333333703, 0.3333333333333333703, 0.3333333333333333703, 0.3333333333333333703, 0.3333333333333333703, 0.3333333333333333703, 0.3333333333333333703, 0.3333333333333333703, 0.3333333333333333703, 0.3333333333333333703, 0.3333333333333333703, 0.3333333333333333703, 0.3333333333333333703, 0.3333333333333333703, 0.3333333333333333703, 0.3333333333333333703, 0.3333333333333333703, 0.3333333333333333703, 0.3333333333333333703, 0.3333333333333333703, 0.3333333333333333703, 0.3333333333333333703, 0.3333333333333333703, 0.3333333333333333703, 0.3333333333333333703, 0.3333333333333333703, 0.3333333333333333703, 0.3333333333333333703, 0.3333333333333333703, 0.3333333333333333703),
 ( 1.000000000000000000, 1.000000000000000000, 1.000000000000000000, 1.000000000000000000, 1.000000000000000000, 1.000000000000000000, 1.000000000000000000, 1.000000000000000000, 1.000000000000000000, 1.000000000000000000, 1.000000000000000000, 1.000000000000000000, 1.000000000000000000, 1.000000000000000000, 1.000000000000000000, 1.000000000000000000, 1.000000000000000000, 1.000000000000000000, 1.000000000000000000, 1.000000000000000000, 1.000000000000000000, 1.000000000000000000, 1.000000000000000000, 1.000000000000000000, 1.000000000000000000, 1.000000000000000000, 1.000000000000000000, 1.000000000000000000, 1.000000000000000000, 1.000000000000000000, 1.000000000000000000, 1.000000000000000000, 1.000000000000000000, 1.000000000000000000, 1.000000000000000000, 1.000000000000000000, 1.000000000000000000, 1.000000000000000000, 1.000000000000000000, 1.000000000000000000, 1.000000000000000000, 1.000000000000000000, 1.000000000000000000, 1.000000000000000000, 1.000000000000000000, 1.000000000000000000, 1.000000000000000000, 1.000000000000000000, 1.000000000000000000, 1.000000000000000000, 1.000000000000000000, 1.000000000000000000, 1.000000000000000000, 1.000000000000000000, 1.000000000000000000, 1.000000000000000000, 1.000000000000000000, 1.000000000000000000, 1.000000000000000000, 1.000000000000000000, 1.000000000000000000, 1.000000000000000000, 1.000000000000000000, 1.000000000000000000, 1.000000000000000000, 1.000000000000000000),
 ( 0.3333333333333333703, 0.3333333333333333703, 0.3333333333333333703, 0.3333333333333333703, 0.3333333333333333703, 0.3333333333333333703, 0.3333333333333333703, 0.3333333333333333703, 0.3333333333333333703, 0.3333333333333333703, 0.3333333333333333703, 0.3333333333333333703, 0.3333333333333333703, 0.3333333333333333703, 0.3333333333333333703, 0.3333333333333333703, 0.3333333333333333703, 0.3333333333333333703, 0.3333333333333333703, 0.3333333333333333703, 0.3333333333333333703, 0.3333333333333333703, 0.3333333333333333703, 0.3333333333333333703, 0.3333333333333333703, 0.3333333333333333703, 0.3333333333333333703, 0.3333333333333333703, 0.3333333333333333703, 0.3333333333333333703, 0.3333333333333333703, 0.3333333333333333703, 0.3333333333333333703, 0.3333333333333333703, 0.3333333333333333703, 0.3333333333333333703, 0.3333333333333333703, 0.3333333333333333703, 0.3333333333333333703, 0.3333333333333333703, 0.3333333333333333703, 0.3333333333333333703, 0.3333333333333333703, 0.3333333333333333703, 0.3333333333333333703, 0.3333333333333333703, 0.3333333333333333703, 0.3333333333333333703, 0.3333333333333333703, 0.3333333333333333703, 0.3333333333333333703, 0.3333333333333333703, 0.3333333333333333703, 0.3333333333333333703, 0.3333333333333333703, 0.3333333333333333703, 0.3333333333333333703, 0.3333333333333333703, 0.3333333333333333703, 0.3333333333333333703, 0.3333333333333333703, 0.3333333333333333703, 0.3333333333333333703, 0.3333333333333333703, 0.3333333333333333703, 0.3333333333333333703),
 ( 0.3333333333333333703, 0.3333333333333333703, 0.3333333333333333703, 0.3333333333333333703, 0.3333333333333333703, 0.3333333333333333703, 0.3333333333333333703, 0.3333333333333333703, 0.3333333333333333703, 0.3333333333333333703, 0.3333333333333333703, 0.3333333333333333703, 0.3333333333333333703, 0.3333333333333333703, 0.3333333333333333703, 0.3333333333333333703, 0.3333333333333333703, 0.3333333333333333703, 0.3333333333333333703, 0.3333333333333333703, 0.3333333333333333703, 0.3333333333333333703, 0.3333333333333333703, 0.3333333333333333703, 0.3333333333333333703, 0.3333333333333333703, 0.3333333333333333703, 0.3333333333333333703, 0.3333333333333333703, 0.3333333333333333703, 0.3333333333333333703, 0.3333333333333333703, 0.3333333333333333703, 0.3333333333333333703, 0.3333333333333333703, 0.3333333333333333703, 0.3333333333333333703, 0.3333333333333333703, 0.3333333333333333703, 0.3333333333333333703, 0.3333333333333333703, 0.3333333333333333703, 0.3333333333333333703, 0.3333333333333333703, 0.3333333333333333703, 0.3333333333333333703, 0.3333333333333333703, 0.3333333333333333703, 0.3333333333333333703, 0.3333333333333333703, 0.3333333333333333703, 0.3333333333333333703, 0.3333333333333333703, 0.3333333333333333703, 0.3333333333333333703, 0.3333333333333333703, 0.3333333333333333703, 0.3333333333333333703, 0.3333333333333333703, 0.3333333333333333703, 0.3333333333333333703, 0.3333333333333333703, 0.3333333333333333703, 0.3333333333333333703, 0.3333333333333333703, 0.3333333333333333703),
 ( 1.000000000000000000, 1.000000000000000000, 1.000000000000000000, 1.000000000000000000, 1.000000000000000000, 1.000000000000000000, 1.000000000000000000, 1.000000000000000000, 1.000000000000000000, 1.000000000000000000, 1.000000000000000000, 1.000000000000000000, 1.000000000000000000, 1.000000000000000000, 1.000000000000000000, 1.000000000000000000, 1.000000000000000000, 1.000000000000000000, 1.000000000000000000, 1.000000000000000000, 1.000000000000000000, 1.000000000000000000, 1.000000000000000000, 1.000000000000000000, 1.000000000000000000, 1.000000000000000000, 1.000000000000000000, 1.000000000000000000, 1.000000000000000000, 1.000000000000000000, 1.000000000000000000, 1.000000000000000000, 1.000000000000000000, 1.000000000000000000, 1.000000000000000000, 1.000000000000000000, 1.000000000000000000, 1.000000000000000000, 1.000000000000000000, 1.000000000000000000, 1.000000000000000000, 1.000000000000000000, 1.000000000000000000, 1.000000000000000000, 1.000000000000000000, 1.000000000000000000, 1.000000000000000000, 1.000000000000000000, 1.000000000000000000, 1.000000000000000000, 1.000000000000000000, 1.000000000000000000, 1.000000000000000000, 1.000000000000000000, 1.000000000000000000, 1.000000000000000000, 1.000000000000000000, 1.000000000000000000, 1.000000000000000000, 1.000000000000000000, 1.000000000000000000, 1.000000000000000000, 1.000000000000000000, 1.000000000000000000, 1.000000000000000000, 1.000000000000000000) ) ) 
 REPRESENTATION_ITEM ( '' )  SURFACE ( )  );
#4636 = CARTESIAN_POINT ( 'NONE',  ( -16.04255383565359239, 2.809715218929526692, -8.905599999999999739 ) ) ;
#4637 = CARTESIAN_POINT ( 'NONE',  ( -8.940015150338160410, -9.243803669068361373, 11.05600000209201994 ) ) ;
#4638 = CARTESIAN_POINT ( 'NONE',  ( -13.66721184906931796, -7.694262184550286321, 8.631000000000002004 ) ) ;
#4639 = DIRECTION ( 'NONE',  ( 0.000000000000000000, 0.000000000000000000, 1.000000000000000000 ) ) ;
#4640 = ORIENTED_EDGE ( 'NONE', *, *, #7156, .F. ) ;
#4641 = CIRCLE ( 'NONE', #2992, 0.7932651669729868793 ) ;
#4642 = CARTESIAN_POINT ( 'NONE',  ( 2.551088272595281037, 13.47269945004986980, 3.174999999999999822 ) ) ;
#4643 = CARTESIAN_POINT ( 'NONE',  ( -14.51444827867037546, 35.97823366288712776, 14.98099999999996257 ) ) ;
#4644 = CARTESIAN_POINT ( 'NONE',  ( 19.19388020387351901, -0.6398805656995832924, -7.318099999999999383 ) ) ;
#4645 = ADVANCED_FACE ( 'NONE', ( #3727 ), #4762, .T. ) ;
#4646 = VERTEX_POINT ( 'NONE', #1968 ) ;
#4647 = CARTESIAN_POINT ( 'NONE',  ( -3.659606356825638063, 8.896006331659647159, -5.730599999999999916 ) ) ;
#4648 = CARTESIAN_POINT ( 'NONE',  ( -8.830975653267060466, -18.58588475023818276, -15.44909999999999961 ) ) ;
#4649 = EDGE_CURVE ( 'NONE', #7023, #7179, #4321, .T. ) ;
#4650 = CARTESIAN_POINT ( 'NONE',  ( -0.8187890121333274429, -9.692814478653213328, 8.630999999999982464 ) ) ;
#4651 = CIRCLE ( 'NONE', #7000, 1.587499999999999467 ) ;
#4652 = CARTESIAN_POINT ( 'NONE',  ( 16.31704527226449386, 9.208254322743227860, -5.730599999999999028 ) ) ;
#4653 = CARTESIAN_POINT ( 'NONE',  ( -56.07189761964543351, 23.61786509392923961, 10.21850059711604430 ) ) ;
#4654 = CARTESIAN_POINT ( 'NONE',  ( -12.32672829261598757, -11.64581983138624466, 2.069039710516650179E-08 ) ) ;
#4655 = CARTESIAN_POINT ( 'NONE',  ( 9.538996994740129409, -14.02040265969844945, 12.55600000000000271 ) ) ;
#4656 = ORIENTED_EDGE ( 'NONE', *, *, #2427, .T. ) ;
#4657 = CARTESIAN_POINT ( 'NONE',  ( -12.22002286999543053, -8.303848861734207887, 1.587499999999999911 ) ) ;
#4658 = CARTESIAN_POINT ( 'NONE',  ( -1.912621489174304967, -2.257583630814017805, 14.48100000000000165 ) ) ;
#4659 = CIRCLE ( 'NONE', #5474, 3.174999999999999822 ) ;
#4660 = CARTESIAN_POINT ( 'NONE',  ( 16.05194484473963001, 9.481663086369550797, 0.000000000000000000 ) ) ;
#4661 = CARTESIAN_POINT ( 'NONE',  ( 13.16981931603524814, -13.16666720972293803, 14.98099999999976539 ) ) ;
#4662 = CARTESIAN_POINT ( 'NONE',  ( -16.28897430626091847, -5.700450196666040803, -15.44909999999999961 ) ) ;
#4663 = CARTESIAN_POINT ( 'NONE',  ( 0.000000000000000000, 0.000000000000000000, -15.44909999999999961 ) ) ;
#4664 = CARTESIAN_POINT ( 'NONE',  ( -7.761895739788560178, -17.31339749815904128, 1.587499999999999911 ) ) ;
#4665 = CARTESIAN_POINT ( 'NONE',  ( 11.79159259755874167, 23.96386019914276844, 8.630999999999993122 ) ) ;
#4666 = ORIENTED_EDGE ( 'NONE', *, *, #2863, .T. ) ;
#4667 = CARTESIAN_POINT ( 'NONE',  ( -13.88357108138302642, -8.312627936532434703, 0.000000000000000000 ) ) ;
#4668 = ORIENTED_EDGE ( 'NONE', *, *, #6489, .F. ) ;
#4669 = CARTESIAN_POINT ( 'NONE',  ( 20.27413859998240042, 0.5236313438399223807, -8.905599999999999739 ) ) ;
#4670 = CARTESIAN_POINT ( 'NONE',  ( 6.357654237966711364, -13.22022810699509598, 12.55600000000000094 ) ) ;
#4671 = VERTEX_POINT ( 'NONE', #4215 ) ;
#4672 = DIRECTION ( 'NONE',  ( 0.000000000000000000, 0.000000000000000000, -1.000000000000000000 ) ) ;
#4673 = CARTESIAN_POINT ( 'NONE',  ( -7.902997413404010629, -17.25163199046438578, -7.318099999999999383 ) ) ;
#4674 = CARTESIAN_POINT ( 'NONE',  ( -2.204894577754120011, -10.96236130471560521, 11.05600000209201994 ) ) ;
#4675 = EDGE_CURVE ( 'NONE', #6936, #5441, #5824, .T. ) ;
#4676 = CARTESIAN_POINT ( 'NONE',  ( -0.9051967034235673948, -19.69077404388034935, -7.731038087270302839 ) ) ;
#4677 = ORIENTED_EDGE ( 'NONE', *, *, #2511, .T. ) ;
#4678 = LINE ( 'NONE', #625, #3464 ) ;
#4679 = CARTESIAN_POINT ( 'NONE',  ( -6.967105568256431347, -11.34794501770343977, 11.80600000000000271 ) ) ;
#4680 = CARTESIAN_POINT ( 'NONE',  ( -18.89888435792380861, 32.85861777811342677, 11.01224999887619482 ) ) ;
#4681 = ORIENTED_EDGE ( 'NONE', *, *, #3090, .T. ) ;
#4682 = CARTESIAN_POINT ( 'NONE',  ( 19.34889719448075951, -0.9655045584955586069, -5.787905999999997775 ) ) ;
#4683 = CARTESIAN_POINT ( 'NONE',  ( -4.439039386445601032, 32.30869805997172506, 13.39349904687931136 ) ) ;
#4684 = CARTESIAN_POINT ( 'NONE',  ( 26.18805509819400257, 10.49240108418684692, 8.630999999999994898 ) ) ;
#4685 = CARTESIAN_POINT ( 'NONE',  ( -8.081034836857664772, -9.002409082874351043, 12.55603281448311748 ) ) ;
#4686 = CARTESIAN_POINT ( 'NONE',  ( 7.397063404253787944, -1.939129864411724524, 8.631000000000000227 ) ) ;
#4687 = DIRECTION ( 'NONE',  ( -0.000000000000000000, -0.000000000000000000, -1.000000000000000000 ) ) ;
#4688 = DIRECTION ( 'NONE',  ( -0.000000000000000000, -0.000000000000000000, -1.000000000000000000 ) ) ;
#4689 = B_SPLINE_SURFACE_WITH_KNOTS ( 'NONE', 1, 3, ( 
 ( #5559, #521, #3793, #5014, #6189, #2657, #2765, #2208, #5450, #6704 ),
 ( #1659, #3209, #1107, #3357, #7146, #5597, #414, #2800, #6221, #2429 ) ),
 .UNSPECIFIED., .F., .F., .F.,
 ( 2, 2 ),
 ( 4, 2, 2, 2, 4 ),
 ( 0.000000000000000000, 1.000000000000000000 ),
 ( 0.000000000000000000, 0.3312314344345015926, 0.5170122668105440189, 0.6979999127215934518, 1.000000000000000000 ),
 .UNSPECIFIED. ) ;
#4690 = ORIENTED_EDGE ( 'NONE', *, *, #5476, .T. ) ;
#4691 = CARTESIAN_POINT ( 'NONE',  ( 17.87249748013050876, 6.925740357709014638, 0.000000000000000000 ) ) ;
#4692 = CARTESIAN_POINT ( 'NONE',  ( 19.34890321087421228, -3.039975800327526567, -7.318099999999999383 ) ) ;
#4693 = CARTESIAN_POINT ( 'NONE',  ( -1.868502313221983790, -15.39951910751302933, -14.44909999999999961 ) ) ;
#4694 = EDGE_CURVE ( 'NONE', #4055, #2790, #3591, .T. ) ;
#4695 = CARTESIAN_POINT ( 'NONE',  ( 16.84548851959756277, -13.15329702478594598, 14.98100000000000520 ) ) ;
#4696 = LINE ( 'NONE', #3596, #746 ) ;
#4697 = CARTESIAN_POINT ( 'NONE',  ( -15.73057291607648089, -1.225592921993483131, -8.905600000000001515 ) ) ;
#4698 = DIRECTION ( 'NONE',  ( -3.696461235719317851E-05, -0.9999999993168087187, 0.000000000000000000 ) ) ;
#4699 = CARTESIAN_POINT ( 'NONE',  ( -11.41644753893961273, -14.18370272454598791, 1.587499999999999911 ) ) ;
#4700 = CARTESIAN_POINT ( 'NONE',  ( 19.73284292453422850, -12.40441390036500025, 8.631000000000000227 ) ) ;
#4701 = ORIENTED_EDGE ( 'NONE', *, *, #1033, .F. ) ;
#4702 = CARTESIAN_POINT ( 'NONE',  ( -14.58480082940163314, 2.174848942770986948, 0.000000000000000000 ) ) ;
#4703 = ORIENTED_EDGE ( 'NONE', *, *, #3877, .F. ) ;
#4704 = CARTESIAN_POINT ( 'NONE',  ( -11.63187636939707836, 34.35443425849399546, 13.39349904687931314 ) ) ;
#4705 = CARTESIAN_POINT ( 'NONE',  ( -12.42602924927076025, -10.88366937158630066, -1.349775237067046163 ) ) ;
#4706 = ORIENTED_EDGE ( 'NONE', *, *, #3023, .F. ) ;
#4707 = PLANE ( 'NONE',  #5336 ) ;
#4708 = CARTESIAN_POINT ( 'NONE',  ( -11.64005917702012383, -13.71557504678705719, -7.318099999999999383 ) ) ;
#4709 = CARTESIAN_POINT ( 'NONE',  ( 13.31780050810802862, 11.74001846247078440, 1.587499999999999911 ) ) ;
#4710 = CARTESIAN_POINT ( 'NONE',  ( -0.8871288235855984139, -19.64224335555378786, -7.423545602162445078 ) ) ;
#4711 = EDGE_CURVE ( 'NONE', #6988, #419, #1407, .T. ) ;
#4712 = ORIENTED_EDGE ( 'NONE', *, *, #4187, .F. ) ;
#4713 = EDGE_CURVE ( 'NONE', #6254, #6000, #6918, .T. ) ;
#4714 = CARTESIAN_POINT ( 'NONE',  ( -33.50011498293680745, 34.60976076831700254, 10.21850059711604253 ) ) ;
#4715 = CARTESIAN_POINT ( 'NONE',  ( 10.86804480477624679, -15.96762004994088713, 14.98100000000000520 ) ) ;
#4716 = CARTESIAN_POINT ( 'NONE',  ( 26.70411030644963191, 0.5000000000000003331, 14.48099999999999987 ) ) ;
#4717 = CARTESIAN_POINT ( 'NONE',  ( 19.97529336187642457, 6.006660590610822581, 3.174999999999999822 ) ) ;
#4718 = ORIENTED_EDGE ( 'NONE', *, *, #5107, .T. ) ;
#4719 = CARTESIAN_POINT ( 'NONE',  ( 19.34890321087421583, -0.9952133531469556926, -5.730599999999999028 ) ) ;
#4720 = CARTESIAN_POINT ( 'NONE',  ( -11.94963630523137255, 6.672263382977527080, -8.248035969732711692 ) ) ;
#4721 = CARTESIAN_POINT ( 'NONE',  ( 17.23119601743744411, -16.31721190939495614, 11.80600000000000449 ) ) ;
#4722 = B_SPLINE_CURVE_WITH_KNOTS ( 'NONE', 3,
 ( #2585, #4386, #2039, #3762, #2696, #4871, #7076, #4941, #7149, #1175, #2074, #3840, #4288, #3729, #7183, #3422 ),
 .UNSPECIFIED., .F., .F.,
 ( 4, 2, 2, 2, 2, 2, 2, 4 ),
 ( 0.000000000000000000, 0.0009326642440345409880, 0.001865328488069081976, 0.002331660610086354422, 0.002797992732103626867, 0.003264324854120899313, 0.003497490915129536186, 0.003730656976138172192 ),
 .UNSPECIFIED. ) ;
#4723 = CARTESIAN_POINT ( 'NONE',  ( -9.563470004575247430, -8.602364820059431594, 11.05596718551655400 ) ) ;
#4724 = DIRECTION ( 'NONE',  ( 0.000000000000000000, 0.000000000000000000, -1.000000000000000000 ) ) ;
#4725 = CARTESIAN_POINT ( 'NONE',  ( -16.04255383565359239, 2.809715218929526692, -8.905599999999999739 ) ) ;
#4726 = CARTESIAN_POINT ( 'NONE',  ( 16.84042709975616603, 2.652205172778185904, -8.905600000000001515 ) ) ;
#4727 = ORIENTED_EDGE ( 'NONE', *, *, #6887, .F. ) ;
#4728 = CARTESIAN_POINT ( 'NONE',  ( 0.000000000000000000, 0.000000000000000000, 14.98099999999999987 ) ) ;
#4729 = DIRECTION ( 'NONE',  ( -0.3489024681454919175, -0.9371590407833583214, 0.000000000000000000 ) ) ;
#4730 = CARTESIAN_POINT ( 'NONE',  ( -10.89039974437582536, -15.93569784044046678, -8.905600000000001515 ) ) ;
#4731 = EDGE_CURVE ( 'NONE', #2131, #1298, #6186, .T. ) ;
#4732 = CARTESIAN_POINT ( 'NONE',  ( -38.87205052441449737, 33.52680027512989369, 14.98100000000010823 ) ) ;
#4733 = CARTESIAN_POINT ( 'NONE',  ( 18.38123042735837132, 5.752224782637089362, 1.587499999999999911 ) ) ;
#4734 = CARTESIAN_POINT ( 'NONE',  ( -10.67073068954191406, 8.531809338517412300, -8.905600000000001515 ) ) ;
#4735 = CARTESIAN_POINT ( 'NONE',  ( 9.776788755915752915, 13.07298447920190831, 1.587499999999999911 ) ) ;
#4736 = CARTESIAN_POINT ( 'NONE',  ( -16.61196196253316160, -3.358108760128377668, -15.44909999999999961 ) ) ;
#4737 = CARTESIAN_POINT ( 'NONE',  ( -8.789758684990994553, -7.637995023984107235, 8.631000000000000227 ) ) ;
#4738 = CARTESIAN_POINT ( 'NONE',  ( -1.154864917356221987, -10.32993118863620019, 5.550900000000003054 ) ) ;
#4739 = ORIENTED_EDGE ( 'NONE', *, *, #2331, .F. ) ;
#4740 = CARTESIAN_POINT ( 'NONE',  ( -6.179433900825434200, -13.79456775404376145, -12.77410000000000068 ) ) ;
#4741 = CIRCLE ( 'NONE', #4854, 1.984375000000000000 ) ;
#4742 = EDGE_CURVE ( 'NONE', #5026, #5268, #6596, .T. ) ;
#4743 = CARTESIAN_POINT ( 'NONE',  ( 0.000000000000000000, 0.000000000000000000, 0.2560000000000010045 ) ) ;
#4744 = ORIENTED_EDGE ( 'NONE', *, *, #3339, .T. ) ;
#4745 = CARTESIAN_POINT ( 'NONE',  ( -11.98739699550838900, -12.91531502102366602, 0.000000000000000000 ) ) ;
#4746 = DIRECTION ( 'NONE',  ( -6.550624015266702829E-15, 1.000000000000000000, -0.000000000000000000 ) ) ;
#4747 = LINE ( 'NONE', #6546, #2732 ) ;
#4748 = CARTESIAN_POINT ( 'NONE',  ( 25.01005285694784774, 0.8374367091048500189, 14.98099999999997323 ) ) ;
#4749 = AXIS2_PLACEMENT_3D ( 'NONE', #6224, #5051, #2392 ) ;
#4750 = EDGE_LOOP ( 'NONE', ( #6147, #1062, #5680, #6912, #4886 ) ) ;
#4751 = CARTESIAN_POINT ( 'NONE',  ( -10.31729970230708382, -15.60574307419588536, 1.587499999999999911 ) ) ;
#4752 = CARTESIAN_POINT ( 'NONE',  ( 18.95516000675702983, 22.39092315294194080, 14.98100000000060916 ) ) ;
#4753 = VECTOR ( 'NONE', #332, 1000.000000000000000 ) ;
#4754 = LINE ( 'NONE', #5337, #5795 ) ;
#4755 = CARTESIAN_POINT ( 'NONE',  ( 0.1247952595555764377, 11.40975566781907347, 3.174999999999999822 ) ) ;
#4756 = ORIENTED_EDGE ( 'NONE', *, *, #684, .T. ) ;
#4757 = CARTESIAN_POINT ( 'NONE',  ( 19.27174911445952077, -0.7289833158952429004, -5.787906000000003992 ) ) ;
#4758 = CIRCLE ( 'NONE', #1111, 6.000000000000000888 ) ;
#4759 = B_SPLINE_CURVE_WITH_KNOTS ( 'NONE', 1,
 ( #3624, #2918 ),
 .UNSPECIFIED., .F., .F.,
 ( 2, 2 ),
 ( 0.000000000000000000, 1.000000000000000000 ),
 .UNSPECIFIED. ) ;
#4760 = CARTESIAN_POINT ( 'NONE',  ( -13.08427867658368449, 5.346220250491162673, -8.248035969732711692 ) ) ;
#4761 = CARTESIAN_POINT ( 'NONE',  ( -21.91443029615336613, 36.00304555153040553, 8.630999999999989569 ) ) ;
#4762 = CYLINDRICAL_SURFACE ( 'NONE', #5704, 18.81048697705378459 ) ;
#4763 = DIRECTION ( 'NONE',  ( 0.000000000000000000, 0.000000000000000000, 1.000000000000000000 ) ) ;
#4764 = AXIS2_PLACEMENT_3D ( 'NONE', #1041, #3289, #7263 ) ;
#4765 = CARTESIAN_POINT ( 'NONE',  ( -11.89037289558351418, -13.15962468831480869, -7.318099999999999383 ) ) ;
#4766 = EDGE_LOOP ( 'NONE', ( #6366, #2328, #2099, #1292, #3564, #3961, #4168, #1135 ) ) ;
#4767 = CARTESIAN_POINT ( 'NONE',  ( -5.476848407906265592, 4.313286688830134885, 3.174999999999999822 ) ) ;
#4768 = CARTESIAN_POINT ( 'NONE',  ( 17.50201407048966118, 7.551170926126913763, 0.000000000000000000 ) ) ;
#4769 = B_SPLINE_CURVE_WITH_KNOTS ( 'NONE', 3,
 ( #2971, #1169, #2935, #3417, #4081, #581, #114, #5658, #6322, #3936, #3384, #615, #6180, #1281, #149, #1136, #82, #2233, #1204, #2308, #6805, #3525, #2826, #692, #6730, #1689, #5072, #4555, #5695, #5323, #256, #2421, #4705, #5255 ),
 .UNSPECIFIED., .F., .F.,
 ( 4, 2, 2, 2, 2, 2, 2, 2, 2, 2, 2, 2, 2, 2, 2, 2, 4 ),
 ( 0.001462093076186568585, 0.003145667031947266875, 0.003987454009827615803, 0.004829240987707964297, 0.005039687732178051854, 0.005144911104413093898, 0.005197522790530613619, 0.005223828633589373480, 0.005250134476648134207, 0.005355357848883182323, 0.005460581221118232173, 0.005671027965588328404, 0.006091921454528523468, 0.006302368198998621433, 0.006407591571233670416, 0.006512814943468718532, 0.008196388899229516134 ),
 .UNSPECIFIED. ) ;
#4770 = CIRCLE ( 'NONE', #3361, 1.499999999999999556 ) ;
#4771 = CARTESIAN_POINT ( 'NONE',  ( -11.47276868734310717, -15.23855175566115783, -8.905600000000001515 ) ) ;
#4772 = CARTESIAN_POINT ( 'NONE',  ( 6.400655110004743520, -11.58547895595570587, 11.80599999999961547 ) ) ;
#4773 = CARTESIAN_POINT ( 'NONE',  ( -15.64541451096443048, -8.115698774879472666, -15.44909999999999961 ) ) ;
#4774 = CARTESIAN_POINT ( 'NONE',  ( -15.49666407911718480, 1.193691676421391179, -8.905600000000001515 ) ) ;
#4775 = VECTOR ( 'NONE', #402, 1000.000000000000000 ) ;
#4776 = CARTESIAN_POINT ( 'NONE',  ( 16.31704527226449386, 9.208254322743227860, 1.587499999999999911 ) ) ;
#4777 = CARTESIAN_POINT ( 'NONE',  ( -16.04143873714868818, 2.813959658475118975, -15.44909999999999961 ) ) ;
#4778 = CARTESIAN_POINT ( 'NONE',  ( 7.753788007553904293, 29.50962372097942321, 8.630999999999938055 ) ) ;
#4779 = CARTESIAN_POINT ( 'NONE',  ( -1.681543941320843505, -8.965972145123165760, 10.60799819143153044 ) ) ;
#4780 = ORIENTED_EDGE ( 'NONE', *, *, #5394, .T. ) ;
#4781 = EDGE_CURVE ( 'NONE', #5217, #920, #1071, .T. ) ;
#4782 = CIRCLE ( 'NONE', #1251, 6.000000000000000888 ) ;
#4783 = CARTESIAN_POINT ( 'NONE',  ( 12.74199028092941788, -16.33159447792379382, 11.80599999999961547 ) ) ;
#4784 = CARTESIAN_POINT ( 'NONE',  ( -16.50086990307567802, -4.434013145095823560, -8.905600000000001515 ) ) ;
#4785 = VERTEX_POINT ( 'NONE', #7221 ) ;
#4786 = DIRECTION ( 'NONE',  ( -0.3489024681454918064, -0.9371590407833580993, 0.000000000000000000 ) ) ;
#4787 = LINE ( 'NONE', #1284, #5568 ) ;
#4788 = CARTESIAN_POINT ( 'NONE',  ( -1.026772229064567332, -20.01732834886435342, 2.640553475776566295 ) ) ;
#4789 = CARTESIAN_POINT ( 'NONE',  ( 18.80718129388836246, -12.73655414860664692, 14.98100000000000520 ) ) ;
#4790 = CARTESIAN_POINT ( 'NONE',  ( 20.93663917186174217, 1.726690403594020484, 3.174999999999999822 ) ) ;
#4791 = ORIENTED_EDGE ( 'NONE', *, *, #489, .T. ) ;
#4792 = CARTESIAN_POINT ( 'NONE',  ( -7.761895739788752913, -17.31339749815901996, 1.587499999999999911 ) ) ;
#4793 = CARTESIAN_POINT ( 'NONE',  ( -9.615768839047845518, -10.70413264034995748, 11.80600000000000271 ) ) ;
#4794 = CARTESIAN_POINT ( 'NONE',  ( 12.84776550570461140, 11.97684011407541149, 0.000000000000000000 ) ) ;
#4795 = CARTESIAN_POINT ( 'NONE',  ( -2.277130133557175196, 8.361598714017540956, -5.730599999999999028 ) ) ;
#4796 = EDGE_LOOP ( 'NONE', ( #6060, #2418, #5229, #2825 ) ) ;
#4797 = LINE ( 'NONE', #1922, #4522 ) ;
#4798 = EDGE_CURVE ( 'NONE', #3230, #7207, #3319, .T. ) ;
#4799 = CARTESIAN_POINT ( 'NONE',  ( -5.462015592765184557, 9.269133915182884209, -7.318099999999999383 ) ) ;
#4800 = CARTESIAN_POINT ( 'NONE',  ( -27.11334437784210039, 35.98304491953225437, 8.630999999999989569 ) ) ;
#4801 = CARTESIAN_POINT ( 'NONE',  ( -2.014695283645366874, -10.23682132733323868, 12.24536584716177146 ) ) ;
#4802 = EDGE_CURVE ( 'NONE', #2106, #3202, #1035, .T. ) ;
#4803 = CARTESIAN_POINT ( 'NONE',  ( -5.132726496388960946, -10.98309063169369715, 7.043499999999999872 ) ) ;
#4804 = DIRECTION ( 'NONE',  ( -0.000000000000000000, -0.000000000000000000, -1.000000000000000000 ) ) ;
#4805 = CARTESIAN_POINT ( 'NONE',  ( -11.73804094493875816, -13.50742943260773110, 0.000000000000000000 ) ) ;
#4806 = ORIENTED_EDGE ( 'NONE', *, *, #1876, .T. ) ;
#4807 = CARTESIAN_POINT ( 'NONE',  ( 5.089656768021824540, -10.74103297613638830, 10.60799819143153044 ) ) ;
#4808 = CARTESIAN_POINT ( 'NONE',  ( -17.80778387332761170, -6.266522890202998575, 10.21850059711605141 ) ) ;
#4809 = CARTESIAN_POINT ( 'NONE',  ( -11.64005917702012383, -13.71557504678705719, -7.318099999999999383 ) ) ;
#4810 = CARTESIAN_POINT ( 'NONE',  ( 4.124617960589934462, -10.98088009208205129, 11.80600000000012351 ) ) ;
#4811 = CARTESIAN_POINT ( 'NONE',  ( 4.327840233462512565, 12.55048774525221233, 0.000000000000000000 ) ) ;
#4812 = CARTESIAN_POINT ( 'NONE',  ( -3.953988504193240328, 8.990941570122055637, -8.248035969732711692 ) ) ;
#4813 = CARTESIAN_POINT ( 'NONE',  ( -15.36736558150629506, -8.877658348684953182, -15.44909999999999961 ) ) ;
#4814 = CARTESIAN_POINT ( 'NONE',  ( -20.13484170071160761, 36.03706295988247632, 8.630999999999989569 ) ) ;
#4815 = DIRECTION ( 'NONE',  ( -1.000000000000000000, 0.000000000000000000, -0.000000000000000000 ) ) ;
#4816 = CARTESIAN_POINT ( 'NONE',  ( 12.16856079579352645, -14.54943197970156454, 10.21850029855793807 ) ) ;
#4817 = EDGE_CURVE ( 'NONE', #5158, #2294, #3670, .T. ) ;
#4818 = ORIENTED_EDGE ( 'NONE', *, *, #6701, .T. ) ;
#4819 = CARTESIAN_POINT ( 'NONE',  ( 18.99911733219135357, 8.203374168806437439, 3.174999999999999822 ) ) ;
#4820 = DIRECTION ( 'NONE',  ( 0.2535801187161278447, 0.9673143870489647744, -2.147869409105862540E-16 ) ) ;
#4821 = DIRECTION ( 'NONE',  ( -0.000000000000000000, -0.000000000000000000, -1.000000000000000000 ) ) ;
#4822 = CARTESIAN_POINT ( 'NONE',  ( -47.26318507213461118, 14.98993600145355387, 14.98099999999999632 ) ) ;
#4823 = CARTESIAN_POINT ( 'NONE',  ( -5.603345093216948847, -10.05485579300198928, 12.55599999790798371 ) ) ;
#4824 = ORIENTED_EDGE ( 'NONE', *, *, #5107, .F. ) ;
#4825 = PLANE ( 'NONE',  #1950 ) ;
#4826 = VERTEX_POINT ( 'NONE', #1108 ) ;
#4827 = CARTESIAN_POINT ( 'NONE',  ( -13.89092137571483399, -8.293294202557136785, -7.318099999999999383 ) ) ;
#4828 = FACE_OUTER_BOUND ( 'NONE', #6495, .T. ) ;
#4829 = EDGE_LOOP ( 'NONE', ( #6687, #5789, #2683, #1538 ) ) ;
#4830 = CARTESIAN_POINT ( 'NONE',  ( 20.27911000909863404, 0.5289858870272700075, -8.905600000000001515 ) ) ;
#4831 = ADVANCED_FACE ( 'NONE', ( #2210 ), #675, .F. ) ;
#4832 = CARTESIAN_POINT ( 'NONE',  ( -14.43158449124798182, -6.659646363896791321, -8.248035969732711692 ) ) ;
#4833 = CARTESIAN_POINT ( 'NONE',  ( 23.45242983988415375, 16.68862540272189676, 8.630999999999994898 ) ) ;
#4834 = CARTESIAN_POINT ( 'NONE',  ( 8.252796624618495613, -13.70634334510367580, 11.05600000000000271 ) ) ;
#4835 = DIRECTION ( 'NONE',  ( -0.000000000000000000, -0.000000000000000000, -1.000000000000000000 ) ) ;
#4836 = CARTESIAN_POINT ( 'NONE',  ( 15.80232816929322581, 9.755384332584473128, 0.000000000000000000 ) ) ;
#4837 = EDGE_LOOP ( 'NONE', ( #554, #1354, #6211, #4018 ) ) ;
#4838 = CARTESIAN_POINT ( 'NONE',  ( 17.37769883440087426, 0.6651706031231224836, -5.733088432239130228 ) ) ;
#4839 = CARTESIAN_POINT ( 'NONE',  ( 14.25591115407787335, 24.17868099335252197, 8.630999999999993122 ) ) ;
#4840 = CARTESIAN_POINT ( 'NONE',  ( -8.617316213884052445, -17.64464152501562921, -8.905600000000001515 ) ) ;
#4841 = CARTESIAN_POINT ( 'NONE',  ( 25.20082822569304781, -0.01930093290845598039, 11.80600000000000094 ) ) ;
#4842 = DIRECTION ( 'NONE',  ( -0.000000000000000000, -0.000000000000000000, 1.000000000000000000 ) ) ;
#4843 = CARTESIAN_POINT ( 'NONE',  ( -3.177179841625663581, 9.416417221723486719, -8.905600000000001515 ) ) ;
#4844 = CARTESIAN_POINT ( 'NONE',  ( -16.11478866409229127, 2.572347371091437296, -8.905599999999997962 ) ) ;
#4845 = CARTESIAN_POINT ( 'NONE',  ( -3.585675646928918603, -8.948570147270682895, 8.631000000000009109 ) ) ;
#4846 = CARTESIAN_POINT ( 'NONE',  ( 0.000000000000000000, 0.000000000000000000, -8.949100000000001387 ) ) ;
#4847 = CARTESIAN_POINT ( 'NONE',  ( 28.31198947043230518, 0.6227037764108297457, 11.80600000000000094 ) ) ;
#4848 = VERTEX_POINT ( 'NONE', #369 ) ;
#4849 = CARTESIAN_POINT ( 'NONE',  ( 13.41386635224356638, 13.50061867461521281, 3.174999999999999822 ) ) ;
#4850 = DIRECTION ( 'NONE',  ( -0.3489024681454919175, -0.9371590407833583214, 0.000000000000000000 ) ) ;
#4851 = CARTESIAN_POINT ( 'NONE',  ( 18.86402282299834710, -0.9952720431907391418, -7.318099999999999383 ) ) ;
#4852 = CARTESIAN_POINT ( 'NONE',  ( -27.08947745728853107, 32.80811324254457872, 14.98099999999999454 ) ) ;
#4853 = EDGE_CURVE ( 'NONE', #6029, #2751, #336, .T. ) ;
#4854 = AXIS2_PLACEMENT_3D ( 'NONE', #5799, #216, #5652 ) ;
#4855 = CARTESIAN_POINT ( 'NONE',  ( -4.036026275792284679, -20.39386790405104932, -8.905600000000001515 ) ) ;
#4856 = ORIENTED_EDGE ( 'NONE', *, *, #4241, .T. ) ;
#4857 = CARTESIAN_POINT ( 'NONE',  ( -8.825214408935632804, -16.80551438950678289, 1.587499999999999911 ) ) ;
#4858 = EDGE_LOOP ( 'NONE', ( #3660, #711 ) ) ;
#4859 = CARTESIAN_POINT ( 'NONE',  ( -14.45913974769479537, -8.518067935391323786, -8.586748896483111793 ) ) ;
#4860 = AXIS2_PLACEMENT_3D ( 'NONE', #3658, #5346, #5901 ) ;
#4861 = CARTESIAN_POINT ( 'NONE',  ( -1.852669853647206155, -12.20424927020291683, -6.449099999999997834 ) ) ;
#4862 = VERTEX_POINT ( 'NONE', #6583 ) ;
#4863 = CARTESIAN_POINT ( 'NONE',  ( 10.07764572962518379, 3.566199828708670694, -5.730599999999997252 ) ) ;
#4864 = AXIS2_PLACEMENT_3D ( 'NONE', #5275, #242, #4177 ) ;
#4865 = CARTESIAN_POINT ( 'NONE',  ( -11.60894294004532412, 6.993843075523709985, -7.318099999999999383 ) ) ;
#4866 = EDGE_CURVE ( 'NONE', #2202, #1734, #5334, .T. ) ;
#4867 = EDGE_CURVE ( 'NONE', #6695, #7023, #5481, .T. ) ;
#4868 = CARTESIAN_POINT ( 'NONE',  ( 7.290481762829306156, -15.12270843337942949, 11.80600000000000449 ) ) ;
#4869 = DIRECTION ( 'NONE',  ( -1.000000000000000000, 0.000000000000000000, 0.000000000000000000 ) ) ;
#4870 = CARTESIAN_POINT ( 'NONE',  ( 4.566370287237146108, -12.73717740565215628, 11.05600000000000271 ) ) ;
#4872 = AXIS2_PLACEMENT_3D ( 'NONE', #5791, #1859, #2815 ) ;
#4871 = CARTESIAN_POINT ( 'NONE',  ( -9.345495904585529701, -16.42403772381397076, -7.267753577060988235 ) ) ;
#4873 = VERTEX_POINT ( 'NONE', #2682 ) ;
#4874 = APPLICATION_PROTOCOL_DEFINITION ( 'draft international standard', 'automotive_design', 1998, #2515 ) ;
#4875 = CARTESIAN_POINT ( 'NONE',  ( -13.88634983169434456, 4.049917912792627028, -5.730599999999983041 ) ) ;
#4876 = CARTESIAN_POINT ( 'NONE',  ( -8.565050193019001057, -16.92647862052163177, -8.248035969732711692 ) ) ;
#4877 = CARTESIAN_POINT ( 'NONE',  ( 3.034299951601163503, -10.69440557877959286, 14.98100000000000520 ) ) ;
#4878 = AXIS2_PLACEMENT_3D ( 'NONE', #483, #6629, #1512 ) ;
#4879 = CARTESIAN_POINT ( 'NONE',  ( 15.36285586137772619, 10.18320199282660710, 0.000000000000000000 ) ) ;
#4880 = CARTESIAN_POINT ( 'NONE',  ( -11.93380714760685102, -13.05735525345597914, -5.730600000000001693 ) ) ;
#4881 = CARTESIAN_POINT ( 'NONE',  ( -30.03296279907226207, 0.000000000000000000, 8.631000000000000227 ) ) ;
#4882 = CARTESIAN_POINT ( 'NONE',  ( 28.11328294592867394, 1.509902505737491074, 11.80599999999999916 ) ) ;
#4883 = VECTOR ( 'NONE', #4591, 1000.000000000000000 ) ;
#4884 = CARTESIAN_POINT ( 'NONE',  ( -14.94984990498404542, 0.4166052085571269048, -7.318099999999999383 ) ) ;
#4885 = CARTESIAN_POINT ( 'NONE',  ( -8.830975650700645829, -18.58588475161199938, -8.905599999999997962 ) ) ;
#4886 = ORIENTED_EDGE ( 'NONE', *, *, #3877, .T. ) ;
#4887 = AXIS2_PLACEMENT_3D ( 'NONE', #1797, #4592, #6879 ) ;
#4888 = EDGE_CURVE ( 'NONE', #201, #5733, #4985, .T. ) ;
#4889 = LINE ( 'NONE', #5961, #4753 ) ;
#4890 = CARTESIAN_POINT ( 'NONE',  ( 9.389585754184224697, -18.50967021080312946, -5.730599999999997252 ) ) ;
#4891 = CARTESIAN_POINT ( 'NONE',  ( 1.589364074290111617, -19.94809778261591049, 8.502922979019055391E-15 ) ) ;
#4892 = CARTESIAN_POINT ( 'NONE',  ( 24.41231104288262443, 3.775411083462778983, 14.98100000000006915 ) ) ;
#4893 = CIRCLE ( 'NONE', #1595, 1.499999999999999556 ) ;
#4894 = CARTESIAN_POINT ( 'NONE',  ( -4.038636021049543778, -20.40088165496724670, -8.905600000000001515 ) ) ;
#4895 = EDGE_LOOP ( 'NONE', ( #6107, #43, #4289, #5458 ) ) ;
#4896 = CARTESIAN_POINT ( 'NONE',  ( 26.77142327610766870, 0.1670420277487636440, 14.48099999999999987 ) ) ;
#4897 = ORIENTED_EDGE ( 'NONE', *, *, #3248, .F. ) ;
#4898 = EDGE_CURVE ( 'NONE', #185, #2458, #1477, .T. ) ;
#4899 = CARTESIAN_POINT ( 'NONE',  ( -13.96630737203476613, -8.323106516032535040, -7.829577660754925894 ) ) ;
#4900 = ORIENTED_EDGE ( 'NONE', *, *, #5628, .T. ) ;
#4901 = DIRECTION ( 'NONE',  ( -0.9371590407833582104, 0.3489024681454918064, -0.000000000000000000 ) ) ;
#4902 = ORIENTED_EDGE ( 'NONE', *, *, #2024, .T. ) ;
#4903 = CARTESIAN_POINT ( 'NONE',  ( 6.865131373080640920, 4.724431024794361278, -5.787906000000000439 ) ) ;
#4904 = VERTEX_POINT ( 'NONE', #7099 ) ;
#4905 = DIRECTION ( 'NONE',  ( -0.3805874007937319892, 0.9247449542209307261, -0.000000000000000000 ) ) ;
#4906 = CARTESIAN_POINT ( 'NONE',  ( -6.908491289137258740, 34.65822918375732087, 11.80599999999999206 ) ) ;
#4907 = PLANE ( 'NONE',  #75 ) ;
#4908 = CARTESIAN_POINT ( 'NONE',  ( -8.834550332455131993, -27.80497700742806089, 7.043499999999998984 ) ) ;
#4909 = DIRECTION ( 'NONE',  ( -0.000000000000000000, -0.000000000000000000, -1.000000000000000000 ) ) ;
#4910 = VERTEX_POINT ( 'NONE', #6617 ) ;
#4911 = CARTESIAN_POINT ( 'NONE',  ( -7.874189604955129873, -1.296579135912097946, 0.000000000000000000 ) ) ;
#4912 = PLANE ( 'NONE',  #2297 ) ;
#4913 = CARTESIAN_POINT ( 'NONE',  ( -34.34269062145452267, 4.697388634174215483, 14.98099999999999987 ) ) ;
#4914 = CARTESIAN_POINT ( 'NONE',  ( 10.67358602712828919, -14.28111569867593111, 13.39349999983388528 ) ) ;
#4915 = CARTESIAN_POINT ( 'NONE',  ( 9.144517135047323109, -13.92961173981961309, 10.21850000016612192 ) ) ;
#4916 = CARTESIAN_POINT ( 'NONE',  ( -12.67262692073954611, 8.174926509938069685, -8.905600000000001515 ) ) ;
#4917 = CARTESIAN_POINT ( 'NONE',  ( -14.04148291109211222, -9.487055400407484740, 3.174999999999999822 ) ) ;
#4918 = CARTESIAN_POINT ( 'NONE',  ( -12.27556252960572714, -9.873853818606887600, 8.631000000000000227 ) ) ;
#4919 = EDGE_CURVE ( 'NONE', #1205, #2268, #4237, .T. ) ;
#4920 = CARTESIAN_POINT ( 'NONE',  ( -11.51961056268199002, -3.391863894924190603, 3.174999999999999822 ) ) ;
#4921 = CARTESIAN_POINT ( 'NONE',  ( 2.771976065070752338, -13.90792118376792352, 11.80600000000000271 ) ) ;
#4922 = ORIENTED_EDGE ( 'NONE', *, *, #2889, .F. ) ;
#4923 = DIRECTION ( 'NONE',  ( -1.000000000000000000, 0.000000000000000000, 0.000000000000000000 ) ) ;
#4924 = FACE_OUTER_BOUND ( 'NONE', #2526, .T. ) ;
#4925 = CARTESIAN_POINT ( 'NONE',  ( 12.16856079880803598, -14.54943195631387631, 11.05600000000000271 ) ) ;
#4926 = CARTESIAN_POINT ( 'NONE',  ( 25.29135330922542479, -6.357112028259214398, 11.80600000000000094 ) ) ;
#4927 = CARTESIAN_POINT ( 'NONE',  ( -8.076085479600948247, -18.89102481278431256, -12.77410000000000068 ) ) ;
#4928 = ORIENTED_EDGE ( 'NONE', *, *, #1368, .F. ) ;
#4929 = CARTESIAN_POINT ( 'NONE',  ( 12.18439622302827985, -14.44574217711871533, 13.39350000001534724 ) ) ;
#4930 = CARTESIAN_POINT ( 'NONE',  ( -14.84865981886881947, 1.076030287531293483, -7.318099999999999383 ) ) ;
#4931 = ORIENTED_EDGE ( 'NONE', *, *, #7019, .F. ) ;
#4932 = CARTESIAN_POINT ( 'NONE',  ( -3.852868218153464586, -10.51820357379661175, 11.05600000209201994 ) ) ;
#4933 = FACE_OUTER_BOUND ( 'NONE', #5736, .T. ) ;
#4934 = VERTEX_POINT ( 'NONE', #1428 ) ;
#4935 = CARTESIAN_POINT ( 'NONE',  ( 12.31827784825944327, 2.696517529476480934, -5.730599999999998140 ) ) ;
#4936 = ADVANCED_FACE ( 'NONE', ( #840 ), #3749, .F. ) ;
#4937 = FACE_OUTER_BOUND ( 'NONE', #1242, .T. ) ;
#4938 = CARTESIAN_POINT ( 'NONE',  ( 18.95516000675702628, 22.39092315294194435, 11.80600000000099215 ) ) ;
#4939 = CARTESIAN_POINT ( 'NONE',  ( -12.03545191396669800, -12.93443972541283138, -7.728641457671634463 ) ) ;
#4940 = PLANE ( 'NONE',  #5443 ) ;
#4941 = CARTESIAN_POINT ( 'NONE',  ( -9.710389378681329120, -16.13980075838616557, -7.199914099494806763 ) ) ;
#4942 = ORIENTED_EDGE ( 'NONE', *, *, #1664, .T. ) ;
#4943 = CYLINDRICAL_SURFACE ( 'NONE', #4764, 1.587499999457717248 ) ;
#4944 = EDGE_CURVE ( 'NONE', #7139, #6308, #1467, .T. ) ;
#4945 = CARTESIAN_POINT ( 'NONE',  ( -24.48110990821212596, -3.611575660193429904, 14.98099999999999987 ) ) ;
#4946 = CARTESIAN_POINT ( 'NONE',  ( -7.765330261643532239, 31.60045012614736493, 11.80599999999999383 ) ) ;
#4947 = CARTESIAN_POINT ( 'NONE',  ( -1.965062139854503842, 6.206607571603671936, 0.000000000000000000 ) ) ;
#4948 = CARTESIAN_POINT ( 'NONE',  ( -13.06849237749036341, 5.403292115284559216, -5.730600000000008798 ) ) ;
#4949 = CARTESIAN_POINT ( 'NONE',  ( -2.204894577754121343, -10.96236130471560521, 9.416435412949244466 ) ) ;
#4950 = CARTESIAN_POINT ( 'NONE',  ( -12.33374862152254714, -13.86486266932845446, 3.174999999999999822 ) ) ;
#4951 = CARTESIAN_POINT ( 'NONE',  ( 2.229183074677309584, -13.76562875766001959, 8.631000000000000227 ) ) ;
#4952 = DIRECTION ( 'NONE',  ( -0.9673143870489525620, 0.2535801187161744741, -5.630609727717551074E-17 ) ) ;
#4953 = CARTESIAN_POINT ( 'NONE',  ( 28.63184273261631674, -1.233121942092602064, 14.98099999999999987 ) ) ;
#4955 = EDGE_CURVE ( 'NONE', #5011, #6813, #6300, .T. ) ;
#4954 = ORIENTED_EDGE ( 'NONE', *, *, #3856, .T. ) ;
#4956 = LINE ( 'NONE', #2119, #6156 ) ;
#4957 = CARTESIAN_POINT ( 'NONE',  ( 7.247591421620747099, -19.30586623223458531, -5.730599999999998140 ) ) ;
#4958 = DIRECTION ( 'NONE',  ( -0.3489024681454918064, -0.9371590407833580993, -0.000000000000000000 ) ) ;
#4959 = CARTESIAN_POINT ( 'NONE',  ( 20.73429099352363991, 15.02051468739542806, 11.80599999999999739 ) ) ;
#4960 = CARTESIAN_POINT ( 'NONE',  ( -9.589494263335424762, -9.130963092593336938, 14.98100000000000698 ) ) ;
#4961 = ADVANCED_FACE ( 'NONE', ( #5070 ), #3448, .T. ) ;
#4962 = VERTEX_POINT ( 'NONE', #4444 ) ;
#4963 = CARTESIAN_POINT ( 'NONE',  ( 12.19996726422483846, -14.34378356830246126, 13.38321579339807954 ) ) ;
#4964 = ORIENTED_EDGE ( 'NONE', *, *, #6340, .T. ) ;
#4965 = CARTESIAN_POINT ( 'NONE',  ( -14.29269913100855405, -7.137698134232686620, -7.318099999999999383 ) ) ;
#4966 = ORIENTED_EDGE ( 'NONE', *, *, #6740, .T. ) ;
#4967 = CARTESIAN_POINT ( 'NONE',  ( -7.706093242219577810, -17.33461775995888132, -7.318099999999999383 ) ) ;
#4968 = FACE_OUTER_BOUND ( 'NONE', #2537, .T. ) ;
#4969 = ORIENTED_EDGE ( 'NONE', *, *, #916, .T. ) ;
#4970 = CIRCLE ( 'NONE', #389, 18.51621113172978639 ) ;
#4971 = CARTESIAN_POINT ( 'NONE',  ( 11.01018009628177374, 3.117527569776808338, -5.787905999999996887 ) ) ;
#4972 = CARTESIAN_POINT ( 'NONE',  ( 4.946740465311407320, -11.28620582507872960, 11.05600000000000271 ) ) ;
#4973 = CARTESIAN_POINT ( 'NONE',  ( -21.91443029615336613, 36.00304555153040553, 11.80599999999999206 ) ) ;
#4974 = CARTESIAN_POINT ( 'NONE',  ( 2.771976065070752338, -13.90792118376792352, 11.80600000000000271 ) ) ;
#4975 = AXIS2_PLACEMENT_3D ( 'NONE', #985, #5402, #2022 ) ;
#4976 = CARTESIAN_POINT ( 'NONE',  ( 20.93640320978964908, -3.040034481649638298, -8.905600000000001515 ) ) ;
#4977 = DIRECTION ( 'NONE',  ( -0.000000000000000000, -0.000000000000000000, 1.000000000000000000 ) ) ;
#4978 = VERTEX_POINT ( 'NONE', #6067 ) ;
#4979 = CARTESIAN_POINT ( 'NONE',  ( 18.36224080036274842, 0.04271570447053176650, -5.730599999999999028 ) ) ;
#4980 = VECTOR ( 'NONE', #6001, 1000.000000000000114 ) ;
#4981 = AXIS2_PLACEMENT_3D ( 'NONE', #7270, #6018, #1604 ) ;
#4982 = CARTESIAN_POINT ( 'NONE',  ( 0.000000000000000000, 0.000000000000000000, -11.44909999999999961 ) ) ;
#4983 = CARTESIAN_POINT ( 'NONE',  ( 20.73429099352363991, 15.02051468739542806, 8.630999999999994898 ) ) ;
#4984 = PLANE ( 'NONE',  #4304 ) ;
#4985 = B_SPLINE_CURVE_WITH_KNOTS ( 'NONE', 3,
 ( #2641, #300, #4927, #1574 ),
 .UNSPECIFIED., .F., .F.,
 ( 4, 4 ),
 ( 0.6514030868989224565, 0.6514132336649292032 ),
 .UNSPECIFIED. ) ;
#4986 = VECTOR ( 'NONE', #3587, 1000.000000000000000 ) ;
#4987 = CARTESIAN_POINT ( 'NONE',  ( -33.50011498293680745, 34.60976076831700254, 14.98099999999999099 ) ) ;
#4988 = DIRECTION ( 'NONE',  ( -0.3805874007937319337, 0.9247449542209307261, 0.000000000000000000 ) ) ;
#4989 = UNCERTAINTY_MEASURE_WITH_UNIT (LENGTH_MEASURE( 1.000000000000000082E-05 ), #4136, 'distance_accuracy_value', 'NONE');
#4990 = CARTESIAN_POINT ( 'NONE',  ( -8.363699806147399940, -18.78337021161932086, 3.174999999999999822 ) ) ;
#4991 = CARTESIAN_POINT ( 'NONE',  ( 2.229183074677310028, -13.76562875766001781, 11.80600000000000094 ) ) ;
#4992 = VECTOR ( 'NONE', #1864, 1000.000000000000000 ) ;
#4993 = FACE_BOUND ( 'NONE', #5848, .T. ) ;
#4994 = CARTESIAN_POINT ( 'NONE',  ( -27.11334437784210394, 35.98304491953225437, 11.80599999999999206 ) ) ;
#4995 = ORIENTED_EDGE ( 'NONE', *, *, #2370, .T. ) ;
#4996 = CARTESIAN_POINT ( 'NONE',  ( 7.909062721539013907, 13.25704616563519167, 2.517435969732711776 ) ) ;
#4997 = AXIS2_PLACEMENT_3D ( 'NONE', #2277, #6218, #3390 ) ;
#4998 = CARTESIAN_POINT ( 'NONE',  ( 12.16910334886818568, -14.54587935834384460, 11.80600000000000271 ) ) ;
#4999 = CARTESIAN_POINT ( 'NONE',  ( 6.000000000000000888, 7.347880794884120722E-16, -11.44909999999999961 ) ) ;
#5000 = CARTESIAN_POINT ( 'NONE',  ( -16.48266611867316911, 32.85587203522656097, 11.80599999999999206 ) ) ;
#5001 = CARTESIAN_POINT ( 'NONE',  ( 23.33091368197174020, 13.91566868371786825, 13.39349904687931492 ) ) ;
#5002 = ORIENTED_EDGE ( 'NONE', *, *, #2784, .F. ) ;
#5003 = AXIS2_PLACEMENT_3D ( 'NONE', #1709, #2291, #3958 ) ;
#5004 = DIRECTION ( 'NONE',  ( -0.000000000000000000, 0.000000000000000000, -1.000000000000000000 ) ) ;
#5005 = ORIENTED_EDGE ( 'NONE', *, *, #5787, .T. ) ;
#5006 = CARTESIAN_POINT ( 'NONE',  ( -10.80344840032195819, 7.649930394072396389, -7.318099999999999383 ) ) ;
#5007 = ORIENTED_EDGE ( 'NONE', *, *, #1902, .F. ) ;
#5008 = CARTESIAN_POINT ( 'NONE',  ( -3.852868218153464586, -10.51820357379661353, 9.416435412949244466 ) ) ;
#5009 = CARTESIAN_POINT ( 'NONE',  ( -12.16156008663168286, -8.098945298859339559, -5.730600000000005245 ) ) ;
#5010 = VECTOR ( 'NONE', #4384, 1000.000000000000000 ) ;
#5011 = VERTEX_POINT ( 'NONE', #546 ) ;
#5012 = CARTESIAN_POINT ( 'NONE',  ( -8.297322412242031930, -9.417808785435033414, 10.21850059711605141 ) ) ;
#5013 = CARTESIAN_POINT ( 'NONE',  ( 8.613511381537119149, -12.25033864721264543, 12.55600000000000094 ) ) ;
#5014 = CARTESIAN_POINT ( 'NONE',  ( -5.140174604103816769, -10.17574938492209746, 14.19556458705075919 ) ) ;
#5015 = CARTESIAN_POINT ( 'NONE',  ( -15.00702754229353886, -3.433522867642640364, -5.730599999999999028 ) ) ;
#5016 = FACE_OUTER_BOUND ( 'NONE', #3175, .T. ) ;
#5017 = ORIENTED_EDGE ( 'NONE', *, *, #4105, .T. ) ;
#5018 = CARTESIAN_POINT ( 'NONE',  ( -13.89092137571473984, -8.293294202557374817, -5.730600000000004357 ) ) ;
#5019 = B_SPLINE_CURVE_WITH_KNOTS ( 'NONE', 3,
 ( #3222, #4329, #7190, #6500 ),
 .UNSPECIFIED., .F., .F.,
 ( 4, 4 ),
 ( 0.000000000000000000, 1.000000000000000000 ),
 .UNSPECIFIED. ) ;
#5020 = DIRECTION ( 'NONE',  ( -0.9673143870489526730, 0.2535801187161745851, -5.630609727717553539E-17 ) ) ;
#5021 = EDGE_CURVE ( 'NONE', #3556, #2234, #4659, .T. ) ;
#5022 = CARTESIAN_POINT ( 'NONE',  ( -2.472180545705637389, 30.00936299409639574, 11.80599999999999383 ) ) ;
#5023 = DIRECTION ( 'NONE',  ( 0.3489024681454918064, 0.9371590407833580993, 0.000000000000000000 ) ) ;
#5024 = CARTESIAN_POINT ( 'NONE',  ( 18.73131658590065740, 0.6867990096285736534, -8.905600000000001515 ) ) ;
#5025 = CARTESIAN_POINT ( 'NONE',  ( -9.976889557135237396, 9.964192080244481886, -8.905600000000001515 ) ) ;
#5026 = VERTEX_POINT ( 'NONE', #6692 ) ;
#5027 = CARTESIAN_POINT ( 'NONE',  ( -9.339419351663552860, -18.31344109396468056, -8.905600000000001515 ) ) ;
#5028 = CARTESIAN_POINT ( 'NONE',  ( 5.860127906673534781, 30.35954048764050128, 11.80599999999999383 ) ) ;
#5029 = EDGE_CURVE ( 'NONE', #4978, #6219, #3226, .T. ) ;
#5030 = CARTESIAN_POINT ( 'NONE',  ( -7.522362553998433121, -17.40279457806805397, -7.318099999999999383 ) ) ;
#5031 = CARTESIAN_POINT ( 'NONE',  ( -6.908491289137258740, 34.65822918375732087, 11.80599999999999206 ) ) ;
#5032 = ORIENTED_EDGE ( 'NONE', *, *, #5476, .F. ) ;
#5033 = CARTESIAN_POINT ( 'NONE',  ( 10.92614210560904908, 12.78862863666391014, 2.517435969732711776 ) ) ;
#5034 = DIRECTION ( 'NONE',  ( -1.000000000000000000, 6.453308069673872516E-17, -1.432922240790251711E-32 ) ) ;
#5035 = CARTESIAN_POINT ( 'NONE',  ( 4.565458974024221739, -12.74065372858485290, 11.05600000000000271 ) ) ;
#5036 = CARTESIAN_POINT ( 'NONE',  ( 23.15220087576790675, 9.544644554831304362, 11.80599999999999739 ) ) ;
#5037 = CARTESIAN_POINT ( 'NONE',  ( -3.416773536149415591, 8.803941065497687291, -5.730599999999999028 ) ) ;
#5038 = VERTEX_POINT ( 'NONE', #7 ) ;
#5039 = EDGE_CURVE ( 'NONE', #4135, #3281, #6767, .T. ) ;
#5040 = CARTESIAN_POINT ( 'NONE',  ( 12.28946039665224710, -13.75778580709198451, 10.41935605673391407 ) ) ;
#5041 = ORIENTED_EDGE ( 'NONE', *, *, #227, .F. ) ;
#5042 = DIRECTION ( 'NONE',  ( 0.9999999999939900297, 3.466942130990655369E-06, 0.000000000000000000 ) ) ;
#5043 = ORIENTED_EDGE ( 'NONE', *, *, #724, .T. ) ;
#5044 = CARTESIAN_POINT ( 'NONE',  ( -4.731127180615533945, 10.77136104311253639, -8.905599999999997962 ) ) ;
#5045 = DIRECTION ( 'NONE',  ( 6.550624015266702829E-15, -1.000000000000000000, 0.000000000000000000 ) ) ;
#5046 = ORIENTED_EDGE ( 'NONE', *, *, #5405, .F. ) ;
#5047 = CARTESIAN_POINT ( 'NONE',  ( 16.27235997608165263, 1.161774182865244587, -5.730599999999999028 ) ) ;
#5048 = CARTESIAN_POINT ( 'NONE',  ( 11.48444867788076529, 27.70592705193344329, 11.80599999999999383 ) ) ;
#5049 = CARTESIAN_POINT ( 'NONE',  ( 19.74102292354263355, -15.78402317582673930, 11.80600000000000449 ) ) ;
#5050 = CARTESIAN_POINT ( 'NONE',  ( -14.94217138746559570, -4.126020584592049900, -5.730599999999999916 ) ) ;
#5051 = DIRECTION ( 'NONE',  ( -0.000000000000000000, -0.000000000000000000, -1.000000000000000000 ) ) ;
#5052 = VERTEX_POINT ( 'NONE', #4478 ) ;
#5054 = EDGE_CURVE ( 'NONE', #3625, #6768, #5765, .T. ) ;
#5053 = DIRECTION ( 'NONE',  ( 0.000000000000000000, 0.000000000000000000, 1.000000000000000000 ) ) ;
#5055 = CARTESIAN_POINT ( 'NONE',  ( -13.18165214297908427, -14.16836483496589416, -8.905600000000001515 ) ) ;
#5056 = CARTESIAN_POINT ( 'NONE',  ( 10.04801900769776779, 24.87379885554348746, 11.80599999999999383 ) ) ;
#5057 = CARTESIAN_POINT ( 'NONE',  ( 5.934055386172463642, 13.04683675044151769, -5.730599999999999028 ) ) ;
#5058 = CARTESIAN_POINT ( 'NONE',  ( -6.772800442731742088, -28.57256243734813950, 7.043499999999998984 ) ) ;
#5059 = DIRECTION ( 'NONE',  ( 0.000000000000000000, 0.000000000000000000, 1.000000000000000000 ) ) ;
#5060 = CARTESIAN_POINT ( 'NONE',  ( -12.21055397620565941, -8.384484287925410229, 0.000000000000000000 ) ) ;
#5061 = ORIENTED_EDGE ( 'NONE', *, *, #7209, .T. ) ;
#5062 = CARTESIAN_POINT ( 'NONE',  ( -10.08501403709840005, -17.84847424247017855, -8.905600000000001515 ) ) ;
#5063 = CARTESIAN_POINT ( 'NONE',  ( -4.419640609211103133, -12.01210068695334776, 11.80600000000000271 ) ) ;
#5064 = LINE ( 'NONE', #1126, #3364 ) ;
#5065 = CARTESIAN_POINT ( 'NONE',  ( -36.57734624587926930, 34.39605359592100342, 11.80599999999999206 ) ) ;
#5066 = CARTESIAN_POINT ( 'NONE',  ( 3.766291807603092234, 12.28644048611850614, 2.517435969732711776 ) ) ;
#5067 = CARTESIAN_POINT ( 'NONE',  ( -0.9624376503213158962, -19.84452437752905851, 0.7942348351279164831 ) ) ;
#5068 = CARTESIAN_POINT ( 'NONE',  ( -1.447615242865005314, -21.14772114095298150, -8.905599999999999739 ) ) ;
#5069 = CARTESIAN_POINT ( 'NONE',  ( 3.034299951601163503, -10.69440557877959286, 14.98100000000000520 ) ) ;
#5070 = FACE_OUTER_BOUND ( 'NONE', #560, .T. ) ;
#5071 = ORIENTED_EDGE ( 'NONE', *, *, #4328, .T. ) ;
#5072 = CARTESIAN_POINT ( 'NONE',  ( -12.39606997867933380, -11.17799978209074041, -2.722250084968708794 ) ) ;
#5073 = VERTEX_POINT ( 'NONE', #4114 ) ;
#5074 = CARTESIAN_POINT ( 'NONE',  ( -12.86045340353285660, -10.79710819055097559, -5.730599999999999028 ) ) ;
#5075 = CARTESIAN_POINT ( 'NONE',  ( -14.31223003941308214, 6.325317429439778927, -8.905599999999999739 ) ) ;
#5076 = FACE_OUTER_BOUND ( 'NONE', #3775, .T. ) ;
#5077 = FACE_OUTER_BOUND ( 'NONE', #686, .T. ) ;
#5078 = LINE ( 'NONE', #4048, #5943 ) ;
#5079 = ORIENTED_EDGE ( 'NONE', *, *, #482, .T. ) ;
#5080 = DIRECTION ( 'NONE',  ( 0.9371590407833583214, -0.3489024681454916954, 0.000000000000000000 ) ) ;
#5081 = CYLINDRICAL_SURFACE ( 'NONE', #3569, 2.500000000000000000 ) ;
#5082 = ORIENTED_EDGE ( 'NONE', *, *, #3021, .T. ) ;
#5083 = CARTESIAN_POINT ( 'NONE',  ( -9.255278245542216453, -7.548006739287552946, 12.21734685352278227 ) ) ;
#5084 = EDGE_CURVE ( 'NONE', #732, #2007, #81, .T. ) ;
#5085 = EDGE_CURVE ( 'NONE', #1461, #6551, #6769, .T. ) ;
#5086 = CARTESIAN_POINT ( 'NONE',  ( 8.945847058240147476, 27.23474620158858528, 14.98099999999999810 ) ) ;
#5087 = CIRCLE ( 'NONE', #7202, 3.174999999999999822 ) ;
#5088 = CARTESIAN_POINT ( 'NONE',  ( -45.42288820622445655, 18.78351911223738213, 11.80599999999999561 ) ) ;
#5089 = CARTESIAN_POINT ( 'NONE',  ( 11.49377828653153522, 12.59704495981061534, -5.730599999999999028 ) ) ;
#5090 = CARTESIAN_POINT ( 'NONE',  ( -1.795736547368972591, 6.421610808931544234, 0.000000000000000000 ) ) ;
#5091 = LINE ( 'NONE', #4465, #3694 ) ;
#5092 = CARTESIAN_POINT ( 'NONE',  ( 3.097192760286754165, 7.978681073701757498, -8.905599999999999739 ) ) ;
#5093 = AXIS2_PLACEMENT_3D ( 'NONE', #4352, #2695, #2174 ) ;
#5094 = ORIENTED_EDGE ( 'NONE', *, *, #5039, .F. ) ;
#5095 = CARTESIAN_POINT ( 'NONE',  ( -12.45260510950008737, -9.618601123487151128, 2.517435969732711776 ) ) ;
#5096 = CARTESIAN_POINT ( 'NONE',  ( -19.71033619878698318, -7.218401743463203957, 11.80600000000000271 ) ) ;
#5097 = CARTESIAN_POINT ( 'NONE',  ( -56.07189761964543351, 23.61786509392923961, 8.630999999999994898 ) ) ;
#5098 = CARTESIAN_POINT ( 'NONE',  ( -1.622867371715112528, -12.76438399408419500, 11.80600000000000271 ) ) ;
#5099 = VECTOR ( 'NONE', #478, 1000.000000000000114 ) ;
#5100 = CARTESIAN_POINT ( 'NONE',  ( 15.31557028717734248, 11.12375118178303524, 3.174999999999999822 ) ) ;
#5101 = CARTESIAN_POINT ( 'NONE',  ( 5.089656768021824540, -10.74103297613638830, 13.00400180856847321 ) ) ;
#5102 = CARTESIAN_POINT ( 'NONE',  ( -12.22002286999613752, -8.303848861734206110, -5.730599999999999028 ) ) ;
#5103 = CARTESIAN_POINT ( 'NONE',  ( -3.585675646930079896, -8.948570147270297426, 11.80600000000000271 ) ) ;
#5104 = AXIS2_PLACEMENT_3D ( 'NONE', #4663, #5798, #3632 ) ;
#5105 = CARTESIAN_POINT ( 'NONE',  ( 14.71917428041942699, -15.17523840950907932, 13.39349904687932202 ) ) ;
#5106 = ORIENTED_EDGE ( 'NONE', *, *, #6710, .T. ) ;
#5107 = EDGE_CURVE ( 'NONE', #5705, #2620, #1759, .T. ) ;
#5108 = DIRECTION ( 'NONE',  ( 1.838610492228253069E-16, 4.938544729790589688E-16, 1.000000000000000000 ) ) ;
#5109 = ORIENTED_EDGE ( 'NONE', *, *, #5940, .F. ) ;
#5110 = AXIS2_PLACEMENT_3D ( 'NONE', #2619, #6217, #1485 ) ;
#5111 = CARTESIAN_POINT ( 'NONE',  ( -11.83653967241039062, -7.195971991652622357, 0.000000000000000000 ) ) ;
#5112 = DIRECTION ( 'NONE',  ( -0.3489024681454919175, -0.9371590407833582104, 0.000000000000000000 ) ) ;
#5113 = LINE ( 'NONE', #47, #6851 ) ;
#5114 = CARTESIAN_POINT ( 'NONE',  ( 9.144517133130040776, -13.92961174789073020, 11.05600000000000271 ) ) ;
#5115 = CARTESIAN_POINT ( 'NONE',  ( 3.425021620686001800, 6.148359292938955001, -5.730599999999999028 ) ) ;
#5116 = AXIS2_PLACEMENT_3D ( 'NONE', #1948, #2486, #2110 ) ;
#5117 = ORIENTED_EDGE ( 'NONE', *, *, #6172, .F. ) ;
#5118 = EDGE_CURVE ( 'NONE', #2778, #218, #1792, .T. ) ;
#5119 = CARTESIAN_POINT ( 'NONE',  ( 8.592382235092802745, 14.87245495631250769, 8.631000000000000227 ) ) ;
#5120 = CARTESIAN_POINT ( 'NONE',  ( 0.000000000000000000, 0.000000000000000000, -7.949100000000000499 ) ) ;
#5121 = CIRCLE ( 'NONE', #2890, 0.7499999999999996669 ) ;
#5122 = EDGE_LOOP ( 'NONE', ( #3526, #172, #4690, #1277 ) ) ;
#5123 = CARTESIAN_POINT ( 'NONE',  ( -0.8385945378856853871, 7.636953555415630035, -0.000000000000000000 ) ) ;
#5124 = CIRCLE ( 'NONE', #3480, 1.499999999999999556 ) ;
#5125 = DIRECTION ( 'NONE',  ( -0.3489024681454919175, -0.9371590407833583214, 0.000000000000000000 ) ) ;
#5126 = ADVANCED_FACE ( 'NONE', ( #649 ), #4162, .F. ) ;
#5127 = CARTESIAN_POINT ( 'NONE',  ( -18.57456196277539817, -4.252665149888139595, 8.631000000000177863 ) ) ;
#5128 = CARTESIAN_POINT ( 'NONE',  ( 7.202779167234852231, 13.23207438966029592, -5.730599999999999028 ) ) ;
#5129 = DIRECTION ( 'NONE',  ( -0.9673143870489525620, 0.2535801187161745296, -6.056018956362829774E-17 ) ) ;
#5130 = CARTESIAN_POINT ( 'NONE',  ( 16.48892947211941618, 1.782833090635972839, -8.905600000000001515 ) ) ;
#5131 = CARTESIAN_POINT ( 'NONE',  ( -12.33251287978180954, -8.932404259798683910, -0.05150415349195776316 ) ) ;
#5132 = ORIENTED_EDGE ( 'NONE', *, *, #1020, .T. ) ;
#5133 = DIRECTION ( 'NONE',  ( 0.000000000000000000, 0.000000000000000000, -1.000000000000000000 ) ) ;
#5134 = DIRECTION ( 'NONE',  ( -0.000000000000000000, -0.000000000000000000, -1.000000000000000000 ) ) ;
#5135 = CARTESIAN_POINT ( 'NONE',  ( 3.925000000000011813, 0.000000000000000000, 3.756000000000000671 ) ) ;
#5136 = CARTESIAN_POINT ( 'NONE',  ( -9.615768839047843741, -10.70413264034995748, 14.98100000000000520 ) ) ;
#5137 = CARTESIAN_POINT ( 'NONE',  ( 19.00204440975599951, 3.936513636352596102, 2.517435969732711776 ) ) ;
#5138 = CARTESIAN_POINT ( 'NONE',  ( 2.051626792960399737, 11.10423661856331456, 0.000000000000000000 ) ) ;
#5139 = CARTESIAN_POINT ( 'NONE',  ( 33.22189427995051147, -0.5000000000000005551, 14.48099999999999987 ) ) ;
#5140 = EDGE_CURVE ( 'NONE', #5528, #5656, #832, .T. ) ;
#5141 = CARTESIAN_POINT ( 'NONE',  ( 25.29135330922542479, -6.357112028259214398, 8.631000000000000227 ) ) ;
#5142 = EDGE_CURVE ( 'NONE', #809, #3307, #5954, .T. ) ;
#5143 = CARTESIAN_POINT ( 'NONE',  ( -7.696762300786941680, 9.074866323787089684, 0.000000000000000000 ) ) ;
#5144 = ORIENTED_EDGE ( 'NONE', *, *, #5980, .T. ) ;
#5145 = CARTESIAN_POINT ( 'NONE',  ( 2.914358635773569794, 29.94036153015169432, 13.39349904687931314 ) ) ;
#5146 = DIRECTION ( 'NONE',  ( -0.9376207038377022407, 0.3476599139027848340, 0.000000000000000000 ) ) ;
#5147 = VERTEX_POINT ( 'NONE', #5319 ) ;
#5148 = CARTESIAN_POINT ( 'NONE',  ( -13.66721184906931796, -7.694262184550286321, 8.631000000000002004 ) ) ;
#5149 = LINE ( 'NONE', #4084, #289 ) ;
#5150 = FACE_OUTER_BOUND ( 'NONE', #2086, .T. ) ;
#5151 = CARTESIAN_POINT ( 'NONE',  ( 12.16856079880803598, -14.54943195631387631, 11.05600000000000271 ) ) ;
#5152 = FACE_BOUND ( 'NONE', #4229, .T. ) ;
#5153 = ORIENTED_EDGE ( 'NONE', *, *, #6015, .T. ) ;
#5154 = CARTESIAN_POINT ( 'NONE',  ( 16.56184815283848621, 11.32367155639641432, 8.631000000000000227 ) ) ;
#5155 = CARTESIAN_POINT ( 'NONE',  ( 28.63184273261631674, -1.233121942092601619, 11.80600000000000094 ) ) ;
#5156 = CARTESIAN_POINT ( 'NONE',  ( 20.93663917186206191, -0.9952720431907278176, -8.905599999999999739 ) ) ;
#5157 = EDGE_CURVE ( 'NONE', #1529, #6329, #3598, .T. ) ;
#5158 = VERTEX_POINT ( 'NONE', #2084 ) ;
#5159 = CARTESIAN_POINT ( 'NONE',  ( -4.922295945821547392, 9.206671115927091975, -5.730599999999997252 ) ) ;
#5160 = CARTESIAN_POINT ( 'NONE',  ( -1.868502313221988453, -15.39951910751302577, 7.043499999999998984 ) ) ;
#5161 = CARTESIAN_POINT ( 'NONE',  ( -45.15773347201727006, 24.57605692322762181, 8.630999999999954042 ) ) ;
#5162 = CARTESIAN_POINT ( 'NONE',  ( -3.030030175635520351, -10.74447544034259572, 12.55599999790798549 ) ) ;
#5163 = CARTESIAN_POINT ( 'NONE',  ( -18.90414476090749574, 34.44591281815267791, 10.21850029855801623 ) ) ;
#5164 = ORIENTED_EDGE ( 'NONE', *, *, #3090, .F. ) ;
#5165 = CARTESIAN_POINT ( 'NONE',  ( 20.92266734777798831, -0.7550195714615791642, -15.44909999999999961 ) ) ;
#5166 = ORIENTED_EDGE ( 'NONE', *, *, #3491, .T. ) ;
#5167 = CARTESIAN_POINT ( 'NONE',  ( -10.69595452903848454, -15.18652511254911275, 2.517435969732711776 ) ) ;
#5168 = CARTESIAN_POINT ( 'NONE',  ( -30.54033267322048317, 35.95643332430391581, 11.80599999999999206 ) ) ;
#5169 = EDGE_CURVE ( 'NONE', #6317, #3465, #1361, .T. ) ;
#5170 = CARTESIAN_POINT ( 'NONE',  ( -9.686569714830211453, -9.023495132595190427, 10.21850029864089038 ) ) ;
#5171 = CARTESIAN_POINT ( 'NONE',  ( -12.27556252960572714, -9.873853818606887600, 14.98100000000000520 ) ) ;
#5172 = CARTESIAN_POINT ( 'NONE',  ( 7.909062721539013907, 13.25704616563519167, 1.587499999999999911 ) ) ;
#5173 = CARTESIAN_POINT ( 'NONE',  ( -1.447615242865005314, -21.14772114095298150, -15.44909999999999961 ) ) ;
#5174 = CARTESIAN_POINT ( 'NONE',  ( -11.48658944705459106, -6.436629345929392620, 1.587499999999999911 ) ) ;
#5175 = CARTESIAN_POINT ( 'NONE',  ( -0.8187890121307411784, -9.692814478654074861, 11.80600000000000271 ) ) ;
#5176 = ORIENTED_EDGE ( 'NONE', *, *, #4443, .F. ) ;
#5177 = CARTESIAN_POINT ( 'NONE',  ( -3.429443744414331974, 8.808644534118453606, 0.000000000000000000 ) ) ;
#5178 = VERTEX_POINT ( 'NONE', #6985 ) ;
#5179 = ADVANCED_FACE ( 'NONE', ( #5361 ), #5989, .T. ) ;
#5180 = CARTESIAN_POINT ( 'NONE',  ( -9.980928426614553928, -3.712040879882080091, 2.291040582537613002 ) ) ;
#5181 = CARTESIAN_POINT ( 'NONE',  ( -6.772800442731742976, -28.57256243734813950, 8.631000000000000227 ) ) ;
#5182 = VERTEX_POINT ( 'NONE', #4779 ) ;
#5183 = LINE ( 'NONE', #4155, #4037 ) ;
#5184 = CARTESIAN_POINT ( 'NONE',  ( -7.197681996048514996, 10.76159772008344540, -8.905599999999997962 ) ) ;
#5185 = CARTESIAN_POINT ( 'NONE',  ( 14.89387173257804875, 10.61803224443205629, 1.587499999999999911 ) ) ;
#5186 = CARTESIAN_POINT ( 'NONE',  ( 10.67358603180522358, -14.28111567599690090, 11.05600000000000271 ) ) ;
#5187 = FACE_OUTER_BOUND ( 'NONE', #2860, .T. ) ;
#5188 = ORIENTED_EDGE ( 'NONE', *, *, #2954, .T. ) ;
#5189 = CARTESIAN_POINT ( 'NONE',  ( 20.93663917186202994, 1.726690403590434686, 8.631000000000000227 ) ) ;
#5190 = CARTESIAN_POINT ( 'NONE',  ( -9.669967158880709235, 35.40818001634448819, 14.98100000000004783 ) ) ;
#5191 = PLANE ( 'NONE',  #739 ) ;
#5192 = EDGE_LOOP ( 'NONE', ( #3571, #582, #6319, #6700 ) ) ;
#5193 = DIRECTION ( 'NONE',  ( 0.000000000000000000, 0.000000000000000000, 1.000000000000000000 ) ) ;
#5194 = CARTESIAN_POINT ( 'NONE',  ( -12.92405896150109434, -14.71937780238395632, -15.44909999999999961 ) ) ;
#5195 = CARTESIAN_POINT ( 'NONE',  ( -7.765330261643532239, 31.60045012614736493, 8.630999999999989569 ) ) ;
#5196 = CARTESIAN_POINT ( 'NONE',  ( 2.499390839117278329, 11.49427392629204014, -5.730599999999999028 ) ) ;
#5197 = FACE_OUTER_BOUND ( 'NONE', #2761, .T. ) ;
#5198 = CARTESIAN_POINT ( 'NONE',  ( 25.33973514159382034, 8.069949888297896834, 10.21850059711604786 ) ) ;
#5199 = CARTESIAN_POINT ( 'NONE',  ( 16.84304982582465726, 2.659214079982014756, -8.905600000000001515 ) ) ;
#5200 = EDGE_LOOP ( 'NONE', ( #4280, #1475 ) ) ;
#5201 = CARTESIAN_POINT ( 'NONE',  ( -11.77593238460976011, -5.576231961186020492, 3.174999999999999822 ) ) ;
#5202 = DIRECTION ( 'NONE',  ( 0.4852126547404278512, 0.5388224990356290656, 0.6886501246734409998 ) ) ;
#5203 = VECTOR ( 'NONE', #4525, 1000.000000000000000 ) ;
#5204 = CARTESIAN_POINT ( 'NONE',  ( 17.31683298567220675, 7.847085800643603726, 0.000000000000000000 ) ) ;
#5205 = CARTESIAN_POINT ( 'NONE',  ( -10.52473805582482669, -10.44028279238031764, 14.98100000000000520 ) ) ;
#5206 = ADVANCED_FACE ( 'NONE', ( #4228, #6471 ), #328, .T. ) ;
#5207 = AXIS2_PLACEMENT_3D ( 'NONE', #1217, #160, #4532 ) ;
#5208 = CARTESIAN_POINT ( 'NONE',  ( -16.65746720359356559, -2.548208754440649315, -15.44909999999999961 ) ) ;
#5209 = FACE_BOUND ( 'NONE', #6693, .T. ) ;
#5210 = CARTESIAN_POINT ( 'NONE',  ( -7.995319230445771197, -17.21320990794778538, 1.587499999999999911 ) ) ;
#5211 = CARTESIAN_POINT ( 'NONE',  ( 23.15220087576790675, 9.544644554831304362, 8.630999999999994898 ) ) ;
#5212 = VERTEX_POINT ( 'NONE', #2016 ) ;
#5213 = DIRECTION ( 'NONE',  ( 0.9365755866207732261, -0.3504656481681976965, 0.000000000000000000 ) ) ;
#5214 = ORIENTED_EDGE ( 'NONE', *, *, #3370, .F. ) ;
#5215 = CARTESIAN_POINT ( 'NONE',  ( 6.000000000000000888, -7.347880794884120722E-16, 14.48099999999999987 ) ) ;
#5216 = DIRECTION ( 'NONE',  ( -0.3476599139027853336, -0.9376207038377022407, 0.000000000000000000 ) ) ;
#5217 = VERTEX_POINT ( 'NONE', #4263 ) ;
#5218 = CARTESIAN_POINT ( 'NONE',  ( -1.169984487269735141, -11.23817251630137015, 8.631000000000002004 ) ) ;
#5219 = VECTOR ( 'NONE', #1609, 1000.000000000000000 ) ;
#5220 = CARTESIAN_POINT ( 'NONE',  ( -11.91896851475473440, -13.08471255831795332, -7.318099999999999383 ) ) ;
#5221 = CARTESIAN_POINT ( 'NONE',  ( 0.3806793846580737162, -16.23688503106220438, -12.77410000000000068 ) ) ;
#5222 = CARTESIAN_POINT ( 'NONE',  ( 14.25591115432990641, 24.17868099317643171, 8.630999999999994898 ) ) ;
#5223 = ORIENTED_EDGE ( 'NONE', *, *, #3724, .F. ) ;
#5224 = VECTOR ( 'NONE', #575, 1000.000000000000000 ) ;
#5225 = CARTESIAN_POINT ( 'NONE',  ( 18.06285638181418207, 9.636161558233819591, 3.174999999999999822 ) ) ;
#5226 = CARTESIAN_POINT ( 'NONE',  ( -27.11334437784210039, 35.98304491953225437, 14.98099999999999454 ) ) ;
#5227 = CARTESIAN_POINT ( 'NONE',  ( 11.69295195454034797, 12.50472571346611517, 0.000000000000000000 ) ) ;
#5228 = CIRCLE ( 'NONE', #759, 2.500000000000000000 ) ;
#5229 = ORIENTED_EDGE ( 'NONE', *, *, #3780, .T. ) ;
#5231 = EDGE_CURVE ( 'NONE', #5399, #3230, #1243, .T. ) ;
#5230 = CARTESIAN_POINT ( 'NONE',  ( -1.154864917356221987, -10.32993118863620019, 5.550900000000003054 ) ) ;
#5232 = CARTESIAN_POINT ( 'NONE',  ( -13.24549356546004653, -14.03251783857460744, -15.44909999999999961 ) ) ;
#5233 = CARTESIAN_POINT ( 'NONE',  ( -8.789758684990994553, -7.637995023984107235, 8.631000000000000227 ) ) ;
#5234 = AXIS2_PLACEMENT_3D ( 'NONE', #6305, #4098, #6857 ) ;
#5235 = CARTESIAN_POINT ( 'NONE',  ( -2.204894577754121343, -10.96236130471560521, 9.416435412949244466 ) ) ;
#5236 = FACE_OUTER_BOUND ( 'NONE', #6462, .T. ) ;
#5237 = CARTESIAN_POINT ( 'NONE',  ( 14.25586860289650559, 24.17862009158087133, 10.21850030203495052 ) ) ;
#5238 = EDGE_LOOP ( 'NONE', ( #257, #6549, #1836, #3783 ) ) ;
#5239 = CARTESIAN_POINT ( 'NONE',  ( -8.825214408935632804, -16.80551438950678289, 1.587499999999999911 ) ) ;
#5240 = CARTESIAN_POINT ( 'NONE',  ( -6.092761286508818763, -9.907193276350634292, 10.21850059711605141 ) ) ;
#5241 = VECTOR ( 'NONE', #538, 1000.000000000000000 ) ;
#5242 = CARTESIAN_POINT ( 'NONE',  ( -23.43310772915992146, 34.30224345088092974, 8.630999999999993122 ) ) ;
#5243 = CARTESIAN_POINT ( 'NONE',  ( -7.829001583366465233, -11.15330637801602798, 14.98100000000000520 ) ) ;
#5244 = B_SPLINE_CURVE_WITH_KNOTS ( 'NONE', 3,
 ( #2787, #1090, #6726, #1057, #7200, #436, #1682 ),
 .UNSPECIFIED., .F., .F.,
 ( 4, 1, 1, 1, 4 ),
 ( 0.9591136850555620486, 0.9624617319795163439, 0.9786655502696219866, 0.9948693685597326253, 1.000000000000000000 ),
 .UNSPECIFIED. ) ;
#5245 = EDGE_CURVE ( 'NONE', #5546, #208, #5957, .T. ) ;
#5246 = DIRECTION ( 'NONE',  ( -0.3489024681454918064, -0.9371590407833580993, -0.000000000000000000 ) ) ;
#5247 = CARTESIAN_POINT ( 'NONE',  ( -12.04953527092789045, 7.483063852351992118, -8.905600000000001515 ) ) ;
#5248 = CARTESIAN_POINT ( 'NONE',  ( 1.364381787387329625, 10.41790534419841485, 1.587499999999999911 ) ) ;
#5249 = CARTESIAN_POINT ( 'NONE',  ( -8.825214408934927590, -16.80551438950678289, -5.730599999999999028 ) ) ;
#5250 = CARTESIAN_POINT ( 'NONE',  ( -45.68751235600759486, 22.77985263037423636, 11.80599999999999383 ) ) ;
#5251 = ORIENTED_EDGE ( 'NONE', *, *, #780, .T. ) ;
#5252 = ADVANCED_FACE ( 'NONE', ( #3812 ), #1016, .T. ) ;
#5253 = CARTESIAN_POINT ( 'NONE',  ( -7.139688768580557010, 9.184898826891243928, 0.000000000000000000 ) ) ;
#5254 = CARTESIAN_POINT ( 'NONE',  ( 20.63813417200849187, 0.1857865252190112892, -8.905600000000001515 ) ) ;
#5255 = CARTESIAN_POINT ( 'NONE',  ( -12.43401154606373105, -10.75674105478519671, -0.8031758334816772038 ) ) ;
#5256 = ORIENTED_EDGE ( 'NONE', *, *, #2024, .F. ) ;
#5257 = ADVANCED_FACE ( 'NONE', ( #6759 ), #111, .F. ) ;
#5258 = CARTESIAN_POINT ( 'NONE',  ( 13.37946653372179817, -14.88795007389530944, 8.631000000000003780 ) ) ;
#5259 = CARTESIAN_POINT ( 'NONE',  ( -7.570452848992600181, -17.38489065580179371, -7.318099999999999383 ) ) ;
#5260 = CARTESIAN_POINT ( 'NONE',  ( 5.934055386172462754, 13.04683675044269719, 1.587499999999999911 ) ) ;
#5261 = CARTESIAN_POINT ( 'NONE',  ( -7.523023809546844021, -17.40196944586107364, 1.587499999999999911 ) ) ;
#5262 = EDGE_CURVE ( 'NONE', #1032, #4873, #4508, .T. ) ;
#5263 = ORIENTED_EDGE ( 'NONE', *, *, #247, .T. ) ;
#5264 = CARTESIAN_POINT ( 'NONE',  ( 1.590095103986527647, -19.94836994353445903, 0.8524761424936002641 ) ) ;
#5265 = CARTESIAN_POINT ( 'NONE',  ( 3.313884498999439376, -14.05062876676627681, 14.98100000000006560 ) ) ;
#5266 = CARTESIAN_POINT ( 'NONE',  ( -18.90414476090749574, 34.44591281815267791, 10.21850029855801623 ) ) ;
#5267 = CARTESIAN_POINT ( 'NONE',  ( 19.29152760595173532, 7.651697877912195800, 3.174999999999999822 ) ) ;
#5268 = VERTEX_POINT ( 'NONE', #2224 ) ;
#5269 = CARTESIAN_POINT ( 'NONE',  ( 20.94388675655208587, -0.9952723110954685426, -8.905600000000001515 ) ) ;
#5270 = CARTESIAN_POINT ( 'NONE',  ( -14.92656653629867591, -4.225130301442208136, -8.248035969732711692 ) ) ;
#5271 = CARTESIAN_POINT ( 'NONE',  ( 3.313884498999439376, -14.05062876676627681, 11.80600000000012528 ) ) ;
#5272 = CARTESIAN_POINT ( 'NONE',  ( -3.657299401794418259, -9.794080435372821469, 11.80600000000000271 ) ) ;
#5273 = CARTESIAN_POINT ( 'NONE',  ( -1.447615242865006202, -21.14772114095298150, 7.043499999999999872 ) ) ;
#5274 = CARTESIAN_POINT ( 'NONE',  ( -4.229680485270201906, 3.331080792520063838, -8.392798589917475082E-26 ) ) ;
#5275 = CARTESIAN_POINT ( 'NONE',  ( 0.000000000000000000, 0.000000000000000000, -11.44909999999999961 ) ) ;
#5276 = ADVANCED_FACE ( 'NONE', ( #6608, #6094, #1638, #1052, #4993 ), #2189, .T. ) ;
#5277 = ORIENTED_EDGE ( 'NONE', *, *, #2723, .F. ) ;
#5278 = CARTESIAN_POINT ( 'NONE',  ( 14.25591115432990641, 24.17868099317643171, 8.630999999999994898 ) ) ;
#5279 = CARTESIAN_POINT ( 'NONE',  ( -3.634024352127970925, -10.58222667935891792, 8.631000000000000227 ) ) ;
#5280 = EDGE_CURVE ( 'NONE', #2152, #5011, #3334, .T. ) ;
#5281 = CARTESIAN_POINT ( 'NONE',  ( -8.565050193019002833, -16.92647862052221797, -7.318099999999999383 ) ) ;
#5282 = CARTESIAN_POINT ( 'NONE',  ( 25.01005285694784774, 0.8374367091048500189, 14.98099999999997323 ) ) ;
#5283 = CARTESIAN_POINT ( 'NONE',  ( 9.194136917260884445, 13.16614395657154546, 1.587499999999999911 ) ) ;
#5284 = CARTESIAN_POINT ( 'NONE',  ( -15.21791147450650961, 2.354522071221221147, -8.905600000000001515 ) ) ;
#5285 = CARTESIAN_POINT ( 'NONE',  ( 7.909062721539013907, 13.25704616563519167, 1.587499999999999911 ) ) ;
#5286 = DIRECTION ( 'NONE',  ( 0.3618405788679778801, 0.9322399881385086129, 0.000000000000000000 ) ) ;
#5287 = CARTESIAN_POINT ( 'NONE',  ( -39.73768208424983328, 9.451145619418197086, 8.630999999999994898 ) ) ;
#5288 = DIRECTION ( 'NONE',  ( 0.000000000000000000, 0.000000000000000000, 1.000000000000000000 ) ) ;
#5289 = CARTESIAN_POINT ( 'NONE',  ( 12.58662062826656047, 25.34497970708189740, 13.39349904687931669 ) ) ;
#5290 = CARTESIAN_POINT ( 'NONE',  ( 9.538187994936750513, -14.02390435486695885, 13.39349999983439155 ) ) ;
#5291 = VERTEX_POINT ( 'NONE', #5030 ) ;
#5292 = FACE_OUTER_BOUND ( 'NONE', #4837, .T. ) ;
#5293 = CARTESIAN_POINT ( 'NONE',  ( -11.73804094493875816, -13.50742943260773110, -7.318099999999999383 ) ) ;
#5294 = CARTESIAN_POINT ( 'NONE',  ( 2.870011529899069824, 11.75559239679222401, 1.587499999999999911 ) ) ;
#5295 = CARTESIAN_POINT ( 'NONE',  ( -10.52473805582482669, -10.44028279238031764, 14.98100000000000520 ) ) ;
#5296 = ORIENTED_EDGE ( 'NONE', *, *, #5142, .T. ) ;
#5297 = CARTESIAN_POINT ( 'NONE',  ( -30.03296279907226207, 0.000000000000000000, 10.21850059711604963 ) ) ;
#5298 = CARTESIAN_POINT ( 'NONE',  ( 17.23119601743744411, -16.31721190939495614, 14.98100000000000520 ) ) ;
#5299 = CARTESIAN_POINT ( 'NONE',  ( -18.89888435792380861, 32.85861777811342677, 11.80599999999999206 ) ) ;
#5300 = LINE ( 'NONE', #1961, #1602 ) ;
#5301 = VERTEX_POINT ( 'NONE', #7235 ) ;
#5302 = CARTESIAN_POINT ( 'NONE',  ( 19.19388020387350835, -0.6398805656995830704, -8.248035969732711692 ) ) ;
#5303 = CARTESIAN_POINT ( 'NONE',  ( -13.08427867658433108, 5.346220250491162673, -7.318099999999999383 ) ) ;
#5304 = CARTESIAN_POINT ( 'NONE',  ( -43.06915103936022859, 31.30670315768118428, 8.631000000000105032 ) ) ;
#5305 = B_SPLINE_CURVE_WITH_KNOTS ( 'NONE', 3,
 ( #6998, #1432, #4166, #6926, #1881, #233, #2496, #844, #6411, #1959, #3683, #7068, #1366, #3614, #5857, #3093 ),
 .UNSPECIFIED., .F., .F.,
 ( 4, 1, 1, 1, 1, 1, 1, 1, 1, 1, 1, 1, 1, 4 ),
 ( 0.01685922564489741524, 0.05468749999998194500, 0.07421874999997318811, 0.09765624999996203037, 0.1210937499999512473, 0.1406249999998561706, 0.1640624999999311662, 0.1835937499999220623, 0.2031249999999141798, 0.2265624999999091282, 0.2460937499998928357, 0.2656249999998837041, 0.2812499999998762656, 0.3007812499997384315 ),
 .UNSPECIFIED. ) ;
#5306 = DIRECTION ( 'NONE',  ( 0.000000000000000000, 0.000000000000000000, 1.000000000000000000 ) ) ;
#5307 = CARTESIAN_POINT ( 'NONE',  ( -1.992131084814884545, -12.15232812806215712, 7.043500000000000760 ) ) ;
#5308 = CARTESIAN_POINT ( 'NONE',  ( -9.185092538057080702, -16.53977487947874181, -7.318099999999999383 ) ) ;
#5309 = ORIENTED_EDGE ( 'NONE', *, *, #6701, .F. ) ;
#5310 = ADVANCED_FACE ( 'NONE', ( #465 ), #3298, .F. ) ;
#5311 = CYLINDRICAL_SURFACE ( 'NONE', #2163, 0.5000000000000000000 ) ;
#5312 = CARTESIAN_POINT ( 'NONE',  ( -9.586657712543104282, -16.24503456457990680, -8.248035969732711692 ) ) ;
#5313 = CARTESIAN_POINT ( 'NONE',  ( -14.69498572060141584, 32.80257204133727100, 14.98099999999996257 ) ) ;
#5314 = CARTESIAN_POINT ( 'NONE',  ( -16.25141662937646458, 2.067441825061092420, -15.44909999999999961 ) ) ;
#5315 = CARTESIAN_POINT ( 'NONE',  ( -15.55426807168943704, -8.370299957909173472, -8.905600000000001515 ) ) ;
#5316 = FACE_OUTER_BOUND ( 'NONE', #4589, .T. ) ;
#5317 = CARTESIAN_POINT ( 'NONE',  ( -16.61196196253316160, -3.358108760128377668, -8.905599999999997962 ) ) ;
#5318 = CARTESIAN_POINT ( 'NONE',  ( 28.74950554974190808, -2.214734616449840487, 8.630999999999982464 ) ) ;
#5319 = CARTESIAN_POINT ( 'NONE',  ( 1.589729586350276502, -19.94823386702496748, -5.730599999999999028 ) ) ;
#5320 = ORIENTED_EDGE ( 'NONE', *, *, #5021, .F. ) ;
#5321 = CARTESIAN_POINT ( 'NONE',  ( -1.501048752687703436, 33.03278635709281730, 11.80599999999999206 ) ) ;
#5322 = AXIS2_PLACEMENT_3D ( 'NONE', #3829, #5045, #6216 ) ;
#5323 = CARTESIAN_POINT ( 'NONE',  ( -12.39956889616699343, -11.14763082877436062, -2.512628931827958212 ) ) ;
#5324 = ORIENTED_EDGE ( 'NONE', *, *, #5589, .T. ) ;
#5325 = DIRECTION ( 'NONE',  ( -0.9371590407833582104, 0.3489024681454918619, 0.000000000000000000 ) ) ;
#5326 = CARTESIAN_POINT ( 'NONE',  ( -8.998819715029162225, -16.66378078452587630, -7.318099999999999383 ) ) ;
#5327 = CARTESIAN_POINT ( 'NONE',  ( 3.174999999999999822, 3.888253587292845095E-16, -8.949100000000001387 ) ) ;
#5328 = CARTESIAN_POINT ( 'NONE',  ( 25.20082822569305137, -0.01930093290845598039, 14.98099999999999987 ) ) ;
#5329 = VECTOR ( 'NONE', #5745, 1000.000000000000000 ) ;
#5330 = EDGE_CURVE ( 'NONE', #1205, #454, #200, .T. ) ;
#5331 = CARTESIAN_POINT ( 'NONE',  ( 9.274227132467789403, -25.34591746078285723, -8.905600000000001515 ) ) ;
#5332 = EDGE_LOOP ( 'NONE', ( #1253, #4593, #4372, #4402, #2393 ) ) ;
#5333 = CARTESIAN_POINT ( 'NONE',  ( -5.827231276178006070, -19.72725758890293690, 8.631000000000000227 ) ) ;
#5335 = CARTESIAN_POINT ( 'NONE',  ( 25.48455371229664124, 12.54643094582652729, 14.98099999999999987 ) ) ;
#5334 = B_SPLINE_CURVE_WITH_KNOTS ( 'NONE', 3,
 ( #1534, #1991, #881, #2123 ),
 .UNSPECIFIED., .F., .F.,
 ( 4, 4 ),
 ( 0.000000000000000000, 1.000000000000000000 ),
 .UNSPECIFIED. ) ;
#5336 = AXIS2_PLACEMENT_3D ( 'NONE', #6954, #258, #6989 ) ;
#5337 = CARTESIAN_POINT ( 'NONE',  ( 19.34890321087421228, -0.9952133531469472549, -7.318099999999999383 ) ) ;
#5338 = CARTESIAN_POINT ( 'NONE',  ( 20.93663915456070512, 2.927722530390474365, 3.174999999999999822 ) ) ;
#5339 = ORIENTED_EDGE ( 'NONE', *, *, #2723, .T. ) ;
#5340 = CARTESIAN_POINT ( 'NONE',  ( 19.34888664869855646, -0.8583813857253443924, -7.318099999999998495 ) ) ;
#5341 = VECTOR ( 'NONE', #6939, 1000.000000000000000 ) ;
#5342 = CARTESIAN_POINT ( 'NONE',  ( -3.405855749582381797, 8.799896514024604599, -7.318099999999999383 ) ) ;
#5343 = CARTESIAN_POINT ( 'NONE',  ( 10.86804480477624857, -15.96762004994088713, 11.80600000000000449 ) ) ;
#5344 = CARTESIAN_POINT ( 'NONE',  ( -8.081034836858339787, -9.002409082874351043, 11.05596718551655400 ) ) ;
#5345 = CARTESIAN_POINT ( 'NONE',  ( 7.754278138792708219, -13.57932890675671800, 11.05600000000000271 ) ) ;
#5346 = DIRECTION ( 'NONE',  ( -0.3489024681454919175, -0.9371590407833583214, 0.000000000000000000 ) ) ;
#5347 = CIRCLE ( 'NONE', #2289, 1.499999999999999556 ) ;
#5348 = CARTESIAN_POINT ( 'NONE',  ( -10.94507972258137585, -14.84553058644234014, -7.318099999999999383 ) ) ;
#5349 = VERTEX_POINT ( 'NONE', #5538 ) ;
#5350 = CARTESIAN_POINT ( 'NONE',  ( 16.34252431190909149, 22.72080760079458983, 8.630999999999996675 ) ) ;
#5351 = CARTESIAN_POINT ( 'NONE',  ( 20.93663917186177414, -3.040034490371314568, 3.174999999999999822 ) ) ;
#5352 = EDGE_CURVE ( 'NONE', #2152, #3424, #5064, .T. ) ;
#5353 = CIRCLE ( 'NONE', #3002, 1.984375000000000000 ) ;
#5354 = FACE_OUTER_BOUND ( 'NONE', #1112, .T. ) ;
#5355 = CARTESIAN_POINT ( 'NONE',  ( -7.106860689915234452, -8.061057165503743960, 14.98100000000000165 ) ) ;
#5356 = CARTESIAN_POINT ( 'NONE',  ( -3.359818025705341160, 8.954186106762795916, -8.021761577418176969 ) ) ;
#5357 = CARTESIAN_POINT ( 'NONE',  ( -16.63745931535508760, -0.6559562539159523586, -8.905600000000001515 ) ) ;
#5358 = CIRCLE ( 'NONE', #7238, 1.499999999999999556 ) ;
#5359 = CARTESIAN_POINT ( 'NONE',  ( -15.88733970060773615, -7.341554013162784997, -8.905599999999997962 ) ) ;
#5360 = CARTESIAN_POINT ( 'NONE',  ( -1.501048752687702992, 33.03278635709281730, 8.630999999999989569 ) ) ;
#5361 = FACE_OUTER_BOUND ( 'NONE', #1688, .T. ) ;
#5362 = ORIENTED_EDGE ( 'NONE', *, *, #3618, .T. ) ;
#5363 = VECTOR ( 'NONE', #2704, 1000.000000000000000 ) ;
#5364 = DIRECTION ( 'NONE',  ( 0.000000000000000000, 0.000000000000000000, 1.000000000000000000 ) ) ;
#5365 = ORIENTED_EDGE ( 'NONE', *, *, #4202, .F. ) ;
#5366 = CARTESIAN_POINT ( 'NONE',  ( 17.00332116127705007, 10.82734508669227580, 3.174999999999999822 ) ) ;
#5367 = EDGE_CURVE ( 'NONE', #4427, #1804, #4400, .T. ) ;
#5368 = DIRECTION ( 'NONE',  ( 0.9247449542209307261, 0.3805874007937319337, 0.000000000000000000 ) ) ;
#5369 = DIRECTION ( 'NONE',  ( 1.000000000000000000, 0.000000000000000000, 0.000000000000000000 ) ) ;
#5370 = EDGE_CURVE ( 'NONE', #3261, #5705, #4113, .T. ) ;
#5371 = CARTESIAN_POINT ( 'NONE',  ( 0.2044901992181951955, 29.16016385193017157, 14.98099999999999454 ) ) ;
#5372 = CARTESIAN_POINT ( 'NONE',  ( -9.627560557157826437, -9.042370154517131553, 14.98100000000000165 ) ) ;
#5373 = VERTEX_POINT ( 'NONE', #6941 ) ;
#5374 = CARTESIAN_POINT ( 'NONE',  ( -0.4394627890160127115, -19.73167077402778347, 1.537126801522912256 ) ) ;
#5375 = VERTEX_POINT ( 'NONE', #6383 ) ;
#5376 = CARTESIAN_POINT ( 'NONE',  ( -0.2653667188482610184, 10.93062915889242070, 8.631000000000000227 ) ) ;
#5377 = DIRECTION ( 'NONE',  ( 0.000000000000000000, 0.000000000000000000, 1.000000000000000000 ) ) ;
#5378 = ORIENTED_EDGE ( 'NONE', *, *, #6381, .T. ) ;
#5379 = CARTESIAN_POINT ( 'NONE',  ( 18.98983375043309607, -0.4504519452186187545, -5.730600000000007910 ) ) ;
#5380 = CARTESIAN_POINT ( 'NONE',  ( -14.04790815498809486, 3.666967612582114011, -8.248035969732711692 ) ) ;
#5381 = CARTESIAN_POINT ( 'NONE',  ( -4.419640609209941395, -12.01210068695373678, 8.631000000000009109 ) ) ;
#5382 = CARTESIAN_POINT ( 'NONE',  ( -9.476301957370496964, -8.304153293431365768, 11.36663415283822864 ) ) ;
#5383 = LINE ( 'NONE', #4803, #6532 ) ;
#5384 = CARTESIAN_POINT ( 'NONE',  ( 1.984375000000000000, 0.000000000000000000, -15.47176309777416137 ) ) ;
#5385 = CARTESIAN_POINT ( 'NONE',  ( -2.204894577754120011, -10.96236130471560521, 11.05600000209201994 ) ) ;
#5386 =( BOUNDED_SURFACE ( )  B_SPLINE_SURFACE ( 3, 3, ( 
 ( #6572, #4990, #462, #6165, #4397, #6646, #2738, #5609, #2256, #569, #4362, #3262, #4917, #6126, #3770, #1081, #3849, #976, #5506, #3332 ),
 ( #2671, #2113, #7232, #4434, #7192, #6606, #1562, #2705, #4950, #2148, #5536, #2187, #5572, #535, #2779, #1191, #5201, #6202, #5645, #1750 ),
 ( #173, #4027, #748, #68, #2365, #6271, #5167, #1268, #2887, #3405, #1782, #3545, #5095, #209, #3994, #4544, #6792, #1230, #2295, #6347 ),
 ( #5790, #677, #1301, #5239, #4616, #2920, #2329, #3439, #6234, #5720, #1159, #2848, #5756, #4657, #5681, #3962, #639, #2403, #4068, #6827 ) ),
 .UNSPECIFIED., .F., .F., .F. ) 
 B_SPLINE_SURFACE_WITH_KNOTS ( ( 4, 4 ),
 ( 4, 2, 2, 2, 2, 2, 2, 2, 2, 4 ),
 ( 0.000000000000000000, 1.000000000000000000 ),
 ( 0.000000000000000000, 0.04789616266471393574, 0.1748433409760691837, 0.2806326562355618282, 0.4075798345469330841, 0.5345270128583600178, 0.6614741911696759846, 0.7884213694802443273, 0.8942106847362268907, 1.000000000000000000 ),
 .UNSPECIFIED. ) 
 GEOMETRIC_REPRESENTATION_ITEM ( )  RATIONAL_B_SPLINE_SURFACE ( (
 ( 1.000000000000000000, 1.000000000000000000, 1.000000000000000000, 1.000000000000000000, 1.000000000000000000, 1.000000000000000000, 1.000000000000000000, 1.000000000000000000, 1.000000000000000000, 1.000000000000000000, 1.000000000000000000, 1.000000000000000000, 1.000000000000000000, 1.000000000000000000, 1.000000000000000000, 1.000000000000000000, 1.000000000000000000, 1.000000000000000000, 1.000000000000000000, 1.000000000000000000),
 ( 0.8047378541243649375, 0.8047378541243649375, 0.8047378541243649375, 0.8047378541243649375, 0.8047378541243649375, 0.8047378541243649375, 0.8047378541243649375, 0.8047378541243649375, 0.8047378541243649375, 0.8047378541243649375, 0.8047378541243649375, 0.8047378541243649375, 0.8047378541243649375, 0.8047378541243649375, 0.8047378541243649375, 0.8047378541243649375, 0.8047378541243649375, 0.8047378541243649375, 0.8047378541243649375, 0.8047378541243649375),
 ( 0.8047378541243649375, 0.8047378541243649375, 0.8047378541243649375, 0.8047378541243649375, 0.8047378541243649375, 0.8047378541243649375, 0.8047378541243649375, 0.8047378541243649375, 0.8047378541243649375, 0.8047378541243649375, 0.8047378541243649375, 0.8047378541243649375, 0.8047378541243649375, 0.8047378541243649375, 0.8047378541243649375, 0.8047378541243649375, 0.8047378541243649375, 0.8047378541243649375, 0.8047378541243649375, 0.8047378541243649375),
 ( 1.000000000000000000, 1.000000000000000000, 1.000000000000000000, 1.000000000000000000, 1.000000000000000000, 1.000000000000000000, 1.000000000000000000, 1.000000000000000000, 1.000000000000000000, 1.000000000000000000, 1.000000000000000000, 1.000000000000000000, 1.000000000000000000, 1.000000000000000000, 1.000000000000000000, 1.000000000000000000, 1.000000000000000000, 1.000000000000000000, 1.000000000000000000, 1.000000000000000000) ) ) 
 REPRESENTATION_ITEM ( '' )  SURFACE ( )  );
#5387 = ORIENTED_EDGE ( 'NONE', *, *, #6562, .T. ) ;
#5388 = LINE ( 'NONE', #4767, #6623 ) ;
#5389 = CARTESIAN_POINT ( 'NONE',  ( 19.67346976719853657, 19.47390449463422968, 8.630999999999994898 ) ) ;
#5390 = CARTESIAN_POINT ( 'NONE',  ( -10.21505875053794199, -15.68629689704059693, -7.318099999999999383 ) ) ;
#5391 = CARTESIAN_POINT ( 'NONE',  ( 8.110213314787003469, -12.05396096807256257, 11.80600000000000271 ) ) ;
#5392 = PLANE ( 'NONE',  #3106 ) ;
#5393 = CARTESIAN_POINT ( 'NONE',  ( -13.20956695012851689, 6.273286138317021532, -8.905600000000001515 ) ) ;
#5394 = EDGE_CURVE ( 'NONE', #3006, #4978, #3409, .T. ) ;
#5395 = CARTESIAN_POINT ( 'NONE',  ( -16.64869579998555338, -0.9263015384992343559, -15.44909999999999961 ) ) ;
#5396 = CARTESIAN_POINT ( 'NONE',  ( 15.95516603052874061, -16.41534318459394726, 8.631000000000346617 ) ) ;
#5397 = CARTESIAN_POINT ( 'NONE',  ( -13.76229623950490222, 4.245151003387815258, -7.318099999999999383 ) ) ;
#5398 = FACE_BOUND ( 'NONE', #6804, .T. ) ;
#5399 = VERTEX_POINT ( 'NONE', #71 ) ;
#5400 = CARTESIAN_POINT ( 'NONE',  ( 4.566370287237146108, -12.73717740565215628, 11.80600000000000271 ) ) ;
#5401 = CARTESIAN_POINT ( 'NONE',  ( 2.730951110866016052, -20.00418386452891895, -5.730599999999999028 ) ) ;
#5402 = DIRECTION ( 'NONE',  ( 0.9371590407833582104, -0.3489024681454918064, 0.000000000000000000 ) ) ;
#5403 = CARTESIAN_POINT ( 'NONE',  ( -21.90804218314094598, 32.82804663215440399, 14.98099999999999454 ) ) ;
#5404 = EDGE_CURVE ( 'NONE', #5656, #5349, #1752, .T. ) ;
#5405 = EDGE_CURVE ( 'NONE', #1499, #814, #4186, .T. ) ;
#5406 = CARTESIAN_POINT ( 'NONE',  ( -4.036108563097339896, -20.39408905309382547, -15.44909999999999961 ) ) ;
#5407 = VERTEX_POINT ( 'NONE', #2443 ) ;
#5408 = CARTESIAN_POINT ( 'NONE',  ( -11.73792050015868682, -13.58042259290912313, 1.587499999999999911 ) ) ;
#5409 = ORIENTED_EDGE ( 'NONE', *, *, #4128, .T. ) ;
#5410 = CARTESIAN_POINT ( 'NONE',  ( 0.2508736438188146622, -10.85328489085443771, -10.44909999999999783 ) ) ;
#5411 = EDGE_CURVE ( 'NONE', #3261, #1693, #6829, .T. ) ;
#5412 = CARTESIAN_POINT ( 'NONE',  ( 11.21447422040046682, -23.85251226333732077, -8.905600000000001515 ) ) ;
#5413 = ORIENTED_EDGE ( 'NONE', *, *, #1174, .F. ) ;
#5414 = CARTESIAN_POINT ( 'NONE',  ( 7.903908348099421666, 13.27781025290940597, 0.000000000000000000 ) ) ;
#5415 = CARTESIAN_POINT ( 'NONE',  ( -14.05551371346903089, -7.846525016573304256, -8.248035969732711692 ) ) ;
#5416 = CARTESIAN_POINT ( 'NONE',  ( 11.48444867788164991, 27.70592705193343974, 8.631000000000042860 ) ) ;
#5417 = CARTESIAN_POINT ( 'NONE',  ( -10.95545900269810247, -8.654613803960574003, 13.39349904687932202 ) ) ;
#5418 = CARTESIAN_POINT ( 'NONE',  ( 19.34490891545698688, -0.9318697764786473270, -5.724640063692138625 ) ) ;
#5419 = LINE ( 'NONE', #1732, #6758 ) ;
#5420 = ORIENTED_EDGE ( 'NONE', *, *, #7177, .T. ) ;
#5421 = CARTESIAN_POINT ( 'NONE',  ( 0.000000000000000000, 0.000000000000000000, 3.756000000000000671 ) ) ;
#5422 = CARTESIAN_POINT ( 'NONE',  ( -14.41000476459172219, -6.796399528164237758, -5.730600000000003469 ) ) ;
#5423 = CARTESIAN_POINT ( 'NONE',  ( -10.94507972258137407, -14.84553058644234191, -8.248035969732711692 ) ) ;
#5424 = CARTESIAN_POINT ( 'NONE',  ( -4.453473749772172141, -8.710837770988907991, 14.98100000000000165 ) ) ;
#5425 = FACE_OUTER_BOUND ( 'NONE', #4796, .T. ) ;
#5426 = DIRECTION ( 'NONE',  ( 1.000000000000000000, 0.000000000000000000, -0.000000000000000000 ) ) ;
#5427 = CARTESIAN_POINT ( 'NONE',  ( -16.39921938456458150, 1.356770639749712792, -15.44909999999999961 ) ) ;
#5428 = CARTESIAN_POINT ( 'NONE',  ( 28.11328294592867394, 1.509902505737104272, 8.631000000000026873 ) ) ;
#5429 = CARTESIAN_POINT ( 'NONE',  ( 0.000000000000000000, 0.000000000000000000, -10.69910000000001737 ) ) ;
#5430 = EDGE_CURVE ( 'NONE', #2687, #5491, #7170, .T. ) ;
#5431 = CARTESIAN_POINT ( 'NONE',  ( 26.18805509819400612, 10.49240108418684692, 11.80599999999999739 ) ) ;
#5432 = EDGE_LOOP ( 'NONE', ( #6577, #6355, #5263, #6188 ) ) ;
#5433 = DIRECTION ( 'NONE',  ( -0.000000000000000000, -0.000000000000000000, -1.000000000000000000 ) ) ;
#5434 = CARTESIAN_POINT ( 'NONE',  ( 0.9341915172622992092, 9.969659235883677084, 1.998107442306573223 ) ) ;
#5435 = CARTESIAN_POINT ( 'NONE',  ( -6.000000000000000888, 0.000000000000000000, 3.756000000000000671 ) ) ;
#5436 = CARTESIAN_POINT ( 'NONE',  ( 10.04801900769776779, 24.87379885554349102, 14.98099999999994303 ) ) ;
#5437 = AXIS2_PLACEMENT_3D ( 'NONE', #5814, #1394, #4199 ) ;
#5438 = CARTESIAN_POINT ( 'NONE',  ( 20.95136988566344272, -17.25312165024133648, -8.905600000000001515 ) ) ;
#5439 = ORIENTED_EDGE ( 'NONE', *, *, #1069, .T. ) ;
#5440 = CARTESIAN_POINT ( 'NONE',  ( 12.40067991540996672, -13.02952446203503456, 11.39473154799026844 ) ) ;
#5441 = VERTEX_POINT ( 'NONE', #5135 ) ;
#5442 = CARTESIAN_POINT ( 'NONE',  ( -4.780802112644048307, 2.631287380859118841, 0.000000000000000000 ) ) ;
#5443 = AXIS2_PLACEMENT_3D ( 'NONE', #4426, #4322, #5453 ) ;
#5444 = ORIENTED_EDGE ( 'NONE', *, *, #3425, .T. ) ;
#5445 = DIRECTION ( 'NONE',  ( 1.000000000000000000, 0.000000000000000000, 0.000000000000000000 ) ) ;
#5446 = ORIENTED_EDGE ( 'NONE', *, *, #6518, .T. ) ;
#5447 = CARTESIAN_POINT ( 'NONE',  ( 15.32432908038557429, 1.497751428671705298, -5.787905999999998663 ) ) ;
#5448 = AXIS2_PLACEMENT_3D ( 'NONE', #1455, #4842, #937 ) ;
#5449 = CARTESIAN_POINT ( 'NONE',  ( 12.16910334886818568, -14.54587935834384460, 12.55600000000000271 ) ) ;
#5450 = CARTESIAN_POINT ( 'NONE',  ( -8.940015150338160410, -9.243803669068363149, 14.19556458705075919 ) ) ;
#5451 = CARTESIAN_POINT ( 'NONE',  ( -5.603345093216948847, -10.05485579300198928, 11.05600000209201994 ) ) ;
#5452 = DIRECTION ( 'NONE',  ( 0.000000000000000000, 0.000000000000000000, -1.000000000000000000 ) ) ;
#5453 = DIRECTION ( 'NONE',  ( 0.000000000000000000, -1.000000000000000000, 1.475423364686777903E-16 ) ) ;
#5454 = PRODUCT ( 'Part1^asm-cams-manual-switching', 'Part1^asm-cams-manual-switching', '', ( #6118 ) ) ;
#5455 = EDGE_CURVE ( 'NONE', #803, #5921, #4893, .T. ) ;
#5457 = AXIS2_PLACEMENT_3D ( 'NONE', #1131, #5728, #1164 ) ;
#5456 = DIRECTION ( 'NONE',  ( 1.000000000000000000, 0.000000000000000000, 0.000000000000000000 ) ) ;
#5458 = ORIENTED_EDGE ( 'NONE', *, *, #3906, .T. ) ;
#5459 = CARTESIAN_POINT ( 'NONE',  ( -11.98739699550838544, -12.91531502102366602, -5.730600000000000804 ) ) ;
#5460 = B_SPLINE_CURVE_WITH_KNOTS ( 'NONE', 3,
 ( #3736, #3259, #4223, #6570, #5911, #5356, #1558, #5985, #425, #4295, #2556, #5503, #1522, #3150 ),
 .UNSPECIFIED., .F., .F.,
 ( 4, 2, 2, 2, 2, 2, 4 ),
 ( 0.000000000000000000, 0.0003100286025118221254, 0.0006200572050236442508, 0.0009300858075354663220, 0.001240114410047288502, 0.001860171615070935897, 0.002480228820094583508 ),
 .UNSPECIFIED. ) ;
#5461 = CARTESIAN_POINT ( 'NONE',  ( -12.66771173280355001, -12.98230041379347988, -8.905600000000001515 ) ) ;
#5462 = CARTESIAN_POINT ( 'NONE',  ( 24.09583352102566423, 5.763476572495694228, 11.80599999999999916 ) ) ;
#5463 = CIRCLE ( 'NONE', #4299, 0.7499999999999993339 ) ;
#5464 = CARTESIAN_POINT ( 'NONE',  ( 8.251932397449207812, -13.70983174914954539, 13.39349999983399364 ) ) ;
#5465 = B_SPLINE_CURVE_WITH_KNOTS ( 'NONE', 3,
 ( #3065, #275, #6422, #3728, #348, #2583, #2038, #2437, #1889, #2005 ),
 .UNSPECIFIED., .F., .F.,
 ( 4, 2, 2, 2, 4 ),
 ( 2.729830862562319122E-05, 0.2500000000000000000, 0.5000000000000000000, 0.7500000000000000000, 1.000000000000000000 ),
 .UNSPECIFIED. ) ;
#5466 = CARTESIAN_POINT ( 'NONE',  ( 11.69295195454034797, 12.50472571346611517, 0.000000000000000000 ) ) ;
#5467 = CARTESIAN_POINT ( 'NONE',  ( -2.853783271205291072, 10.28830916803510220, -8.905600000000001515 ) ) ;
#5468 = CARTESIAN_POINT ( 'NONE',  ( -9.041094711510233140, -18.47313958429525727, -8.905600000000001515 ) ) ;
#5469 = CARTESIAN_POINT ( 'NONE',  ( 18.95516000675702628, 22.39092315294194435, 11.80600000000099215 ) ) ;
#5470 = AXIS2_PLACEMENT_3D ( 'NONE', #7246, #2199, #3347 ) ;
#5471 = CARTESIAN_POINT ( 'NONE',  ( -8.782548804159709732, 8.741916582865714602, -7.318099999999999383 ) ) ;
#5472 = CARTESIAN_POINT ( 'NONE',  ( 5.860127906673534781, 30.35954048764050128, 11.80599999999999383 ) ) ;
#5473 = ORIENTED_EDGE ( 'NONE', *, *, #1399, .F. ) ;
#5474 = AXIS2_PLACEMENT_3D ( 'NONE', #5515, #2306, #7244 ) ;
#5475 = CARTESIAN_POINT ( 'NONE',  ( 3.662384346971497173, 13.99376479995770239, 3.174999999999999822 ) ) ;
#5476 = EDGE_CURVE ( 'NONE', #6164, #5968, #1720, .T. ) ;
#5477 = CARTESIAN_POINT ( 'NONE',  ( 0.06109842651478186726, 10.66916405458023931, 3.132789485328264067 ) ) ;
#5478 = CARTESIAN_POINT ( 'NONE',  ( 11.41814862532204877, -14.43180206062366189, 11.05600000000000271 ) ) ;
#5479 = CARTESIAN_POINT ( 'NONE',  ( 23.80368188292203513, -9.445347389392313886, 11.80600000000000271 ) ) ;
#5480 = AXIS2_PLACEMENT_3D ( 'NONE', #2812, #1156, #100 ) ;
#5481 = LINE ( 'NONE', #4310, #4775 ) ;
#5482 = ORIENTED_EDGE ( 'NONE', *, *, #6236, .F. ) ;
#5483 = CARTESIAN_POINT ( 'NONE',  ( 12.27485642676963984, -13.85341206827951055, 13.23277905284960987 ) ) ;
#5484 = ORIENTED_EDGE ( 'NONE', *, *, #3339, .F. ) ;
#5485 = CARTESIAN_POINT ( 'NONE',  ( 19.34913917186174004, 1.726690403717615174, 1.587499999999999911 ) ) ;
#5486 = ORIENTED_EDGE ( 'NONE', *, *, #6660, .F. ) ;
#5487 = CARTESIAN_POINT ( 'NONE',  ( -15.36736558150627374, -8.877658348685018908, -15.44909999999999961 ) ) ;
#5488 = ORIENTED_EDGE ( 'NONE', *, *, #1434, .F. ) ;
#5489 = EDGE_CURVE ( 'NONE', #4934, #1635, #138, .T. ) ;
#5490 = CARTESIAN_POINT ( 'NONE',  ( 14.03603795153367884, 2.029783555737203038, -5.730599999999999028 ) ) ;
#5491 = VERTEX_POINT ( 'NONE', #2850 ) ;
#5492 = CARTESIAN_POINT ( 'NONE',  ( 9.492080810644036859, -12.46672621207195242, 11.05600000000000271 ) ) ;
#5493 = CARTESIAN_POINT ( 'NONE',  ( 1.226780418669875417, 32.16946954534166281, 11.80599999999999383 ) ) ;
#5494 = CARTESIAN_POINT ( 'NONE',  ( -6.520390359068784392, -9.826977670270796494, 11.05600000209201994 ) ) ;
#5495 = CARTESIAN_POINT ( 'NONE',  ( 18.00984265816758878, 0.2880000504528115179, -5.726710750509308667 ) ) ;
#5496 = CARTESIAN_POINT ( 'NONE',  ( 19.30913612157106130, -0.7962266135627941166, -5.731662898317521737 ) ) ;
#5497 = CARTESIAN_POINT ( 'NONE',  ( 5.461819735956635391, -12.97941185394564201, 10.21850000016612192 ) ) ;
#5498 = ORIENTED_EDGE ( 'NONE', *, *, #2893, .F. ) ;
#5499 = CARTESIAN_POINT ( 'NONE',  ( -12.43623243579135185, -10.71998719877592876, -2.394073322377997748 ) ) ;
#5500 = CARTESIAN_POINT ( 'NONE',  ( -30.03296279907226207, 0.000000000000000000, 14.98099999999999810 ) ) ;
#5501 = CARTESIAN_POINT ( 'NONE',  ( 25.29135330922542479, -6.357112028259214398, 8.631000000000000227 ) ) ;
#5502 = CARTESIAN_POINT ( 'NONE',  ( -1.619247424605126495, 6.645710026246398172, 0.000000000000000000 ) ) ;
#5503 = CARTESIAN_POINT ( 'NONE',  ( -3.001983482687978100, 9.897739491000404399, -8.863537051433402425 ) ) ;
#5504 = CARTESIAN_POINT ( 'NONE',  ( -11.98739699550838544, -12.91531502102366602, -5.730600000000000804 ) ) ;
#5505 = VERTEX_POINT ( 'NONE', #3548 ) ;
#5506 = CARTESIAN_POINT ( 'NONE',  ( -11.51961056223494673, -3.391863894875521979, 3.174999999999999822 ) ) ;
#5507 = CARTESIAN_POINT ( 'NONE',  ( -36.36428634907640145, 2.224798047900578890, 8.630999999999998451 ) ) ;
#5508 = CARTESIAN_POINT ( 'NONE',  ( -10.90883797371126640, -17.32412320556788288, 3.174999999999999822 ) ) ;
#5509 = CARTESIAN_POINT ( 'NONE',  ( -5.273267697204470750, -11.77842311985290813, 11.80600000000000271 ) ) ;
#5510 = ORIENTED_EDGE ( 'NONE', *, *, #2340, .T. ) ;
#5511 = CYLINDRICAL_SURFACE ( 'NONE', #3574, 0.4999999999999998890 ) ;
#5512 = CARTESIAN_POINT ( 'NONE',  ( 0.9104089901220686620, 9.988718195922631438, 2.098851826895769435 ) ) ;
#5513 = CARTESIAN_POINT ( 'NONE',  ( 8.251932403017830708, -13.70983172667513372, 11.05600000000000271 ) ) ;
#5514 = CARTESIAN_POINT ( 'NONE',  ( 19.50871581554208234, 16.82698967804242329, 11.80599999999899730 ) ) ;
#5515 = CARTESIAN_POINT ( 'NONE',  ( 0.000000000000000000, 0.000000000000000000, -8.949100000000001387 ) ) ;
#5516 = ORIENTED_EDGE ( 'NONE', *, *, #7036, .T. ) ;
#5517 = FACE_OUTER_BOUND ( 'NONE', #487, .T. ) ;
#5518 = ORIENTED_EDGE ( 'NONE', *, *, #3432, .F. ) ;
#5519 = CARTESIAN_POINT ( 'NONE',  ( -10.32067812157115760, 7.973551672692938297, -7.318099999999999383 ) ) ;
#5520 = CARTESIAN_POINT ( 'NONE',  ( -8.317659564491716395, -17.05880492909819068, -7.318099999999999383 ) ) ;
#5521 = FACE_OUTER_BOUND ( 'NONE', #3763, .T. ) ;
#5522 = ORIENTED_EDGE ( 'NONE', *, *, #51, .F. ) ;
#5523 = CARTESIAN_POINT ( 'NONE',  ( 11.42857527551395691, 2.958719809662259781, -5.787905999999997775 ) ) ;
#5524 = CARTESIAN_POINT ( 'NONE',  ( 8.252796624618495613, -13.70634334510367580, 11.05600000000000271 ) ) ;
#5525 = CARTESIAN_POINT ( 'NONE',  ( -48.07305788143924019, 25.91494184313012994, 11.80599999999999383 ) ) ;
#5526 = CARTESIAN_POINT ( 'NONE',  ( -3.711728711823626625, -19.52231067827255018, -8.905600000000001515 ) ) ;
#5527 = DIRECTION ( 'NONE',  ( 0.000000000000000000, 0.000000000000000000, -1.000000000000000000 ) ) ;
#5528 = VERTEX_POINT ( 'NONE', #2367 ) ;
#5529 = CARTESIAN_POINT ( 'NONE',  ( -1.984375000000000000, 2.430158492058029047E-16, -7.949100000000000499 ) ) ;
#5530 = CARTESIAN_POINT ( 'NONE',  ( -8.075674094941192038, -18.89092610366523672, -8.905600000000001515 ) ) ;
#5531 = CARTESIAN_POINT ( 'NONE',  ( 23.15220087576790675, 9.544644554831304362, 8.630999999999994898 ) ) ;
#5532 = FACE_OUTER_BOUND ( 'NONE', #370, .T. ) ;
#5533 = EDGE_CURVE ( 'NONE', #1908, #5052, #679, .T. ) ;
#5534 = CARTESIAN_POINT ( 'NONE',  ( 16.82781012460436187, 2.656925900956573994, -8.905600000000001515 ) ) ;
#5535 = CARTESIAN_POINT ( 'NONE',  ( -11.26624397905537833, -14.38126842802861916, -5.730600000000001693 ) ) ;
#5536 = CARTESIAN_POINT ( 'NONE',  ( -13.00452276362528359, -11.77206916536622572, 3.174999999999999822 ) ) ;
#5537 = CARTESIAN_POINT ( 'NONE',  ( -25.19530689742510177, -5.040814917066635203, 8.631000000000000227 ) ) ;
#5538 = CARTESIAN_POINT ( 'NONE',  ( -1.868502313221983124, -15.39951910751302933, -12.77410000000000068 ) ) ;
#5539 = CARTESIAN_POINT ( 'NONE',  ( -12.27556252960572714, -9.873853818606887600, 11.80600000000000271 ) ) ;
#5540 = DIRECTION ( 'NONE',  ( 0.9371590407833579883, -0.3489024681454927501, 0.000000000000000000 ) ) ;
#5541 = CARTESIAN_POINT ( 'NONE',  ( 5.368521280657215122, 12.90997370325365345, 2.517435969732711776 ) ) ;
#5542 = CARTESIAN_POINT ( 'NONE',  ( 0.9656133052279385343, 9.944478083276894864, 1.795357424862370710 ) ) ;
#5543 = CARTESIAN_POINT ( 'NONE',  ( -7.374207007253636093, -17.45714841008690499, 1.587499999999999911 ) ) ;
#5544 = CARTESIAN_POINT ( 'NONE',  ( -14.69498572060063601, 32.80257204133727100, 11.80599999999999206 ) ) ;
#5545 = CARTESIAN_POINT ( 'NONE',  ( 26.89447618733375478, -0.5000000000000008882, 14.98099999999999987 ) ) ;
#5546 = VERTEX_POINT ( 'NONE', #4138 ) ;
#5547 = CARTESIAN_POINT ( 'NONE',  ( 12.39615588259220758, -13.05914766362537272, 11.29575986998145076 ) ) ;
#5548 = VERTEX_POINT ( 'NONE', #2923 ) ;
#5549 = EDGE_CURVE ( 'NONE', #1314, #2620, #1819, .T. ) ;
#5550 = CARTESIAN_POINT ( 'NONE',  ( -13.90048358791725036, -8.297075500745396681, -7.526009500609602831 ) ) ;
#5551 = VERTEX_POINT ( 'NONE', #1826 ) ;
#5552 = CARTESIAN_POINT ( 'NONE',  ( -6.520390359068581887, -9.826977670270798271, 9.416435412949244466 ) ) ;
#5553 = CARTESIAN_POINT ( 'NONE',  ( -10.09540080368246251, -4.137196943136364879, -0.000000000000000000 ) ) ;
#5554 = ORIENTED_EDGE ( 'NONE', *, *, #3337, .T. ) ;
#5555 = CIRCLE ( 'NONE', #2261, 6.000000000000000888 ) ;
#5556 = EDGE_CURVE ( 'NONE', #5764, #5052, #6311, .T. ) ;
#5557 = CARTESIAN_POINT ( 'NONE',  ( 14.75978777145519594, 10.72079452680215184, 0.000000000000000000 ) ) ;
#5558 = CARTESIAN_POINT ( 'NONE',  ( 8.121165900317295794, -12.12488216542233133, 12.55600000000000094 ) ) ;
#5559 = CARTESIAN_POINT ( 'NONE',  ( -2.204894577754120455, -10.96236130471560699, 14.19556458705075919 ) ) ;
#5560 = CARTESIAN_POINT ( 'NONE',  ( -12.55564755421006318, -13.14192606050813872, -8.586379819564857740 ) ) ;
#5561 = CARTESIAN_POINT ( 'NONE',  ( 5.460514350569455111, 12.92555158665813586, 0.000000000000000000 ) ) ;
#5562 = ORIENTED_EDGE ( 'NONE', *, *, #4731, .F. ) ;
#5563 = CARTESIAN_POINT ( 'NONE',  ( -12.43401154606373105, -10.75674105478519671, -0.8031758334816772038 ) ) ;
#5564 = AXIS2_PLACEMENT_3D ( 'NONE', #6191, #3948, #2355 ) ;
#5565 = CARTESIAN_POINT ( 'NONE',  ( -9.041094711510233140, -18.47313958429525727, -8.905600000000001515 ) ) ;
#5566 = CARTESIAN_POINT ( 'NONE',  ( -21.90804218314094243, 32.82804663215440399, 11.80599999999999206 ) ) ;
#5567 = DIRECTION ( 'NONE',  ( -0.9371590407833582104, 0.3489024681454915844, 0.000000000000000000 ) ) ;
#5568 = VECTOR ( 'NONE', #4820, 1000.000000000000000 ) ;
#5569 = CARTESIAN_POINT ( 'NONE',  ( 18.34699435588117566, 0.1463387466780836088, -8.248035969732711692 ) ) ;
#5570 = CARTESIAN_POINT ( 'NONE',  ( 0.05014653387747265711, -11.56175542872333217, 9.411834527782900750 ) ) ;
#5571 = ORIENTED_EDGE ( 'NONE', *, *, #2784, .T. ) ;
#5572 = CARTESIAN_POINT ( 'NONE',  ( -13.11073984387343394, -9.564113100915180965, 3.174999999999999822 ) ) ;
#5573 = CARTESIAN_POINT ( 'NONE',  ( -36.57734624587926930, 34.39605359592100342, 8.630999999999989569 ) ) ;
#5574 = ADVANCED_FACE ( 'NONE', ( #5354 ), #2369, .F. ) ;
#5575 = CIRCLE ( 'NONE', #4051, 1.587499999999998357 ) ;
#5576 = DIRECTION ( 'NONE',  ( 0.000000000000000000, 0.000000000000000000, 1.000000000000000000 ) ) ;
#5577 = CARTESIAN_POINT ( 'NONE',  ( -10.52473805582482669, -10.44028279238031587, 11.80600000000000271 ) ) ;
#5578 = CARTESIAN_POINT ( 'NONE',  ( 23.33091368197174020, 13.91566868371786825, 10.21850059711604608 ) ) ;
#5579 = CARTESIAN_POINT ( 'NONE',  ( 2.505853796577435233, 12.30415453932888781, 3.174999999999999822 ) ) ;
#5580 = VECTOR ( 'NONE', #5602, 1000.000000000000114 ) ;
#5581 = CARTESIAN_POINT ( 'NONE',  ( -2.560603478531258581, -9.806577486417962675, -2.449099999999997390 ) ) ;
#5582 = CARTESIAN_POINT ( 'NONE',  ( 4.565458970256451643, -12.74065374295750530, 12.55600000000000094 ) ) ;
#5583 = CARTESIAN_POINT ( 'NONE',  ( -11.24625595282668122, -6.869833192725216975, 14.98100000000000165 ) ) ;
#5584 = CARTESIAN_POINT ( 'NONE',  ( 25.33973514159382034, 8.069949888297896834, 14.98100000000000342 ) ) ;
#5585 = ORIENTED_EDGE ( 'NONE', *, *, #1103, .F. ) ;
#5586 = CARTESIAN_POINT ( 'NONE',  ( 26.89447618733375478, -0.5000000000000008882, 14.48099999999999987 ) ) ;
#5587 = ORIENTED_EDGE ( 'NONE', *, *, #3582, .F. ) ;
#5588 = PRESENTATION_STYLE_ASSIGNMENT (( #3899 ) ) ;
#5589 = EDGE_CURVE ( 'NONE', #1429, #7237, #6823, .T. ) ;
#5590 = ORIENTED_EDGE ( 'NONE', *, *, #1187, .F. ) ;
#5591 = CARTESIAN_POINT ( 'NONE',  ( -7.570452848992600181, -17.38489065580179371, -7.318099999999999383 ) ) ;
#5592 = CARTESIAN_POINT ( 'NONE',  ( -4.036108563097338120, -20.39408905309382547, -14.44909999999999961 ) ) ;
#5593 = VECTOR ( 'NONE', #988, 1000.000000000000000 ) ;
#5594 = EDGE_LOOP ( 'NONE', ( #427, #4780, #841, #1593, #1702, #1584, #6618, #5632 ) ) ;
#5595 = DIRECTION ( 'NONE',  ( 0.000000000000000000, 0.000000000000000000, 1.000000000000000000 ) ) ;
#5596 = B_SPLINE_CURVE_WITH_KNOTS ( 'NONE', 3,
 ( #3622, #3172, #274, #963, #2506, #2616 ),
 .UNSPECIFIED., .F., .F.,
 ( 4, 1, 1, 4 ),
 ( 0.1753610241065589603, 0.2220325539692392380, 0.2775406924615491100, 0.2996179284238537632 ),
 .UNSPECIFIED. ) ;
#5597 = CARTESIAN_POINT ( 'NONE',  ( -6.520390359068784392, -9.826977670270796494, 12.55599999790798371 ) ) ;
#5598 = CARTESIAN_POINT ( 'NONE',  ( -1.501048752687703436, 33.03278635709281730, 11.80599999999999206 ) ) ;
#5599 = DIRECTION ( 'NONE',  ( 1.000000000000000000, 0.000000000000000000, 0.000000000000000000 ) ) ;
#5600 = CARTESIAN_POINT ( 'NONE',  ( -7.645255606506423440, -17.73179431181803523, 2.621928576086695717 ) ) ;
#5601 = ORIENTED_EDGE ( 'NONE', *, *, #2661, .F. ) ;
#5602 = DIRECTION ( 'NONE',  ( -0.3489024681454918064, -0.9371590407833580993, -0.000000000000000000 ) ) ;
#5603 = CARTESIAN_POINT ( 'NONE',  ( 10.36144627289606923, 12.92836618082475830, 0.000000000000000000 ) ) ;
#5604 = CARTESIAN_POINT ( 'NONE',  ( -8.789758684990994553, -7.637995023984107235, 11.80600000000000094 ) ) ;
#5605 = CARTESIAN_POINT ( 'NONE',  ( 21.40792010887400920, -14.11408924160253342, 13.39349904687932380 ) ) ;
#5606 = CARTESIAN_POINT ( 'NONE',  ( 16.83780437368767480, 2.645196265574356609, -8.905600000000001515 ) ) ;
#5607 = CARTESIAN_POINT ( 'NONE',  ( 20.93663917186174217, 1.726690403594020262, 3.175000000000000266 ) ) ;
#5608 = ORIENTED_EDGE ( 'NONE', *, *, #798, .F. ) ;
#5609 = CARTESIAN_POINT ( 'NONE',  ( -12.78862819483944691, -14.99455307598308273, 3.174999999999999822 ) ) ;
#5610 = CARTESIAN_POINT ( 'NONE',  ( 24.42985965046503338, -13.43782222754919609, 11.80600000000000271 ) ) ;
#5611 = DIRECTION ( 'NONE',  ( -0.3489024681454918619, -0.9371590407833582104, 0.000000000000000000 ) ) ;
#5612 = CARTESIAN_POINT ( 'NONE',  ( -4.419640609211103133, -12.01210068695334776, 11.80600000000000271 ) ) ;
#5613 = ORIENTED_EDGE ( 'NONE', *, *, #2740, .F. ) ;
#5614 = EDGE_CURVE ( 'NONE', #1137, #5997, #848, .T. ) ;
#5615 = CARTESIAN_POINT ( 'NONE',  ( 1.287217092195285018, 11.31500646814698641, 3.174999999999999822 ) ) ;
#5616 = PLANE ( 'NONE',  #524 ) ;
#5617 = DIRECTION ( 'NONE',  ( -0.000000000000000000, -0.000000000000000000, -1.000000000000000000 ) ) ;
#5618 = CARTESIAN_POINT ( 'NONE',  ( -45.68751235600759486, 22.77985263037423636, 14.98099999999995902 ) ) ;
#5619 =( BOUNDED_CURVE ( )  B_SPLINE_CURVE ( 3, ( #3650, #5893, #5412, #7105 ),
 .UNSPECIFIED., .F., .F. ) 
 B_SPLINE_CURVE_WITH_KNOTS ( ( 4, 4 ),
 ( 0.000000000000000000, 0.03315794980040828732 ),
 .UNSPECIFIED. ) 
 CURVE ( )  GEOMETRIC_REPRESENTATION_ITEM ( )  RATIONAL_B_SPLINE_CURVE ( ( 1.000000000000000000, 0.7382797237294322912, 0.7158710300769164370, 0.9327739190424524374 ) ) 
 REPRESENTATION_ITEM ( '' )  );
#5620 = B_SPLINE_SURFACE_WITH_KNOTS ( 'NONE', 3, 1, ( 
 ( #1892, #245 ),
 ( #2588, #3697 ),
 ( #7079, #4808 ),
 ( #789, #1380 ),
 ( #352, #5240 ),
 ( #5279, #2042 ),
 ( #2009, #2510 ),
 ( #2996, #2476 ),
 ( #6974, #4137 ),
 ( #5947, #4254 ),
 ( #823, #6380 ),
 ( #6497, #1934 ),
 ( #4291, #6531 ),
 ( #3627, #1448 ),
 ( #4180, #3147 ),
 ( #1339, #6426 ),
 ( #6463, #1488 ),
 ( #5389, #5870 ),
 ( #3590, #858 ),
 ( #4839, #2442 ) ),
 .UNSPECIFIED., .F., .F., .F.,
 ( 4, 1, 1, 1, 1, 1, 1, 1, 1, 1, 1, 1, 1, 1, 1, 1, 1, 4 ),
 ( 2, 2 ),
 ( 0.000000000000000000, 0.09375000000000001388, 0.1171875000000000000, 0.1328125000000000000, 0.1484375000000047462, 0.1562500000000007494, 0.1718750000000026923, 0.1874999999999977240, 0.2109375000000000000, 0.2421875000000067168, 0.2734375000000000000, 0.3125000000000000000, 0.3437500000000000000, 0.3671874999999999445, 0.3984375000000000000, 0.4296875000000000000, 0.4609375000000001665, 0.5000000000000000000 ),
 ( 0.000000000000000000, 1.000000000000000000 ),
 .UNSPECIFIED. ) ;
#5621 = CARTESIAN_POINT ( 'NONE',  ( 9.169603263354870748, -13.98518257472503379, 13.39349904687932202 ) ) ;
#5622 = ORIENTED_EDGE ( 'NONE', *, *, #6321, .F. ) ;
#5623 = DIRECTION ( 'NONE',  ( 0.9371590407833582104, -0.3489024681454914734, -2.478176394252581634E-16 ) ) ;
#5624 = ORIENTED_EDGE ( 'NONE', *, *, #6015, .F. ) ;
#5625 = CARTESIAN_POINT ( 'NONE',  ( -6.772800442731737647, -28.57256243734814305, -12.77409999999999712 ) ) ;
#5626 = CARTESIAN_POINT ( 'NONE',  ( -11.14879390180936625, 9.306978657444471281, -8.905599999999997962 ) ) ;
#5627 = CARTESIAN_POINT ( 'NONE',  ( 0.000000000000000000, 0.000000000000000000, 3.005999999999991346 ) ) ;
#5628 = EDGE_CURVE ( 'NONE', #3123, #1288, #421, .T. ) ;
#5629 = CARTESIAN_POINT ( 'NONE',  ( 16.05194484473963001, 9.481663086369550797, 0.000000000000000000 ) ) ;
#5630 = ADVANCED_FACE ( 'NONE', ( #4357 ), #4912, .F. ) ;
#5631 = CARTESIAN_POINT ( 'NONE',  ( 6.271079697599659220, 13.14024467270547802, 0.000000000000000000 ) ) ;
#5632 = ORIENTED_EDGE ( 'NONE', *, *, #4631, .T. ) ;
#5633 = CARTESIAN_POINT ( 'NONE',  ( 20.93663917196248292, 3.006843940388484793, 8.631000000000000227 ) ) ;
#5634 = CARTESIAN_POINT ( 'NONE',  ( -44.97519480863827113, 29.96679013402548364, 11.80599999999999383 ) ) ;
#5635 = DIRECTION ( 'NONE',  ( 0.000000000000000000, 0.000000000000000000, 1.000000000000000000 ) ) ;
#5636 = EDGE_LOOP ( 'NONE', ( #1267, #5046, #3935, #2833 ) ) ;
#5637 = CARTESIAN_POINT ( 'NONE',  ( -9.571409413789904619, -8.629526416749387252, 10.26883738088495157 ) ) ;
#5638 = LINE ( 'NONE', #3468, #6427 ) ;
#5639 = CARTESIAN_POINT ( 'NONE',  ( -44.43695755569756756, 16.47538348345661419, 11.80599999999999739 ) ) ;
#5640 = CARTESIAN_POINT ( 'NONE',  ( -5.140174604103816769, -10.17574938492209569, 12.55599999790798549 ) ) ;
#5641 = CARTESIAN_POINT ( 'NONE',  ( -4.117769731907927167, 3.473180837240871899, 0.000000000000000000 ) ) ;
#5642 = CARTESIAN_POINT ( 'NONE',  ( -30.03296279907226207, 0.000000000000000000, 14.98099999999999810 ) ) ;
#5643 = DIRECTION ( 'NONE',  ( -1.000000000000000000, 0.000000000000000000, 0.000000000000000000 ) ) ;
#5644 = EDGE_LOOP ( 'NONE', ( #7100, #4303, #5153, #2402 ) ) ;
#5645 = CARTESIAN_POINT ( 'NONE',  ( -10.75325411141917442, -3.919611043684247509, 3.174999999999999822 ) ) ;
#5646 = LINE ( 'NONE', #606, #3579 ) ;
#5647 = EDGE_CURVE ( 'NONE', #15, #5268, #6120, .T. ) ;
#5648 = DIRECTION ( 'NONE',  ( -2.511846452726839220E-09, -9.581767388058305849E-09, 0.9999999999999998890 ) ) ;
#5649 = CARTESIAN_POINT ( 'NONE',  ( -19.71033619878698318, -7.218401743463203957, 11.80600000000000271 ) ) ;
#5650 = CARTESIAN_POINT ( 'NONE',  ( 5.368521280657216010, 12.90997370325365345, 1.587499999999999911 ) ) ;
#5651 = DIRECTION ( 'NONE',  ( 0.000000000000000000, 0.000000000000000000, -1.000000000000000000 ) ) ;
#5652 = DIRECTION ( 'NONE',  ( -1.000000000000000000, 0.000000000000000000, 0.000000000000000000 ) ) ;
#5653 = CARTESIAN_POINT ( 'NONE',  ( 13.16981931603369915, -13.16666720972293803, 8.630999999999465544 ) ) ;
#5654 = EDGE_CURVE ( 'NONE', #185, #5551, #5121, .T. ) ;
#5655 = CARTESIAN_POINT ( 'NONE',  ( 26.55051723955111598, -9.162243075185559249, 14.98100000000000698 ) ) ;
#5656 = VERTEX_POINT ( 'NONE', #7226 ) ;
#5657 = B_SPLINE_CURVE_WITH_KNOTS ( 'NONE', 3,
 ( #4794, #2431, #774, #812, #5227 ),
 .UNSPECIFIED., .F., .F.,
 ( 4, 1, 4 ),
 ( 0.4982605578826520554, 0.5036749999999999838, 0.5339876572062356441 ),
 .UNSPECIFIED. ) ;
#5658 = CARTESIAN_POINT ( 'NONE',  ( -12.35432416354897889, -11.48202805447059127, -3.432443676352974204 ) ) ;
#5659 = ORIENTED_EDGE ( 'NONE', *, *, #3180, .T. ) ;
#5660 = DIRECTION ( 'NONE',  ( 0.000000000000000000, 1.000000000000000000, -2.950846729373555806E-16 ) ) ;
#5661 = PLANE ( 'NONE',  #4165 ) ;
#5662 = CARTESIAN_POINT ( 'NONE',  ( -12.34045264662481500, -11.74362448180644591, -5.730600000000002581 ) ) ;
#5663 = LINE ( 'NONE', #7115, #529 ) ;
#5664 = CARTESIAN_POINT ( 'NONE',  ( 2.674674541434729935, 6.439600175726621245, -5.730599999999998140 ) ) ;
#5665 = ORIENTED_EDGE ( 'NONE', *, *, #412, .F. ) ;
#5666 = CARTESIAN_POINT ( 'NONE',  ( 20.93645520024646700, -0.9927811046649085425, -8.905599999999999739 ) ) ;
#5667 = FACE_OUTER_BOUND ( 'NONE', #7084, .T. ) ;
#5668 = ORIENTED_EDGE ( 'NONE', *, *, #6129, .F. ) ;
#5669 = CARTESIAN_POINT ( 'NONE',  ( -1.795736547368972591, 6.421610808931544234, 0.000000000000000000 ) ) ;
#5670 = FACE_OUTER_BOUND ( 'NONE', #2092, .T. ) ;
#5671 = VECTOR ( 'NONE', #4339, 1000.000000000000114 ) ;
#5672 = CARTESIAN_POINT ( 'NONE',  ( -44.43695755569756756, 16.47538348345661419, 8.630999999999994898 ) ) ;
#5673 = CARTESIAN_POINT ( 'NONE',  ( 14.89387173257746255, 10.61803224443205629, -5.730599999999999028 ) ) ;
#5674 = CARTESIAN_POINT ( 'NONE',  ( -9.695140844547610826, -16.15241756249528038, 1.473502859329295367 ) ) ;
#5675 = EDGE_CURVE ( 'NONE', #6959, #1734, #7005, .T. ) ;
#5676 = CARTESIAN_POINT ( 'NONE',  ( -23.43310772915992146, 34.30224345088092974, 14.98099999999999099 ) ) ;
#5677 = B_SPLINE_SURFACE_WITH_KNOTS ( 'NONE', 3, 1, ( 
 ( #5189, #2352 ),
 ( #5633, #5776 ),
 ( #2872, #5706 ),
 ( #4123, #1289 ),
 ( #3500, #5225 ),
 ( #5154, #158 ),
 ( #5743, #590 ),
 ( #123, #4604 ),
 ( #1145, #1178 ),
 ( #5119, #2389 ),
 ( #91, #3462 ),
 ( #2943, #3533 ),
 ( #3393, #4642 ),
 ( #2316, #4052 ),
 ( #1771, #6295 ),
 ( #4565, #3426 ) ),
 .UNSPECIFIED., .F., .F., .F.,
 ( 4, 1, 1, 1, 1, 1, 1, 1, 1, 1, 1, 1, 1, 4 ),
 ( 2, 2 ),
 ( 0.01685922564486199565, 0.05468749999999962530, 0.07421875000000001388, 0.09765624999999979183, 0.1210937499999999722, 0.1406249999999140410, 0.1640624999999999722, 0.1835937500000000000, 0.2031250000000012490, 0.2265625000000071609, 0.2460937500000000000, 0.2656250000000000000, 0.2812499999999998335, 0.3007812494342620990 ),
 ( 0.000000000000000000, 1.000000000000000000 ),
 .UNSPECIFIED. ) ;
#5678 = CARTESIAN_POINT ( 'NONE',  ( 14.27149272838615701, 13.06229255104647535, 3.174999999999999822 ) ) ;
#5679 = CIRCLE ( 'NONE', #394, 18.51621113172978639 ) ;
#5680 = ORIENTED_EDGE ( 'NONE', *, *, #7258, .T. ) ;
#5681 = CARTESIAN_POINT ( 'NONE',  ( -12.00749707126931298, -7.639939279345856704, 1.587499999999999911 ) ) ;
#5682 = FACE_OUTER_BOUND ( 'NONE', #6852, .T. ) ;
#5683 = CARTESIAN_POINT ( 'NONE',  ( -5.142751534767648458, 9.225465450323849126, -5.730599999999998140 ) ) ;
#5684 = CARTESIAN_POINT ( 'NONE',  ( 10.04801900769776779, 24.87379885554349102, 14.98099999999994303 ) ) ;
#5685 = VECTOR ( 'NONE', #5840, 999.9999999999998863 ) ;
#5686 = CARTESIAN_POINT ( 'NONE',  ( 18.38123042735837132, 5.752224782637088474, 2.517435969732711776 ) ) ;
#5687 = B_SPLINE_CURVE_WITH_KNOTS ( 'NONE', 3,
 ( #1952, #1393, #3642, #3193, #2711, #6099, #5962, #2154, #6545, #2746, #6025, #4368, #4890, #4957, #2601, #3745, #5401, #3303 ),
 .UNSPECIFIED., .F., .F.,
 ( 4, 2, 2, 2, 2, 2, 2, 2, 4 ),
 ( 0.000000000000000000, 0.1050795785678108052, 0.2101591571356216104, 0.3152387357034324156, 0.4203183142712432208, 0.5253978928390540259, 0.6304774714068649422, 0.7355570499746758584, 0.8406366285424867746 ),
 .UNSPECIFIED. ) ;
#5688 = CARTESIAN_POINT ( 'NONE',  ( 4.566370287237146108, -12.73717740565215628, 12.55600000000000094 ) ) ;
#5689 = CARTESIAN_POINT ( 'NONE',  ( -12.22002286999613752, -8.303848861734206110, 1.587499999999999911 ) ) ;
#5690 = CARTESIAN_POINT ( 'NONE',  ( 25.57639578305569472, -2.453975412025574787, 8.630999999999982464 ) ) ;
#5691 = AXIS2_PLACEMENT_3D ( 'NONE', #167, #1263, #2841 ) ;
#5692 = DIRECTION ( 'NONE',  ( 0.3504656481681979741, 0.9365755866207727820, 0.000000000000000000 ) ) ;
#5693 = ORIENTED_EDGE ( 'NONE', *, *, #2158, .F. ) ;
#5694 = DIRECTION ( 'NONE',  ( -0.000000000000000000, -0.000000000000000000, -1.000000000000000000 ) ) ;
#5695 = CARTESIAN_POINT ( 'NONE',  ( -12.39842068696573385, -11.15769760653009790, -2.582511444451587312 ) ) ;
#5696 = EDGE_LOOP ( 'NONE', ( #5409, #1871, #6084, #2197, #3454, #6035 ) ) ;
#5697 = EDGE_CURVE ( 'NONE', #920, #5441, #2699, .T. ) ;
#5698 = VECTOR ( 'NONE', #4012, 1000.000000000000000 ) ;
#5699 = DIRECTION ( 'NONE',  ( 0.9371590407833583214, -0.3489024681454917509, 0.000000000000000000 ) ) ;
#5700 = LINE ( 'NONE', #4596, #1692 ) ;
#5701 = CARTESIAN_POINT ( 'NONE',  ( 11.49377828653212319, 12.59704495981061534, 1.587499999999999911 ) ) ;
#5702 = DIRECTION ( 'NONE',  ( 0.000000000000000000, 0.000000000000000000, 1.000000000000000000 ) ) ;
#5703 = CARTESIAN_POINT ( 'NONE',  ( 0.7631184055902608954, 9.674112580179842880, 0.000000000000000000 ) ) ;
#5704 = AXIS2_PLACEMENT_3D ( 'NONE', #7007, #5452, #4869 ) ;
#5705 = VERTEX_POINT ( 'NONE', #1554 ) ;
#5706 = CARTESIAN_POINT ( 'NONE',  ( 20.30373448117783042, 5.128436356753846681, 3.174999999999999822 ) ) ;
#5707 = CARTESIAN_POINT ( 'NONE',  ( 26.18805509819400612, 10.49240108418684692, 11.80599999999999739 ) ) ;
#5708 = DIRECTION ( 'NONE',  ( -0.9673143870489525620, 0.2535801187161745296, -6.056018956362829774E-17 ) ) ;
#5709 = AXIS2_PLACEMENT_3D ( 'NONE', #6601, #7264, #4462 ) ;
#5710 = EDGE_CURVE ( 'NONE', #1018, #5546, #3586, .T. ) ;
#5711 = ORIENTED_EDGE ( 'NONE', *, *, #346, .T. ) ;
#5712 = CARTESIAN_POINT ( 'NONE',  ( -9.461997011206346286, -8.255214491074980288, 13.19298171855735902 ) ) ;
#5713 = AXIS2_PLACEMENT_3D ( 'NONE', #4095, #6896, #596 ) ;
#5714 = CARTESIAN_POINT ( 'NONE',  ( -14.66956674034063113, -5.694116509850372765, -7.318099999999999383 ) ) ;
#5715 = CARTESIAN_POINT ( 'NONE',  ( 5.571559769077778945, -14.65035004269345009, 8.630999999999419359 ) ) ;
#5716 = CARTESIAN_POINT ( 'NONE',  ( 19.00204440975599951, 3.936513636352595658, 1.587499999999999911 ) ) ;
#5717 = PLANE ( 'NONE',  #5234 ) ;
#5718 = CARTESIAN_POINT ( 'NONE',  ( 20.28929364769153665, 0.5399543597513165594, -8.905600000000001515 ) ) ;
#5719 = ORIENTED_EDGE ( 'NONE', *, *, #1174, .T. ) ;
#5720 = CARTESIAN_POINT ( 'NONE',  ( -12.20547776684155039, -12.32040931772231396, 1.587499999999999911 ) ) ;
#5721 = CARTESIAN_POINT ( 'NONE',  ( -1.622867371715112528, -12.76438399408419500, 11.80600000000000271 ) ) ;
#5722 = ADVANCED_FACE ( 'NONE', ( #2358 ), #1813, .T. ) ;
#5723 = DIRECTION ( 'NONE',  ( 0.000000000000000000, 0.000000000000000000, -1.000000000000000000 ) ) ;
#5724 = CARTESIAN_POINT ( 'NONE',  ( -19.71033619878172161, -7.218401743463203957, 14.98099999999982401 ) ) ;
#5725 = B_SPLINE_CURVE_WITH_KNOTS ( 'NONE', 3,
 ( #743, #784, #2990, #1264 ),
 .UNSPECIFIED., .F., .F.,
 ( 4, 4 ),
 ( 0.000000000000000000, 1.000000000000000000 ),
 .UNSPECIFIED. ) ;
#5726 = EDGE_CURVE ( 'NONE', #2040, #2899, #5358, .T. ) ;
#5727 = DIRECTION ( 'NONE',  ( 0.000000000000000000, 0.000000000000000000, 1.000000000000000000 ) ) ;
#5728 = DIRECTION ( 'NONE',  ( -0.3489024681454918619, -0.9371590407833582104, -0.000000000000000000 ) ) ;
#5729 = CARTESIAN_POINT ( 'NONE',  ( -12.35487886906233790, -11.65554741675927808, 1.587499999999999911 ) ) ;
#5730 = CARTESIAN_POINT ( 'NONE',  ( -44.69879262735813796, 25.43413383263218464, 11.80599999999999383 ) ) ;
#5731 = ORIENTED_EDGE ( 'NONE', *, *, #5953, .F. ) ;
#5732 = CARTESIAN_POINT ( 'NONE',  ( -12.69611107861289589, 5.860204217221870238, 0.000000000000000000 ) ) ;
#5733 = VERTEX_POINT ( 'NONE', #1852 ) ;
#5734 = CARTESIAN_POINT ( 'NONE',  ( -12.42588405310696231, -15.52700169928261786, -8.905599999999997962 ) ) ;
#5735 = CARTESIAN_POINT ( 'NONE',  ( 0.3806793846580728280, -16.23688503106220793, -12.77410000000000068 ) ) ;
#5736 = EDGE_LOOP ( 'NONE', ( #2837, #2697, #5518, #5608, #2255, #568, #4410 ) ) ;
#5737 = CARTESIAN_POINT ( 'NONE',  ( -12.06778573262370280, -12.72311895054607511, -5.730599999999999028 ) ) ;
#5738 = CARTESIAN_POINT ( 'NONE',  ( -12.01876752162932149, 8.715952146062260653, -8.905599999999997962 ) ) ;
#5739 = CARTESIAN_POINT ( 'NONE',  ( -5.603345093216948847, -10.05485579300198928, 11.05600000209201994 ) ) ;
#5740 = CARTESIAN_POINT ( 'NONE',  ( -1.447615242865005314, -21.14772114095298150, -8.905599999999999739 ) ) ;
#5741 = CARTESIAN_POINT ( 'NONE',  ( -6.092761286508818763, -9.907193276350634292, 10.21850059711605141 ) ) ;
#5742 = ORIENTED_EDGE ( 'NONE', *, *, #6340, .F. ) ;
#5743 = CARTESIAN_POINT ( 'NONE',  ( 14.72044767618559291, 12.78361513899634794, 8.631000000000000227 ) ) ;
#5744 = CARTESIAN_POINT ( 'NONE',  ( 28.39358412624508432, -7.233045574204664874, 11.80600000000000094 ) ) ;
#5745 = DIRECTION ( 'NONE',  ( -0.000000000000000000, -1.000000000000000000, -0.000000000000000000 ) ) ;
#5746 = ORIENTED_EDGE ( 'NONE', *, *, #3521, .T. ) ;
#5747 = CARTESIAN_POINT ( 'NONE',  ( -3.172073786110751303, 8.711167989954001101, -5.730599999999999028 ) ) ;
#5748 = EDGE_CURVE ( 'NONE', #4848, #1992, #1660, .T. ) ;
#5749 = DIRECTION ( 'NONE',  ( -0.3489024681454918064, -0.9371590407833580993, 0.000000000000000000 ) ) ;
#5750 = CARTESIAN_POINT ( 'NONE',  ( 15.09618207182342786, 21.65501198132387373, 8.630999999999993122 ) ) ;
#5751 = DIRECTION ( 'NONE',  ( -0.9673143870489525620, 0.2535801187161744741, -5.630609727717551074E-17 ) ) ;
#5752 = FACE_OUTER_BOUND ( 'NONE', #7150, .T. ) ;
#5753 = VERTEX_POINT ( 'NONE', #2287 ) ;
#5754 = CARTESIAN_POINT ( 'NONE',  ( 18.12537087368773570, 2.187414966256679527, -8.905599999999997962 ) ) ;
#5755 = ORIENTED_EDGE ( 'NONE', *, *, #792, .T. ) ;
#5756 = CARTESIAN_POINT ( 'NONE',  ( -12.45260510950008559, -9.618601123487151128, 1.587499999999999911 ) ) ;
#5757 = CYLINDRICAL_SURFACE ( 'NONE', #2514, 3.174999999999999822 ) ;
#5758 = DIRECTION ( 'NONE',  ( 3.783904556191340187E-17, 0.000000000000000000, -1.000000000000000000 ) ) ;
#5759 = CARTESIAN_POINT ( 'NONE',  ( -36.57734624587926930, 34.39605359592100342, 14.98099999999999454 ) ) ;
#5760 = CARTESIAN_POINT ( 'NONE',  ( 19.34913917186174004, 1.726690403717615618, 1.587499999999999911 ) ) ;
#5761 = DIRECTION ( 'NONE',  ( -0.000000000000000000, -0.000000000000000000, -1.000000000000000000 ) ) ;
#5762 = CARTESIAN_POINT ( 'NONE',  ( -12.35487886906233790, -11.65554741675927808, -5.730599999999999028 ) ) ;
#5763 = CARTESIAN_POINT ( 'NONE',  ( 1.104215542453944376, -10.18843664028698193, 11.80600000000000271 ) ) ;
#5764 = VERTEX_POINT ( 'NONE', #5160 ) ;
#5765 = LINE ( 'NONE', #722, #4309 ) ;
#5766 = ORIENTED_EDGE ( 'NONE', *, *, #2796, .T. ) ;
#5767 = CARTESIAN_POINT ( 'NONE',  ( 0.000000000000000000, 0.000000000000000000, -8.949100000000001387 ) ) ;
#5768 = CARTESIAN_POINT ( 'NONE',  ( -8.075756382246241927, -18.89114725270801642, -14.44909999999999961 ) ) ;
#5769 = ORIENTED_EDGE ( 'NONE', *, *, #6259, .T. ) ;
#5770 = CARTESIAN_POINT ( 'NONE',  ( 19.34913917186174359, 1.726690403594009160, 1.587499999999999911 ) ) ;
#5771 = DIRECTION ( 'NONE',  ( 0.7328391914109212424, -0.6804018808999482415, 0.000000000000000000 ) ) ;
#5772 = CARTESIAN_POINT ( 'NONE',  ( -7.874189604955129873, -1.296579135912097946, 0.000000000000000000 ) ) ;
#5773 = CARTESIAN_POINT ( 'NONE',  ( -2.204894577754120455, -10.96236130471560699, 9.416435412949244466 ) ) ;
#5774 = CARTESIAN_POINT ( 'NONE',  ( 1.590095103986505665, -19.94836994353445192, 8.502922979019055391E-15 ) ) ;
#5775 = VERTEX_POINT ( 'NONE', #203 ) ;
#5776 = CARTESIAN_POINT ( 'NONE',  ( 20.93663917196248292, 3.006843940388484793, 3.174999999999999822 ) ) ;
#5777 = CARTESIAN_POINT ( 'NONE',  ( 26.35318203560210648, -11.46868643948620203, 14.98100000000000520 ) ) ;
#5778 = CARTESIAN_POINT ( 'NONE',  ( -5.827377880173139957, -19.72765137017993453, -12.77409999999999712 ) ) ;
#5779 = EDGE_CURVE ( 'NONE', #3033, #3314, #5638, .T. ) ;
#5780 = B_SPLINE_CURVE_WITH_KNOTS ( 'NONE', 3,
 ( #1317, #2566, #192, #3085, #7061, #728, #6404, #767 ),
 .UNSPECIFIED., .F., .F.,
 ( 4, 1, 1, 1, 1, 4 ),
 ( 0.4920657386136739753, 0.5236528196600279683, 0.5722642748025396076, 0.6127738207546233884, 0.6451814575162930776, 0.6775890942779617676 ),
 .UNSPECIFIED. ) ;
#5781 = ORIENTED_EDGE ( 'NONE', *, *, #7205, .T. ) ;
#5782 = CARTESIAN_POINT ( 'NONE',  ( 20.70261212305837262, 0.1256046745876778503, -8.905599999999999739 ) ) ;
#5783 = CARTESIAN_POINT ( 'NONE',  ( 8.945847058240147476, 27.23474620158858528, 13.39349904687931314 ) ) ;
#5784 = CARTESIAN_POINT ( 'NONE',  ( 28.11328294592867394, 1.509902505737104272, 8.631000000000026873 ) ) ;
#5785 = DIRECTION ( 'NONE',  ( 0.9371590407833582104, -0.3489024681454918064, 0.000000000000000000 ) ) ;
#5786 = CARTESIAN_POINT ( 'NONE',  ( 2.420428040132277303, -3.040034490371304798, 8.631000000000000227 ) ) ;
#5787 = EDGE_CURVE ( 'NONE', #5904, #5775, #321, .T. ) ;
#5788 = CARTESIAN_POINT ( 'NONE',  ( 20.28420182839508712, 0.5344701233892937831, -8.905600000000001515 ) ) ;
#5789 = ORIENTED_EDGE ( 'NONE', *, *, #3931, .T. ) ;
#5790 = CARTESIAN_POINT ( 'NONE',  ( -7.523516826610324948, -17.40178589657775987, 1.587499999999999911 ) ) ;
#5791 = CARTESIAN_POINT ( 'NONE',  ( -8.834550332455130217, -27.80497700742806089, -12.77409999999999712 ) ) ;
#5792 = AXIS2_PLACEMENT_3D ( 'NONE', #1386, #3116, #2628 ) ;
#5793 = CARTESIAN_POINT ( 'NONE',  ( -17.99163032485166980, -6.193380558377856282, 10.21850059711605141 ) ) ;
#5794 = CARTESIAN_POINT ( 'NONE',  ( 25.29135330922542479, -6.357112028259214398, 14.98100000000000165 ) ) ;
#5795 = VECTOR ( 'NONE', #4206, 1000.000000000000000 ) ;
#5796 = DIRECTION ( 'NONE',  ( -0.000000000000000000, -0.000000000000000000, -1.000000000000000000 ) ) ;
#5797 = ADVANCED_FACE ( 'NONE', ( #5670 ), #3636, .T. ) ;
#5798 = DIRECTION ( 'NONE',  ( 0.000000000000000000, 0.000000000000000000, -1.000000000000000000 ) ) ;
#5799 = CARTESIAN_POINT ( 'NONE',  ( 0.000000000000000000, 0.000000000000000000, -7.949100000000000499 ) ) ;
#5800 = CARTESIAN_POINT ( 'NONE',  ( -45.42288820622445655, 18.78351911223738213, 11.80599999999999561 ) ) ;
#5801 = ORIENTED_EDGE ( 'NONE', *, *, #5877, .T. ) ;
#5802 = B_SPLINE_SURFACE_WITH_KNOTS ( 'NONE', 3, 1, ( 
 ( #202, #4719, #6965 ),
 ( #4169, #2433, #4682 ),
 ( #3060, #310, #1327 ),
 ( #5936, #4094, #4211 ),
 ( #890, #3137, #4757 ),
 ( #1371, #3617, #7002 ),
 ( #3578, #5379, #5826 ),
 ( #6929, #342, #4127 ),
 ( #2579, #779, #7071 ),
 ( #3246, #3723, #7178 ),
 ( #6627, #6077, #2132 ),
 ( #3790, #481, #3870 ),
 ( #7217, #1585, #2655 ),
 ( #4381, #6004, #5447 ),
 ( #6036, #6556, #517 ),
 ( #7144, #2100, #2068 ),
 ( #3757, #5490, #6111 ),
 ( #6522, #996, #447 ),
 ( #1067, #1511, #376 ),
 ( #4317, #2690, #6592 ),
 ( #2724, #4935, #1543 ),
 ( #3832, #3315, #1476 ),
 ( #1034, #3282, #5523 ),
 ( #960, #4349, #4971 ),
 ( #5557, #7108, #2169 ),
 ( #4421, #4863, #3206 ),
 ( #6667, #1622, #2762 ),
 ( #2031, #4281, #5972 ),
 ( #926, #3169, #410 ),
 ( #5414, #2611, #4903 ),
 ( #5631, #6737, #3981 ),
 ( #4561, #622, #2350 ),
 ( #3904, #6146, #6702 ),
 ( #6812, #4488, #2869 ),
 ( #698, #5115, #3423 ),
 ( #1211, #1733, #1104 ),
 ( #50, #5664, #1252 ),
 ( #5703, #1696, #6845 ),
 ( #89, #16, #1803 ),
 ( #3355, #1176, #1767 ),
 ( #587, #2314, #1143 ),
 ( #4013, #2832, #3943 ),
 ( #6253, #3459, #661 ) ),
 .UNSPECIFIED., .F., .F., .F.,
 ( 4, 1, 1, 1, 2, 1, 1, 1, 2, 1, 1, 1, 1, 1, 1, 1, 1, 1, 1, 1, 1, 1, 1, 1, 1, 1, 1, 1, 1, 1, 1, 1, 1, 2, 1, 1, 1, 4 ),
 ( 2, 1, 2 ),
 ( 0.000000000000000000, 0.004337499999999999342, 0.008674999999999998684, 0.01301249999999999803, 0.01734999999999999737, 0.04569999999999999063, 0.07405000000000000471, 0.1023999999999999633, 0.1307500000000000051, 0.1540578125000000020, 0.1773656249999999990, 0.2006734374999999959, 0.2239812500000000206, 0.2472890624999999620, 0.2705968749999999590, 0.2939046874999999837, 0.3172124999999999528, 0.3405203124999999775, 0.3638281249999999467, 0.3871359374999998604, 0.4104437499999999961, 0.4337515625000000208, 0.4570593750000000455, 0.5036749999999999838, 0.5502906249999998112, 0.5969062499999999716, 0.6435218749999997989, 0.6901374999999999593, 0.7367531250000001197, 0.7833687499999999471, 0.8066765625000000828, 0.8299843749999998854, 0.8532921874999999101, 0.8766000000000000458, 0.9074499999999999789, 0.9382999999999999119, 0.9691500000000000670, 1.000000000000000000 ),
 ( 0.000000000000000000, 1.000000000000000000, 1.010000000000000009 ),
 .UNSPECIFIED. ) ;
#5803 = AXIS2_PLACEMENT_3D ( 'NONE', #3959, #566, #6753 ) ;
#5804 = CARTESIAN_POINT ( 'NONE',  ( -11.60894294004579130, 6.993843075523475505, 0.000000000000000000 ) ) ;
#5805 = ORIENTED_EDGE ( 'NONE', *, *, #2633, .F. ) ;
#5806 = CARTESIAN_POINT ( 'NONE',  ( 20.92266734777798476, -0.7550195714615781650, -8.905600000000001515 ) ) ;
#5807 = DIRECTION ( 'NONE',  ( 0.3489024681454918064, 0.9371590407833583214, 0.000000000000000000 ) ) ;
#5808 = ORIENTED_EDGE ( 'NONE', *, *, #4817, .F. ) ;
#5810 = DIRECTION ( 'NONE',  ( -0.3489024681454918064, -0.9371590407833580993, -0.000000000000000000 ) ) ;
#5809 = B_SPLINE_CURVE_WITH_KNOTS ( 'NONE', 3,
 ( #2062, #4274, #304, #3718, #5890 ),
 .UNSPECIFIED., .F., .F.,
 ( 4, 1, 4 ),
 ( 0.000000000000000000, 0.02264027115345147029, 0.04136035097827933660 ),
 .UNSPECIFIED. ) ;
#5811 = ADVANCED_FACE ( 'NONE', ( #6819 ), #3881, .F. ) ;
#5812 = AXIS2_PLACEMENT_3D ( 'NONE', #3513, #6828, #6203 ) ;
#5813 = DIRECTION ( 'NONE',  ( 0.6804018808999479084, 0.7328391914109213534, 0.000000000000000000 ) ) ;
#5814 = CARTESIAN_POINT ( 'NONE',  ( -11.26858164461518186, -3.040837264634771664, 1.587499999999999689 ) ) ;
#5815 = CARTESIAN_POINT ( 'NONE',  ( -1.300934463568713895, -20.75373362015003664, -8.863998766145810393 ) ) ;
#5816 = VERTEX_POINT ( 'NONE', #3919 ) ;
#5817 = AXIS2_PLACEMENT_3D ( 'NONE', #1360, #6921, #6406 ) ;
#5818 = EDGE_CURVE ( 'NONE', #4862, #4962, #2258, .T. ) ;
#5819 = CARTESIAN_POINT ( 'NONE',  ( -11.48658944705459106, -6.436629345929393509, 1.587499999999999911 ) ) ;
#5820 = CARTESIAN_POINT ( 'NONE',  ( -44.97519480863827113, 29.96679013402548719, 14.98099999999999454 ) ) ;
#5821 = LINE ( 'NONE', #5376, #55 ) ;
#5822 = ADVANCED_FACE ( 'NONE', ( #3848, #3768 ), #6017, .T. ) ;
#5823 = CARTESIAN_POINT ( 'NONE',  ( 7.677438733454224007, 6.200963013054064277, -8.905599999999999739 ) ) ;
#5824 = CIRCLE ( 'NONE', #6762, 3.925000000000011813 ) ;
#5825 = ORIENTED_EDGE ( 'NONE', *, *, #6381, .F. ) ;
#5826 = CARTESIAN_POINT ( 'NONE',  ( 18.98624069621881105, -0.4521966359787085721, -5.787906000000007545 ) ) ;
#5827 = CARTESIAN_POINT ( 'NONE',  ( -3.452816812823029213, 8.817250506599844329, -7.318099999999999383 ) ) ;
#5828 = CARTESIAN_POINT ( 'NONE',  ( -42.95525717008185751, 27.44897564401927070, 8.630999999999989569 ) ) ;
#5829 = VECTOR ( 'NONE', #1506, 1000.000000000000000 ) ;
#5830 = CARTESIAN_POINT ( 'NONE',  ( -8.008001248791284610, -8.700422693099609361, 12.24536584716177146 ) ) ;
#5831 = CARTESIAN_POINT ( 'NONE',  ( -10.40640954656971395, -15.48209485088930215, 0.8752881351336784244 ) ) ;
#5832 = CARTESIAN_POINT ( 'NONE',  ( -3.174999999999999822, 0.000000000000000000, -8.949100000000001387 ) ) ;
#5833 = CARTESIAN_POINT ( 'NONE',  ( -0.4469312924721686731, -12.72760297242115435, 5.550900000000003054 ) ) ;
#5834 = ORIENTED_EDGE ( 'NONE', *, *, #1999, .F. ) ;
#5835 = CARTESIAN_POINT ( 'NONE',  ( 19.30136538586403461, 2.486910886431957124, 0.000000000000000000 ) ) ;
#5836 = LINE ( 'NONE', #3035, #6403 ) ;
#5837 = VECTOR ( 'NONE', #5928, 1000.000000000000000 ) ;
#5838 = CARTESIAN_POINT ( 'NONE',  ( -30.03296279907226207, 0.000000000000000000, 8.631000000000000227 ) ) ;
#5839 = CARTESIAN_POINT ( 'NONE',  ( -1.622867371712526152, -12.76438399408505653, 14.98100000000002119 ) ) ;
#5840 = DIRECTION ( 'NONE',  ( 0.9372357249148136615, -0.3486964237605598704, 0.000000000000000000 ) ) ;
#5841 = CARTESIAN_POINT ( 'NONE',  ( -16.66036468884557209, -1.196578931002857393, -8.905600000000001515 ) ) ;
#5842 = CARTESIAN_POINT ( 'NONE',  ( 3.766291807603387998, 12.28644048611909412, 1.587499999999999911 ) ) ;
#5843 = CARTESIAN_POINT ( 'NONE',  ( 3.097074019723452754, 7.978537327029215476, -7.318100000000001160 ) ) ;
#5844 = CARTESIAN_POINT ( 'NONE',  ( -6.908491289137257851, 34.65822918375732087, 8.630999999999989569 ) ) ;
#5845 = CARTESIAN_POINT ( 'NONE',  ( -13.76229623950490222, 4.245151003387815258, 0.000000000000000000 ) ) ;
#5846 = CARTESIAN_POINT ( 'NONE',  ( -9.853225687246998987, -3.809484351456501994, 1.587499999999999911 ) ) ;
#5847 = CARTESIAN_POINT ( 'NONE',  ( -16.11524486346072749, 2.569439185875654452, -8.905600000000001515 ) ) ;
#5848 = EDGE_LOOP ( 'NONE', ( #1982, #3841 ) ) ;
#5849 = CARTESIAN_POINT ( 'NONE',  ( 4.759815703703596412, -12.78599078537129863, 8.631000000000003780 ) ) ;
#5850 = CARTESIAN_POINT ( 'NONE',  ( 2.522652101162977889, 6.498606346870407613, -7.318099999999999383 ) ) ;
#5851 = CARTESIAN_POINT ( 'NONE',  ( -6.386599029474316680, 0.5923071502772416785, 0.000000000000000000 ) ) ;
#5852 = CARTESIAN_POINT ( 'NONE',  ( 19.50871581554208234, 16.82698967804242329, 14.98099999999938703 ) ) ;
#5853 = VERTEX_POINT ( 'NONE', #6605 ) ;
#5854 = CARTESIAN_POINT ( 'NONE',  ( 1.502673003509710892, -19.94388149817070399, 1.002373093027296491 ) ) ;
#5855 = CARTESIAN_POINT ( 'NONE',  ( 7.290481762829307044, -15.12270843337942949, 14.98100000000000520 ) ) ;
#5856 = ADVANCED_FACE ( 'NONE', ( #460 ), #1559, .F. ) ;
#5857 = CARTESIAN_POINT ( 'NONE',  ( 0.1640667450604296196, 11.45798181693728246, 8.631000000000000227 ) ) ;
#5858 = CARTESIAN_POINT ( 'NONE',  ( 18.98450851252057703, 8.196921858192418142, 3.174999999999999822 ) ) ;
#5859 = ORIENTED_EDGE ( 'NONE', *, *, #2757, .F. ) ;
#5860 = DIRECTION ( 'NONE',  ( -0.3489024681454919175, -0.9371590407833583214, 0.000000000000000000 ) ) ;
#5861 = CARTESIAN_POINT ( 'NONE',  ( -14.29269913100902123, -7.137698134232686620, -8.248035969732711692 ) ) ;
#5862 = CARTESIAN_POINT ( 'NONE',  ( 28.11328294592867394, 1.509902505737491074, 11.80599999999999916 ) ) ;
#5863 = CARTESIAN_POINT ( 'NONE',  ( -6.802166949865369183, -8.989651380556258786, 11.36663415283823042 ) ) ;
#5864 = CARTESIAN_POINT ( 'NONE',  ( 9.317796226999819353, -13.96721214419391899, 11.05600000000000271 ) ) ;
#5865 = DIRECTION ( 'NONE',  ( -0.000000000000000000, -0.000000000000000000, 1.000000000000000000 ) ) ;
#5866 = LINE ( 'NONE', #3473, #4986 ) ;
#5867 = B_SPLINE_SURFACE_WITH_KNOTS ( 'NONE', 3, 1, ( 
 ( #1097, #1171 ),
 ( #5737, #656 ),
 ( #2272, #2903 ),
 ( #1247, #2793 ),
 ( #5074, #2310 ),
 ( #2235, #5111 ),
 ( #583, #6214 ),
 ( #4483, #3939 ),
 ( #6182, #3419 ),
 ( #2828, #1138 ) ),
 .UNSPECIFIED., .F., .F., .F.,
 ( 4, 1, 1, 1, 1, 1, 1, 4 ),
 ( 2, 2 ),
 ( 0.000000000000000000, 0.1250000000000000000, 0.2500000000000000000, 0.5000000000000000000, 0.6250000000000000000, 0.7500000000000000000, 0.8750000000000000000, 1.000000000000000000 ),
 ( 0.000000000000000000, 1.000000000000000000 ),
 .UNSPECIFIED. ) ;
#5868 = ORIENTED_EDGE ( 'NONE', *, *, #3190, .F. ) ;
#5869 = CARTESIAN_POINT ( 'NONE',  ( 0.000000000000000000, 0.000000000000000000, 14.48099999999999987 ) ) ;
#5870 = CARTESIAN_POINT ( 'NONE',  ( 19.67346976719853657, 19.47390449463422968, 10.21850059711604608 ) ) ;
#5871 = CARTESIAN_POINT ( 'NONE',  ( -12.00369839893808077, -12.87642469465369288, -8.248035969732711692 ) ) ;
#5872 = CARTESIAN_POINT ( 'NONE',  ( -16.48266611867316556, 32.85587203522655386, 14.98099999999999454 ) ) ;
#5873 = B_SPLINE_CURVE_WITH_KNOTS ( 'NONE', 3,
 ( #3778, #6445, #2490, #7028, #949, #2089, #5994, #4788, #7062, #6026, #3643, #6511, #3194, #7096 ),
 .UNSPECIFIED., .F., .F.,
 ( 4, 2, 2, 2, 2, 2, 4 ),
 ( 0.0002693497798301993837, 0.0008932702651249884145, 0.001205230507772382794, 0.001517190750419777391, 0.001829150993067171988, 0.002141111235714566151, 0.002765031721009351441 ),
 .UNSPECIFIED. ) ;
#5874 = CARTESIAN_POINT ( 'NONE',  ( 19.00204440975599951, 3.936513636352596546, 1.587499999999999911 ) ) ;
#5875 = CARTESIAN_POINT ( 'NONE',  ( -3.518222732870045721, 9.541138692796112153, -8.905600000000001515 ) ) ;
#5876 = CARTESIAN_POINT ( 'NONE',  ( 13.31780050810874094, 11.74001846247007208, 1.587499999999999911 ) ) ;
#5877 = EDGE_CURVE ( 'NONE', #4578, #7067, #603, .T. ) ;
#5878 = CARTESIAN_POINT ( 'NONE',  ( -16.28897430626091847, -5.700450196666040803, -8.905599999999997962 ) ) ;
#5879 = CARTESIAN_POINT ( 'NONE',  ( -37.63074280117568549, 30.59158252159165770, 8.630999999999875882 ) ) ;
#5880 = CARTESIAN_POINT ( 'NONE',  ( -3.731075803028095272, 8.918831801194977871, -7.318099999999999383 ) ) ;
#5881 = CARTESIAN_POINT ( 'NONE',  ( -12.92405896150109434, -14.71937780238395632, -15.44910000000000139 ) ) ;
#5882 = CARTESIAN_POINT ( 'NONE',  ( 19.34902119136896914, -0.9952133635264059919, 0.000000000000000000 ) ) ;
#5883 = ORIENTED_EDGE ( 'NONE', *, *, #5549, .T. ) ;
#5884 = CARTESIAN_POINT ( 'NONE',  ( 20.27401818980218451, 0.5235016506652500068, -7.318100000000001160 ) ) ;
#5885 = LINE ( 'NONE', #4235, #5671 ) ;
#5886 = EDGE_CURVE ( 'NONE', #1032, #1370, #2627, .T. ) ;
#5887 = CARTESIAN_POINT ( 'NONE',  ( -6.967105568256432235, -11.34794501770343977, 14.98100000000000520 ) ) ;
#5888 = CARTESIAN_POINT ( 'NONE',  ( -2.500000000000000000, 0.000000000000000000, -7.949100000000000499 ) ) ;
#5889 = EDGE_LOOP ( 'NONE', ( #4050, #364, #1904, #5766, #6452, #6900, #2232, #4101, #6778, #1121, #925, #1029, #3861 ) ) ;
#5890 = CARTESIAN_POINT ( 'NONE',  ( 12.16856079531247481, -14.54943197920268183, 13.39349999983421569 ) ) ;
#5891 = CARTESIAN_POINT ( 'NONE',  ( 15.95516603052774940, -16.41534318459394726, 14.98100000000015974 ) ) ;
#5892 = CARTESIAN_POINT ( 'NONE',  ( 0.000000000000000000, 0.000000000000000000, -7.949100000000000499 ) ) ;
#5893 = CARTESIAN_POINT ( 'NONE',  ( 20.93663917198677993, -15.59479342055142759, -8.905600000000003291 ) ) ;
#5894 = EDGE_CURVE ( 'NONE', #4487, #1370, #2178, .T. ) ;
#5895 = ORIENTED_EDGE ( 'NONE', *, *, #5908, .T. ) ;
#5896 = DIRECTION ( 'NONE',  ( 0.9371590407833583214, -0.3489024681454916954, 0.000000000000000000 ) ) ;
#5897 = CARTESIAN_POINT ( 'NONE',  ( -7.139688768580557010, 9.184898826891830126, -7.318099999999999383 ) ) ;
#5898 = CARTESIAN_POINT ( 'NONE',  ( -5.273267697204471638, -11.77842311985290813, 8.631000000000000227 ) ) ;
#5899 = CARTESIAN_POINT ( 'NONE',  ( -3.738308430127966542, -10.09402862205215889, 12.55603281448345143 ) ) ;
#5900 = CARTESIAN_POINT ( 'NONE',  ( 5.874447809812912702, -21.54342603158024971, -6.524349999999999206 ) ) ;
#5901 = DIRECTION ( 'NONE',  ( 0.9371590407833579883, -0.3489024681454927501, 0.000000000000000000 ) ) ;
#5902 = CARTESIAN_POINT ( 'NONE',  ( -10.77377632720185652, -15.06705754985584989, -7.318099999999999383 ) ) ;
#5903 =( BOUNDED_SURFACE ( )  B_SPLINE_SURFACE ( 3, 3, ( 
 ( #1019, #2635, #6098, #913, #3269, #947, #5475, #2710, #365, #434, #3125, #1500, #3776, #4267, #2600, #4849, #7093, #6611, #7198, #5366, #1569, #2565, #4819, #6509, #3192, #2055, #4305, #6544 ),
 ( #3744, #5992, #5615, #2334, #5579, #2894, #1680, #6831, #3890, #1787, #2745, #574, #6724, #2853, #6688, #1088, #4583, #7240, #5100, #4032, #503, #1721, #1754, #6761, #3444, #6797, #6173, #1055 ),
 ( #107, #74, #3302, #3340, #3928, #5066, #644, #5541, #4549, #542, #4996, #6239, #2, #5033, #6132, #3378, #2227, #2192, #4474, #2785, #3999, #1130, #2262, #1196, #5686, #5137, #4439, #1642 ),
 ( #4513, #2818, #34, #3967, #6206, #1163, #3411, #5650, #609, #2301, #5172, #5283, #717, #3074, #3001, #2516, #2479, #2926, #1383, #213, #1896, #6870, #6313, #4073, #4733, #5874, #249, #5760 ) ),
 .UNSPECIFIED., .F., .F., .F. ) 
 B_SPLINE_SURFACE_WITH_KNOTS ( ( 4, 4 ),
 ( 4, 2, 2, 2, 2, 2, 2, 2, 2, 2, 2, 2, 2, 4 ),
 ( 0.000000000000000000, 1.000000000000000000 ),
 ( 0.000000000000000000, 0.06879089441601586585, 0.1238236099496764914, 0.1926145043665161705, 0.2614053987832659631, 0.3439544720834166180, 0.4127453665001959426, 0.4815362609169593910, 0.5640853342174033669, 0.6328762286338756038, 0.7154253019340063302, 0.7979743752341311724, 0.8667652696509180466, 1.000000000000000000 ),
 .UNSPECIFIED. ) 
 GEOMETRIC_REPRESENTATION_ITEM ( )  RATIONAL_B_SPLINE_SURFACE ( (
 ( 1.000000000000000000, 1.000000000000000000, 1.000000000000000000, 1.000000000000000000, 1.000000000000000000, 1.000000000000000000, 1.000000000000000000, 1.000000000000000000, 1.000000000000000000, 1.000000000000000000, 1.000000000000000000, 1.000000000000000000, 1.000000000000000000, 1.000000000000000000, 1.000000000000000000, 1.000000000000000000, 1.000000000000000000, 1.000000000000000000, 1.000000000000000000, 1.000000000000000000, 1.000000000000000000, 1.000000000000000000, 1.000000000000000000, 1.000000000000000000, 1.000000000000000000, 1.000000000000000000, 1.000000000000000000, 1.000000000000000000),
 ( 0.8047378541243649375, 0.8047378541243649375, 0.8047378541243649375, 0.8047378541243649375, 0.8047378541243649375, 0.8047378541243649375, 0.8047378541243649375, 0.8047378541243649375, 0.8047378541243649375, 0.8047378541243649375, 0.8047378541243649375, 0.8047378541243649375, 0.8047378541243649375, 0.8047378541243649375, 0.8047378541243649375, 0.8047378541243649375, 0.8047378541243649375, 0.8047378541243649375, 0.8047378541243649375, 0.8047378541243649375, 0.8047378541243649375, 0.8047378541243649375, 0.8047378541243649375, 0.8047378541243649375, 0.8047378541243649375, 0.8047378541243649375, 0.8047378541243649375, 0.8047378541243649375),
 ( 0.8047378541243649375, 0.8047378541243649375, 0.8047378541243649375, 0.8047378541243649375, 0.8047378541243649375, 0.8047378541243649375, 0.8047378541243649375, 0.8047378541243649375, 0.8047378541243649375, 0.8047378541243649375, 0.8047378541243649375, 0.8047378541243649375, 0.8047378541243649375, 0.8047378541243649375, 0.8047378541243649375, 0.8047378541243649375, 0.8047378541243649375, 0.8047378541243649375, 0.8047378541243649375, 0.8047378541243649375, 0.8047378541243649375, 0.8047378541243649375, 0.8047378541243649375, 0.8047378541243649375, 0.8047378541243649375, 0.8047378541243649375, 0.8047378541243649375, 0.8047378541243649375),
 ( 1.000000000000000000, 1.000000000000000000, 1.000000000000000000, 1.000000000000000000, 1.000000000000000000, 1.000000000000000000, 1.000000000000000000, 1.000000000000000000, 1.000000000000000000, 1.000000000000000000, 1.000000000000000000, 1.000000000000000000, 1.000000000000000000, 1.000000000000000000, 1.000000000000000000, 1.000000000000000000, 1.000000000000000000, 1.000000000000000000, 1.000000000000000000, 1.000000000000000000, 1.000000000000000000, 1.000000000000000000, 1.000000000000000000, 1.000000000000000000, 1.000000000000000000, 1.000000000000000000, 1.000000000000000000, 1.000000000000000000) ) ) 
 REPRESENTATION_ITEM ( '' )  SURFACE ( )  );
#5904 = VERTEX_POINT ( 'NONE', #6645 ) ;
#5905 = CARTESIAN_POINT ( 'NONE',  ( 17.57939817101269497, 0.5508452092091917773, -5.733088432042843685 ) ) ;
#5906 = CARTESIAN_POINT ( 'NONE',  ( -1.154864917356221987, -10.32993118863620019, -10.44909999999999783 ) ) ;
#5907 = CARTESIAN_POINT ( 'NONE',  ( -7.706093242219713702, -17.33461775995882803, -8.248035969732711692 ) ) ;
#5908 = EDGE_CURVE ( 'NONE', #454, #1205, #3603, .T. ) ;
#5909 = CARTESIAN_POINT ( 'NONE',  ( -20.08259148370260405, 32.86196989895047693, 14.98099999999999454 ) ) ;
#5910 = EDGE_CURVE ( 'NONE', #6959, #268, #1634, .T. ) ;
#5911 = CARTESIAN_POINT ( 'NONE',  ( -3.388040221737608881, 8.879740285037277303, -7.829580735201536079 ) ) ;
#5912 = CARTESIAN_POINT ( 'NONE',  ( -4.289195265756758246, 9.753587866269061379, -8.905600000000001515 ) ) ;
#5913 = VECTOR ( 'NONE', #5617, 1000.000000000000000 ) ;
#5914 = CARTESIAN_POINT ( 'NONE',  ( -16.65746720359356559, -2.548208754440649315, -15.44909999999999961 ) ) ;
#5915 = CARTESIAN_POINT ( 'NONE',  ( -4.453473749772172141, -8.710837770988907991, 8.631000000000000227 ) ) ;
#5916 = CARTESIAN_POINT ( 'NONE',  ( -14.58480082940163314, 2.174848942770986948, -7.318099999999999383 ) ) ;
#5917 = VERTEX_POINT ( 'NONE', #4025 ) ;
#5918 = CARTESIAN_POINT ( 'NONE',  ( 19.74102292354263355, -15.78402317582673930, 11.80600000000000449 ) ) ;
#5919 = AXIS2_PLACEMENT_3D ( 'NONE', #6756, #1823, #4102 ) ;
#5920 = CARTESIAN_POINT ( 'NONE',  ( 9.144517129695918456, -13.92961176234674525, 12.55600000000000271 ) ) ;
#5921 = VERTEX_POINT ( 'NONE', #6790 ) ;
#5922 = LINE ( 'NONE', #3527, #629 ) ;
#5923 = CARTESIAN_POINT ( 'NONE',  ( -8.565050193019002833, -16.92647862052163177, -7.318099999999999383 ) ) ;
#5924 = CARTESIAN_POINT ( 'NONE',  ( -10.40649713438144097, -15.48206224211922688, -6.524350000000000094 ) ) ;
#5925 = CARTESIAN_POINT ( 'NONE',  ( 15.09618207182342786, 21.65501198132387373, 14.98099999999999454 ) ) ;
#5926 = AXIS2_PLACEMENT_3D ( 'NONE', #550, #11, #5042 ) ;
#5927 = CIRCLE ( 'NONE', #4981, 3.174999999999999822 ) ;
#5928 = DIRECTION ( 'NONE',  ( 0.000000000000000000, 0.000000000000000000, 1.000000000000000000 ) ) ;
#5929 = ORIENTED_EDGE ( 'NONE', *, *, #263, .F. ) ;
#5930 = CARTESIAN_POINT ( 'NONE',  ( -12.64633658977693997, 34.64295991251769635, 10.21850059711604253 ) ) ;
#5931 = ORIENTED_EDGE ( 'NONE', *, *, #5118, .T. ) ;
#5932 = CIRCLE ( 'NONE', #1220, 1.587499999999999245 ) ;
#5933 = FACE_OUTER_BOUND ( 'NONE', #4829, .T. ) ;
#5934 = DIRECTION ( 'NONE',  ( 1.000000000000000000, 4.302205379782582088E-17, -9.552814938601679897E-33 ) ) ;
#5935 = ORIENTED_EDGE ( 'NONE', *, *, #5054, .F. ) ;
#5936 = CARTESIAN_POINT ( 'NONE',  ( 19.34913917186176846, -0.6893138875857017789, 0.000000000000000000 ) ) ;
#5937 = CARTESIAN_POINT ( 'NONE',  ( -7.696762300786943456, 9.074866323787089684, -7.318099999999999383 ) ) ;
#5938 = CARTESIAN_POINT ( 'NONE',  ( -12.27556252960572714, -9.873853818606887600, 8.631000000000000227 ) ) ;
#5939 = CARTESIAN_POINT ( 'NONE',  ( -6.346370424762275420, -9.097365523878567117, 12.24536584716177146 ) ) ;
#5940 = EDGE_CURVE ( 'NONE', #3465, #6317, #4782, .T. ) ;
#5941 = CARTESIAN_POINT ( 'NONE',  ( 11.59396436869949909, -14.45572386313257596, 11.05600000000000271 ) ) ;
#5942 = CYLINDRICAL_SURFACE ( 'NONE', #6385, 2.500000000000000000 ) ;
#5943 = VECTOR ( 'NONE', #6292, 1000.000000000000000 ) ;
#5944 = DIRECTION ( 'NONE',  ( 0.9371590407833583214, -0.3489024681454917509, 0.000000000000000000 ) ) ;
#5945 = ORIENTED_EDGE ( 'NONE', *, *, #2304, .F. ) ;
#5946 = CARTESIAN_POINT ( 'NONE',  ( 10.36144627289606923, 12.92836618082475830, 0.000000000000000000 ) ) ;
#5947 = CARTESIAN_POINT ( 'NONE',  ( 9.169603263354870748, -13.98518257472503379, 8.631000000000002004 ) ) ;
#5948 = AXIS2_PLACEMENT_3D ( 'NONE', #3508, #5785, #6343 ) ;
#5949 = CARTESIAN_POINT ( 'NONE',  ( -7.522063524368012288, -17.40308485334662691, -8.248035969732711692 ) ) ;
#5950 = CARTESIAN_POINT ( 'NONE',  ( 19.73284292453422850, -12.40441390036500025, 11.80600000000000271 ) ) ;
#5951 = CARTESIAN_POINT ( 'NONE',  ( 8.251932405013249650, -13.70983171862235572, 10.21850000016612192 ) ) ;
#5952 = CARTESIAN_POINT ( 'NONE',  ( -3.405855749582382686, 8.799896514024602823, -8.248035969732711692 ) ) ;
#5953 = EDGE_CURVE ( 'NONE', #4039, #5997, #6222, .T. ) ;
#5954 = CIRCLE ( 'NONE', #2419, 0.7932651669729868793 ) ;
#5955 = CARTESIAN_POINT ( 'NONE',  ( -16.53301447364963295, -4.165364360595476434, -15.44909999999999961 ) ) ;
#5956 = CARTESIAN_POINT ( 'NONE',  ( -44.69879262735814507, 25.43413383263218464, 8.630999999999993122 ) ) ;
#5957 = LINE ( 'NONE', #910, #3953 ) ;
#5958 = LINE ( 'NONE', #6542, #764 ) ;
#5959 = EDGE_CURVE ( 'NONE', #693, #7179, #5300, .T. ) ;
#5960 = ORIENTED_EDGE ( 'NONE', *, *, #2576, .F. ) ;
#5961 = CARTESIAN_POINT ( 'NONE',  ( -3.764673518677131625, -20.49267306973824887, -15.44909999999999961 ) ) ;
#5962 = CARTESIAN_POINT ( 'NONE',  ( 16.97260119643697962, -11.76431354339998059, -5.730599999999997252 ) ) ;
#5963 = CARTESIAN_POINT ( 'NONE',  ( -8.076413439608003841, -18.88989291583022379, 8.631000000000000227 ) ) ;
#5964 = CARTESIAN_POINT ( 'NONE',  ( -7.829001583366465233, -11.15330637801602798, 14.98100000000000520 ) ) ;
#5965 = CARTESIAN_POINT ( 'NONE',  ( 4.759815703703596412, -12.78599078537129863, 14.98100000000000165 ) ) ;
#5966 = ORIENTED_EDGE ( 'NONE', *, *, #1552, .F. ) ;
#5967 = CARTESIAN_POINT ( 'NONE',  ( -9.392557478943123428, -16.42452542160103235, 1.587499999999999911 ) ) ;
#5968 = VERTEX_POINT ( 'NONE', #3576 ) ;
#5969 = CARTESIAN_POINT ( 'NONE',  ( -14.92656653629867591, -4.225130301441974545, -7.318099999999999383 ) ) ;
#5970 = DIRECTION ( 'NONE',  ( -0.9371590407833582104, 0.3489024681454918064, -0.000000000000000000 ) ) ;
#5971 = EDGE_LOOP ( 'NONE', ( #441, #2729, #2094, #6047 ) ) ;
#5972 = CARTESIAN_POINT ( 'NONE',  ( 8.523638678404839908, 4.073430667643433090, -5.787905999999996887 ) ) ;
#5973 = CARTESIAN_POINT ( 'NONE',  ( -15.07311084845964899, -1.246108911772130901, -8.248035969732711692 ) ) ;
#5974 = CARTESIAN_POINT ( 'NONE',  ( -47.26318507213461118, 14.98993600145355387, 8.630999999999994898 ) ) ;
#5975 = CARTESIAN_POINT ( 'NONE',  ( 12.16910334886818568, -14.54587935834384460, 11.05600000000000271 ) ) ;
#5976 = DIRECTION ( 'NONE',  ( 0.9371590407833583214, -0.3489024681454917509, 0.000000000000000000 ) ) ;
#5977 = CARTESIAN_POINT ( 'NONE',  ( 3.924999999999977174, 4.806738686653333069E-16, -11.44909999999999961 ) ) ;
#5978 = ORIENTED_EDGE ( 'NONE', *, *, #5245, .T. ) ;
#5979 = CARTESIAN_POINT ( 'NONE',  ( 5.979130371550699152, 0.5000000000000014433, 14.48099999999999987 ) ) ;
#5980 = EDGE_CURVE ( 'NONE', #814, #1499, #2541, .T. ) ;
#5981 = CARTESIAN_POINT ( 'NONE',  ( -8.075426939931087844, -18.89025876392038938, 7.043499999999999872 ) ) ;
#5982 = VECTOR ( 'NONE', #1969, 1000.000000000000000 ) ;
#5983 = CARTESIAN_POINT ( 'NONE',  ( -8.998819715029160449, -16.66378078452587630, -8.248035969732711692 ) ) ;
#5984 = CARTESIAN_POINT ( 'NONE',  ( -41.34135381484318827, 28.62881875561460632, 14.98099999999987908 ) ) ;
#5985 = CARTESIAN_POINT ( 'NONE',  ( -3.301741194543028612, 9.107370590575596836, -8.285426516924596640 ) ) ;
#5986 = CARTESIAN_POINT ( 'NONE',  ( -16.50086990307567802, -4.434013145095823560, -8.905600000000001515 ) ) ;
#5987 = LINE ( 'NONE', #941, #3562 ) ;
#5988 = CARTESIAN_POINT ( 'NONE',  ( 7.290481762829307044, -15.12270843337942949, 8.631000000000000227 ) ) ;
#5989 = PLANE ( 'NONE',  #2535 ) ;
#5990 = CARTESIAN_POINT ( 'NONE',  ( -1.294326148523905928, -10.27801004649543870, 7.043499999999998984 ) ) ;
#5991 = ORIENTED_EDGE ( 'NONE', *, *, #4955, .F. ) ;
#5992 = CARTESIAN_POINT ( 'NONE',  ( 0.8671950147110814022, 10.84871912711790465, 3.174999999999999822 ) ) ;
#5993 = CARTESIAN_POINT ( 'NONE',  ( 0.7205300754042613942, 10.14087296952719974, 2.554611559452808933 ) ) ;
#5994 = CARTESIAN_POINT ( 'NONE',  ( -1.078799920293147530, -20.15707577302306319, 2.786905563211881542 ) ) ;
#5995 = CARTESIAN_POINT ( 'NONE',  ( -35.53768265111548885, 31.38543395455019791, 14.98099999999999454 ) ) ;
#5996 = CARTESIAN_POINT ( 'NONE',  ( -6.974196657649877729, -9.719714757477259326, 12.55599999790798371 ) ) ;
#5997 = VERTEX_POINT ( 'NONE', #267 ) ;
#5998 = ADVANCED_FACE ( 'NONE', ( #1120 ), #4208, .F. ) ;
#5999 = CARTESIAN_POINT ( 'NONE',  ( 12.38415738888788198, -13.13771336199715734, 11.10354529519385380 ) ) ;
#6000 = VERTEX_POINT ( 'NONE', #6200 ) ;
#6001 = DIRECTION ( 'NONE',  ( 0.6187123756285676235, 0.7856175890622957292, -0.000000000000000000 ) ) ;
#6002 = LINE ( 'NONE', #2542, #1960 ) ;
#6003 = ORIENTED_EDGE ( 'NONE', *, *, #2757, .T. ) ;
#6004 = CARTESIAN_POINT ( 'NONE',  ( 15.36224855934769629, 1.515026188350692582, -5.730599999999999028 ) ) ;
#6005 = CARTESIAN_POINT ( 'NONE',  ( 9.145347856307289192, -13.92611525790092841, 12.55600000000000271 ) ) ;
#6006 = CARTESIAN_POINT ( 'NONE',  ( 7.753788007553904293, 29.50962372097942321, 8.630999999999938055 ) ) ;
#6007 = CARTESIAN_POINT ( 'NONE',  ( -1.154864917356221987, -10.32993118863620019, -2.449099999999997390 ) ) ;
#6008 = CARTESIAN_POINT ( 'NONE',  ( -10.68483865749983508, -5.028685588726406586, -0.002873152972445312987 ) ) ;
#6009 = CARTESIAN_POINT ( 'NONE',  ( 17.13785916512378904, 0.7849845658127124759, -5.730600000294427510 ) ) ;
#6010 = ORIENTED_EDGE ( 'NONE', *, *, #5894, .F. ) ;
#6011 = DIRECTION ( 'NONE',  ( 1.000000000000000000, 0.000000000000000000, 0.000000000000000000 ) ) ;
#6012 = CARTESIAN_POINT ( 'NONE',  ( -4.893531080939470534, 2.488148397741977824, 0.000000000000000000 ) ) ;
#6013 = CARTESIAN_POINT ( 'NONE',  ( -10.83613325224053270, -17.27292142887492687, -8.905600000000001515 ) ) ;
#6014 = CARTESIAN_POINT ( 'NONE',  ( 23.15220087576790675, 9.544644554831304362, 11.80599999999999739 ) ) ;
#6015 = EDGE_CURVE ( 'NONE', #4479, #5505, #5124, .T. ) ;
#6016 = LINE ( 'NONE', #2047, #7218 ) ;
#6017 = PLANE ( 'NONE',  #3836 ) ;
#6018 = DIRECTION ( 'NONE',  ( 0.000000000000000000, 0.000000000000000000, -1.000000000000000000 ) ) ;
#6019 = CARTESIAN_POINT ( 'NONE',  ( 27.54192536631284938, 4.318195128450602382, 11.80599999999999916 ) ) ;
#6020 = CARTESIAN_POINT ( 'NONE',  ( 0.000000000000000000, 0.000000000000000000, -11.44909999999999961 ) ) ;
#6021 = CARTESIAN_POINT ( 'NONE',  ( 3.924999999999977174, 4.806738686653333069E-16, -11.44909999999999961 ) ) ;
#6022 = AXIS2_PLACEMENT_3D ( 'NONE', #1265, #4438, #5540 ) ;
#6023 = EDGE_LOOP ( 'NONE', ( #3588, #1850, #4316, #912 ) ) ;
#6024 = FACE_OUTER_BOUND ( 'NONE', #5644, .T. ) ;
#6025 = CARTESIAN_POINT ( 'NONE',  ( 12.35822493391372490, -16.79208820842150018, -5.730599999999999916 ) ) ;
#6026 = CARTESIAN_POINT ( 'NONE',  ( -0.9621495243181570345, -19.84375046529455844, 2.386947611351974974 ) ) ;
#6027 = CARTESIAN_POINT ( 'NONE',  ( 25.20082822569304781, -0.01930093290845598039, 11.80600000000000094 ) ) ;
#6028 = CARTESIAN_POINT ( 'NONE',  ( -4.043855511564062866, -20.41490915679964147, -8.905600000000001515 ) ) ;
#6029 = VERTEX_POINT ( 'NONE', #5607 ) ;
#6030 = CARTESIAN_POINT ( 'NONE',  ( -1.681543941320843505, -8.965972145123165760, 10.60799819143153044 ) ) ;
#6031 = ORIENTED_EDGE ( 'NONE', *, *, #5877, .F. ) ;
#6032 = CARTESIAN_POINT ( 'NONE',  ( -15.07851313103464896, -2.245596035779637401, -7.318099999999999383 ) ) ;
#6033 = ORIENTED_EDGE ( 'NONE', *, *, #1976, .T. ) ;
#6034 = CARTESIAN_POINT ( 'NONE',  ( 20.93663917186174217, 1.726690403594020262, 3.175000000000000266 ) ) ;
#6035 = ORIENTED_EDGE ( 'NONE', *, *, #4944, .T. ) ;
#6036 = CARTESIAN_POINT ( 'NONE',  ( 18.95789852809761555, 3.994098913387808647, 0.000000000000000000 ) ) ;
#6037 = VECTOR ( 'NONE', #786, 1000.000000000000000 ) ;
#6038 = CARTESIAN_POINT ( 'NONE',  ( 9.492080810644381472, -12.46672621207195242, 12.55600000000000094 ) ) ;
#6039 = CARTESIAN_POINT ( 'NONE',  ( -44.97519480863827113, 29.96679013402548364, 11.80599999999999383 ) ) ;
#6040 = CARTESIAN_POINT ( 'NONE',  ( 16.28144015722066129, 1.158382521813878796, -7.318099999999999383 ) ) ;
#6041 = EDGE_CURVE ( 'NONE', #513, #6551, #2534, .T. ) ;
#6042 = CARTESIAN_POINT ( 'NONE',  ( 20.00646724069226678, -3.040000106926999734, -8.905600000000001515 ) ) ;
#6043 = CYLINDRICAL_SURFACE ( 'NONE', #1566, 6.000000000000000888 ) ;
#6044 = B_SPLINE_CURVE_WITH_KNOTS ( 'NONE', 3,
 ( #5259, #7027, #4673, #3676, #5923, #5326, #877, #6919, #3049, #1873, #837, #3608, #2530, #3566, #225, #4708, #5293, #6955, #1910, #4157, #4198, #805 ),
 .UNSPECIFIED., .F., .F.,
 ( 4, 2, 2, 2, 2, 2, 2, 2, 2, 2, 4 ),
 ( 0.8599752458351550555, 0.8716853858841903113, 0.8899009454731731106, 0.9044730433523903157, 0.9226813626088121723, 0.9408997517909335473, 0.9591210407714405584, 0.9773353880055931642, 0.9918904835717163859, 1.000000000000000000, 1.000340255789086807 ),
 .UNSPECIFIED. ) ;
#6046 = VECTOR ( 'NONE', #3968, 1000.000000000000114 ) ;
#6045 = CARTESIAN_POINT ( 'NONE',  ( 8.251932405013249650, -13.70983171862235572, 10.21850000016612192 ) ) ;
#6047 = ORIENTED_EDGE ( 'NONE', *, *, #3781, .T. ) ;
#6048 = CARTESIAN_POINT ( 'NONE',  ( -12.05308680556422729, 6.613262751431634889, -5.730599999999992811 ) ) ;
#6049 = CARTESIAN_POINT ( 'NONE',  ( -8.298894287761394040, -18.80787753779909721, -8.905600000000001515 ) ) ;
#6050 = CARTESIAN_POINT ( 'NONE',  ( 23.80368188292203513, -9.445347389392313886, 8.631000000000000227 ) ) ;
#6051 = VECTOR ( 'NONE', #4905, 1000.000000000000114 ) ;
#6052 = CARTESIAN_POINT ( 'NONE',  ( 15.36285586137772619, 10.18320199282660710, 0.000000000000000000 ) ) ;
#6053 = CARTESIAN_POINT ( 'NONE',  ( 10.67358603348174029, -14.28111566787054798, 10.21850000016612370 ) ) ;
#6054 = CARTESIAN_POINT ( 'NONE',  ( -56.07189761964543351, 23.61786509392923961, 13.39349904687931492 ) ) ;
#6055 = CARTESIAN_POINT ( 'NONE',  ( -12.60347368593724227, -15.23862778233871040, -8.905600000000001515 ) ) ;
#6056 = CARTESIAN_POINT ( 'NONE',  ( 28.31198947043230518, 0.6227037764108297457, 11.80600000000000094 ) ) ;
#6057 = VECTOR ( 'NONE', #2270, 999.9999999999998863 ) ;
#6058 = CARTESIAN_POINT ( 'NONE',  ( -13.56412546648184758, -13.53969029448506944, 8.631000000000000227 ) ) ;
#6059 = CARTESIAN_POINT ( 'NONE',  ( -8.830975650700645829, -18.58588475161199938, -15.44910000000000139 ) ) ;
#6060 = ORIENTED_EDGE ( 'NONE', *, *, #2511, .F. ) ;
#6061 = VECTOR ( 'NONE', #3734, 1000.000000000000114 ) ;
#6062 = FACE_OUTER_BOUND ( 'NONE', #5636, .T. ) ;
#6063 = DIRECTION ( 'NONE',  ( 1.000000000000000000, 0.000000000000000000, -0.000000000000000000 ) ) ;
#6064 = LINE ( 'NONE', #6134, #621 ) ;
#6065 = CARTESIAN_POINT ( 'NONE',  ( 0.2044901992181947792, 29.16016385193016802, 11.80599999999999383 ) ) ;
#6066 = VECTOR ( 'NONE', #1996, 999.9999999999998863 ) ;
#6067 = CARTESIAN_POINT ( 'NONE',  ( -4.807365998177666633, 9.176104859277163683, -5.730599999999999028 ) ) ;
#6068 = VERTEX_POINT ( 'NONE', #2293 ) ;
#6069 = CARTESIAN_POINT ( 'NONE',  ( 12.40679276214818039, -12.98949776494603903, 11.59837415392490989 ) ) ;
#6070 = VERTEX_POINT ( 'NONE', #776 ) ;
#6071 = CARTESIAN_POINT ( 'NONE',  ( -15.06145482489957566, -2.740503098923020353, -7.318099999999999383 ) ) ;
#6072 = B_SPLINE_CURVE_WITH_KNOTS ( 'NONE', 3,
 ( #874, #3048, #3014, #1356, #1283, #2973, #5218, #6402, #5849, #804, #5258, #224, #2454 ),
 .UNSPECIFIED., .F., .F.,
 ( 4, 1, 1, 1, 1, 1, 1, 1, 1, 1, 4 ),
 ( 0.09247114830130061247, 0.09375000000000001388, 0.1171875000000000000, 0.1328125000000000000, 0.1484375000000047462, 0.1562500000000007494, 0.1718750000000026923, 0.1874999999999977240, 0.2109375000000000000, 0.2421875000000067168, 0.2526915479024757216 ),
 .UNSPECIFIED. ) ;
#6073 = ORIENTED_EDGE ( 'NONE', *, *, #6843, .F. ) ;
#6074 = CARTESIAN_POINT ( 'NONE',  ( -3.030030175635520795, -10.74447544034259749, 9.416435412949244466 ) ) ;
#6075 = DIRECTION ( 'NONE',  ( 0.000000000000000000, 0.000000000000000000, 1.000000000000000000 ) ) ;
#6076 = ORIENTED_EDGE ( 'NONE', *, *, #4482, .T. ) ;
#6077 = CARTESIAN_POINT ( 'NONE',  ( 16.45950659810347005, 1.090840008897992819, -5.730599999999999916 ) ) ;
#6078 = CARTESIAN_POINT ( 'NONE',  ( 9.145347856306587531, -13.92611525790092841, 11.05600000000000271 ) ) ;
#6079 = EDGE_CURVE ( 'NONE', #2162, #6029, #4301, .T. ) ;
#6080 = CARTESIAN_POINT ( 'NONE',  ( -4.419640609211103133, -12.01210068695334776, 11.80600000000000271 ) ) ;
#6081 = CARTESIAN_POINT ( 'NONE',  ( -0.9256395014569174240, -8.281161872996737117, -6.449099999999997834 ) ) ;
#6082 = CARTESIAN_POINT ( 'NONE',  ( 20.93640320978964198, -0.9952133531469468108, -7.318099999999999383 ) ) ;
#6083 = CARTESIAN_POINT ( 'NONE',  ( 20.27413859998240042, 0.5236313438399223807, -8.905599999999999739 ) ) ;
#6084 = ORIENTED_EDGE ( 'NONE', *, *, #688, .F. ) ;
#6085 = FACE_OUTER_BOUND ( 'NONE', #7176, .T. ) ;
#6086 = CARTESIAN_POINT ( 'NONE',  ( -11.84225739864726101, -8.343169862440319662, 14.98100000000000165 ) ) ;
#6087 = CARTESIAN_POINT ( 'NONE',  ( -45.75774510664813022, 21.83306024433469616, 11.80599999999999561 ) ) ;
#6088 = CARTESIAN_POINT ( 'NONE',  ( -10.90883797371126640, -17.32412320556788288, 8.631000000000000227 ) ) ;
#6089 = CARTESIAN_POINT ( 'NONE',  ( 16.26006794873448769, 1.166378918243364371, -8.248035969732711692 ) ) ;
#6090 = DIRECTION ( 'NONE',  ( -0.9247449542209308371, -0.3805874007937316561, 0.000000000000000000 ) ) ;
#6091 = CARTESIAN_POINT ( 'NONE',  ( -9.859684447917651084, -17.99835489795132659, -8.905600000000001515 ) ) ;
#6092 = CARTESIAN_POINT ( 'NONE',  ( 28.39358412624508432, -7.233045574204664874, 11.80600000000000094 ) ) ;
#6093 = EDGE_CURVE ( 'NONE', #6662, #7207, #2186, .T. ) ;
#6094 = FACE_BOUND ( 'NONE', #4150, .T. ) ;
#6095 = CARTESIAN_POINT ( 'NONE',  ( 25.48455371229664124, 12.54643094582652729, 14.98099999999999987 ) ) ;
#6096 = ORIENTED_EDGE ( 'NONE', *, *, #501, .T. ) ;
#6097 = EDGE_CURVE ( 'NONE', #966, #6839, #5619, .T. ) ;
#6098 = CARTESIAN_POINT ( 'NONE',  ( 0.6187189317805591449, 11.96630800963223784, 3.174999999999999822 ) ) ;
#6099 = CARTESIAN_POINT ( 'NONE',  ( 17.52944591434350130, -10.75990284695328825, -5.730599999999998140 ) ) ;
#6100 = CARTESIAN_POINT ( 'NONE',  ( 2.500000000000000000, 0.000000000000000000, 0.2560000000000005604 ) ) ;
#6101 = CARTESIAN_POINT ( 'NONE',  ( -7.765330261643532239, 31.60045012614736493, 11.80599999999999383 ) ) ;
#6102 = CARTESIAN_POINT ( 'NONE',  ( -30.03296279907226207, 0.000000000000000000, 14.98100000000000520 ) ) ;
#6103 = ORIENTED_EDGE ( 'NONE', *, *, #3287, .F. ) ;
#6104 = DIRECTION ( 'NONE',  ( -0.000000000000000000, -0.000000000000000000, -1.000000000000000000 ) ) ;
#6105 = ORIENTED_EDGE ( 'NONE', *, *, #4694, .T. ) ;
#6106 = CARTESIAN_POINT ( 'NONE',  ( -3.436661080088561526, 8.811300223595567971, -7.318099999999999383 ) ) ;
#6107 = ORIENTED_EDGE ( 'NONE', *, *, #7019, .T. ) ;
#6108 = CARTESIAN_POINT ( 'NONE',  ( -9.586657712543104282, -16.24503456457990680, 0.000000000000000000 ) ) ;
#6109 = CARTESIAN_POINT ( 'NONE',  ( -7.798979200892635077, -18.14620677803258886, 2.962316083380589937 ) ) ;
#6110 = EDGE_LOOP ( 'NONE', ( #1524, #3895, #3133, #5488, #4311 ) ) ;
#6111 = CARTESIAN_POINT ( 'NONE',  ( 13.99167449966531507, 1.995186054769837902, -5.787905999999998663 ) ) ;
#6112 = CARTESIAN_POINT ( 'NONE',  ( 6.738176318998664982, -11.76555667031393426, 11.05600000000000271 ) ) ;
#6113 = CARTESIAN_POINT ( 'NONE',  ( 0.3071816777607083715, -13.26177876956085377, 11.80600000000000271 ) ) ;
#6114 = CARTESIAN_POINT ( 'NONE',  ( 19.34890321087421228, -3.039975800327521238, -8.248035969732711692 ) ) ;
#6115 = PLANE ( 'NONE',  #1923 ) ;
#6116 = ADVANCED_FACE ( 'NONE', ( #2609 ), #7037, .T. ) ;
#6117 = ORIENTED_EDGE ( 'NONE', *, *, #2405, .T. ) ;
#6118 = PRODUCT_CONTEXT ( 'NONE', #3550, 'mechanical' ) ;
#6119 = CARTESIAN_POINT ( 'NONE',  ( -14.77590818043406706, -5.254463951042881220, -5.730599999999993699 ) ) ;
#6120 = LINE ( 'NONE', #969, #6418 ) ;
#6121 = CARTESIAN_POINT ( 'NONE',  ( -30.17479237114828905, 32.77157383640864197, 11.80599999999999206 ) ) ;
#6122 = CARTESIAN_POINT ( 'NONE',  ( 16.34252431190908084, 22.72080760079460049, 13.39349904687931669 ) ) ;
#6123 = ADVANCED_FACE ( 'NONE', ( #4933 ), #2029, .F. ) ;
#6124 = CARTESIAN_POINT ( 'NONE',  ( 16.27075405297757626, 1.162380720028622250, -7.318099999999999383 ) ) ;
#6125 = CARTESIAN_POINT ( 'NONE',  ( -2.905586280351569517, 10.30745308778003633, -8.905600000000001515 ) ) ;
#6126 = CARTESIAN_POINT ( 'NONE',  ( -13.75760178706634740, -7.882318291408200395, 3.174999999999999822 ) ) ;
#6127 = CARTESIAN_POINT ( 'NONE',  ( 15.95516603052824323, -16.41534318459394726, 11.80600000000025140 ) ) ;
#6128 = CARTESIAN_POINT ( 'NONE',  ( 4.565458974024221739, -12.74065372858485290, 11.05600000000000271 ) ) ;
#6129 = EDGE_CURVE ( 'NONE', #5073, #3787, #7142, .T. ) ;
#6130 = CARTESIAN_POINT ( 'NONE',  ( 2.771976065070752782, -13.90792118376792175, 14.98100000000000520 ) ) ;
#6131 = ORIENTED_EDGE ( 'NONE', *, *, #4202, .T. ) ;
#6132 = CARTESIAN_POINT ( 'NONE',  ( 11.49377828653212497, 12.59704495981061356, 2.517435969732711776 ) ) ;
#6133 = DIRECTION ( 'NONE',  ( 6.453308069673872516E-17, 1.000000000000000000, -2.220446049250313574E-16 ) ) ;
#6134 = CARTESIAN_POINT ( 'NONE',  ( 0.2508736438188148843, -10.85328489085443771, 5.550900000000003054 ) ) ;
#6135 = CARTESIAN_POINT ( 'NONE',  ( 11.50783914886425308, -12.85637688752249552, 11.80600000000000271 ) ) ;
#6136 = CARTESIAN_POINT ( 'NONE',  ( -4.807365998177666633, 9.176104859277163683, -5.730599999999999028 ) ) ;
#6137 = ORIENTED_EDGE ( 'NONE', *, *, #1316, .T. ) ;
#6138 = CARTESIAN_POINT ( 'NONE',  ( 19.34902119136799570, -3.040005145349425231, -5.730599999999999028 ) ) ;
#6139 = ORIENTED_EDGE ( 'NONE', *, *, #6562, .F. ) ;
#6140 = DIRECTION ( 'NONE',  ( 1.000000000000000000, 0.000000000000000000, 0.000000000000000000 ) ) ;
#6141 = ORIENTED_EDGE ( 'NONE', *, *, #3011, .T. ) ;
#6142 = CARTESIAN_POINT ( 'NONE',  ( -11.73804094493875816, -13.50742943260773110, -7.318099999999999383 ) ) ;
#6143 = CARTESIAN_POINT ( 'NONE',  ( -9.688377483212308405, -3.600166332747714915, 0.000000000000000000 ) ) ;
#6144 = VERTEX_POINT ( 'NONE', #7174 ) ;
#6145 = VECTOR ( 'NONE', #1465, 1000.000000000000000 ) ;
#6146 = CARTESIAN_POINT ( 'NONE',  ( 4.453697664977478432, 5.749087435714221428, -5.730600000000001693 ) ) ;
#6147 = ORIENTED_EDGE ( 'NONE', *, *, #5959, .T. ) ;
#6148 = CARTESIAN_POINT ( 'NONE',  ( -48.86279541950757732, 23.23735313982344408, 11.80599999999999383 ) ) ;
#6149 = CARTESIAN_POINT ( 'NONE',  ( 17.17154391907870448, 24.07817789789695340, 11.80599999999999383 ) ) ;
#6150 = VECTOR ( 'NONE', #1323, 999.9999999999998863 ) ;
#6151 = AXIS2_PLACEMENT_3D ( 'NONE', #5843, #796, #5286 ) ;
#6152 = DIRECTION ( 'NONE',  ( -0.3489024681454918064, -0.9371590407833580993, -0.000000000000000000 ) ) ;
#6153 = CARTESIAN_POINT ( 'NONE',  ( 10.36144627289606923, 12.92836618082475830, 0.000000000000000000 ) ) ;
#6154 = ORIENTED_EDGE ( 'NONE', *, *, #3186, .T. ) ;
#6155 = CARTESIAN_POINT ( 'NONE',  ( 0.000000000000000000, 0.000000000000000000, 1.256000000000000671 ) ) ;
#6156 = VECTOR ( 'NONE', #983, 1000.000000000000000 ) ;
#6157 = ADVANCED_FACE ( 'NONE', ( #4315 ), #6451, .F. ) ;
#6158 = CARTESIAN_POINT ( 'NONE',  ( -10.08501403709840005, -17.84847424247017855, -8.905600000000001515 ) ) ;
#6159 = CARTESIAN_POINT ( 'NONE',  ( -7.106860689915234452, -8.061057165503743960, 11.80600000000000094 ) ) ;
#6160 = CARTESIAN_POINT ( 'NONE',  ( -6.974196657649877729, -9.719714757477259326, 12.55599999790818622 ) ) ;
#6161 = CARTESIAN_POINT ( 'NONE',  ( 14.25591103139629823, 24.17868081722507156, 13.39349952343962435 ) ) ;
#6162 = CARTESIAN_POINT ( 'NONE',  ( 19.19388020387352256, -0.6398805656995885105, -7.318099999999999383 ) ) ;
#6163 = CARTESIAN_POINT ( 'NONE',  ( -10.53164724251280759, -15.34591682631125664, -5.730600000000002581 ) ) ;
#6164 = VERTEX_POINT ( 'NONE', #1509 ) ;
#6165 = CARTESIAN_POINT ( 'NONE',  ( -9.654385476800909416, -18.16689313904319292, 3.174999999999999822 ) ) ;
#6166 = CARTESIAN_POINT ( 'NONE',  ( 10.86804480477624857, -15.96762004994088713, 11.80600000000000449 ) ) ;
#6167 = AXIS2_PLACEMENT_3D ( 'NONE', #984, #1610, #6063 ) ;
#6168 = CARTESIAN_POINT ( 'NONE',  ( -9.396224586226946229, -18.34033154151630995, 8.631000000000000227 ) ) ;
#6169 = CARTESIAN_POINT ( 'NONE',  ( 7.753788007555675321, 29.50962372097942321, 14.98100000000004783 ) ) ;
#6170 = EDGE_CURVE ( 'NONE', #809, #5212, #845, .T. ) ;
#6172 = EDGE_CURVE ( 'NONE', #4521, #6233, #6002, .T. ) ;
#6171 = DIRECTION ( 'NONE',  ( 0.6187123756285676235, 0.7856175890622957292, -0.000000000000000000 ) ) ;
#6173 = CARTESIAN_POINT ( 'NONE',  ( 20.00670319574893696, 2.809225020423251618, 3.174999999999999822 ) ) ;
#6174 = CARTESIAN_POINT ( 'NONE',  ( 1.216607570487696632, -19.92598448115197129, -6.929666949297459411 ) ) ;
#6175 = CARTESIAN_POINT ( 'NONE',  ( 5.824385480035573437, -13.07707081246105396, 12.55600000000000094 ) ) ;
#6176 = CARTESIAN_POINT ( 'NONE',  ( 19.73284292453422850, -12.40441390036500025, 11.80600000000000271 ) ) ;
#6177 = CARTESIAN_POINT ( 'NONE',  ( 19.67346976725402996, 19.47390449454989891, 13.39349904687931492 ) ) ;
#6178 = EDGE_LOOP ( 'NONE', ( #3168, #2586, #2030, #3089 ) ) ;
#6179 = CIRCLE ( 'NONE', #5116, 1.499999999999999556 ) ;
#6180 = CARTESIAN_POINT ( 'NONE',  ( -12.36347845806823820, -11.42243434655138934, -3.708357865998262337 ) ) ;
#6181 = ORIENTED_EDGE ( 'NONE', *, *, #501, .F. ) ;
#6182 = CARTESIAN_POINT ( 'NONE',  ( -13.81165460862382766, -8.485895278556879973, -5.730599999999999028 ) ) ;
#6183 = ORIENTED_EDGE ( 'NONE', *, *, #1664, .F. ) ;
#6184 = CARTESIAN_POINT ( 'NONE',  ( -15.43594011345871486, 4.490451669732795636, -8.905599999999999739 ) ) ;
#6185 = CARTESIAN_POINT ( 'NONE',  ( -11.98760145179330117, -12.91539444275432125, -5.730599999999999028 ) ) ;
#6186 = CIRCLE ( 'NONE', #893, 6.000000000000000888 ) ;
#6187 = FACE_OUTER_BOUND ( 'NONE', #2017, .T. ) ;
#6188 = ORIENTED_EDGE ( 'NONE', *, *, #3885, .T. ) ;
#6189 = CARTESIAN_POINT ( 'NONE',  ( -5.603345093217156681, -10.05485579300199106, 14.19556458705075919 ) ) ;
#6190 = CARTESIAN_POINT ( 'NONE',  ( 23.45242983988415375, 16.68862540272189676, 11.80599999999999561 ) ) ;
#6191 = CARTESIAN_POINT ( 'NONE',  ( -1.852669853647205711, -12.20424927020291683, -10.44909999999999783 ) ) ;
#6192 = ORIENTED_EDGE ( 'NONE', *, *, #7121, .T. ) ;
#6193 = CARTESIAN_POINT ( 'NONE',  ( -9.628359702630559624, -8.824359651193528720, 10.22863739158535346 ) ) ;
#6194 = CARTESIAN_POINT ( 'NONE',  ( -33.50011498293680745, 34.60976076831700254, 13.39349904687931136 ) ) ;
#6195 = CARTESIAN_POINT ( 'NONE',  ( -14.69498572060063601, 32.80257204133727100, 11.80599999999999206 ) ) ;
#6196 = CARTESIAN_POINT ( 'NONE',  ( 12.69427714116495842, 12.08191484158582796, -5.730599999999999028 ) ) ;
#6197 = DIRECTION ( 'NONE',  ( -0.3489024681454919175, -0.9371590407833583214, 0.000000000000000000 ) ) ;
#6198 = CARTESIAN_POINT ( 'NONE',  ( 16.81519314945256482, 2.661646629134962527, -8.905600000000001515 ) ) ;
#6199 = EDGE_CURVE ( 'NONE', #6219, #1635, #307, .T. ) ;
#6200 = CARTESIAN_POINT ( 'NONE',  ( -15.00702754229353886, -3.433522867642640364, -5.730599999999999028 ) ) ;
#6201 = ORIENTED_EDGE ( 'NONE', *, *, #1399, .T. ) ;
#6202 = CARTESIAN_POINT ( 'NONE',  ( -11.11177226466715240, -4.459945473755193568, 3.174999999999999822 ) ) ;
#6203 = DIRECTION ( 'NONE',  ( 8.900240391804234907E-16, -1.000000000000000000, 1.405301114495405343E-16 ) ) ;
#6204 = CARTESIAN_POINT ( 'NONE',  ( 5.089656768021824540, -10.74103297613638830, 13.00400180856847321 ) ) ;
#6205 = CARTESIAN_POINT ( 'NONE',  ( 17.17154391907870092, 24.07817789789695340, 14.98099999999999454 ) ) ;
#6206 = CARTESIAN_POINT ( 'NONE',  ( 2.870011529899069824, 11.75559239679222401, 1.587499999999999911 ) ) ;
#6207 = CARTESIAN_POINT ( 'NONE',  ( -11.98851896552692509, -12.91572002656052121, -7.318099999999999383 ) ) ;
#6208 = CARTESIAN_POINT ( 'NONE',  ( 5.461819733840949098, -12.97941186196716679, 11.05600000000000271 ) ) ;
#6209 = CARTESIAN_POINT ( 'NONE',  ( -37.63074280117568549, 30.59158252159359748, 11.80599999999999383 ) ) ;
#6210 = CARTESIAN_POINT ( 'NONE',  ( -3.659606356829662843, 8.896006331660975874, -5.730599999999999916 ) ) ;
#6211 = ORIENTED_EDGE ( 'NONE', *, *, #1641, .T. ) ;
#6212 = CARTESIAN_POINT ( 'NONE',  ( -7.245778761154102021, -16.65879147754335676, 9.559235171072470189E-15 ) ) ;
#6213 = EDGE_LOOP ( 'NONE', ( #3131, #4897, #2271, #747 ) ) ;
#6214 = CARTESIAN_POINT ( 'NONE',  ( -11.29123090822148967, -6.046089971324324353, 0.000000000000000000 ) ) ;
#6215 = CARTESIAN_POINT ( 'NONE',  ( -7.112245950766992841, 10.77304874619616193, -8.905599999999999739 ) ) ;
#6216 = DIRECTION ( 'NONE',  ( 1.000000000000000000, 6.556435184794237246E-15, 0.000000000000000000 ) ) ;
#6217 = DIRECTION ( 'NONE',  ( -0.000000000000000000, -0.000000000000000000, -1.000000000000000000 ) ) ;
#6218 = DIRECTION ( 'NONE',  ( 0.000000000000000000, 0.000000000000000000, 1.000000000000000000 ) ) ;
#6219 = VERTEX_POINT ( 'NONE', #958 ) ;
#6220 = ADVANCED_FACE ( 'NONE', ( #6520 ), #4346, .F. ) ;
#6221 = CARTESIAN_POINT ( 'NONE',  ( -8.940015150338160410, -9.243803669068361373, 12.55599999790798371 ) ) ;
#6223 = CARTESIAN_POINT ( 'NONE',  ( -16.41965974405983530, 36.03076986445130814, 11.80599999999999206 ) ) ;
#6222 = B_SPLINE_CURVE_WITH_KNOTS ( 'NONE', 3,
 ( #5060, #602, #1189, #5131, #1748, #2846, #1325, #2327, #28, #6963, #637, #6999, #1711, #3437, #3057, #2885 ),
 .UNSPECIFIED., .F., .F.,
 ( 4, 2, 2, 2, 2, 2, 2, 4 ),
 ( 0.000000000000000000, 0.0004182357686614951138, 0.0008364715373229902277, 0.001672943074645986310, 0.002091178843307484568, 0.002509414611968982609, 0.002927650380630480650, 0.003345886149291978692 ),
 .UNSPECIFIED. ) ;
#6224 = CARTESIAN_POINT ( 'NONE',  ( 2.420428040132278191, -3.040034490371304798, 1.587499999999999689 ) ) ;
#6225 = ORIENTED_EDGE ( 'NONE', *, *, #6567, .F. ) ;
#6226 = CARTESIAN_POINT ( 'NONE',  ( -2.032083979822092878, 8.266486250225964838, -5.730599999999996363 ) ) ;
#6227 = CARTESIAN_POINT ( 'NONE',  ( -13.88357108138302820, -8.312627936532434703, -7.318099999999999383 ) ) ;
#6228 = CARTESIAN_POINT ( 'NONE',  ( -37.63074280117568549, 30.59158252159165770, 8.630999999999875882 ) ) ;
#6229 = CARTESIAN_POINT ( 'NONE',  ( 5.368521280657216010, 12.90997370325365523, -5.730599999999999028 ) ) ;
#6230 = CARTESIAN_POINT ( 'NONE',  ( -14.02870942615649952, -9.143802230355120741, 8.631000000000000227 ) ) ;
#6231 = FACE_OUTER_BOUND ( 'NONE', #2440, .T. ) ;
#6232 = CARTESIAN_POINT ( 'NONE',  ( 10.94391356729792797, 14.66280670982954604, 3.174999999999999822 ) ) ;
#6233 = VERTEX_POINT ( 'NONE', #3203 ) ;
#6234 = CARTESIAN_POINT ( 'NONE',  ( -11.73792050015868682, -13.58042259290912313, 1.587499999999999911 ) ) ;
#6235 = DIRECTION ( 'NONE',  ( 0.000000000000000000, 0.000000000000000000, 1.000000000000000000 ) ) ;
#6236 = EDGE_CURVE ( 'NONE', #6836, #1728, #924, .T. ) ;
#6237 = DIRECTION ( 'NONE',  ( 0.000000000000000000, 0.000000000000000000, 1.000000000000000000 ) ) ;
#6238 = CARTESIAN_POINT ( 'NONE',  ( 8.110213314787003469, -12.05396096807256434, 14.98100000000000520 ) ) ;
#6239 = CARTESIAN_POINT ( 'NONE',  ( 9.194136917260882669, 13.16614395657154368, 2.517435969732711776 ) ) ;
#6240 = CARTESIAN_POINT ( 'NONE',  ( 2.310720785006332711, -12.14010762276945421, 14.19220479991719230 ) ) ;
#6241 = CARTESIAN_POINT ( 'NONE',  ( -12.06866029541995466, -7.885531650954797911, 0.000000000000000000 ) ) ;
#6242 = CARTESIAN_POINT ( 'NONE',  ( -41.34135381484318827, 28.62881875561654965, 11.80599999999999383 ) ) ;
#6243 = CARTESIAN_POINT ( 'NONE',  ( -14.84865981886881947, 1.076030287531293483, 0.000000000000000000 ) ) ;
#6244 = ORIENTED_EDGE ( 'NONE', *, *, #1258, .F. ) ;
#6245 = CARTESIAN_POINT ( 'NONE',  ( 11.68894969801942985, -12.95213167120597930, 12.55600000000000094 ) ) ;
#6246 = ADVANCED_FACE ( 'NONE', ( #3135 ), #3243, .T. ) ;
#6247 = LINE ( 'NONE', #1839, #3823 ) ;
#6248 = ORIENTED_EDGE ( 'NONE', *, *, #1878, .F. ) ;
#6249 = CARTESIAN_POINT ( 'NONE',  ( -11.11513831576380973, -2.846000725366038431, 8.631000000000000227 ) ) ;
#6250 = CARTESIAN_POINT ( 'NONE',  ( -11.26047712787496913, 9.236958290425613782, -8.905599999999997962 ) ) ;
#6251 = CARTESIAN_POINT ( 'NONE',  ( -8.864050803140843371, -2.553467471521255305, 0.000000000000000000 ) ) ;
#6252 = CARTESIAN_POINT ( 'NONE',  ( 12.16856080006045460, -14.54943194811307450, 10.21850000016612370 ) ) ;
#6253 = CARTESIAN_POINT ( 'NONE',  ( -0.7382928528652009659, 7.764312843947699605, 0.000000000000000000 ) ) ;
#6254 = VERTEX_POINT ( 'NONE', #2065 ) ;
#6255 = EDGE_CURVE ( 'NONE', #7137, #1370, #2577, .T. ) ;
#6256 = DIRECTION ( 'NONE',  ( 1.000000000000000000, 0.000000000000000000, 0.000000000000000000 ) ) ;
#6257 = CARTESIAN_POINT ( 'NONE',  ( 27.54192536631284938, 4.318195128450602382, 11.80599999999999916 ) ) ;
#6258 = CARTESIAN_POINT ( 'NONE',  ( 4.566370287237146108, -12.73717740565215628, 11.05600000000000271 ) ) ;
#6259 = EDGE_CURVE ( 'NONE', #898, #6813, #3167, .T. ) ;
#6260 = ORIENTED_EDGE ( 'NONE', *, *, #1976, .F. ) ;
#6261 = CARTESIAN_POINT ( 'NONE',  ( -9.507326696905588292, 8.457349256652843650, -5.730600000000003469 ) ) ;
#6262 = CARTESIAN_POINT ( 'NONE',  ( -30.03296279907226207, 0.000000000000000000, 13.39349904687931847 ) ) ;
#6263 = VECTOR ( 'NONE', #6326, 1000.000000000000000 ) ;
#6264 = ADVANCED_FACE ( 'NONE', ( #4828 ), #6861, .F. ) ;
#6265 = CARTESIAN_POINT ( 'NONE',  ( -45.75774510664813022, 21.83306024433469616, 8.631000000000021544 ) ) ;
#6266 = DIRECTION ( 'NONE',  ( 0.000000000000000000, 0.000000000000000000, 1.000000000000000000 ) ) ;
#6267 = CARTESIAN_POINT ( 'NONE',  ( -8.108551687790138018, -17.16375140070338290, 1.588248366724502203 ) ) ;
#6268 = DIRECTION ( 'NONE',  ( -0.3489024681454919175, -0.9371590407833583214, 0.000000000000000000 ) ) ;
#6269 = DIRECTION ( 'NONE',  ( -1.000000000000000000, 6.453308069673872516E-17, -1.432922240790251711E-32 ) ) ;
#6270 = ORIENTED_EDGE ( 'NONE', *, *, #1999, .T. ) ;
#6271 = CARTESIAN_POINT ( 'NONE',  ( -10.31729970230708560, -15.60574307419588358, 2.517435969732711776 ) ) ;
#6272 = CARTESIAN_POINT ( 'NONE',  ( -30.03296512924009320, -3.582020856791692498E-06, 10.21850029856952702 ) ) ;
#6273 = CARTESIAN_POINT ( 'NONE',  ( -33.50011498293680745, 34.60976076831700254, 8.630999999999993122 ) ) ;
#6274 = CARTESIAN_POINT ( 'NONE',  ( -6.908491289137257851, 34.65822918375732087, 14.98099999999999454 ) ) ;
#6275 = VECTOR ( 'NONE', #3630, 1000.000000000000114 ) ;
#6276 = CARTESIAN_POINT ( 'NONE',  ( -16.39921938456458150, 1.356770639749712792, -15.44909999999999961 ) ) ;
#6277 = CARTESIAN_POINT ( 'NONE',  ( -1.154864917356221987, -10.32993118863620019, 5.550900000000003054 ) ) ;
#6278 = CARTESIAN_POINT ( 'NONE',  ( -7.473746886824763180, -17.42024006774747491, 1.587499999999999911 ) ) ;
#6279 = CARTESIAN_POINT ( 'NONE',  ( -42.95525717008185751, 27.44897564401927070, 11.80599999999999383 ) ) ;
#6280 = ORIENTED_EDGE ( 'NONE', *, *, #3780, .F. ) ;
#6281 = VECTOR ( 'NONE', #1501, 1000.000000000000114 ) ;
#6282 = CARTESIAN_POINT ( 'NONE',  ( -1.984375000000000000, 2.430158492058029047E-16, -15.47176309777416137 ) ) ;
#6283 = VERTEX_POINT ( 'NONE', #3280 ) ;
#6284 = CARTESIAN_POINT ( 'NONE',  ( -12.42588405310696231, -15.52700169928261786, -15.44910000000000139 ) ) ;
#6285 = LINE ( 'NONE', #6212, #4060 ) ;
#6286 = ORIENTED_EDGE ( 'NONE', *, *, #1738, .T. ) ;
#6287 = VECTOR ( 'NONE', #2906, 1000.000000000000000 ) ;
#6288 = CARTESIAN_POINT ( 'NONE',  ( -8.075755780217376056, -18.89013683339438288, 7.043499999999998984 ) ) ;
#6289 = DIRECTION ( 'NONE',  ( 0.9371590407833580993, -0.3489024681454918619, 0.000000000000000000 ) ) ;
#6290 = CARTESIAN_POINT ( 'NONE',  ( -3.852868218153464586, -10.51820357379661175, 11.05600000209201994 ) ) ;
#6291 = CARTESIAN_POINT ( 'NONE',  ( 10.67358603348174029, -14.28111566787054798, 10.21850000016612370 ) ) ;
#6292 = DIRECTION ( 'NONE',  ( 0.000000000000000000, 0.000000000000000000, -1.000000000000000000 ) ) ;
#6293 = CIRCLE ( 'NONE', #5003, 18.81048697705378459 ) ;
#6294 = ORIENTED_EDGE ( 'NONE', *, *, #1946, .F. ) ;
#6295 = CARTESIAN_POINT ( 'NONE',  ( 0.1640667450542503680, 11.45798181693037243, 3.174999999999999822 ) ) ;
#6296 = CARTESIAN_POINT ( 'NONE',  ( 2.500000000000000000, 3.061616997868383141E-16, -7.949100000000000499 ) ) ;
#6297 = AXIS2_PLACEMENT_3D ( 'NONE', #3887, #7161, #3375 ) ;
#6298 = ORIENTED_EDGE ( 'NONE', *, *, #1861, .F. ) ;
#6299 = CARTESIAN_POINT ( 'NONE',  ( -9.686569714830211453, -9.023495132595190427, 10.21850029864089038 ) ) ;
#6300 = B_SPLINE_CURVE_WITH_KNOTS ( 'NONE', 3,
 ( #3130, #5372, #2571, #7064, #2025, #4272, #6514, #5965, #2059, #1093, #2750, #2267, #1646, #3820, #5545 ),
 .UNSPECIFIED., .F., .F.,
 ( 4, 1, 1, 1, 1, 1, 1, 1, 1, 1, 1, 1, 4 ),
 ( 0.1128186161937039245, 0.1171875000000000000, 0.1328125000000000000, 0.1484375000000047462, 0.1562500000000007494, 0.1718750000000026923, 0.1874999999999977240, 0.2109375000000000000, 0.2421875000000067168, 0.2734375000000000000, 0.3125000000000000000, 0.3437500000000000000, 0.3539047919239681206 ),
 .UNSPECIFIED. ) ;
#6301 = AXIS2_PLACEMENT_3D ( 'NONE', #2688, #2097, #4243 ) ;
#6302 = CARTESIAN_POINT ( 'NONE',  ( -6.772800442731742976, -28.57256243734813950, 8.631000000000000227 ) ) ;
#6303 = CARTESIAN_POINT ( 'NONE',  ( -44.69879262735814507, 25.43413383263218464, 8.630999999999993122 ) ) ;
#6304 = CARTESIAN_POINT ( 'NONE',  ( 18.38123042735837132, 5.752224782637088474, -5.730599999999999028 ) ) ;
#6305 = CARTESIAN_POINT ( 'NONE',  ( 2.151278356618460119, -1.967197634488866864, -8.905599999999999739 ) ) ;
#6306 = CARTESIAN_POINT ( 'NONE',  ( 14.25586860289650559, 24.17862009158087133, 10.21850030203495052 ) ) ;
#6307 = CARTESIAN_POINT ( 'NONE',  ( -8.998819715029162225, -16.66378078452587630, 0.000000000000000000 ) ) ;
#6308 = VERTEX_POINT ( 'NONE', #5592 ) ;
#6309 = CARTESIAN_POINT ( 'NONE',  ( 18.13692088519005097, -14.56911949327662725, 8.631000000000003780 ) ) ;
#6310 = DIRECTION ( 'NONE',  ( -2.511846452725837918E-09, -9.581763245431260629E-09, 0.9999999999999998890 ) ) ;
#6311 = LINE ( 'NONE', #1935, #6061 ) ;
#6312 = CARTESIAN_POINT ( 'NONE',  ( 0.3071816777607070392, -13.26177876956085733, 14.98100000000000520 ) ) ;
#6313 = CARTESIAN_POINT ( 'NONE',  ( 17.63675259740917411, 7.377901119531988350, 1.587499999999999911 ) ) ;
#6314 = CARTESIAN_POINT ( 'NONE',  ( 18.38123042735837132, 5.752224782637088474, 1.587499999999999911 ) ) ;
#6315 = CARTESIAN_POINT ( 'NONE',  ( -9.839635637251559430, -3.791119324859781425, 1.587499999999999911 ) ) ;
#6316 = CARTESIAN_POINT ( 'NONE',  ( -39.73768208424982618, 9.451145619418195309, 11.80599999999999739 ) ) ;
#6317 = VERTEX_POINT ( 'NONE', #2830 ) ;
#6318 = CARTESIAN_POINT ( 'NONE',  ( -10.80344840032195819, 7.649930394072396389, 0.000000000000000000 ) ) ;
#6319 = ORIENTED_EDGE ( 'NONE', *, *, #4294, .F. ) ;
#6320 = CARTESIAN_POINT ( 'NONE',  ( -11.09693763935134214, -17.05757083585742961, -8.905599999999997962 ) ) ;
#6321 = EDGE_CURVE ( 'NONE', #4910, #898, #5555, .T. ) ;
#6322 = CARTESIAN_POINT ( 'NONE',  ( -12.35573346763147029, -11.47308567068286145, -3.502000430648016582 ) ) ;
#6323 = ORIENTED_EDGE ( 'NONE', *, *, #4563, .T. ) ;
#6324 = DIRECTION ( 'NONE',  ( 1.000000000000000000, 0.000000000000000000, 0.000000000000000000 ) ) ;
#6325 = CARTESIAN_POINT ( 'NONE',  ( -5.610691671601981234, 10.84618284200478833, -8.905600000000001515 ) ) ;
#6326 = DIRECTION ( 'NONE',  ( -0.3489024681454918064, -0.9371590407833582104, 3.148715000291715367E-16 ) ) ;
#6327 = CARTESIAN_POINT ( 'NONE',  ( 18.36224080036274842, 0.04271570447053176650, -5.730599999999999028 ) ) ;
#6328 = CYLINDRICAL_SURFACE ( 'NONE', #3585, 18.51621113172978639 ) ;
#6329 = VERTEX_POINT ( 'NONE', #1582 ) ;
#6330 = B_SPLINE_CURVE_WITH_KNOTS ( 'NONE', 3,
 ( #2538, #5374, #1364, #6996, #7033, #2494, #3612, #6409, #5854, #3091, #5264, #338 ),
 .UNSPECIFIED., .F., .F.,
 ( 4, 2, 2, 2, 2, 4 ),
 ( 1.748223473168675632E-18, 0.001366204854395173520, 0.002049307281592760172, 0.002390858495191553607, 0.002561634101990950107, 0.002732409708790346607 ),
 .UNSPECIFIED. ) ;
#6331 = ADVANCED_FACE ( 'NONE', ( #5076 ), #2795, .F. ) ;
#6332 = LINE ( 'NONE', #1806, #2521 ) ;
#6333 = CARTESIAN_POINT ( 'NONE',  ( -30.54033267322048317, 35.95643332430390871, 14.98099999999999454 ) ) ;
#6334 = B_SPLINE_CURVE_WITH_KNOTS ( 'NONE', 3,
 ( #2292, #2184, #3329, #2845, #3991, #636, #5676, #4987, #2735, #493, #5642 ),
 .UNSPECIFIED., .F., .F.,
 ( 4, 1, 1, 1, 1, 1, 1, 1, 4 ),
 ( 0.5000000000000000000, 0.5312499999999995559, 0.5625000000000000000, 0.6015624999999973355, 0.6484375000000048850, 0.6953125000000000000, 0.7578125000000003331, 0.8203124999999988898, 1.000000000000000000 ),
 .UNSPECIFIED. ) ;
#6335 = CARTESIAN_POINT ( 'NONE',  ( -14.05771075803166958, -7.839959164997405416, -7.318100000000000271 ) ) ;
#6336 = ORIENTED_EDGE ( 'NONE', *, *, #157, .T. ) ;
#6337 = CARTESIAN_POINT ( 'NONE',  ( 20.71589103574353885, 0.1336993513426159297, -8.905599999999999739 ) ) ;
#6338 = B_SPLINE_CURVE_WITH_KNOTS ( 'NONE', 3,
 ( #7229, #5641, #600, #1632, #2701, #3846, #1186, #25, #4947, #5090, #5502, #6751, #4464, #565, #6714 ),
 .UNSPECIFIED., .F., .F.,
 ( 4, 1, 1, 1, 1, 1, 1, 2, 1, 1, 1, 4 ),
 ( 0.6288366340594742088, 0.6660976619077176863, 0.7216058004000278636, 0.7771139388923373748, 0.8048680081384921303, 0.8326220773846471079, 0.8603761466308023076, 0.8881302158769570632, 0.9160976619077177974, 0.9440651079384785316, 0.9720325539692392658, 1.000000000000000000 ),
 .UNSPECIFIED. ) ;
#6339 = CARTESIAN_POINT ( 'NONE',  ( 14.25591115432990641, 24.17868099317643171, 14.98099999999999810 ) ) ;
#6340 = EDGE_CURVE ( 'NONE', #920, #4495, #5087, .T. ) ;
#6341 = CARTESIAN_POINT ( 'NONE',  ( 28.74950554974190808, -2.214734616449840487, 8.630999999999982464 ) ) ;
#6342 = CARTESIAN_POINT ( 'NONE',  ( -2.014695283645367319, -10.23682132733323691, 11.80600000000000271 ) ) ;
#6343 = DIRECTION ( 'NONE',  ( 0.3489024681454918064, 0.9371590407833582104, 0.000000000000000000 ) ) ;
#6344 = ORIENTED_EDGE ( 'NONE', *, *, #4563, .F. ) ;
#6345 = CARTESIAN_POINT ( 'NONE',  ( 16.83303745772967375, 2.670950495480284292, -8.905600000000001515 ) ) ;
#6346 = ORIENTED_EDGE ( 'NONE', *, *, #7177, .F. ) ;
#6347 = CARTESIAN_POINT ( 'NONE',  ( -9.839635637251561207, -3.791119324859782314, 2.517435969732711776 ) ) ;
#6348 = CARTESIAN_POINT ( 'NONE',  ( -13.13121744587780526, -9.572183738367961325, 11.80600000000000271 ) ) ;
#6349 = CARTESIAN_POINT ( 'NONE',  ( 16.20240146878624188, 9.314928085339651886, 0.000000000000000000 ) ) ;
#6350 = CARTESIAN_POINT ( 'NONE',  ( 4.124617960589934462, -10.98088009208205129, 14.98100000000006560 ) ) ;
#6351 = CARTESIAN_POINT ( 'NONE',  ( -15.36736558150627374, -8.877658348685018908, -15.44909999999999961 ) ) ;
#6352 = LINE ( 'NONE', #4145, #7109 ) ;
#6353 = CARTESIAN_POINT ( 'NONE',  ( -12.45260510949938215, -9.618601123487151128, -5.730599999999999028 ) ) ;
#6354 = CARTESIAN_POINT ( 'NONE',  ( -16.48266611867316556, 32.85587203522655386, 8.630999999999989569 ) ) ;
#6355 = ORIENTED_EDGE ( 'NONE', *, *, #7030, .F. ) ;
#6356 = EDGE_CURVE ( 'NONE', #4495, #6936, #5113, .T. ) ;
#6357 = CARTESIAN_POINT ( 'NONE',  ( -14.66956674034015862, -5.694116509850370988, 0.000000000000000000 ) ) ;
#6358 = ORIENTED_EDGE ( 'NONE', *, *, #3264, .F. ) ;
#6359 = CARTESIAN_POINT ( 'NONE',  ( -9.578135136534109861, -18.18592566192090487, -8.905599999999997962 ) ) ;
#6360 = DIRECTION ( 'NONE',  ( -0.000000000000000000, -0.000000000000000000, -1.000000000000000000 ) ) ;
#6361 = ORIENTED_EDGE ( 'NONE', *, *, #1814, .F. ) ;
#6362 = DIRECTION ( 'NONE',  ( 0.000000000000000000, 0.000000000000000000, -1.000000000000000000 ) ) ;
#6363 = DIRECTION ( 'NONE',  ( -1.000000000000000000, 0.000000000000000000, 0.000000000000000000 ) ) ;
#6364 = LINE ( 'NONE', #3529, #975 ) ;
#6365 = CARTESIAN_POINT ( 'NONE',  ( -30.03296279907226207, 0.000000000000000000, 8.631000000000000227 ) ) ;
#6366 = ORIENTED_EDGE ( 'NONE', *, *, #1187, .T. ) ;
#6367 = CARTESIAN_POINT ( 'NONE',  ( -12.35487886906233790, -11.65554741675857109, 1.587499999999999911 ) ) ;
#6368 = CARTESIAN_POINT ( 'NONE',  ( 28.63184273261631674, -1.233121942092602064, 14.98099999999999987 ) ) ;
#6369 = CARTESIAN_POINT ( 'NONE',  ( -8.075756382246241927, -18.89114725270801642, -12.77409999999999890 ) ) ;
#6370 = ORIENTED_EDGE ( 'NONE', *, *, #4156, .T. ) ;
#6371 = CARTESIAN_POINT ( 'NONE',  ( 20.28929364769153310, 0.5399543597513153381, -8.905600000000001515 ) ) ;
#6372 = CARTESIAN_POINT ( 'NONE',  ( -12.69611107861289589, 5.860204217221870238, -8.248035969732711692 ) ) ;
#6373 = CARTESIAN_POINT ( 'NONE',  ( -14.69498572059985442, 32.80257204133727100, 8.631000000000025096 ) ) ;
#6374 = CARTESIAN_POINT ( 'NONE',  ( -6.346370424762276308, -9.097365523878567117, 11.80600000000000271 ) ) ;
#6375 = FACE_OUTER_BOUND ( 'NONE', #3903, .T. ) ;
#6376 = CARTESIAN_POINT ( 'NONE',  ( -1.984375000000000000, 2.430158492058029047E-16, 0.2560000000000010045 ) ) ;
#6377 = CARTESIAN_POINT ( 'NONE',  ( 10.67431220372968959, -14.27759558364368075, 12.55600000000000271 ) ) ;
#6378 = EDGE_LOOP ( 'NONE', ( #5585, #551, #8, #4942 ) ) ;
#6379 = CARTESIAN_POINT ( 'NONE',  ( 17.13785916512378904, 0.7849845658127124759, -5.730600000294427510 ) ) ;
#6380 = CARTESIAN_POINT ( 'NONE',  ( 14.71917428041942699, -15.17523840950907932, 10.21850059711605319 ) ) ;
#6381 = EDGE_CURVE ( 'NONE', #6283, #5548, #2275, .T. ) ;
#6382 = VECTOR ( 'NONE', #479, 1000.000000000000000 ) ;
#6383 = CARTESIAN_POINT ( 'NONE',  ( 1.427386789094547748, -13.42540790871213474, -12.77410000000000068 ) ) ;
#6384 = CARTESIAN_POINT ( 'NONE',  ( 19.50871581554208234, 16.82698967804242329, 14.98099999999938703 ) ) ;
#6385 = AXIS2_PLACEMENT_3D ( 'NONE', #3031, #5865, #854 ) ;
#6386 = CIRCLE ( 'NONE', #3217, 1.587499999999998357 ) ;
#6387 = CARTESIAN_POINT ( 'NONE',  ( -16.64869579998555338, -0.9263015384992343559, -15.44909999999999961 ) ) ;
#6388 = CARTESIAN_POINT ( 'NONE',  ( -15.57866434210753859, -4.311652408230320255, -8.905600000000001515 ) ) ;
#6389 = LINE ( 'NONE', #3599, #1937 ) ;
#6390 = CARTESIAN_POINT ( 'NONE',  ( -9.839635637251559430, -3.791119324859781425, -5.730599999999999028 ) ) ;
#6391 = CARTESIAN_POINT ( 'NONE',  ( 28.31198947043230518, 0.6227037764108300788, 8.630999999999998451 ) ) ;
#6392 = VERTEX_POINT ( 'NONE', #6109 ) ;
#6393 = AXIS2_PLACEMENT_3D ( 'NONE', #1779, #4688, #6971 ) ;
#6394 = CARTESIAN_POINT ( 'NONE',  ( -14.05551371346926892, -7.846525016573305145, -7.318099999999999383 ) ) ;
#6395 = ORIENTED_EDGE ( 'NONE', *, *, #1494, .T. ) ;
#6396 = ADVANCED_FACE ( 'NONE', ( #5521 ), #86, .F. ) ;
#6397 = EDGE_CURVE ( 'NONE', #419, #446, #1065, .T. ) ;
#6398 = CARTESIAN_POINT ( 'NONE',  ( -10.78280863254044064, -3.099868419903956784, 3.132815071775330473 ) ) ;
#6399 = B_SPLINE_CURVE_WITH_KNOTS ( 'NONE', 3,
 ( #5138, #543, #1681, #3341, #1643, #4550 ),
 .UNSPECIFIED., .F., .F.,
 ( 4, 1, 1, 4 ),
 ( 0.8286282707868166675, 0.8299843749999998854, 0.8532921874999996881, 0.8765999999999997128 ),
 .UNSPECIFIED. ) ;
#6400 = CARTESIAN_POINT ( 'NONE',  ( -16.18088814886603544, 2.327014119050123231, -8.905600000000001515 ) ) ;
#6401 = ORIENTED_EDGE ( 'NONE', *, *, #5245, .F. ) ;
#6402 = CARTESIAN_POINT ( 'NONE',  ( 1.298463506524899280, -11.88093877015635158, 8.631000000000003780 ) ) ;
#6403 = VECTOR ( 'NONE', #7013, 1000.000000000000000 ) ;
#6404 = CARTESIAN_POINT ( 'NONE',  ( 12.58662062808334170, 25.34497970717699289, 10.21850059711604430 ) ) ;
#6405 = CARTESIAN_POINT ( 'NONE',  ( 15.85082825701369202, 9.731027992418974648, 1.587499999999999911 ) ) ;
#6406 = DIRECTION ( 'NONE',  ( -0.000000000000000000, 0.000000000000000000, -1.000000000000000000 ) ) ;
#6407 = ORIENTED_EDGE ( 'NONE', *, *, #3432, .T. ) ;
#6408 = VECTOR ( 'NONE', #3155, 1000.000000000000000 ) ;
#6409 = CARTESIAN_POINT ( 'NONE',  ( 1.460344544529023514, -19.94156038512164031, 1.042393126550387628 ) ) ;
#6410 = CARTESIAN_POINT ( 'NONE',  ( -48.95355762924554455, 21.84880566579361627, 11.80599999999999561 ) ) ;
#6411 = CARTESIAN_POINT ( 'NONE',  ( 10.74479498614585538, 14.52745860629247865, 8.631000000000000227 ) ) ;
#6412 = CARTESIAN_POINT ( 'NONE',  ( -0.2653667188429583712, 10.93062915889860953, 3.175000000000000266 ) ) ;
#6413 = VECTOR ( 'NONE', #3258, 1000.000000000000000 ) ;
#6414 = ORIENTED_EDGE ( 'NONE', *, *, #5748, .F. ) ;
#6415 = CARTESIAN_POINT ( 'NONE',  ( 20.95137030331452976, -0.9952725877218739914, -8.905600000000001515 ) ) ;
#6416 = CARTESIAN_POINT ( 'NONE',  ( -7.696762300786941680, 9.074866323787091460, -8.248035969732711692 ) ) ;
#6417 = CARTESIAN_POINT ( 'NONE',  ( 20.98205252773207263, -15.34149038294230216, 11.80600000000000449 ) ) ;
#6418 = VECTOR ( 'NONE', #1630, 1000.000000000000227 ) ;
#6419 = CARTESIAN_POINT ( 'NONE',  ( -5.494808253699537737, -9.629092998952769378, 11.05596718551655400 ) ) ;
#6420 = ADVANCED_FACE ( 'NONE', ( #4968 ), #1087, .F. ) ;
#6421 = CARTESIAN_POINT ( 'NONE',  ( -10.32447322664997635, -15.56853845959675198, 1.086227104372203822 ) ) ;
#6422 = CARTESIAN_POINT ( 'NONE',  ( -10.93407658414520611, -17.36528700092747712, 3.174999999999999822 ) ) ;
#6423 = CARTESIAN_POINT ( 'NONE',  ( -8.317659564491716395, -17.05880492909819068, 0.000000000000000000 ) ) ;
#6424 = ORIENTED_EDGE ( 'NONE', *, *, #916, .F. ) ;
#6425 = CARTESIAN_POINT ( 'NONE',  ( 2.522652101163100458, 6.498606346870359651, -5.730599999999999916 ) ) ;
#6426 = CARTESIAN_POINT ( 'NONE',  ( 25.33973514159382034, 8.069949888297896834, 10.21850059711604786 ) ) ;
#6427 = VECTOR ( 'NONE', #1183, 1000.000000000000000 ) ;
#6428 = CARTESIAN_POINT ( 'NONE',  ( -12.05430474868962953, -12.74539890315746860, -8.248035969732711692 ) ) ;
#6429 = CARTESIAN_POINT ( 'NONE',  ( 15.09618207182342609, 21.65501198132387373, 11.80599999999999561 ) ) ;
#6430 = EDGE_CURVE ( 'NONE', #6745, #4904, #1441, .T. ) ;
#6431 = B_SPLINE_CURVE_WITH_KNOTS ( 'NONE', 3,
 ( #6943, #793, #3038, #2371, #5951, #4915, #905, #6053, #324, #2079 ),
 .UNSPECIFIED., .F., .F.,
 ( 4, 2, 2, 2, 4 ),
 ( 0.000000000000000000, 0.3559286171081143535, 0.5533221837525468256, 0.7086393685172394097, 1.000000000000000000 ),
 .UNSPECIFIED. ) ;
#6432 = CARTESIAN_POINT ( 'NONE',  ( -16.53301447364963295, -4.165364360595476434, -15.44909999999999961 ) ) ;
#6433 = CARTESIAN_POINT ( 'NONE',  ( -15.63943908261695093, -3.799804957781874659, -8.905600000000001515 ) ) ;
#6434 = FACE_OUTER_BOUND ( 'NONE', #5122, .T. ) ;
#6435 = LINE ( 'NONE', #3668, #1561 ) ;
#6436 = CARTESIAN_POINT ( 'NONE',  ( -9.599430291588570086, -7.402616337826811055, 8.631000000000000227 ) ) ;
#6437 = CARTESIAN_POINT ( 'NONE',  ( -15.07311084845917648, -1.246108911772247696, -7.318099999999999383 ) ) ;
#6438 = ORIENTED_EDGE ( 'NONE', *, *, #26, .F. ) ;
#6439 = B_SPLINE_CURVE_WITH_KNOTS ( 'NONE', 3,
 ( #3639, #222, #6987, #1313, #4116, #1907, #294, #4784, #7025, #1985, #424, #4231, #3046, #3563, #6474, #6400, #5847, #1422 ),
 .UNSPECIFIED., .F., .F.,
 ( 4, 2, 2, 2, 2, 2, 2, 2, 4 ),
 ( 2.686363285156436179E-08, 0.02808819211426436327, 0.08426457634238720962, 0.1404409605716402665, 0.1966173448001218294, 0.2527937290287314287, 0.3089701132573929865, 0.3862126415716793937, 0.4122965414812815310 ),
 .UNSPECIFIED. ) ;
#6440 = DIRECTION ( 'NONE',  ( 0.000000000000000000, 0.000000000000000000, -1.000000000000000000 ) ) ;
#6441 = EDGE_CURVE ( 'NONE', #6029, #699, #859, .T. ) ;
#6442 = CARTESIAN_POINT ( 'NONE',  ( -3.416773536141808787, 8.803941065494790053, -7.318099999999999383 ) ) ;
#6443 = ORIENTED_EDGE ( 'NONE', *, *, #1583, .F. ) ;
#6444 = LINE ( 'NONE', #5850, #6984 ) ;
#6445 = CARTESIAN_POINT ( 'NONE',  ( -1.375052671953276517, -20.95281661730812672, 3.175000000000000711 ) ) ;
#6446 = CARTESIAN_POINT ( 'NONE',  ( 25.48526637672581430, -1.669644062140321239, 14.98099999999999987 ) ) ;
#6447 = ORIENTED_EDGE ( 'NONE', *, *, #1212, .T. ) ;
#6448 = CARTESIAN_POINT ( 'NONE',  ( -40.67401417322093948, 6.922186682037451355, 8.630999999999998451 ) ) ;
#6449 = CARTESIAN_POINT ( 'NONE',  ( 28.74950554974190808, -2.214734616449070437, 14.98100000000001764 ) ) ;
#6450 = CARTESIAN_POINT ( 'NONE',  ( -1.294326148523905928, -10.27801004649543870, 7.043499999999998984 ) ) ;
#6451 = CYLINDRICAL_SURFACE ( 'NONE', #1013, 0.7937499999999990674 ) ;
#6452 = ORIENTED_EDGE ( 'NONE', *, *, #4602, .T. ) ;
#6454 = EDGE_CURVE ( 'NONE', #4036, #113, #1915, .T. ) ;
#6453 = CARTESIAN_POINT ( 'NONE',  ( 20.00645753777489944, -0.6728428563028330256, -8.905600000000003291 ) ) ;
#6455 = EDGE_CURVE ( 'NONE', #3033, #699, #3242, .T. ) ;
#6456 = CARTESIAN_POINT ( 'NONE',  ( -15.06145482490004461, -2.740503098923020797, -7.318099999999999383 ) ) ;
#6457 = CARTESIAN_POINT ( 'NONE',  ( 2.229183074677309584, -13.76562875766001959, 8.631000000000000227 ) ) ;
#6458 = CARTESIAN_POINT ( 'NONE',  ( -2.834902986796340674, -10.02022730372671866, 12.24536584716177146 ) ) ;
#6459 = CARTESIAN_POINT ( 'NONE',  ( 0.000000000000000000, 0.000000000000000000, 3.756000000000000671 ) ) ;
#6460 = CARTESIAN_POINT ( 'NONE',  ( 17.80038941857565149, 0.4173832523090271196, -5.729792489169491354 ) ) ;
#6461 = CARTESIAN_POINT ( 'NONE',  ( -11.64005917702012383, -13.71557504678705719, 0.000000000000000000 ) ) ;
#6462 = EDGE_LOOP ( 'NONE', ( #1410, #6564, #3013, #4082, #4004, #439, #3474 ) ) ;
#6463 = CARTESIAN_POINT ( 'NONE',  ( 23.33091368197174020, 13.91566868371786825, 8.630999999999994898 ) ) ;
#6464 = CARTESIAN_POINT ( 'NONE',  ( -12.23113863058551587, -14.00457167909615208, -8.905600000000001515 ) ) ;
#6465 = CARTESIAN_POINT ( 'NONE',  ( 4.608195843500102917, 27.43994001211607880, 14.98099999999999454 ) ) ;
#6466 = DIRECTION ( 'NONE',  ( 0.000000000000000000, -1.000000000000000000, 0.000000000000000000 ) ) ;
#6467 = CARTESIAN_POINT ( 'NONE',  ( -3.731075803028095272, 8.918831801194979647, -8.248035969732711692 ) ) ;
#6468 = CARTESIAN_POINT ( 'NONE',  ( -15.88733970060773615, -7.341554013162784997, -15.44909999999999961 ) ) ;
#6469 = CARTESIAN_POINT ( 'NONE',  ( 5.860127906673534781, 30.35954048764050484, 8.630999999999989569 ) ) ;
#6470 = ADVANCED_FACE ( 'NONE', ( #5150 ), #118, .F. ) ;
#6471 = FACE_OUTER_BOUND ( 'NONE', #4858, .T. ) ;
#6472 = ORIENTED_EDGE ( 'NONE', *, *, #5940, .T. ) ;
#6473 = LINE ( 'NONE', #911, #6408 ) ;
#6474 = CARTESIAN_POINT ( 'NONE',  ( -16.41308049243611222, 1.360090008357381253, -8.905600000000001515 ) ) ;
#6475 = ORIENTED_EDGE ( 'NONE', *, *, #2893, .T. ) ;
#6476 = CARTESIAN_POINT ( 'NONE',  ( 9.198796658630165268, 13.14829040047153086, 0.000000000000000000 ) ) ;
#6477 = CARTESIAN_POINT ( 'NONE',  ( -8.075426939931087844, -18.89025876392038938, 8.631000000000000227 ) ) ;
#6478 = CARTESIAN_POINT ( 'NONE',  ( -48.95355762924555165, 21.84880566579361982, 14.98099999999996790 ) ) ;
#6479 = EDGE_CURVE ( 'NONE', #5551, #871, #3595, .T. ) ;
#6480 = DIRECTION ( 'NONE',  ( -0.000000000000000000, -0.000000000000000000, -1.000000000000000000 ) ) ;
#6481 = EDGE_LOOP ( 'NONE', ( #1309, #3362, #1768, #5256 ) ) ;
#6482 = CARTESIAN_POINT ( 'NONE',  ( 20.93663917186206191, -3.040034490371304798, -15.44909999999999961 ) ) ;
#6483 = CARTESIAN_POINT ( 'NONE',  ( 26.18805509819400257, 10.49240108418684692, 14.98099999999999987 ) ) ;
#6484 = DIRECTION ( 'NONE',  ( -0.000000000000000000, 0.000000000000000000, -1.000000000000000000 ) ) ;
#6485 = DIRECTION ( 'NONE',  ( 0.6187123756285676235, 0.7856175890622957292, 0.000000000000000000 ) ) ;
#6486 = ORIENTED_EDGE ( 'NONE', *, *, #3297, .T. ) ;
#6487 = CARTESIAN_POINT ( 'NONE',  ( 19.34888664869854580, -0.8583813857253427271, -8.248035969732713468 ) ) ;
#6488 = CARTESIAN_POINT ( 'NONE',  ( -14.98520256183425481, -3.731293133095732184, -7.318099999999999383 ) ) ;
#6489 = EDGE_CURVE ( 'NONE', #5375, #1396, #4120, .T. ) ;
#6490 = CARTESIAN_POINT ( 'NONE',  ( -14.51444827866881049, 35.97823366288712776, 8.631000000000025096 ) ) ;
#6491 = CARTESIAN_POINT ( 'NONE',  ( -3.030030175635520351, -10.74447544034259572, 11.05600000209201994 ) ) ;
#6492 = FACE_OUTER_BOUND ( 'NONE', #7141, .T. ) ;
#6493 = DIRECTION ( 'NONE',  ( -0.000000000000000000, -0.000000000000000000, -1.000000000000000000 ) ) ;
#6494 = CARTESIAN_POINT ( 'NONE',  ( -12.00369839893808255, -12.87642469465369288, -7.318099999999999383 ) ) ;
#6495 = EDGE_LOOP ( 'NONE', ( #5002, #2947, #856, #3756, #6806, #2339 ) ) ;
#6496 = CARTESIAN_POINT ( 'NONE',  ( 19.34913917186174359, 1.726690403718858402, 0.000000000000000000 ) ) ;
#6497 = CARTESIAN_POINT ( 'NONE',  ( 21.40792010887400920, -14.11408924160253342, 8.631000000000002004 ) ) ;
#6498 = CARTESIAN_POINT ( 'NONE',  ( -9.586657712543104282, -16.24503456458049300, -7.318099999999999383 ) ) ;
#6499 = CARTESIAN_POINT ( 'NONE',  ( 18.80718129388836601, -12.73655414860664692, 11.80600000000000271 ) ) ;
#6500 = CARTESIAN_POINT ( 'NONE',  ( 16.27238260754537436, 1.161835033355496760, -5.730367855174048231 ) ) ;
#6501 = CARTESIAN_POINT ( 'NONE',  ( -3.768694984131208514, 9.622365505332130198, -8.905600000000001515 ) ) ;
#6502 = VECTOR ( 'NONE', #1473, 1000.000000000000000 ) ;
#6503 = DIRECTION ( 'NONE',  ( 0.000000000000000000, 0.000000000000000000, 1.000000000000000000 ) ) ;
#6504 = CARTESIAN_POINT ( 'NONE',  ( -42.95525717008185751, 27.44897564401927070, 8.630999999999989569 ) ) ;
#6505 = CARTESIAN_POINT ( 'NONE',  ( -0.4570599810652384853, -8.455613107069483547, -6.449099999999997834 ) ) ;
#6506 = EDGE_LOOP ( 'NONE', ( #2399, #67 ) ) ;
#6507 = CARTESIAN_POINT ( 'NONE',  ( 17.23119601743744411, -16.31721190939495614, 11.80600000000000449 ) ) ;
#6508 = ORIENTED_EDGE ( 'NONE', *, *, #5886, .F. ) ;
#6509 = CARTESIAN_POINT ( 'NONE',  ( 19.65450552532480799, 6.887580790040855661, 3.174999999999999822 ) ) ;
#6510 = CARTESIAN_POINT ( 'NONE',  ( 12.16910334886818568, -14.54587935834384460, 12.55600000000000271 ) ) ;
#6511 = CARTESIAN_POINT ( 'NONE',  ( -0.9018918145981437151, -19.68189704608210988, 2.004910899980774097 ) ) ;
#6512 = CARTESIAN_POINT ( 'NONE',  ( 11.50783914886425308, -12.85637688752249552, 14.98100000000000520 ) ) ;
#6513 = AXIS2_PLACEMENT_3D ( 'NONE', #886, #2540, #7035 ) ;
#6514 = CARTESIAN_POINT ( 'NONE',  ( 1.298463506524899280, -11.88093877015635158, 14.98100000000000165 ) ) ;
#6515 = ORIENTED_EDGE ( 'NONE', *, *, #1641, .F. ) ;
#6516 = CARTESIAN_POINT ( 'NONE',  ( -12.64633658977693997, 34.64295991251769635, 8.630999999999993122 ) ) ;
#6517 = ORIENTED_EDGE ( 'NONE', *, *, #4348, .T. ) ;
#6518 = EDGE_CURVE ( 'NONE', #3827, #2202, #6364, .T. ) ;
#6519 = CARTESIAN_POINT ( 'NONE',  ( -3.416773536141808787, 8.803941065494790053, -7.318099999999999383 ) ) ;
#6520 = FACE_OUTER_BOUND ( 'NONE', #6738, .T. ) ;
#6521 = ORIENTED_EDGE ( 'NONE', *, *, #6093, .T. ) ;
#6522 = CARTESIAN_POINT ( 'NONE',  ( 18.19480658804355144, 6.235042085864962225, 0.000000000000000000 ) ) ;
#6523 = CARTESIAN_POINT ( 'NONE',  ( -4.425450163291727357, 9.109798709189501409, -7.318099999999999383 ) ) ;
#6524 = CARTESIAN_POINT ( 'NONE',  ( -48.07305788143925440, 25.91494184312912097, 8.630999999999954042 ) ) ;
#6525 = CARTESIAN_POINT ( 'NONE',  ( 6.358563739839704354, -13.21675123544820529, 11.05600000000000271 ) ) ;
#6526 = DIRECTION ( 'NONE',  ( -0.000000000000000000, -0.000000000000000000, 1.000000000000000000 ) ) ;
#6527 = CIRCLE ( 'NONE', #4878, 6.000000000000000888 ) ;
#6528 = CARTESIAN_POINT ( 'NONE',  ( 5.064212681890032819, 12.79939556309076742, 0.000000000000000000 ) ) ;
#6529 = ORIENTED_EDGE ( 'NONE', *, *, #4063, .F. ) ;
#6530 = PLANE ( 'NONE',  #2858 ) ;
#6531 = CARTESIAN_POINT ( 'NONE',  ( 26.55051723955111598, -9.162243075185559249, 10.21850059711605141 ) ) ;
#6532 = VECTOR ( 'NONE', #3212, 1000.000000000000227 ) ;
#6533 = CARTESIAN_POINT ( 'NONE',  ( -9.355401562760180312, -17.21657948229896107, -8.905600000000001515 ) ) ;
#6534 = CARTESIAN_POINT ( 'NONE',  ( -27.08947745728853107, 32.80811324254457872, 14.98099999999999454 ) ) ;
#6535 = CARTESIAN_POINT ( 'NONE',  ( 12.84776550570461140, 11.97684011407541149, 0.000000000000000000 ) ) ;
#6536 = CARTESIAN_POINT ( 'NONE',  ( -9.587338698327013020, 9.117653852177962648, -8.905600000000001515 ) ) ;
#6537 = AXIS2_PLACEMENT_3D ( 'NONE', #6204, #2707, #4952 ) ;
#6538 = CARTESIAN_POINT ( 'NONE',  ( -0.8872122126997810110, -19.64246734039021902, 1.557637554804760516 ) ) ;
#6539 = CARTESIAN_POINT ( 'NONE',  ( 26.18805509819400257, 10.49240108418684692, 8.630999999999994898 ) ) ;
#6540 = ADVANCED_FACE ( 'NONE', ( #1318 ), #3567, .F. ) ;
#6541 = CARTESIAN_POINT ( 'NONE',  ( -11.94963630523137255, 6.672263382977527968, -7.318099999999999383 ) ) ;
#6542 = CARTESIAN_POINT ( 'NONE',  ( 6.000000000000000888, -7.347880794884120722E-16, 3.756000000000000671 ) ) ;
#6543 = ORIENTED_EDGE ( 'NONE', *, *, #3122, .T. ) ;
#6544 = CARTESIAN_POINT ( 'NONE',  ( 20.93663917186174217, 1.726690403594020928, 3.174999999999999822 ) ) ;
#6545 = CARTESIAN_POINT ( 'NONE',  ( 14.92079954597510039, -14.51258873003837557, -5.730599999999999028 ) ) ;
#6546 = CARTESIAN_POINT ( 'NONE',  ( -3.930252202945376361, -14.63193367759294716, 8.631000000000000227 ) ) ;
#6547 = CARTESIAN_POINT ( 'NONE',  ( 16.84548851959756277, -13.15329702478594598, 14.98100000000000520 ) ) ;
#6548 = CARTESIAN_POINT ( 'NONE',  ( -8.184316070315901470, -9.429466381432716204, 12.55599999790798371 ) ) ;
#6549 = ORIENTED_EDGE ( 'NONE', *, *, #6859, .F. ) ;
#6550 = LINE ( 'NONE', #4343, #308 ) ;
#6551 = VERTEX_POINT ( 'NONE', #6992 ) ;
#6552 = CARTESIAN_POINT ( 'NONE',  ( -14.62369581779174510, -8.583189037751944639, -8.705040594547677202 ) ) ;
#6553 = CARTESIAN_POINT ( 'NONE',  ( 5.597506475722428654, -22.28729602020203870, -6.524349999999999206 ) ) ;
#6554 = EDGE_CURVE ( 'NONE', #5178, #1102, #3746, .T. ) ;
#6555 = ORIENTED_EDGE ( 'NONE', *, *, #466, .T. ) ;
#6556 = CARTESIAN_POINT ( 'NONE',  ( 14.91564752244661030, 1.688370582274835385, -5.730599999999999028 ) ) ;
#6557 = EDGE_CURVE ( 'NONE', #2472, #4543, #5873, .T. ) ;
#6558 = CARTESIAN_POINT ( 'NONE',  ( -3.040234598929693277, 10.36067854765977003, -8.905599999999999739 ) ) ;
#6559 = CARTESIAN_POINT ( 'NONE',  ( 28.31198947043230518, 0.6227037764108297457, 11.80600000000000094 ) ) ;
#6560 = CARTESIAN_POINT ( 'NONE',  ( 5.979130371550700040, 0.5000000000000016653, 3.756000000000000671 ) ) ;
#6561 = CARTESIAN_POINT ( 'NONE',  ( -0.9256395014569172019, -8.281161872996737117, 1.550900000000002610 ) ) ;
#6562 = EDGE_CURVE ( 'NONE', #5291, #6836, #3094, .T. ) ;
#6563 = CARTESIAN_POINT ( 'NONE',  ( 16.27238260754537436, 1.161835033355496760, -5.730367855174048231 ) ) ;
#6564 = ORIENTED_EDGE ( 'NONE', *, *, #1417, .T. ) ;
#6565 = CARTESIAN_POINT ( 'NONE',  ( -12.12650021708599368, -12.53230680778728079, -5.730599999999999028 ) ) ;
#6566 = AXIS2_PLACEMENT_3D ( 'NONE', #3104, #4763, #206 ) ;
#6567 = EDGE_CURVE ( 'NONE', #534, #2942, #6975, .T. ) ;
#6568 = CARTESIAN_POINT ( 'NONE',  ( -10.41031883446054707, -15.48565035781351540, -8.248035969732711692 ) ) ;
#6569 = CARTESIAN_POINT ( 'NONE',  ( 1.104215542453943488, -10.18843664028698370, 14.98100000000000520 ) ) ;
#6570 = CARTESIAN_POINT ( 'NONE',  ( -3.398848866282269565, 8.851227145880375957, -7.728811047280822244 ) ) ;
#6571 = CARTESIAN_POINT ( 'NONE',  ( -9.351105338076770579, 10.22803726609829411, -8.905600000000001515 ) ) ;
#6572 = CARTESIAN_POINT ( 'NONE',  ( -8.075426939930995474, -18.89025876392011583, 3.174999999999999822 ) ) ;
#6573 = CARTESIAN_POINT ( 'NONE',  ( 17.23119601743744411, -16.31721190939495614, 11.80600000000000449 ) ) ;
#6574 = EDGE_CURVE ( 'NONE', #4232, #5753, #878, .T. ) ;
#6575 = CARTESIAN_POINT ( 'NONE',  ( -14.84865981886881947, 1.076030287531293483, -7.318099999999999383 ) ) ;
#6576 = CARTESIAN_POINT ( 'NONE',  ( 11.48444867788076529, 27.70592705193344329, 11.80599999999999383 ) ) ;
#6577 = ORIENTED_EDGE ( 'NONE', *, *, #6710, .F. ) ;
#6578 = ADVANCED_BREP_SHAPE_REPRESENTATION ( 'Part1^asm-cams-manual-switching', ( #987, #2386 ), #4505 ) ;
#6579 = CARTESIAN_POINT ( 'NONE',  ( 0.01151953932644042382, -8.630064341142229978, -6.449099999999997834 ) ) ;
#6580 = FACE_OUTER_BOUND ( 'NONE', #3165, .T. ) ;
#6581 = EDGE_CURVE ( 'NONE', #2574, #4848, #5885, .T. ) ;
#6582 = CARTESIAN_POINT ( 'NONE',  ( 22.51648795791860991, 11.38776055877447924, 14.98099999999999987 ) ) ;
#6583 = CARTESIAN_POINT ( 'NONE',  ( -10.40645332325250827, -15.48207854146827955, -5.730599999999999028 ) ) ;
#6584 = ADVANCED_FACE ( 'NONE', ( #6580 ), #398, .F. ) ;
#6585 = ORIENTED_EDGE ( 'NONE', *, *, #6397, .T. ) ;
#6586 = DIRECTION ( 'NONE',  ( 0.000000000000000000, 0.000000000000000000, 1.000000000000000000 ) ) ;
#6587 = EDGE_LOOP ( 'NONE', ( #5413, #4554, #3520, #3083 ) ) ;
#6588 = CARTESIAN_POINT ( 'NONE',  ( -7.139688768580557010, 9.184898826891243928, -7.318099999999999383 ) ) ;
#6589 = ORIENTED_EDGE ( 'NONE', *, *, #6489, .T. ) ;
#6590 = CARTESIAN_POINT ( 'NONE',  ( 5.874447809812912702, -21.54342603158024971, -6.524349999999999206 ) ) ;
#6591 = ORIENTED_EDGE ( 'NONE', *, *, #6787, .F. ) ;
#6592 = CARTESIAN_POINT ( 'NONE',  ( 12.69666400827636643, 2.480146738824321684, -5.787905999999998663 ) ) ;
#6593 = CARTESIAN_POINT ( 'NONE',  ( 4.566370287237146108, -12.73717740565215628, 11.05600000000000271 ) ) ;
#6594 = CARTESIAN_POINT ( 'NONE',  ( 7.753788007554789807, 29.50962372097941966, 11.80599999999999383 ) ) ;
#6595 = CARTESIAN_POINT ( 'NONE',  ( -6.974196657649674336, -9.719714757477259326, 11.05600000209201994 ) ) ;
#6596 = LINE ( 'NONE', #4425, #5010 ) ;
#6597 = CARTESIAN_POINT ( 'NONE',  ( -10.87623135643071492, -5.342639787243311567, 0.002559665344327236025 ) ) ;
#6598 = CARTESIAN_POINT ( 'NONE',  ( -9.686723918748485929, -9.024030087174462977, 11.80600000000000271 ) ) ;
#6599 = ORIENTED_EDGE ( 'NONE', *, *, #5085, .F. ) ;
#6600 = CARTESIAN_POINT ( 'NONE',  ( -6.882952926972548902, -0.03794426804597871017, 0.000000000000000000 ) ) ;
#6601 = CARTESIAN_POINT ( 'NONE',  ( 2.151278356618460119, -1.967197634488866864, -15.44909999999999961 ) ) ;
#6602 = CARTESIAN_POINT ( 'NONE',  ( 15.81603941767345489, -13.23563869823644801, 8.631000000000344841 ) ) ;
#6603 = CARTESIAN_POINT ( 'NONE',  ( 12.16856079531247481, -14.54943197920268183, 13.39349999983421569 ) ) ;
#6604 = CARTESIAN_POINT ( 'NONE',  ( 14.75545445223382046, 10.72407528432853141, 0.000000000000000000 ) ) ;
#6605 = CARTESIAN_POINT ( 'NONE',  ( -13.66721184906931796, -7.694262184550286321, 8.631000000000002004 ) ) ;
#6606 = CARTESIAN_POINT ( 'NONE',  ( -10.78989663589483605, -16.06557369388256973, 3.174999999999999822 ) ) ;
#6607 = CARTESIAN_POINT ( 'NONE',  ( -10.52473805582482669, -10.44028279238031764, 8.631000000000000227 ) ) ;
#6608 = FACE_BOUND ( 'NONE', #2994, .T. ) ;
#6609 = CARTESIAN_POINT ( 'NONE',  ( 10.86804480477624857, -15.96762004994088713, 11.80600000000000449 ) ) ;
#6610 = EDGE_LOOP ( 'NONE', ( #1652, #6889, #4718, #4413, #1945 ) ) ;
#6611 = CARTESIAN_POINT ( 'NONE',  ( 15.37035372594001892, 12.26834093408379189, 3.174999999999999822 ) ) ;
#6612 = CARTESIAN_POINT ( 'NONE',  ( 0.4970148832334448930, 10.31996122614141598, 2.855932875458326414 ) ) ;
#6613 = CARTESIAN_POINT ( 'NONE',  ( 7.714845226176436199, -13.57393342653623947, 12.55600000000000094 ) ) ;
#6614 = CARTESIAN_POINT ( 'NONE',  ( 3.034299951601164391, -10.69440557877959463, 11.80600000000000094 ) ) ;
#6615 = EDGE_CURVE ( 'NONE', #616, #5026, #1989, .T. ) ;
#6616 = VECTOR ( 'NONE', #1541, 1000.000000000000000 ) ;
#6617 = CARTESIAN_POINT ( 'NONE',  ( -4.258885790967078755, -4.226333141092729839, 14.98100000000000165 ) ) ;
#6618 = ORIENTED_EDGE ( 'NONE', *, *, #4713, .T. ) ;
#6619 = CARTESIAN_POINT ( 'NONE',  ( -1.447615242865005314, -21.14772114095298150, -15.44909999999999961 ) ) ;
#6620 = ORIENTED_EDGE ( 'NONE', *, *, #4287, .F. ) ;
#6621 = CARTESIAN_POINT ( 'NONE',  ( -12.69611107861289589, 5.860204217221870238, -7.318099999999999383 ) ) ;
#6622 = ORIENTED_EDGE ( 'NONE', *, *, #2488, .T. ) ;
#6623 = VECTOR ( 'NONE', #7012, 1000.000000000000114 ) ;
#6624 = CARTESIAN_POINT ( 'NONE',  ( -8.184316070316237202, -9.429466381432716204, 11.05600000209201994 ) ) ;
#6625 = DIRECTION ( 'NONE',  ( -1.000000000000000000, 0.000000000000000000, 0.000000000000000000 ) ) ;
#6626 = ORIENTED_EDGE ( 'NONE', *, *, #3813, .T. ) ;
#6627 = CARTESIAN_POINT ( 'NONE',  ( 19.34913917157006225, 1.419185237542518463, 0.000000000000000000 ) ) ;
#6628 = VECTOR ( 'NONE', #2438, 1000.000000000000000 ) ;
#6629 = DIRECTION ( 'NONE',  ( 0.000000000000000000, 0.000000000000000000, 1.000000000000000000 ) ) ;
#6630 = CARTESIAN_POINT ( 'NONE',  ( -6.967105568256431347, -11.34794501770343977, 11.80600000000000271 ) ) ;
#6631 = CARTESIAN_POINT ( 'NONE',  ( 8.686675194393600918, -23.43346126757722558, -7.318099999999999383 ) ) ;
#6632 = CARTESIAN_POINT ( 'NONE',  ( 19.33299676663438760, -0.8694490779206609510, -5.733050614208945461 ) ) ;
#6634 = VECTOR ( 'NONE', #6310, 1000.000000000000114 ) ;
#6633 = CARTESIAN_POINT ( 'NONE',  ( 16.85912268813812531, 0.9246339728437396044, -5.727706332950249113 ) ) ;
#6635 = VERTEX_POINT ( 'NONE', #6477 ) ;
#6636 = EDGE_CURVE ( 'NONE', #1728, #4862, #1426, .T. ) ;
#6637 = APPLICATION_PROTOCOL_DEFINITION ( 'draft international standard', 'automotive_design', 1998, #3550 ) ;
#6638 = CARTESIAN_POINT ( 'NONE',  ( 1.984375000000000000, 0.000000000000000000, 0.2560000000000010045 ) ) ;
#6639 = CARTESIAN_POINT ( 'NONE',  ( -13.51118010017174953, -13.37951795812901423, -8.905600000000001515 ) ) ;
#6640 = EDGE_CURVE ( 'NONE', #1298, #525, #4269, .T. ) ;
#6641 = CARTESIAN_POINT ( 'NONE',  ( -6.222808689321803755, -8.261172570105257407, 11.80600000000000094 ) ) ;
#6642 = AXIS2_PLACEMENT_3D ( 'NONE', #2806, #5053, #2246 ) ;
#6643 = CARTESIAN_POINT ( 'NONE',  ( -14.10282422150180537, -11.13543855904509705, 8.631000000000000227 ) ) ;
#6644 = CARTESIAN_POINT ( 'NONE',  ( 17.67481989172242507, 1.339128955541149857, -8.905600000000001515 ) ) ;
#6645 = CARTESIAN_POINT ( 'NONE',  ( 19.19324455142637120, -0.6392906806131054553, -5.730599934848972232 ) ) ;
#6646 = CARTESIAN_POINT ( 'NONE',  ( -11.45824962891080467, -16.71587239263802616, 3.174999999999999822 ) ) ;
#6647 = CARTESIAN_POINT ( 'NONE',  ( -48.07305788143925440, 25.91494184312912097, 8.630999999999954042 ) ) ;
#6648 = AXIS2_PLACEMENT_3D ( 'NONE', #2716, #4412, #5004 ) ;
#6649 = CARTESIAN_POINT ( 'NONE',  ( -13.29338258890768465, -6.451318146932627506, 8.631000000000000227 ) ) ;
#6650 = CARTESIAN_POINT ( 'NONE',  ( -36.36428634907640145, 2.224798047900578446, 11.80599999999999916 ) ) ;
#6651 = ORIENTED_EDGE ( 'NONE', *, *, #580, .T. ) ;
#6652 = VECTOR ( 'NONE', #6748, 1000.000000000000000 ) ;
#6653 = DIRECTION ( 'NONE',  ( 0.9673143870489526730, -0.2535801187161745851, 5.630609727717553539E-17 ) ) ;
#6654 = DIRECTION ( 'NONE',  ( 0.9371590407833583214, -0.3489024681454916954, 0.000000000000000000 ) ) ;
#6655 = DIRECTION ( 'NONE',  ( 0.1267900593580866542, 0.4836571935244738940, -0.8660254037844400399 ) ) ;
#6656 = CARTESIAN_POINT ( 'NONE',  ( 25.48526637672581074, -1.669644062140321239, 11.80600000000000094 ) ) ;
#6657 =( BOUNDED_SURFACE ( )  B_SPLINE_SURFACE ( 3, 3, ( 
 ( #2135, #4974, #2172, #591, #2766, #4492, #4605, #3427, #3947, #5049, #2317, #4016, #2873, #5744, #6742, #7257, #5155, #3358, #54, #6257, #4531, #5707, #2209, #6190, #2801, #1146, #6149, #1736, #664, #4566, #124, #2835, #5598, #1807, #6815, #3394, #6223, #1255, #4456, #6705, #3984, #1179, #2353, #1661, #5634, #2282, #6849, #3908, #6410, #232, #811, #3648, #1365, #2460, #159, #3613, #3534, #6997, #4793, #1958, #4679, #1322, #1994, #7034, #701, #3573 ),
 ( #197, #1290, #5265, #2981, #5855, #4715, #3055, #5891, #5298, #6961, #2390, #265, #5777, #4205, #4240, #6449, #6368, #4164, #1917, #2495, #2430, #6483, #5335, #1880, #2539, #4752, #1398, #843, #1431, #3092, #305, #3682, #3020, #2944, #5190, #4643, #6891, #1848, #4090, #5226, #6333, #734, #6925, #4124, #5820, #773, #4270, #3161, #6478, #299, #4822, #2491, #4236, #7029, #4200, #1533, #368, #5295, #1990, #5964, #5887, #3052, #917, #3128, #7135, #3087 ),
 ( #2058, #2568, #6993, #1427, #879, #6512, #2090, #2533, #6547, #4789, #399, #1954, #3713, #839, #2640, #261, #6446, #5328, #4748, #4892, #1503, #4340, #6582, #2603, #5852, #3678, #5925, #7063, #5436, #1395, #4308, #5371, #807, #3748, #335, #2023, #3644, #1466, #5403, #4852, #7097, #5995, #950, #3195, #4516, #6727, #4477, #5618, #3235, #2681, #545, #437, #577, #1683, #37, #2821, #5583, #6766, #3819, #4408, #506, #3381, #986, #5, #1023, #5069 ),
 ( #6614, #7166, #1091, #2713, #2156, #6135, #2748, #3272, #3779, #3932, #6176, #2265, #5479, #4926, #2788, #472, #6656, #6027, #2122, #4370, #1612, #5036, #3893, #4959, #5514, #1572, #3343, #1133, #2230, #7201, #1058, #6065, #3859, #6101, #3305, #5544, #5000, #7243, #2195, #4442, #6691, #1645, #6209, #6242, #6279, #5730, #3484, #5250, #1758, #5800, #1833, #6316, #217, #1199, #4035, #2413, #1239, #2449, #4552, #6873, #685, #2929, #5103, #5175, #5763, #4002 ),
 ( #144, #2374, #1276, #2337, #3447, #4624, #5653, #110, #2897, #78, #4700, #3519, #1166, #5141, #4076, #5690, #3414, #720, #2965, #3005, #648, #5211, #612, #2856, #181, #1724, #2305, #4665, #4587, #6911, #6800, #6834, #3970, #1790, #1866, #4111, #6354, #1308, #3555, #757, #2560, #327, #5879, #1942, #6504, #5956, #7054, #2629, #4190, #6947, #2050, #5287, #1980, #908, #1419, #2595, #1900, #6436, #4737, #1387, #3043, #5915, #4845, #1458, #3153, #7021 ),
 ( #3704, #3634, #288, #942, #5988, #4147, #2520, #5396, #2015, #831, #3078, #253, #4262, #4298, #360, #5318, #4226, #6391, #5428, #7088, #391, #6539, #3739, #1348, #3669, #1496, #866, #3185, #3601, #4778, #6469, #3117, #5360, #5844, #6983, #797, #2483, #4814, #1123, #2114, #7193, #5573, #4398, #3374, #429, #2739, #6647, #2149, #977, #1051, #1637, #7160, #5507, #5537, #1015, #4363, #4918, #6607, #1605, #2780, #570, #3886, #4435, #496, #2223, #4951 ),
 ( #4991, #1563, #2082, #7233, #3850, #6166, #3810, #6127, #6573, #1526, #2188, #5610, #3771, #6092, #3263, #6682, #3225, #6056, #4882, #6019, #1082, #7126, #4333, #2706, #463, #5469, #3333, #536, #3296, #2673, #5028, #6720, #7271, #4469, #1674, #3923, #3995, #2922, #2849, #31, #5168, #103, #4104, #69, #4069, #4507, #6757, #137, #3546, #1714, #2330, #1192, #4617, #1160, #5096, #6348, #3963, #6865, #1302, #2257, #640, #2296, #5063, #5721, #1269, #2888 ) ),
 .UNSPECIFIED., .T., .T., .T. ) 
 B_SPLINE_SURFACE_WITH_KNOTS ( ( 4, 3, 4 ),
 ( 4, 2, 2, 2, 2, 2, 2, 2, 2, 2, 2, 2, 2, 2, 2, 2, 2, 2, 2, 2, 2, 2, 2, 2, 2, 2, 2, 2, 2, 2, 2, 2, 4 ),
 ( 0.000000000000000000, 0.5000000000000000000, 1.000000000000000000 ),
 ( 0.000000000000000000, 0.008602279888498043370, 0.03594602988850257447, 0.06328977988850710557, 0.08086790488850542635, 0.09844602988850373326, 0.1336022798885003748, 0.1609460298885003193, 0.1746179048885002916, 0.1882897798885002638, 0.2195397798885003193, 0.2507897798885003748, 0.2859460298884995977, 0.3211022798884988205, 0.3523522798884995977, 0.3836022798885003748, 0.4265710298885028173, 0.4695397798885052598, 0.4968835298885041496, 0.5242272798885030394, 0.5789147798885007079, 0.6101647798884999307, 0.6414147798884992646, 0.6638757173884992646, 0.6863366548884991536, 0.7312585298884990426, 0.8211022798884987095, 0.9148522798885003748, 0.9285241548885014851, 0.9421960298885027063, 0.9558679048885039276, 0.9695397798885050378, 1.000000000000000000 ),
 .UNSPECIFIED. ) 
 GEOMETRIC_REPRESENTATION_ITEM ( )  RATIONAL_B_SPLINE_SURFACE ( (
 ( 1.000000000000000000, 1.000000000000000000, 1.000000000000000000, 1.000000000000000000, 1.000000000000000000, 1.000000000000000000, 1.000000000000000000, 1.000000000000000000, 1.000000000000000000, 1.000000000000000000, 1.000000000000000000, 1.000000000000000000, 1.000000000000000000, 1.000000000000000000, 1.000000000000000000, 1.000000000000000000, 1.000000000000000000, 1.000000000000000000, 1.000000000000000000, 1.000000000000000000, 1.000000000000000000, 1.000000000000000000, 1.000000000000000000, 1.000000000000000000, 1.000000000000000000, 1.000000000000000000, 1.000000000000000000, 1.000000000000000000, 1.000000000000000000, 1.000000000000000000, 1.000000000000000000, 1.000000000000000000, 1.000000000000000000, 1.000000000000000000, 1.000000000000000000, 1.000000000000000000, 1.000000000000000000, 1.000000000000000000, 1.000000000000000000, 1.000000000000000000, 1.000000000000000000, 1.000000000000000000, 1.000000000000000000, 1.000000000000000000, 1.000000000000000000, 1.000000000000000000, 1.000000000000000000, 1.000000000000000000, 1.000000000000000000, 1.000000000000000000, 1.000000000000000000, 1.000000000000000000, 1.000000000000000000, 1.000000000000000000, 1.000000000000000000, 1.000000000000000000, 1.000000000000000000, 1.000000000000000000, 1.000000000000000000, 1.000000000000000000, 1.000000000000000000, 1.000000000000000000, 1.000000000000000000, 1.000000000000000000, 1.000000000000000000, 1.000000000000000000),
 ( 0.3333333333333333703, 0.3333333333333333703, 0.3333333333333333703, 0.3333333333333333703, 0.3333333333333333703, 0.3333333333333333703, 0.3333333333333333703, 0.3333333333333333703, 0.3333333333333333703, 0.3333333333333333703, 0.3333333333333333703, 0.3333333333333333703, 0.3333333333333333703, 0.3333333333333333703, 0.3333333333333333703, 0.3333333333333333703, 0.3333333333333333703, 0.3333333333333333703, 0.3333333333333333703, 0.3333333333333333703, 0.3333333333333333703, 0.3333333333333333703, 0.3333333333333333703, 0.3333333333333333703, 0.3333333333333333703, 0.3333333333333333703, 0.3333333333333333703, 0.3333333333333333703, 0.3333333333333333703, 0.3333333333333333703, 0.3333333333333333703, 0.3333333333333333703, 0.3333333333333333703, 0.3333333333333333703, 0.3333333333333333703, 0.3333333333333333703, 0.3333333333333333703, 0.3333333333333333703, 0.3333333333333333703, 0.3333333333333333703, 0.3333333333333333703, 0.3333333333333333703, 0.3333333333333333703, 0.3333333333333333703, 0.3333333333333333703, 0.3333333333333333703, 0.3333333333333333703, 0.3333333333333333703, 0.3333333333333333703, 0.3333333333333333703, 0.3333333333333333703, 0.3333333333333333703, 0.3333333333333333703, 0.3333333333333333703, 0.3333333333333333703, 0.3333333333333333703, 0.3333333333333333703, 0.3333333333333333703, 0.3333333333333333703, 0.3333333333333333703, 0.3333333333333333703, 0.3333333333333333703, 0.3333333333333333703, 0.3333333333333333703, 0.3333333333333333703, 0.3333333333333333703),
 ( 0.3333333333333333703, 0.3333333333333333703, 0.3333333333333333703, 0.3333333333333333703, 0.3333333333333333703, 0.3333333333333333703, 0.3333333333333333703, 0.3333333333333333703, 0.3333333333333333703, 0.3333333333333333703, 0.3333333333333333703, 0.3333333333333333703, 0.3333333333333333703, 0.3333333333333333703, 0.3333333333333333703, 0.3333333333333333703, 0.3333333333333333703, 0.3333333333333333703, 0.3333333333333333703, 0.3333333333333333703, 0.3333333333333333703, 0.3333333333333333703, 0.3333333333333333703, 0.3333333333333333703, 0.3333333333333333703, 0.3333333333333333703, 0.3333333333333333703, 0.3333333333333333703, 0.3333333333333333703, 0.3333333333333333703, 0.3333333333333333703, 0.3333333333333333703, 0.3333333333333333703, 0.3333333333333333703, 0.3333333333333333703, 0.3333333333333333703, 0.3333333333333333703, 0.3333333333333333703, 0.3333333333333333703, 0.3333333333333333703, 0.3333333333333333703, 0.3333333333333333703, 0.3333333333333333703, 0.3333333333333333703, 0.3333333333333333703, 0.3333333333333333703, 0.3333333333333333703, 0.3333333333333333703, 0.3333333333333333703, 0.3333333333333333703, 0.3333333333333333703, 0.3333333333333333703, 0.3333333333333333703, 0.3333333333333333703, 0.3333333333333333703, 0.3333333333333333703, 0.3333333333333333703, 0.3333333333333333703, 0.3333333333333333703, 0.3333333333333333703, 0.3333333333333333703, 0.3333333333333333703, 0.3333333333333333703, 0.3333333333333333703, 0.3333333333333333703, 0.3333333333333333703),
 ( 1.000000000000000000, 1.000000000000000000, 1.000000000000000000, 1.000000000000000000, 1.000000000000000000, 1.000000000000000000, 1.000000000000000000, 1.000000000000000000, 1.000000000000000000, 1.000000000000000000, 1.000000000000000000, 1.000000000000000000, 1.000000000000000000, 1.000000000000000000, 1.000000000000000000, 1.000000000000000000, 1.000000000000000000, 1.000000000000000000, 1.000000000000000000, 1.000000000000000000, 1.000000000000000000, 1.000000000000000000, 1.000000000000000000, 1.000000000000000000, 1.000000000000000000, 1.000000000000000000, 1.000000000000000000, 1.000000000000000000, 1.000000000000000000, 1.000000000000000000, 1.000000000000000000, 1.000000000000000000, 1.000000000000000000, 1.000000000000000000, 1.000000000000000000, 1.000000000000000000, 1.000000000000000000, 1.000000000000000000, 1.000000000000000000, 1.000000000000000000, 1.000000000000000000, 1.000000000000000000, 1.000000000000000000, 1.000000000000000000, 1.000000000000000000, 1.000000000000000000, 1.000000000000000000, 1.000000000000000000, 1.000000000000000000, 1.000000000000000000, 1.000000000000000000, 1.000000000000000000, 1.000000000000000000, 1.000000000000000000, 1.000000000000000000, 1.000000000000000000, 1.000000000000000000, 1.000000000000000000, 1.000000000000000000, 1.000000000000000000, 1.000000000000000000, 1.000000000000000000, 1.000000000000000000, 1.000000000000000000, 1.000000000000000000, 1.000000000000000000),
 ( 0.3333333333333333703, 0.3333333333333333703, 0.3333333333333333703, 0.3333333333333333703, 0.3333333333333333703, 0.3333333333333333703, 0.3333333333333333703, 0.3333333333333333703, 0.3333333333333333703, 0.3333333333333333703, 0.3333333333333333703, 0.3333333333333333703, 0.3333333333333333703, 0.3333333333333333703, 0.3333333333333333703, 0.3333333333333333703, 0.3333333333333333703, 0.3333333333333333703, 0.3333333333333333703, 0.3333333333333333703, 0.3333333333333333703, 0.3333333333333333703, 0.3333333333333333703, 0.3333333333333333703, 0.3333333333333333703, 0.3333333333333333703, 0.3333333333333333703, 0.3333333333333333703, 0.3333333333333333703, 0.3333333333333333703, 0.3333333333333333703, 0.3333333333333333703, 0.3333333333333333703, 0.3333333333333333703, 0.3333333333333333703, 0.3333333333333333703, 0.3333333333333333703, 0.3333333333333333703, 0.3333333333333333703, 0.3333333333333333703, 0.3333333333333333703, 0.3333333333333333703, 0.3333333333333333703, 0.3333333333333333703, 0.3333333333333333703, 0.3333333333333333703, 0.3333333333333333703, 0.3333333333333333703, 0.3333333333333333703, 0.3333333333333333703, 0.3333333333333333703, 0.3333333333333333703, 0.3333333333333333703, 0.3333333333333333703, 0.3333333333333333703, 0.3333333333333333703, 0.3333333333333333703, 0.3333333333333333703, 0.3333333333333333703, 0.3333333333333333703, 0.3333333333333333703, 0.3333333333333333703, 0.3333333333333333703, 0.3333333333333333703, 0.3333333333333333703, 0.3333333333333333703),
 ( 0.3333333333333333703, 0.3333333333333333703, 0.3333333333333333703, 0.3333333333333333703, 0.3333333333333333703, 0.3333333333333333703, 0.3333333333333333703, 0.3333333333333333703, 0.3333333333333333703, 0.3333333333333333703, 0.3333333333333333703, 0.3333333333333333703, 0.3333333333333333703, 0.3333333333333333703, 0.3333333333333333703, 0.3333333333333333703, 0.3333333333333333703, 0.3333333333333333703, 0.3333333333333333703, 0.3333333333333333703, 0.3333333333333333703, 0.3333333333333333703, 0.3333333333333333703, 0.3333333333333333703, 0.3333333333333333703, 0.3333333333333333703, 0.3333333333333333703, 0.3333333333333333703, 0.3333333333333333703, 0.3333333333333333703, 0.3333333333333333703, 0.3333333333333333703, 0.3333333333333333703, 0.3333333333333333703, 0.3333333333333333703, 0.3333333333333333703, 0.3333333333333333703, 0.3333333333333333703, 0.3333333333333333703, 0.3333333333333333703, 0.3333333333333333703, 0.3333333333333333703, 0.3333333333333333703, 0.3333333333333333703, 0.3333333333333333703, 0.3333333333333333703, 0.3333333333333333703, 0.3333333333333333703, 0.3333333333333333703, 0.3333333333333333703, 0.3333333333333333703, 0.3333333333333333703, 0.3333333333333333703, 0.3333333333333333703, 0.3333333333333333703, 0.3333333333333333703, 0.3333333333333333703, 0.3333333333333333703, 0.3333333333333333703, 0.3333333333333333703, 0.3333333333333333703, 0.3333333333333333703, 0.3333333333333333703, 0.3333333333333333703, 0.3333333333333333703, 0.3333333333333333703),
 ( 1.000000000000000000, 1.000000000000000000, 1.000000000000000000, 1.000000000000000000, 1.000000000000000000, 1.000000000000000000, 1.000000000000000000, 1.000000000000000000, 1.000000000000000000, 1.000000000000000000, 1.000000000000000000, 1.000000000000000000, 1.000000000000000000, 1.000000000000000000, 1.000000000000000000, 1.000000000000000000, 1.000000000000000000, 1.000000000000000000, 1.000000000000000000, 1.000000000000000000, 1.000000000000000000, 1.000000000000000000, 1.000000000000000000, 1.000000000000000000, 1.000000000000000000, 1.000000000000000000, 1.000000000000000000, 1.000000000000000000, 1.000000000000000000, 1.000000000000000000, 1.000000000000000000, 1.000000000000000000, 1.000000000000000000, 1.000000000000000000, 1.000000000000000000, 1.000000000000000000, 1.000000000000000000, 1.000000000000000000, 1.000000000000000000, 1.000000000000000000, 1.000000000000000000, 1.000000000000000000, 1.000000000000000000, 1.000000000000000000, 1.000000000000000000, 1.000000000000000000, 1.000000000000000000, 1.000000000000000000, 1.000000000000000000, 1.000000000000000000, 1.000000000000000000, 1.000000000000000000, 1.000000000000000000, 1.000000000000000000, 1.000000000000000000, 1.000000000000000000, 1.000000000000000000, 1.000000000000000000, 1.000000000000000000, 1.000000000000000000, 1.000000000000000000, 1.000000000000000000, 1.000000000000000000, 1.000000000000000000, 1.000000000000000000, 1.000000000000000000) ) ) 
 REPRESENTATION_ITEM ( '' )  SURFACE ( )  );
#6658 = CARTESIAN_POINT ( 'NONE',  ( 27.51580630283823936, -2.931758095046658852, 13.39349904687931847 ) ) ;
#6659 = ORIENTED_EDGE ( 'NONE', *, *, #5953, .T. ) ;
#6660 = EDGE_CURVE ( 'NONE', #787, #4826, #4970, .T. ) ;
#6661 = LINE ( 'NONE', #3897, #5829 ) ;
#6662 = VERTEX_POINT ( 'NONE', #7134 ) ;
#6663 = CARTESIAN_POINT ( 'NONE',  ( -14.98520256183472199, -3.731293133095731740, -7.318099999999999383 ) ) ;
#6664 = CARTESIAN_POINT ( 'NONE',  ( -8.940015150338160410, -9.243803669068361373, 11.05600000209201994 ) ) ;
#6665 = CARTESIAN_POINT ( 'NONE',  ( -9.853225687248786002, -3.809484351455105777, 0.000000000000000000 ) ) ;
#6666 = ORIENTED_EDGE ( 'NONE', *, *, #5697, .F. ) ;
#6667 = CARTESIAN_POINT ( 'NONE',  ( 12.69560732791649826, 12.10205801954396776, 0.000000000000000000 ) ) ;
#6668 = CARTESIAN_POINT ( 'NONE',  ( 20.92266734777798476, -0.7550195714615781650, -8.905600000000001515 ) ) ;
#6669 = CARTESIAN_POINT ( 'NONE',  ( -13.13121744587780526, -9.572183738367961325, 11.80600000000000271 ) ) ;
#6670 = CARTESIAN_POINT ( 'NONE',  ( 17.82715201496630186, 0.4008002428189604838, -5.730599999999999028 ) ) ;
#6671 = CARTESIAN_POINT ( 'NONE',  ( 19.34642355060938357, -0.9446773488273765285, -5.724519635276751117 ) ) ;
#6672 = EDGE_CURVE ( 'NONE', #5073, #208, #3160, .T. ) ;
#6673 = ORIENTED_EDGE ( 'NONE', *, *, #6455, .T. ) ;
#6675 = EDGE_CURVE ( 'NONE', #5147, #6988, #2602, .T. ) ;
#6674 = CARTESIAN_POINT ( 'NONE',  ( -12.43602664865773910, -10.72354459819052330, -2.240115501428617151 ) ) ;
#6676 = CARTESIAN_POINT ( 'NONE',  ( -13.40890670851854338, -13.64429035875746443, -8.905600000000001515 ) ) ;
#6677 = CARTESIAN_POINT ( 'NONE',  ( -27.08947745728853462, 32.80811324254457872, 11.80599999999999206 ) ) ;
#6678 = FACE_OUTER_BOUND ( 'NONE', #2722, .T. ) ;
#6679 = DIRECTION ( 'NONE',  ( 0.000000000000000000, 0.000000000000000000, -1.000000000000000000 ) ) ;
#6680 = CARTESIAN_POINT ( 'NONE',  ( 0.000000000000000000, 0.000000000000000000, -7.949100000000000499 ) ) ;
#6681 = CARTESIAN_POINT ( 'NONE',  ( -8.299218485409694424, -18.80774211568883914, -8.905600000000001515 ) ) ;
#6682 = CARTESIAN_POINT ( 'NONE',  ( 28.74950554974190808, -2.214734616449455906, 11.80600000000000094 ) ) ;
#6683 = B_SPLINE_CURVE_WITH_KNOTS ( 'NONE', 3,
 ( #3490, #4151, #6398, #6878, #725, #3604, #1280, #1838, #5180, #4080, #1869, #3045, #833, #5846 ),
 .UNSPECIFIED., .F., .F.,
 ( 4, 2, 2, 2, 2, 2, 4 ),
 ( -4.648180648468722370E-05, 0.0005794887615922489745, 0.001205459329669185051, 0.001518444613707654444, 0.001831429897746123837, 0.002144415181784593664, 0.002457400465823063491 ),
 .UNSPECIFIED. ) ;
#6684 = CARTESIAN_POINT ( 'NONE',  ( 14.25591115432990641, 24.17868099317643171, 8.630999999999994898 ) ) ;
#6685 = CARTESIAN_POINT ( 'NONE',  ( 17.23119601743744411, -16.31721190939495614, 14.98100000000000520 ) ) ;
#6686 = B_SPLINE_CURVE_WITH_KNOTS ( 'NONE', 3,
 ( #7051, #2703, #3767, #2591, #387, #4948, #1415, #3666, #3181, #2626 ),
 .UNSPECIFIED., .F., .F.,
 ( 4, 1, 1, 1, 1, 1, 1, 4 ),
 ( 0.2996179284238538187, 0.3330488309538588432, 0.3885569694461686874, 0.4440651079384784761, 0.4995732464307884313, 0.5550813849230982200, 0.6105895234154078421, 0.6375704436346641968 ),
 .UNSPECIFIED. ) ;
#6687 = ORIENTED_EDGE ( 'NONE', *, *, #2269, .T. ) ;
#6688 = CARTESIAN_POINT ( 'NONE',  ( 11.72076666769235054, 13.21518947610203121, 3.174999999999999822 ) ) ;
#6689 = LINE ( 'NONE', #5581, #6046 ) ;
#6690 = LINE ( 'NONE', #544, #4618 ) ;
#6691 = CARTESIAN_POINT ( 'NONE',  ( -30.17479237114828905, 32.77157383640864197, 11.80599999999999206 ) ) ;
#6692 = CARTESIAN_POINT ( 'NONE',  ( -3.930252202945375473, -14.63193367759294716, -12.77409999999999890 ) ) ;
#6693 = EDGE_LOOP ( 'NONE', ( #6286, #4900 ) ) ;
#6694 = DIRECTION ( 'NONE',  ( -0.000000000000000000, -0.000000000000000000, -1.000000000000000000 ) ) ;
#6695 = VERTEX_POINT ( 'NONE', #838 ) ;
#6696 = DIRECTION ( 'NONE',  ( -0.000000000000000000, -0.000000000000000000, 1.000000000000000000 ) ) ;
#6697 = ORIENTED_EDGE ( 'NONE', *, *, #5710, .T. ) ;
#6698 = CARTESIAN_POINT ( 'NONE',  ( -12.05430474868962953, -12.74539890315747037, 0.000000000000000000 ) ) ;
#6699 = DIRECTION ( 'NONE',  ( 1.000000000000000000, -7.785520915623709543E-11, 0.000000000000000000 ) ) ;
#6700 = ORIENTED_EDGE ( 'NONE', *, *, #6990, .F. ) ;
#6701 = EDGE_CURVE ( 'NONE', #3863, #1618, #4747, .T. ) ;
#6702 = CARTESIAN_POINT ( 'NONE',  ( 4.463266732818231830, 5.685050677743993752, -5.787906000000001328 ) ) ;
#6703 = CARTESIAN_POINT ( 'NONE',  ( 4.946740465311407320, -11.28620582507872960, 12.55600000000000094 ) ) ;
#6704 = CARTESIAN_POINT ( 'NONE',  ( -9.686739635327779041, -9.024083855329822157, 14.19556458705075919 ) ) ;
#6705 = CARTESIAN_POINT ( 'NONE',  ( -27.11334437784210394, 35.98304491953225437, 11.80599999999999206 ) ) ;
#6706 = CARTESIAN_POINT ( 'NONE',  ( 19.34890321087421583, -3.039975800327521238, -7.318099999999999383 ) ) ;
#6707 = CARTESIAN_POINT ( 'NONE',  ( -11.64622662361981398, -6.806037263154768979, -0.02455456520616953672 ) ) ;
#6708 = ORIENTED_EDGE ( 'NONE', *, *, #6129, .T. ) ;
#6709 = CARTESIAN_POINT ( 'NONE',  ( -15.09629382232643202, -2.105265891275785339, -5.730599999999992811 ) ) ;
#6710 = EDGE_CURVE ( 'NONE', #3556, #1529, #1502, .T. ) ;
#6711 = EDGE_CURVE ( 'NONE', #6317, #6164, #505, .T. ) ;
#6712 = CARTESIAN_POINT ( 'NONE',  ( -12.64482102744277903, -13.04156459607613705, -8.905600000000001515 ) ) ;
#6713 = CARTESIAN_POINT ( 'NONE',  ( 19.73284292453422850, -12.40441390036500025, 8.631000000000000227 ) ) ;
#6714 = CARTESIAN_POINT ( 'NONE',  ( -0.7382928528652035194, 7.764312843947698717, 0.000000000000000000 ) ) ;
#6715 = DIRECTION ( 'NONE',  ( 0.000000000000000000, 0.000000000000000000, 1.000000000000000000 ) ) ;
#6716 = CARTESIAN_POINT ( 'NONE',  ( -13.06675856443932204, 7.802749780849850048, -8.905600000000001515 ) ) ;
#6717 = EDGE_LOOP ( 'NONE', ( #3493, #547, #5693 ) ) ;
#6718 = CARTESIAN_POINT ( 'NONE',  ( -13.18165214297908427, -14.16836483496589416, -8.905600000000001515 ) ) ;
#6719 = ADVANCED_FACE ( 'NONE', ( #2194 ), #6764, .T. ) ;
#6720 = CARTESIAN_POINT ( 'NONE',  ( 1.226780418669875417, 32.16946954534166281, 11.80599999999999383 ) ) ;
#6721 = CARTESIAN_POINT ( 'NONE',  ( -11.11513831576380973, -2.846000725366038431, 3.174999999999999822 ) ) ;
#6722 = CARTESIAN_POINT ( 'NONE',  ( 23.45242983988415375, 16.68862540272189676, 14.98099999999999632 ) ) ;
#6723 = ORIENTED_EDGE ( 'NONE', *, *, #3976, .T. ) ;
#6724 = CARTESIAN_POINT ( 'NONE',  ( 9.899138017359497610, 13.72010431580901368, 3.174999999999999822 ) ) ;
#6725 = FACE_OUTER_BOUND ( 'NONE', #6378, .T. ) ;
#6726 = CARTESIAN_POINT ( 'NONE',  ( -8.297322412244787060, -9.417808785434420571, 13.39349904687932202 ) ) ;
#6727 = CARTESIAN_POINT ( 'NONE',  ( -44.69879262735814507, 25.43413383263218464, 14.98099999999999454 ) ) ;
#6728 = CARTESIAN_POINT ( 'NONE',  ( -17.80778387332761170, -6.266522890202998575, 14.98100000000000698 ) ) ;
#6729 = EDGE_LOOP ( 'NONE', ( #2067, #444, #2160, #1773 ) ) ;
#6730 = CARTESIAN_POINT ( 'NONE',  ( -12.39107121718982718, -11.21981042499094805, -3.001540247560259278 ) ) ;
#6731 = ORIENTED_EDGE ( 'NONE', *, *, #44, .F. ) ;
#6732 = CARTESIAN_POINT ( 'NONE',  ( -11.51961056268199002, -3.391863894924190603, 8.631000000000000227 ) ) ;
#6733 = CYLINDRICAL_SURFACE ( 'NONE', #177, 16.92847517084367581 ) ;
#6734 = CARTESIAN_POINT ( 'NONE',  ( -12.41715518630598503, -9.300817427404961535, -5.730599999999991923 ) ) ;
#6735 = ORIENTED_EDGE ( 'NONE', *, *, #3287, .T. ) ;
#6736 = VECTOR ( 'NONE', #6503, 1000.000000000000000 ) ;
#6737 = CARTESIAN_POINT ( 'NONE',  ( 6.029826166806670606, 5.137326563433360249, -5.730600000000002581 ) ) ;
#6738 = EDGE_LOOP ( 'NONE', ( #6346, #6858, #5825, #277, #1791 ) ) ;
#6739 = B_SPLINE_SURFACE_WITH_KNOTS ( 'NONE', 1, 3, ( 
 ( #745, #4065, #3510, #6423, #821, #6307, #7045, #6108, #2006, #7250, #1409, #3279, #317, #2203, #7010, #6461, #4805, #1970, #4450, #1064, #1653, #6698 ),
 ( #2550, #4967, #4416, #5520, #1100, #4251, #5308, #514, #3659, #349, #7214, #5902, #5348, #3901, #4217, #2166, #6142, #4765, #3143, #6494, #276, #1030 ) ),
 .UNSPECIFIED., .F., .F., .F.,
 ( 2, 2 ),
 ( 4, 2, 2, 2, 2, 2, 2, 2, 2, 2, 4 ),
 ( 0.000000000000000000, 1.000000000000000000 ),
 ( 0.8588486556437868735, 0.8716853858841903113, 0.8899009454731731106, 0.9044730433523903157, 0.9226813626088121723, 0.9408997517909335473, 0.9591210407714405584, 0.9773353880055931642, 0.9918904835717163859, 1.000000000000000000, 1.003592095398861739 ),
 .UNSPECIFIED. ) ;
#6740 = EDGE_CURVE ( 'NONE', #6144, #4244, #499, .T. ) ;
#6741 = CARTESIAN_POINT ( 'NONE',  ( 22.08385952095340699, 18.69922293381420886, 11.80599999999899730 ) ) ;
#6742 = CARTESIAN_POINT ( 'NONE',  ( 28.77451289708931981, -5.204147292517035339, 11.80600000000000094 ) ) ;
#6743 = CIRCLE ( 'NONE', #5564, 1.499999999999999556 ) ;
#6744 = PLANE ( 'NONE',  #1328 ) ;
#6745 = VERTEX_POINT ( 'NONE', #6100 ) ;
#6746 = CARTESIAN_POINT ( 'NONE',  ( -5.701314311419352521, 9.273084182314988766, -5.730600000000000804 ) ) ;
#6747 = CIRCLE ( 'NONE', #2051, 6.000000000000000888 ) ;
#6748 = DIRECTION ( 'NONE',  ( 0.7071067811865487940, 0.000000000000000000, 0.7071067811865463515 ) ) ;
#6749 = CARTESIAN_POINT ( 'NONE',  ( -41.34135381484318827, 28.62881875561654965, 11.80599999999999383 ) ) ;
#6750 = FACE_OUTER_BOUND ( 'NONE', #6729, .T. ) ;
#6751 = CARTESIAN_POINT ( 'NONE',  ( -1.336563837028515112, 7.004650961141550169, 0.000000000000000000 ) ) ;
#6752 = VECTOR ( 'NONE', #5202, 1000.000000000000000 ) ;
#6753 = DIRECTION ( 'NONE',  ( 0.9372357249148136615, -0.3486964237605598149, 0.000000000000000000 ) ) ;
#6754 = CARTESIAN_POINT ( 'NONE',  ( 0.5357743835374749741, 11.87317651836101362, 3.174999999999999822 ) ) ;
#6755 = ORIENTED_EDGE ( 'NONE', *, *, #4817, .T. ) ;
#6756 = CARTESIAN_POINT ( 'NONE',  ( -1.852669853647206155, -12.20424927020291683, 1.550900000000002610 ) ) ;
#6757 = CARTESIAN_POINT ( 'NONE',  ( -48.07305788143924019, 25.91494184313012994, 11.80599999999999383 ) ) ;
#6758 = VECTOR ( 'NONE', #3979, 1000.000000000000000 ) ;
#6759 = FACE_OUTER_BOUND ( 'NONE', #7162, .T. ) ;
#6760 = CARTESIAN_POINT ( 'NONE',  ( 28.39358412624508432, -7.233045574204665762, 14.98100000000000165 ) ) ;
#6761 = CARTESIAN_POINT ( 'NONE',  ( 18.79349584936624495, 6.530421575636944809, 3.174999999999999822 ) ) ;
#6762 = AXIS2_PLACEMENT_3D ( 'NONE', #6459, #3760, #7147 ) ;
#6763 = DIRECTION ( 'NONE',  ( 0.9371590407833582104, -0.3489024681454918064, 0.000000000000000000 ) ) ;
#6764 = PLANE ( 'NONE',  #2970 ) ;
#6765 = EDGE_CURVE ( 'NONE', #7137, #5182, #6690, .T. ) ;
#6766 = CARTESIAN_POINT ( 'NONE',  ( -9.599430291588570086, -7.402616337826811055, 14.98100000000000165 ) ) ;
#6767 = LINE ( 'NONE', #4553, #4070 ) ;
#6768 = VERTEX_POINT ( 'NONE', #1644 ) ;
#6769 = CIRCLE ( 'NONE', #1129, 1.587500000000001021 ) ;
#6770 = CARTESIAN_POINT ( 'NONE',  ( -9.853225687248782450, -3.809484351455107554, 4.818676322192284402E-17 ) ) ;
#6771 = EDGE_LOOP ( 'NONE', ( #6622, #1997 ) ) ;
#6772 = CARTESIAN_POINT ( 'NONE',  ( -8.075426939931087844, -18.89025876392038938, 7.043499999999999872 ) ) ;
#6773 = CARTESIAN_POINT ( 'NONE',  ( -11.07401879615060025, 9.353238989535521242, -8.905599999999999739 ) ) ;
#6774 = CARTESIAN_POINT ( 'NONE',  ( -12.12630121733048227, -12.53223546410877098, 0.000000000000000000 ) ) ;
#6775 = DIRECTION ( 'NONE',  ( 0.2805626151706535065, 0.9598357249907942812, 0.000000000000000000 ) ) ;
#6776 = VECTOR ( 'NONE', #1303, 1000.000000000000227 ) ;
#6777 = CARTESIAN_POINT ( 'NONE',  ( -9.484059324253207635, -9.083107392662135737, 10.21850059711605141 ) ) ;
#6778 = ORIENTED_EDGE ( 'NONE', *, *, #7185, .T. ) ;
#6779 = CARTESIAN_POINT ( 'NONE',  ( 14.25591115432990641, 24.17868099317643171, 8.630999999999994898 ) ) ;
#6780 = LINE ( 'NONE', #5156, #5329 ) ;
#6781 = EDGE_CURVE ( 'NONE', #889, #1614, #6064, .T. ) ;
#6782 = ORIENTED_EDGE ( 'NONE', *, *, #4128, .F. ) ;
#6783 = CARTESIAN_POINT ( 'NONE',  ( -9.332175998875547052, -7.811082455116514112, 12.77374104871328697 ) ) ;
#6784 = CARTESIAN_POINT ( 'NONE',  ( -40.67401417322093948, 6.922186682037451355, 13.39349904687931669 ) ) ;
#6785 = CARTESIAN_POINT ( 'NONE',  ( 3.034299951601164391, -10.69440557877959286, 8.631000000000000227 ) ) ;
#6786 = CARTESIAN_POINT ( 'NONE',  ( -2.093480134381779934, -10.53735640076356361, 12.55603281448345143 ) ) ;
#6787 = EDGE_CURVE ( 'NONE', #4873, #6791, #945, .T. ) ;
#6788 = CARTESIAN_POINT ( 'NONE',  ( -13.66721184906931796, -7.694262184550286321, 8.631000000000002004 ) ) ;
#6789 = CARTESIAN_POINT ( 'NONE',  ( 16.27075405297757626, 1.162380720028621806, -8.248035969732711692 ) ) ;
#6790 = CARTESIAN_POINT ( 'NONE',  ( -2.560603478531258581, -9.806577486417962675, -10.44909999999999783 ) ) ;
#6791 = VERTEX_POINT ( 'NONE', #3271 ) ;
#6792 = CARTESIAN_POINT ( 'NONE',  ( -11.19984111205483934, -5.893991113273776783, 2.517435969732711776 ) ) ;
#6793 = CARTESIAN_POINT ( 'NONE',  ( 4.565458968152779740, -12.74065375098223285, 13.39349999983421569 ) ) ;
#6794 = EDGE_CURVE ( 'NONE', #2827, #6768, #5244, .T. ) ;
#6795 = CARTESIAN_POINT ( 'NONE',  ( -5.701314311419352521, 9.273084182314988766, -5.730600000000000804 ) ) ;
#6796 = CARTESIAN_POINT ( 'NONE',  ( -20.13484170071160406, 36.03706295988247632, 11.80599999999999206 ) ) ;
#6797 = CARTESIAN_POINT ( 'NONE',  ( 19.63048830823033697, 4.130990310416822631, 3.174999999999999822 ) ) ;
#6798 = DIRECTION ( 'NONE',  ( 1.000000000000000000, 0.000000000000000000, 0.000000000000000000 ) ) ;
#6799 = CARTESIAN_POINT ( 'NONE',  ( -12.00749707126931298, -7.639939279345855816, -5.730599999999999028 ) ) ;
#6800 = CARTESIAN_POINT ( 'NONE',  ( 4.608195843500102917, 27.43994001211607880, 8.630999999999989569 ) ) ;
#6801 = EDGE_CURVE ( 'NONE', #5291, #4646, #4271, .T. ) ;
#6802 = B_SPLINE_SURFACE_WITH_KNOTS ( 'NONE', 1, 3, ( 
 ( #6909, #5248, #4109, #1898, #6945, #5842, #4188, #795, #3040, #6871, #5285, #1306, #4735, #829, #6981, #3553, #5876, #3076, #286, #2518, #4776, #2372, #4622, #1831, #6314, #5716, #2360, #707 ),
 ( #3989, #4611, #1185, #5196, #4499, #6821, #3434, #6229, #5057, #5128, #671, #3956, #2290, #2324, #5089, #6196, #1708, #1152, #5673, #6856, #4652, #2915, #1223, #4573, #6304, #1744, #564, #2809 ) ),
 .UNSPECIFIED., .F., .F., .F.,
 ( 2, 2 ),
 ( 4, 2, 2, 2, 2, 2, 2, 2, 2, 2, 2, 2, 2, 4 ),
 ( 0.000000000000000000, 1.000000000000000000 ),
 ( 0.000000000000000000, 0.06879089441601586585, 0.1238236099496764914, 0.1926145043665161705, 0.2614053987832659631, 0.3439544720834166180, 0.4127453665001959426, 0.4815362609169593910, 0.5640853342174033669, 0.6328762286338756038, 0.7154253019340063302, 0.7979743752341311724, 0.8667652696509180466, 1.000000000000000000 ),
 .UNSPECIFIED. ) ;
#6803 = CARTESIAN_POINT ( 'NONE',  ( -17.80778387332761170, -6.266522890202998575, 13.39349904687932025 ) ) ;
#6804 = EDGE_LOOP ( 'NONE', ( #7102, #5032 ) ) ;
#6805 = CARTESIAN_POINT ( 'NONE',  ( -12.37880070760840212, -11.31471637389888762, -3.522322910269047647 ) ) ;
#6806 = ORIENTED_EDGE ( 'NONE', *, *, #1650, .T. ) ;
#6807 = CYLINDRICAL_SURFACE ( 'NONE', #3449, 1.499999999999999334 ) ;
#6808 = CARTESIAN_POINT ( 'NONE',  ( -7.371063224702565364, 10.73603209539351866, -8.905599999999999739 ) ) ;
#6809 = CARTESIAN_POINT ( 'NONE',  ( 10.92614210560904908, 12.78862863666391192, 1.587499999999999911 ) ) ;
#6810 = CARTESIAN_POINT ( 'NONE',  ( -1.104169955732272834, -20.22522019803428250, -8.589341012693633814 ) ) ;
#6811 = ADVANCED_FACE ( 'NONE', ( #4407 ), #2121, .F. ) ;
#6812 = CARTESIAN_POINT ( 'NONE',  ( 2.614363602307288925, 11.57959063067964500, 0.000000000000000000 ) ) ;
#6813 = VERTEX_POINT ( 'NONE', #2820 ) ;
#6814 = DIRECTION ( 'NONE',  ( -0.3489024681454919175, -0.9371590407833583214, 0.000000000000000000 ) ) ;
#6815 = CARTESIAN_POINT ( 'NONE',  ( -9.669967158881936697, 35.40818001634448819, 11.80599999999999206 ) ) ;
#6816 = CARTESIAN_POINT ( 'NONE',  ( -7.548217524241007226, -17.47114807283128357, 2.140571946914124002 ) ) ;
#6817 = ORIENTED_EDGE ( 'NONE', *, *, #6672, .T. ) ;
#6818 = CARTESIAN_POINT ( 'NONE',  ( -9.297271766812119864, -7.691671218279197753, 11.00668281602663257 ) ) ;
#6819 = FACE_OUTER_BOUND ( 'NONE', #93, .T. ) ;
#6820 = CARTESIAN_POINT ( 'NONE',  ( -21.90804218314094598, 32.82804663215440399, 8.630999999999989569 ) ) ;
#6821 = CARTESIAN_POINT ( 'NONE',  ( 3.766291807603387998, 12.28644048611909412, -5.730599999999999028 ) ) ;
#6822 = CARTESIAN_POINT ( 'NONE',  ( -3.174999999999999822, 3.888253587292846081E-16, 3.005999999999991346 ) ) ;
#6823 = B_SPLINE_CURVE_WITH_KNOTS ( 'NONE', 3,
 ( #3218, #422, #4497, #3913, #5603 ),
 .UNSPECIFIED., .F., .F.,
 ( 4, 1, 4 ),
 ( 0.5339876572062355331, 0.5502906249999998112, 0.5733475546972386372 ),
 .UNSPECIFIED. ) ;
#6824 = CYLINDRICAL_SURFACE ( 'NONE', #6393, 8.827043914571911287 ) ;
#6825 = CARTESIAN_POINT ( 'NONE',  ( 12.25766336145894186, 4.423189959087666878, -8.905599999999999739 ) ) ;
#6826 = ORIENTED_EDGE ( 'NONE', *, *, #6356, .T. ) ;
#6827 = CARTESIAN_POINT ( 'NONE',  ( -9.839635637251559430, -3.791119324859782314, 1.587499999999999911 ) ) ;
#6828 = DIRECTION ( 'NONE',  ( -5.492972175442562479E-17, -1.475423364686777903E-16, -1.000000000000000000 ) ) ;
#6829 = LINE ( 'NONE', #3997, #2071 ) ;
#6830 = CARTESIAN_POINT ( 'NONE',  ( 24.41231104288262443, 3.775411083462778983, 14.98100000000006915 ) ) ;
#6831 = CARTESIAN_POINT ( 'NONE',  ( 5.192718319376932179, 13.54515407673371641, 3.174999999999999822 ) ) ;
#6832 = CARTESIAN_POINT ( 'NONE',  ( 0.008560376531445181014, -19.80179160268022542, -7.234449091691231182 ) ) ;
#6833 = CARTESIAN_POINT ( 'NONE',  ( -9.392557478943125204, -16.42452542160103235, 1.587499999999999911 ) ) ;
#6834 = CARTESIAN_POINT ( 'NONE',  ( 0.2044901992181951955, 29.16016385193017157, 8.630999999999989569 ) ) ;
#6835 = CARTESIAN_POINT ( 'NONE',  ( -4.673023078167660493, 9.158108384588148354, 0.000000000000000000 ) ) ;
#6836 = VERTEX_POINT ( 'NONE', #1611 ) ;
#6837 = CARTESIAN_POINT ( 'NONE',  ( -13.46335915026455332, -13.50398159642895912, -15.44909999999999961 ) ) ;
#6838 = CARTESIAN_POINT ( 'NONE',  ( 5.597506475722428654, -22.28729602020203870, -6.524349999999999206 ) ) ;
#6839 = VERTEX_POINT ( 'NONE', #5068 ) ;
#6840 = SURFACE_SIDE_STYLE ('',( #1651 ) ) ;
#6841 = DIRECTION ( 'NONE',  ( -0.3489024681454918064, -0.9371590407833580993, -0.000000000000000000 ) ) ;
#6842 = CARTESIAN_POINT ( 'NONE',  ( -4.284484338431732375, 3.261492931199596157, 0.000000000000000000 ) ) ;
#6843 = EDGE_CURVE ( 'NONE', #1461, #534, #3914, .T. ) ;
#6844 = CARTESIAN_POINT ( 'NONE',  ( -0.8871288235855981918, -19.64224335555378076, -7.318099999999999383 ) ) ;
#6845 = CARTESIAN_POINT ( 'NONE',  ( 2.337019820545957138, 6.545732294223808978, -5.787905999999999551 ) ) ;
#6846 = ORIENTED_EDGE ( 'NONE', *, *, #970, .F. ) ;
#6847 = ADVANCED_FACE ( 'NONE', ( #3304 ), #4626, .F. ) ;
#6848 = DIRECTION ( 'NONE',  ( 0.000000000000000000, 0.000000000000000000, 1.000000000000000000 ) ) ;
#6849 = CARTESIAN_POINT ( 'NONE',  ( -48.07305788143924019, 25.91494184313012994, 11.80599999999999383 ) ) ;
#6850 = CARTESIAN_POINT ( 'NONE',  ( -7.522530305876998113, -17.40215168810991031, 1.866520202928026784 ) ) ;
#6851 = VECTOR ( 'NONE', #2238, 1000.000000000000000 ) ;
#6852 = EDGE_LOOP ( 'NONE', ( #2463, #474, #3611, #5043, #4366, #145, #6103, #1005 ) ) ;
#6853 = CARTESIAN_POINT ( 'NONE',  ( -9.489140950273817765, -8.348076907609355501, 10.37890763463511945 ) ) ;
#6854 = CARTESIAN_POINT ( 'NONE',  ( -4.439039386445601032, 32.30869805997172506, 14.98099999999999632 ) ) ;
#6855 = CARTESIAN_POINT ( 'NONE',  ( 17.23119601743744411, -16.31721190939495614, 8.631000000000000227 ) ) ;
#6856 = CARTESIAN_POINT ( 'NONE',  ( 15.85082825701439724, 9.731027992418974648, -5.730599999999999028 ) ) ;
#6857 = DIRECTION ( 'NONE',  ( 1.000000000000000000, 0.000000000000000000, -0.000000000000000000 ) ) ;
#6858 = ORIENTED_EDGE ( 'NONE', *, *, #824, .F. ) ;
#6859 = EDGE_CURVE ( 'NONE', #4671, #2778, #4741, .T. ) ;
#6860 = FACE_OUTER_BOUND ( 'NONE', #882, .T. ) ;
#6861 = B_SPLINE_SURFACE_WITH_KNOTS ( 'NONE', 3, 1, ( 
 ( #374, #6185 ),
 ( #6774, #4379 ),
 ( #4417, #5662 ),
 ( #1695, #1173 ),
 ( #1101, #6734 ),
 ( #3942, #5009 ),
 ( #619, #1141 ),
 ( #1731, #2867 ),
 ( #553, #3978 ),
 ( #5553, #14 ),
 ( #6665, #585 ) ),
 .UNSPECIFIED., .F., .F., .F.,
 ( 4, 1, 1, 1, 1, 1, 1, 1, 4 ),
 ( 2, 2 ),
 ( 0.000000000000000000, 0.1250000000000000000, 0.2500000000000000000, 0.3750000000000000000, 0.5000000000000000000, 0.6250000000000000000, 0.7500000000000000000, 0.8750000000000000000, 1.000000000000000000 ),
 ( 0.000000000000000000, 1.000000000000000000 ),
 .UNSPECIFIED. ) ;
#6862 = AXIS2_PLACEMENT_3D ( 'NONE', #6082, #3320, #5527 ) ;
#6863 = VERTEX_POINT ( 'NONE', #180 ) ;
#6864 = PLANE ( 'NONE',  #1925 ) ;
#6865 = CARTESIAN_POINT ( 'NONE',  ( -10.52473805582482669, -10.44028279238031587, 11.80600000000000271 ) ) ;
#6866 = EDGE_CURVE ( 'NONE', #5038, #3974, #3489, .T. ) ;
#6867 = CARTESIAN_POINT ( 'NONE',  ( -30.03296512924009320, -3.582020856791692498E-06, 10.21850029856952702 ) ) ;
#6868 = CARTESIAN_POINT ( 'NONE',  ( -42.00193863272112083, 7.125692526716533415, 14.98099999999999987 ) ) ;
#6869 = AXIS2_PLACEMENT_3D ( 'NONE', #5220, #5368, #4234 ) ;
#6870 = CARTESIAN_POINT ( 'NONE',  ( 17.21994782483924880, 8.021164140500950168, 1.587499999999999911 ) ) ;
#6871 = CARTESIAN_POINT ( 'NONE',  ( 7.202779167234852231, 13.23207438966029592, 1.587499999999999911 ) ) ;
#6872 = CARTESIAN_POINT ( 'NONE',  ( -7.423976947039199636, -17.43869423891718995, -5.730599999999999028 ) ) ;
#6873 = CARTESIAN_POINT ( 'NONE',  ( -7.106860689915234452, -8.061057165503743960, 11.80600000000000094 ) ) ;
#6874 = ORIENTED_EDGE ( 'NONE', *, *, #597, .T. ) ;
#6875 = AXIS2_PLACEMENT_3D ( 'NONE', #3817, #470, #4406 ) ;
#6876 = CARTESIAN_POINT ( 'NONE',  ( -14.98520256183472199, -3.731293133095731740, -7.318099999999999383 ) ) ;
#6877 = ORIENTED_EDGE ( 'NONE', *, *, #2863, .F. ) ;
#6878 = CARTESIAN_POINT ( 'NONE',  ( -10.47945512528096046, -3.331518742560676039, 2.974284951131461074 ) ) ;
#6879 = DIRECTION ( 'NONE',  ( 0.2805626151706527849, 0.9598357249907945032, -2.131263443485120147E-16 ) ) ;
#6880 = ORIENTED_EDGE ( 'NONE', *, *, #876, .T. ) ;
#6881 = AXIS2_PLACEMENT_3D ( 'NONE', #1142, #3214, #5456 ) ;
#6882 = CARTESIAN_POINT ( 'NONE',  ( -0.8871288235855958604, -19.64224335555377721, -7.288051838877895428 ) ) ;
#6883 = CARTESIAN_POINT ( 'NONE',  ( -14.23379430170448146, 6.432134921026317897, -8.905599999999997962 ) ) ;
#6884 = DIRECTION ( 'NONE',  ( 0.3489024681454918064, 0.9371590407833583214, 0.000000000000000000 ) ) ;
#6885 = CARTESIAN_POINT ( 'NONE',  ( 9.144517135047323109, -13.92961173981961309, 10.21850000016612192 ) ) ;
#6886 = CARTESIAN_POINT ( 'NONE',  ( 0.000000000000000000, 0.000000000000000000, 0.2560000000000005604 ) ) ;
#6887 = EDGE_CURVE ( 'NONE', #4039, #3769, #4201, .T. ) ;
#6888 = VECTOR ( 'NONE', #4520, 1000.000000000000227 ) ;
#6889 = ORIENTED_EDGE ( 'NONE', *, *, #5370, .T. ) ;
#6890 = LINE ( 'NONE', #700, #302 ) ;
#6891 = CARTESIAN_POINT ( 'NONE',  ( -16.41965974405983175, 36.03076986445130103, 14.98099999999999454 ) ) ;
#6892 = CARTESIAN_POINT ( 'NONE',  ( -7.715378694897939482, -17.92014633639114507, 2.823161707505311480 ) ) ;
#6893 = VECTOR ( 'NONE', #6480, 1000.000000000000000 ) ;
#6894 = VERTEX_POINT ( 'NONE', #2336 ) ;
#6895 = CARTESIAN_POINT ( 'NONE',  ( -9.415094719021350755, -8.094756564078080530, 10.54280364726265518 ) ) ;
#6896 = DIRECTION ( 'NONE',  ( -0.000000000000000000, -0.000000000000000000, -1.000000000000000000 ) ) ;
#6897 = CARTESIAN_POINT ( 'NONE',  ( 2.229183074677309584, -13.76562875766001959, 8.631000000000000227 ) ) ;
#6898 = CARTESIAN_POINT ( 'NONE',  ( -5.140174604103816769, -10.17574938492209569, 11.05600000209201994 ) ) ;
#6899 = LINE ( 'NONE', #4062, #3949 ) ;
#6900 = ORIENTED_EDGE ( 'NONE', *, *, #6938, .F. ) ;
#6901 = CARTESIAN_POINT ( 'NONE',  ( -1.852669853647205711, -12.20424927020291683, 5.550900000000003054 ) ) ;
#6902 = ADVANCED_FACE ( 'NONE', ( #1198 ), #3446, .F. ) ;
#6903 = ORIENTED_EDGE ( 'NONE', *, *, #780, .F. ) ;
#6904 = CARTESIAN_POINT ( 'NONE',  ( -0.4570599810652384853, -8.455613107069483547, -6.449099999999997834 ) ) ;
#6905 = DIRECTION ( 'NONE',  ( 0.6427876096865350330, -0.7660444431189817882, 1.700960357273699786E-16 ) ) ;
#6906 = CARTESIAN_POINT ( 'NONE',  ( 17.48102766872684199, 7.585053215596981424, 0.000000000000000000 ) ) ;
#6907 = CARTESIAN_POINT ( 'NONE',  ( -36.36428634907640145, 2.224798047900578890, 14.98099999999999987 ) ) ;
#6908 = CARTESIAN_POINT ( 'NONE',  ( -16.04143873714868818, 2.813959658475118975, -15.44909999999999961 ) ) ;
#6909 = CARTESIAN_POINT ( 'NONE',  ( 0.9656174468386756748, 9.928214956165350102, 1.587499999999999911 ) ) ;
#6910 = CARTESIAN_POINT ( 'NONE',  ( -12.47876764460021981, -10.30295747460158040, 1.587499999999999911 ) ) ;
#6911 = CARTESIAN_POINT ( 'NONE',  ( 6.426220926797029165, 26.62486273173800200, 8.630999999999941608 ) ) ;
#6912 = ORIENTED_EDGE ( 'NONE', *, *, #6172, .T. ) ;
#6913 = CARTESIAN_POINT ( 'NONE',  ( -3.405855749582381797, 8.799896514024602823, 0.000000000000000000 ) ) ;
#6914 = ORIENTED_EDGE ( 'NONE', *, *, #4919, .T. ) ;
#6915 = CARTESIAN_POINT ( 'NONE',  ( -11.80572679239482881, -16.32977679705753005, -8.905599999999997962 ) ) ;
#6916 = CARTESIAN_POINT ( 'NONE',  ( 9.538187996804463609, -14.02390434678332554, 12.55600000000000271 ) ) ;
#6917 = ORIENTED_EDGE ( 'NONE', *, *, #1676, .T. ) ;
#6918 = B_SPLINE_CURVE_WITH_KNOTS ( 'NONE', 3,
 ( #7043, #2004, #4249, #2136, #5050, #3251, #5015 ),
 .UNSPECIFIED., .F., .F.,
 ( 4, 1, 1, 1, 4 ),
 ( 0.000000000000000000, 0.05550813849230980951, 0.1110162769846196190, 0.1665244154769294216, 0.1753610241065589603 ),
 .UNSPECIFIED. ) ;
#6919 = CARTESIAN_POINT ( 'NONE',  ( -9.586657712543104282, -16.24503456457990680, -7.318099999999999383 ) ) ;
#6920 = CARTESIAN_POINT ( 'NONE',  ( 0.3806793846580737162, -16.23688503106220438, -8.905599999999999739 ) ) ;
#6921 = DIRECTION ( 'NONE',  ( 1.000000000000000000, 0.000000000000000000, -0.000000000000000000 ) ) ;
#6922 = ORIENTED_EDGE ( 'NONE', *, *, #3505, .F. ) ;
#6923 = B_SPLINE_SURFACE_WITH_KNOTS ( 'NONE', 3, 1, ( 
 ( #5018, #1629 ),
 ( #7186, #934 ),
 ( #5422, #3876 ),
 ( #6119, #4461 ),
 ( #4356, #1074 ),
 ( #6709, #4911 ),
 ( #1666, #2107 ),
 ( #3177, #6600 ),
 ( #2621, #1553 ),
 ( #4875, #3800 ),
 ( #7117, #4325 ),
 ( #6048, #6012 ),
 ( #594, #3397 ),
 ( #6261, #1260 ),
 ( #1148, #1182 ),
 ( #2394, #4056 ),
 ( #6746, #2912 ),
 ( #5159, #2286 ),
 ( #3430, #628 ),
 ( #4647, #3503 ),
 ( #5747, #5669 ),
 ( #704, #1703 ),
 ( #6226, #4608 ),
 ( #163, #3952 ),
 ( #2878, #5123 ),
 ( #94, #667 ) ),
 .UNSPECIFIED., .F., .F., .F.,
 ( 4, 1, 1, 1, 1, 1, 1, 1, 1, 1, 1, 1, 1, 1, 1, 1, 1, 1, 2, 1, 1, 1, 4 ),
 ( 2, 2 ),
 ( 0.000000000000000000, 0.05550813849230980951, 0.1110162769846196190, 0.1665244154769294216, 0.2220325539692392380, 0.2775406924615491100, 0.3330488309538588432, 0.3885569694461686874, 0.4440651079384784761, 0.4995732464307884313, 0.5550813849230982200, 0.6105895234154078421, 0.6660976619077176863, 0.7216058004000278636, 0.7771139388923373748, 0.8048680081384921303, 0.8326220773846471079, 0.8603761466308023076, 0.8881302158769570632, 0.9160976619077177974, 0.9440651079384785316, 0.9720325539692392658, 1.000000000000000000 ),
 ( 0.000000000000000000, 1.000000000000000000 ),
 .UNSPECIFIED. ) ;
#6924 = DIRECTION ( 'NONE',  ( 0.000000000000000000, 0.000000000000000000, 1.000000000000000000 ) ) ;
#6925 = CARTESIAN_POINT ( 'NONE',  ( -38.87205052441449737, 33.52680027512989369, 14.98100000000010823 ) ) ;
#6926 = CARTESIAN_POINT ( 'NONE',  ( 19.38922606354148570, 7.606379422729183659, 8.631000000000000227 ) ) ;
#6927 = ADVANCED_FACE ( 'NONE', ( #7125 ), #3042, .T. ) ;
#6928 = EDGE_LOOP ( 'NONE', ( #5781, #3331 ) ) ;
#6929 = CARTESIAN_POINT ( 'NONE',  ( 19.34913917186176846, 0.06723716235735102686, 0.000000000000000000 ) ) ;
#6930 = CARTESIAN_POINT ( 'NONE',  ( -12.64633658977693997, 34.64295991251769635, 13.39349904687931136 ) ) ;
#6931 = CARTESIAN_POINT ( 'NONE',  ( 25.48455371229664124, 12.54643094582652729, 8.630999999999994898 ) ) ;
#6932 = CARTESIAN_POINT ( 'NONE',  ( -5.418058252156182419, -9.328021996280892125, 12.24536584716177146 ) ) ;
#6933 = PLANE ( 'NONE',  #2527 ) ;
#6934 = CARTESIAN_POINT ( 'NONE',  ( 0.000000000000000000, 0.000000000000000000, -8.949100000000001387 ) ) ;
#6935 = LINE ( 'NONE', #2955, #6628 ) ;
#6936 = VERTEX_POINT ( 'NONE', #3738 ) ;
#6937 = DIRECTION ( 'NONE',  ( 1.000000000000000000, 0.000000000000000000, 0.000000000000000000 ) ) ;
#6938 = EDGE_CURVE ( 'NONE', #732, #83, #6435, .T. ) ;
#6939 = DIRECTION ( 'NONE',  ( -0.000000000000000000, 0.000000000000000000, -1.000000000000000000 ) ) ;
#6940 = EDGE_CURVE ( 'NONE', #1804, #5375, #865, .T. ) ;
#6941 = CARTESIAN_POINT ( 'NONE',  ( -12.43401154606373105, -10.75674105478519671, -0.8031758334816772038 ) ) ;
#6942 = CARTESIAN_POINT ( 'NONE',  ( -30.54033267322048317, 35.95643332430390871, 14.98099999999999454 ) ) ;
#6943 = CARTESIAN_POINT ( 'NONE',  ( 4.565458976127893642, -12.74065372056012357, 10.21850000016612192 ) ) ;
#6944 = CARTESIAN_POINT ( 'NONE',  ( -16.32919012753621857, -5.501575511905496541, -8.905600000000001515 ) ) ;
#6945 = CARTESIAN_POINT ( 'NONE',  ( 2.870011529898834457, 11.75559239679175327, 1.587499999999999911 ) ) ;
#6946 = CARTESIAN_POINT ( 'NONE',  ( -7.761895739788560178, -17.31339749815904128, -5.730599999999999028 ) ) ;
#6947 = CARTESIAN_POINT ( 'NONE',  ( -45.42288820622445655, 18.78351911223738213, 8.630999999999936279 ) ) ;
#6948 = ORIENTED_EDGE ( 'NONE', *, *, #3324, .T. ) ;
#6949 = CARTESIAN_POINT ( 'NONE',  ( -11.94963630523137255, 6.672263382977527968, 0.000000000000000000 ) ) ;
#6950 = EDGE_LOOP ( 'NONE', ( #5622, #375, #1168, #1363 ) ) ;
#6951 = CARTESIAN_POINT ( 'NONE',  ( 14.25591103139629823, 24.17868081722507156, 13.39349952343962435 ) ) ;
#6952 = CARTESIAN_POINT ( 'NONE',  ( 7.753399121881875189, -13.58281357813462087, 13.39349999983421569 ) ) ;
#6953 = ORIENTED_EDGE ( 'NONE', *, *, #4888, .F. ) ;
#6954 = CARTESIAN_POINT ( 'NONE',  ( 4.566370287237146108, -12.73717740565215628, 12.55600000000000094 ) ) ;
#6955 = CARTESIAN_POINT ( 'NONE',  ( -11.89037289558351418, -13.15962468831480869, -7.318099999999999383 ) ) ;
#6956 = CARTESIAN_POINT ( 'NONE',  ( 18.38123042735837132, 5.752224782637089362, 1.587499999999999911 ) ) ;
#6957 = CARTESIAN_POINT ( 'NONE',  ( -0.9444576056292047772, -19.79622961616936649, -8.024977326259016053 ) ) ;
#6958 = ADVANCED_FACE ( 'NONE', ( #3633 ), #867, .T. ) ;
#6959 = VERTEX_POINT ( 'NONE', #4777 ) ;
#6960 = CARTESIAN_POINT ( 'NONE',  ( -10.21980181007950250, -4.305516936601396338, 1.587499999999999911 ) ) ;
#6961 = CARTESIAN_POINT ( 'NONE',  ( 19.74102292354263710, -15.78402317582674108, 14.98100000000000520 ) ) ;
#6962 = CARTESIAN_POINT ( 'NONE',  ( -18.90063818814573438, 33.38778806911870589, 13.39350000167914878 ) ) ;
#6963 = CARTESIAN_POINT ( 'NONE',  ( -12.44343020196051874, -10.60288245622513159, 0.005063612156577789250 ) ) ;
#6964 = EDGE_LOOP ( 'NONE', ( #1567, #6708, #3059, #5978 ) ) ;
#6965 = CARTESIAN_POINT ( 'NONE',  ( 19.34890085126433945, -0.9952133531469556926, -5.787905999999998663 ) ) ;
#6966 = EDGE_CURVE ( 'NONE', #7067, #1018, #3600, .T. ) ;
#6967 = CARTESIAN_POINT ( 'NONE',  ( -14.92656653629914487, -4.225130301441975433, -7.318099999999999383 ) ) ;
#6968 = CARTESIAN_POINT ( 'NONE',  ( -1.501048752687702992, 33.03278635709281730, 8.630999999999989569 ) ) ;
#6969 = FACE_BOUND ( 'NONE', #6506, .T. ) ;
#6970 = CARTESIAN_POINT ( 'NONE',  ( -9.853225687246998987, -3.809484351456501994, 1.587499999999999911 ) ) ;
#6971 = DIRECTION ( 'NONE',  ( -1.000000000000000000, 0.000000000000000000, 0.000000000000000000 ) ) ;
#6972 = VERTEX_POINT ( 'NONE', #6538 ) ;
#6973 = LINE ( 'NONE', #7047, #7213 ) ;
#6974 = CARTESIAN_POINT ( 'NONE',  ( 4.759815703703596412, -12.78599078537129863, 8.631000000000002004 ) ) ;
#6975 = CIRCLE ( 'NONE', #3210, 0.4848803914277930449 ) ;
#6976 = CARTESIAN_POINT ( 'NONE',  ( -11.73804094493852546, -13.50742943260773110, -7.318099999999999383 ) ) ;
#6977 = CARTESIAN_POINT ( 'NONE',  ( 3.034299951601163503, -10.69440557877959286, 14.98100000000000520 ) ) ;
#6978 = VECTOR ( 'NONE', #617, 1000.000000000000000 ) ;
#6979 = CARTESIAN_POINT ( 'NONE',  ( -16.59678491889878060, -0.1168331933133186645, -15.44909999999999961 ) ) ;
#6980 = CARTESIAN_POINT ( 'NONE',  ( -3.226146504528707215, 9.434512626408073643, -8.905600000000001515 ) ) ;
#6981 = CARTESIAN_POINT ( 'NONE',  ( 11.49377828653153522, 12.59704495981061534, 1.587499999999999911 ) ) ;
#6982 = DIRECTION ( 'NONE',  ( -0.3489024681454918064, -0.9371590407833580993, -0.000000000000000000 ) ) ;
#6983 = CARTESIAN_POINT ( 'NONE',  ( -9.669967158883164160, 35.40818001634448819, 8.630999999999938055 ) ) ;
#6984 = VECTOR ( 'NONE', #4268, 1000.000000000000114 ) ;
#6985 = CARTESIAN_POINT ( 'NONE',  ( -8.076413439607996736, -18.88989291583022734, 7.043499999999999872 ) ) ;
#6986 = CARTESIAN_POINT ( 'NONE',  ( -13.40914248972956635, -13.64434887661692564, -15.44909999999999961 ) ) ;
#6987 = CARTESIAN_POINT ( 'NONE',  ( -15.55426807168943704, -8.370299957909173472, -8.905600000000001515 ) ) ;
#6988 = VERTEX_POINT ( 'NONE', #4332 ) ;
#6989 = DIRECTION ( 'NONE',  ( -1.000000000000000000, 0.000000000000000000, 0.000000000000000000 ) ) ;
#6990 = EDGE_CURVE ( 'NONE', #787, #3833, #5987, .T. ) ;
#6991 = CARTESIAN_POINT ( 'NONE',  ( -8.075756382246241927, -18.89114725270801642, -15.44909999999999961 ) ) ;
#6992 = CARTESIAN_POINT ( 'NONE',  ( 16.83902564033837379, 2.648461269341396918, -8.905599999932215738 ) ) ;
#6993 = CARTESIAN_POINT ( 'NONE',  ( 4.124617960589934462, -10.98088009208205129, 14.98100000000006560 ) ) ;
#6994 = EDGE_LOOP ( 'NONE', ( #4467, #1535, #6817, #5444 ) ) ;
#6995 = CIRCLE ( 'NONE', #1469, 2.500000000000000000 ) ;
#6996 = CARTESIAN_POINT ( 'NONE',  ( 0.6788157333619434519, -19.88041689255942757, 1.380160295603991782 ) ) ;
#6997 = CARTESIAN_POINT ( 'NONE',  ( -10.52473805582482669, -10.44028279238031587, 11.80600000000000271 ) ) ;
#6998 = CARTESIAN_POINT ( 'NONE',  ( 20.93663917186203349, 1.726690403594030476, 8.631000000000000227 ) ) ;
#6999 = CARTESIAN_POINT ( 'NONE',  ( -12.41386260431242761, -11.02401725359725049, -0.01763397119593417689 ) ) ;
#7000 = AXIS2_PLACEMENT_3D ( 'NONE', #3453, #5146, #5216 ) ;
#7001 = ORIENTED_EDGE ( 'NONE', *, *, #4392, .F. ) ;
#7002 = CARTESIAN_POINT ( 'NONE',  ( 19.22385854917479264, -0.6705239713386569322, -5.787905999999997775 ) ) ;
#7003 = CARTESIAN_POINT ( 'NONE',  ( -6.023209881023759316, 9.282090537204314984, -8.248035969732711692 ) ) ;
#7004 = CARTESIAN_POINT ( 'NONE',  ( -47.37347727263002639, 27.19531807602060169, 8.630999999999989569 ) ) ;
#7005 = CIRCLE ( 'NONE', #5709, 18.81048697705378459 ) ;
#7006 = CARTESIAN_POINT ( 'NONE',  ( -6.802166949865572576, -8.989651380556258786, 12.24536584716177146 ) ) ;
#7007 = CARTESIAN_POINT ( 'NONE',  ( 2.151278356618460119, -1.967197634488866864, -8.905599999999999739 ) ) ;
#7008 = LINE ( 'NONE', #4250, #3156 ) ;
#7009 = ADVANCED_FACE ( 'NONE', ( #252 ), #390, .F. ) ;
#7010 = CARTESIAN_POINT ( 'NONE',  ( -11.41158442011745855, -14.14504739044597592, 0.000000000000000000 ) ) ;
#7011 = EDGE_LOOP ( 'NONE', ( #5484, #1468, #4387, #1544, #6697, #7026, #800 ) ) ;
#7012 = DIRECTION ( 'NONE',  ( 0.6187123756285676235, 0.7856175890622957292, -0.000000000000000000 ) ) ;
#7013 = DIRECTION ( 'NONE',  ( -5.463695987328524465E-16, -0.000000000000000000, -1.000000000000000000 ) ) ;
#7014 = AXIS2_PLACEMENT_3D ( 'NONE', #887, #994, #6485 ) ;
#7015 = CARTESIAN_POINT ( 'NONE',  ( -11.82014265965425004, -14.73639830041116561, -8.905600000000001515 ) ) ;
#7016 = CARTESIAN_POINT ( 'NONE',  ( 22.51648795791860991, 11.38776055877447924, 11.80599999999999739 ) ) ;
#7017 = CARTESIAN_POINT ( 'NONE',  ( -15.46356717468994901, -8.625056846427103352, -15.44909999999999961 ) ) ;
#7018 = CARTESIAN_POINT ( 'NONE',  ( -7.244328311389727659, 9.835842739928288836, -8.905600000000001515 ) ) ;
#7019 = EDGE_CURVE ( 'NONE', #5158, #1882, #1941, .T. ) ;
#7020 = CARTESIAN_POINT ( 'NONE',  ( -16.11509610006104865, -6.492827883625674090, -15.44909999999999961 ) ) ;
#7021 = CARTESIAN_POINT ( 'NONE',  ( 3.034299951601164391, -10.69440557877959286, 8.631000000000000227 ) ) ;
#7022 = DIRECTION ( 'NONE',  ( -0.000000000000000000, -0.000000000000000000, -1.000000000000000000 ) ) ;
#7023 = VERTEX_POINT ( 'NONE', #3922 ) ;
#7024 = DIRECTION ( 'NONE',  ( -0.9371590407833578773, 0.3489024681454926391, -0.000000000000000000 ) ) ;
#7025 = CARTESIAN_POINT ( 'NONE',  ( -16.56466924330963408, -3.896695309435733279, -8.905600000000001515 ) ) ;
#7026 = ORIENTED_EDGE ( 'NONE', *, *, #1885, .F. ) ;
#7027 = CARTESIAN_POINT ( 'NONE',  ( -7.737888641756118346, -17.32127195955734322, -7.318100000000001160 ) ) ;
#7028 = CARTESIAN_POINT ( 'NONE',  ( -1.200775516971473555, -20.48470467685291396, 3.016225296278977286 ) ) ;
#7029 = CARTESIAN_POINT ( 'NONE',  ( -25.19530689742510177, -5.040814917066635203, 14.98100000000000165 ) ) ;
#7030 = EDGE_CURVE ( 'NONE', #2234, #3556, #5927, .T. ) ;
#7031 = CARTESIAN_POINT ( 'NONE',  ( 20.95885322025561948, -17.25886174823321539, -8.905600000000001515 ) ) ;
#7032 = ORIENTED_EDGE ( 'NONE', *, *, #7106, .F. ) ;
#7033 = CARTESIAN_POINT ( 'NONE',  ( 0.9032076034025172673, -19.90195147026800981, 1.326674086885116122 ) ) ;
#7034 = CARTESIAN_POINT ( 'NONE',  ( -1.622867371715112528, -12.76438399408419500, 11.80600000000000271 ) ) ;
#7035 = DIRECTION ( 'NONE',  ( -0.000000000000000000, 0.8730714619388892928, -0.4875922705990023420 ) ) ;
#7036 = EDGE_CURVE ( 'NONE', #4646, #5158, #1913, .T. ) ;
#7037 = PLANE ( 'NONE',  #4536 ) ;
#7038 = VERTEX_POINT ( 'NONE', #3884 ) ;
#7039 = CARTESIAN_POINT ( 'NONE',  ( 19.34890321087420872, -0.9952133531469528060, -8.248035969732711692 ) ) ;
#7040 = CARTESIAN_POINT ( 'NONE',  ( -13.97186840969298594, -8.080783377854784177, -8.248035969732711692 ) ) ;
#7041 = CARTESIAN_POINT ( 'NONE',  ( -36.57734624587926930, 34.39605359592100342, 8.630999999999989569 ) ) ;
#7042 = CARTESIAN_POINT ( 'NONE',  ( -8.008001248791451587, -8.700422693099609361, 11.80600000000000094 ) ) ;
#7043 = CARTESIAN_POINT ( 'NONE',  ( -13.89092137571474161, -8.293294202557374817, -5.730600000000000804 ) ) ;
#7044 = FACE_OUTER_BOUND ( 'NONE', #5432, .T. ) ;
#7045 = CARTESIAN_POINT ( 'NONE',  ( -9.185092538057080702, -16.53977487947874181, 0.000000000000000000 ) ) ;
#7046 = ORIENTED_EDGE ( 'NONE', *, *, #2240, .F. ) ;
#7047 = CARTESIAN_POINT ( 'NONE',  ( -13.89092137571473984, -8.293294202557373040, -3.659049999999999692 ) ) ;
#7048 = FACE_OUTER_BOUND ( 'NONE', #2634, .T. ) ;
#7049 = CARTESIAN_POINT ( 'NONE',  ( -9.185092538057080702, -16.53977487947827640, -7.318099999999999383 ) ) ;
#7050 = CARTESIAN_POINT ( 'NONE',  ( -42.95525717008185751, 27.44897564401927070, 14.98099999999999454 ) ) ;
#7051 = CARTESIAN_POINT ( 'NONE',  ( -14.97306319652180662, 0.1017663098150139028, -5.730599999999999028 ) ) ;
#7052 = CARTESIAN_POINT ( 'NONE',  ( -14.64754187469982405, 3.939868879599691454, -8.905600000000001515 ) ) ;
#7053 = CARTESIAN_POINT ( 'NONE',  ( -16.51453429913218685, 0.6222326473570627403, -8.905599999999997962 ) ) ;
#7054 = CARTESIAN_POINT ( 'NONE',  ( -45.15773347201727006, 24.57605692322762181, 8.630999999999954042 ) ) ;
#7055 = CARTESIAN_POINT ( 'NONE',  ( -3.953988504193371334, 8.990941570122055637, -7.318099999999999383 ) ) ;
#7056 = ORIENTED_EDGE ( 'NONE', *, *, #5980, .F. ) ;
#7057 = ADVANCED_FACE ( 'NONE', ( #428 ), #5386, .F. ) ;
#7058 = PLANE ( 'NONE',  #1586 ) ;
#7059 = ORIENTED_EDGE ( 'NONE', *, *, #6794, .T. ) ;
#7060 = CARTESIAN_POINT ( 'NONE',  ( -12.32231797442224241, -11.67052109277633143, 0.000000000000000000 ) ) ;
#7061 = CARTESIAN_POINT ( 'NONE',  ( 2.914358635773569794, 29.94036153015169432, 10.21850059711604253 ) ) ;
#7062 = CARTESIAN_POINT ( 'NONE',  ( -1.003007285192815345, -19.95349523205809916, 2.559045406602102002 ) ) ;
#7063 = CARTESIAN_POINT ( 'NONE',  ( 11.79159259755874167, 23.96386019914276844, 14.98099999999999454 ) ) ;
#7064 = CARTESIAN_POINT ( 'NONE',  ( -6.092761286508818763, -9.907193276350634292, 14.98100000000000165 ) ) ;
#7065 = ORIENTED_EDGE ( 'NONE', *, *, #199, .F. ) ;
#7066 = DIRECTION ( 'NONE',  ( -0.3489024681454919175, -0.9371590407833582104, 0.000000000000000000 ) ) ;
#7067 = VERTEX_POINT ( 'NONE', #4579 ) ;
#7068 = CARTESIAN_POINT ( 'NONE',  ( 4.279771053520975421, 14.28324554962303594, 8.631000000000000227 ) ) ;
#7069 = DIRECTION ( 'NONE',  ( 0.9371590407833579883, -0.3489024681454927501, 0.000000000000000000 ) ) ;
#7070 = EDGE_LOOP ( 'NONE', ( #1657, #7077, #4376, #3136 ) ) ;
#7071 = CARTESIAN_POINT ( 'NONE',  ( 17.61860993739835024, 0.5371035134523136634, -5.787905999999998663 ) ) ;
#7072 = CARTESIAN_POINT ( 'NONE',  ( -4.673023078167660493, 9.158108384587883677, -7.318099999999999383 ) ) ;
#7073 = CARTESIAN_POINT ( 'NONE',  ( 2.771976065070752338, -13.90792118376792352, 11.80600000000000271 ) ) ;
#7074 = CARTESIAN_POINT ( 'NONE',  ( -24.48110990821212596, -3.611575660193429904, 13.39349904687932025 ) ) ;
#7075 = LINE ( 'NONE', #5384, #303 ) ;
#7076 = CARTESIAN_POINT ( 'NONE',  ( -9.469571751528045311, -16.33148982887578526, -7.250715618965675624 ) ) ;
#7077 = ORIENTED_EDGE ( 'NONE', *, *, #6255, .F. ) ;
#7078 = CARTESIAN_POINT ( 'NONE',  ( 19.34913917210147005, 1.979504257545272372, 0.000000000000000000 ) ) ;
#7079 = CARTESIAN_POINT ( 'NONE',  ( -17.80778387332761170, -6.266522890202998575, 8.631000000000000227 ) ) ;
#7080 = CARTESIAN_POINT ( 'NONE',  ( -7.706093242219578698, -17.33461775995888132, -7.318099999999999383 ) ) ;
#7081 = CARTESIAN_POINT ( 'NONE',  ( 25.01005285694785130, 0.8374367091044628841, 11.80600000000000094 ) ) ;
#7082 = CARTESIAN_POINT ( 'NONE',  ( 13.27954615187380227, 11.74878368573285847, 0.000000000000000000 ) ) ;
#7083 = CARTESIAN_POINT ( 'NONE',  ( -3.429443744414332862, 8.808644534118453606, -8.248035969732711692 ) ) ;
#7084 = EDGE_LOOP ( 'NONE', ( #4625, #2388, #3245, #3157 ) ) ;
#7085 = AXIS2_PLACEMENT_3D ( 'NONE', #471, #3930, #2680 ) ;
#7086 = ADVANCED_FACE ( 'NONE', ( #605 ), #6864, .F. ) ;
#7087 = CARTESIAN_POINT ( 'NONE',  ( -16.28897430626091847, -5.700450196666040803, -15.44909999999999961 ) ) ;
#7088 = CARTESIAN_POINT ( 'NONE',  ( 27.54192536631284938, 4.318195128451486120, 8.630999999999927397 ) ) ;
#7089 = CARTESIAN_POINT ( 'NONE',  ( -14.04790815498809486, 3.666967612582114455, -7.318099999999999383 ) ) ;
#7090 = CARTESIAN_POINT ( 'NONE',  ( 27.54192536631284938, 4.318195128450602382, 11.80599999999999916 ) ) ;
#7091 = VECTOR ( 'NONE', #4672, 1000.000000000000000 ) ;
#7092 = ORIENTED_EDGE ( 'NONE', *, *, #4781, .T. ) ;
#7093 = CARTESIAN_POINT ( 'NONE',  ( 14.12654707565338619, 13.10952583596460030, 3.174999999999999822 ) ) ;
#7094 = ADVANCED_FACE ( 'NONE', ( #2995 ), #4506, .F. ) ;
#7095 = CARTESIAN_POINT ( 'NONE',  ( 0.8103098027652442248, 10.06893255419716304, 2.382127149841734681 ) ) ;
#7096 = CARTESIAN_POINT ( 'NONE',  ( -0.8872122126997832314, -19.64246734039021902, 1.587499999999999911 ) ) ;
#7097 = CARTESIAN_POINT ( 'NONE',  ( -30.17479237114829260, 32.77157383640863486, 14.98099999999999454 ) ) ;
#7098 = AXIS2_PLACEMENT_3D ( 'NONE', #4233, #4634, #766 ) ;
#7099 = CARTESIAN_POINT ( 'NONE',  ( -2.500000000000000000, 3.061616997868383141E-16, 0.2560000000000005604 ) ) ;
#7100 = ORIENTED_EDGE ( 'NONE', *, *, #4348, .F. ) ;
#7101 = CARTESIAN_POINT ( 'NONE',  ( -12.45260510950008559, -9.618601123487151128, 1.587499999999999911 ) ) ;
#7102 = ORIENTED_EDGE ( 'NONE', *, *, #2370, .F. ) ;
#7103 = AXIS2_PLACEMENT_3D ( 'NONE', #215, #755, #1274 ) ;
#7104 = CARTESIAN_POINT ( 'NONE',  ( -14.97867868796860513, -8.723717091095041454, -8.863519562852484768 ) ) ;
#7105 = CARTESIAN_POINT ( 'NONE',  ( -1.447615242865005314, -21.14772114095298150, -8.905599999999997962 ) ) ;
#7106 = EDGE_CURVE ( 'NONE', #3898, #2968, #1686, .T. ) ;
#7107 = ORIENTED_EDGE ( 'NONE', *, *, #4713, .F. ) ;
#7108 = CARTESIAN_POINT ( 'NONE',  ( 10.63471291611727310, 3.349978938386635630, -5.730599999999997252 ) ) ;
#7109 = VECTOR ( 'NONE', #5761, 1000.000000000000000 ) ;
#7110 = CARTESIAN_POINT ( 'NONE',  ( 6.358563739839704354, -13.21675123544820529, 12.55600000000000094 ) ) ;
#7111 = CARTESIAN_POINT ( 'NONE',  ( 28.39358412624508432, -7.233045574204664874, 11.80600000000000094 ) ) ;
#7112 = CARTESIAN_POINT ( 'NONE',  ( -18.90414476090728968, 34.44591281791365134, 13.39349952343965278 ) ) ;
#7113 = CARTESIAN_POINT ( 'NONE',  ( -12.43495939729202782, -10.74156562046769281, -5.730599999999997252 ) ) ;
#7114 = VECTOR ( 'NONE', #761, 1000.000000000000000 ) ;
#7115 = CARTESIAN_POINT ( 'NONE',  ( -8.834550332455130217, -27.80497700742806089, 8.631000000000000227 ) ) ;
#7116 = ORIENTED_EDGE ( 'NONE', *, *, #40, .F. ) ;
#7117 = CARTESIAN_POINT ( 'NONE',  ( -13.06849237749036341, 5.403292115284559216, -5.730600000000008798 ) ) ;
#7118 = VECTOR ( 'NONE', #5306, 1000.000000000000000 ) ;
#7119 = CARTESIAN_POINT ( 'NONE',  ( -11.41158442011775165, -14.14504739044597592, -8.248035969732711692 ) ) ;
#7120 = CARTESIAN_POINT ( 'NONE',  ( 11.50783914886425308, -12.85637688752249552, 11.80600000000000271 ) ) ;
#7121 = EDGE_CURVE ( 'NONE', #4826, #3261, #7175, .T. ) ;
#7122 = FACE_OUTER_BOUND ( 'NONE', #5696, .T. ) ;
#7123 = CARTESIAN_POINT ( 'NONE',  ( -3.506650375039585654, 10.51533379811330704, -8.905600000000001515 ) ) ;
#7124 = AXIS2_PLACEMENT_3D ( 'NONE', #4846, #2561, #4815 ) ;
#7125 = FACE_OUTER_BOUND ( 'NONE', #6950, .T. ) ;
#7126 = CARTESIAN_POINT ( 'NONE',  ( 26.18805509819400612, 10.49240108418684692, 11.80599999999999739 ) ) ;
#7127 = B_SPLINE_CURVE_WITH_KNOTS ( 'NONE', 3,
 ( #5586, #3784, #4896, #1576 ),
 .UNSPECIFIED., .F., .F.,
 ( 4, 4 ),
 ( 0.3539047919239681206, 0.3591133529189384221 ),
 .UNSPECIFIED. ) ;
#7128 = CARTESIAN_POINT ( 'NONE',  ( -10.80344840032195819, 7.649930394072396389, -7.318099999999999383 ) ) ;
#7129 = CARTESIAN_POINT ( 'NONE',  ( 22.08385952095340699, 18.69922293381420886, 11.80599999999899730 ) ) ;
#7130 = B_SPLINE_CURVE_WITH_KNOTS ( 'NONE', 3,
 ( #1011, #863, #4811, #3701, #3113, #459, #7157 ),
 .UNSPECIFIED., .F., .F.,
 ( 4, 1, 1, 1, 4 ),
 ( 0.7262644283705788073, 0.7367531250000001197, 0.7833687499999999471, 0.8066765625000000828, 0.8286282707868166675 ),
 .UNSPECIFIED. ) ;
#7131 = ORIENTED_EDGE ( 'NONE', *, *, #6843, .T. ) ;
#7132 = CARTESIAN_POINT ( 'NONE',  ( -5.827231276178006958, -19.72725758890293335, 8.631000000000002004 ) ) ;
#7133 = LINE ( 'NONE', #6579, #2400 ) ;
#7134 = CARTESIAN_POINT ( 'NONE',  ( -1.384090333255526994, -12.37870050427566326, -6.449099999999997834 ) ) ;
#7135 = CARTESIAN_POINT ( 'NONE',  ( 0.3071816777607070392, -13.26177876956085733, 14.98100000000000520 ) ) ;
#7136 = CARTESIAN_POINT ( 'NONE',  ( -6.520390359068784392, -9.826977670270796494, 12.55599999790798371 ) ) ;
#7137 = VERTEX_POINT ( 'NONE', #4807 ) ;
#7138 = CARTESIAN_POINT ( 'NONE',  ( 12.16856079579352645, -14.54943197970156454, 10.21850029855793807 ) ) ;
#7139 = VERTEX_POINT ( 'NONE', #3108 ) ;
#7140 = CARTESIAN_POINT ( 'NONE',  ( -14.44633099061022108, 2.625710786495084381, -7.318099999999999383 ) ) ;
#7141 = EDGE_LOOP ( 'NONE', ( #162, #5109, #6917, #4995 ) ) ;
#7142 = LINE ( 'NONE', #1433, #1367 ) ;
#7143 = EDGE_LOOP ( 'NONE', ( #7107, #3120, #1202, #4252, #1621, #2315, #939, #4154, #3372, #3825 ) ) ;
#7144 = CARTESIAN_POINT ( 'NONE',  ( 18.72737036885386530, 4.742486964862766108, 0.000000000000000000 ) ) ;
#7145 = CARTESIAN_POINT ( 'NONE',  ( -4.258885790967076979, -4.226333141092728951, 14.48100000000000165 ) ) ;
#7146 = CARTESIAN_POINT ( 'NONE',  ( -5.603345093216948847, -10.05485579300198928, 12.55599999790798371 ) ) ;
#7147 = DIRECTION ( 'NONE',  ( 1.000000000000000000, 0.000000000000000000, 0.000000000000000000 ) ) ;
#7148 = DIRECTION ( 'NONE',  ( 0.9371590407833582104, -0.3489024681454918619, -5.120352090616684997E-16 ) ) ;
#7149 = CARTESIAN_POINT ( 'NONE',  ( -9.827574038414294222, -16.04027094514411544, -7.166247434402114536 ) ) ;
#7150 = EDGE_LOOP ( 'NONE', ( #6105, #6517 ) ) ;
#7151 = DIRECTION ( 'NONE',  ( 0.9885385202538172766, -0.1509688510070652523, 3.352181887784972504E-17 ) ) ;
#7152 = PRODUCT_RELATED_PRODUCT_CATEGORY ( 'part', '', ( #5454 ) ) ;
#7153 = CARTESIAN_POINT ( 'NONE',  ( -12.49514584236027659, -13.41784364188370127, -8.905600000000001515 ) ) ;
#7154 = CARTESIAN_POINT ( 'NONE',  ( 19.50871581554208234, 16.82698967804242329, 11.80599999999899730 ) ) ;
#7155 = CARTESIAN_POINT ( 'NONE',  ( 10.67358602880414864, -14.28111569055089802, 12.55600000000000271 ) ) ;
#7156 = EDGE_CURVE ( 'NONE', #6329, #1288, #788, .T. ) ;
#7157 = CARTESIAN_POINT ( 'NONE',  ( 2.051626792960399737, 11.10423661856331456, 0.000000000000000000 ) ) ;
#7158 = CARTESIAN_POINT ( 'NONE',  ( -11.16577977870918126, 9.321304900827064088, -8.905600000000001515 ) ) ;
#7159 = CARTESIAN_POINT ( 'NONE',  ( -10.57535302520171427, -17.48856966650146916, -8.905600000000001515 ) ) ;
#7160 = CARTESIAN_POINT ( 'NONE',  ( -42.00193863272112083, 7.125692526716533415, 8.630999999999994898 ) ) ;
#7161 = DIRECTION ( 'NONE',  ( -0.000000000000000000, 0.000000000000000000, 1.000000000000000000 ) ) ;
#7162 = EDGE_LOOP ( 'NONE', ( #3993, #477, #1877, #7001, #604, #5378, #1762 ) ) ;
#7163 = CYLINDRICAL_SURFACE ( 'NONE', #2986, 1.499999999999999334 ) ;
#7164 = PLANE ( 'NONE',  #1820 ) ;
#7165 = CARTESIAN_POINT ( 'NONE',  ( 7.084276148095031367, -13.40985403125197450, 12.55600000000000094 ) ) ;
#7166 = CARTESIAN_POINT ( 'NONE',  ( 3.579375667900572822, -10.83729641830301382, 11.80600000000000271 ) ) ;
#7167 = CARTESIAN_POINT ( 'NONE',  ( -5.140174604103816769, -10.17574938492209569, 12.55599999790798371 ) ) ;
#7168 = VERTEX_POINT ( 'NONE', #899 ) ;
#7169 = CARTESIAN_POINT ( 'NONE',  ( 12.34939390223878597, -13.36534340237784413, 10.75828634222423119 ) ) ;
#7171 = VERTEX_POINT ( 'NONE', #2041 ) ;
#7170 = B_SPLINE_CURVE_WITH_KNOTS ( 'NONE', 3,
 ( #1785, #6906, #5204, #3514, #4106, #6349, #4660 ),
 .UNSPECIFIED., .F., .F.,
 ( 4, 1, 1, 1, 4 ),
 ( 0.3137622286187854992, 0.3172124999999999528, 0.3405203124999999775, 0.3638281249999999467, 0.3829907305404776641 ),
 .UNSPECIFIED. ) ;
#7172 = CARTESIAN_POINT ( 'NONE',  ( -8.782548804159709732, 8.741916582865714602, -7.318099999999999383 ) ) ;
#7173 = CARTESIAN_POINT ( 'NONE',  ( -5.140174604103816769, -10.17574938492209569, 11.05600000209201994 ) ) ;
#7174 = CARTESIAN_POINT ( 'NONE',  ( 4.565458970256451643, -12.74065374295750530, 12.55600000000000094 ) ) ;
#7175 = B_SPLINE_CURVE_WITH_KNOTS ( 'NONE', 3,
 ( #1858, #6309, #1713, #3512, #712, #1487, #2441, #933, #3034, #5350, #5278 ),
 .UNSPECIFIED., .F., .F.,
 ( 4, 1, 1, 1, 1, 1, 1, 1, 4 ),
 ( 0.2526915479024757216, 0.2734375000000000000, 0.3125000000000000000, 0.3437500000000000000, 0.3671874999999999445, 0.3984375000000000000, 0.4296875000000000000, 0.4609375000000001665, 0.5000000000000000000 ),
 .UNSPECIFIED. ) ;
#7176 = EDGE_LOOP ( 'NONE', ( #2307, #7224 ) ) ;
#7177 = EDGE_CURVE ( 'NONE', #2096, #2162, #5388, .T. ) ;
#7178 = CARTESIAN_POINT ( 'NONE',  ( 16.84591633995845683, 0.9229507857542466054, -5.787906000000000439 ) ) ;
#7179 = VERTEX_POINT ( 'NONE', #5979 ) ;
#7180 = CARTESIAN_POINT ( 'NONE',  ( 13.38164866021849875, 26.72609921577227965, 11.80599999999999383 ) ) ;
#7181 = CARTESIAN_POINT ( 'NONE',  ( -11.98851896552692509, -12.91572002656052121, -7.318099999999999383 ) ) ;
#7182 = DIRECTION ( 'NONE',  ( 0.3489024681454918064, 0.9371590407833580993, 0.000000000000000000 ) ) ;
#7183 = CARTESIAN_POINT ( 'NONE',  ( -10.40649713438144630, -15.48206224211922510, -6.604282634758918746 ) ) ;
#7184 = ORIENTED_EDGE ( 'NONE', *, *, #5430, .F. ) ;
#7185 = EDGE_CURVE ( 'NONE', #2414, #1804, #4253, .T. ) ;
#7186 = CARTESIAN_POINT ( 'NONE',  ( -14.07821362463679371, -7.799787454060525427, -5.730600000000003469 ) ) ;
#7187 = CARTESIAN_POINT ( 'NONE',  ( -12.54481339158700059, -13.30047173430485685, -8.905600000000001515 ) ) ;
#7188 = CARTESIAN_POINT ( 'NONE',  ( 25.01005285694784774, 0.8374367091040760824, 8.631000000000026873 ) ) ;
#7189 = CARTESIAN_POINT ( 'NONE',  ( -13.56412546648184758, -13.53969029448506944, 8.631000000000000227 ) ) ;
#7190 = CARTESIAN_POINT ( 'NONE',  ( 13.97471968621835714, 2.053589165740897560, -5.730410326848107694 ) ) ;
#7191 = CARTESIAN_POINT ( 'NONE',  ( -30.03296512515854388, -3.575746509924240810E-06, 13.39349952342820060 ) ) ;
#7192 = CARTESIAN_POINT ( 'NONE',  ( -9.784434498838326277, -16.95582681311235973, 3.174999999999999822 ) ) ;
#7193 = CARTESIAN_POINT ( 'NONE',  ( -30.54033267322048317, 35.95643332430390871, 8.630999999999989569 ) ) ;
#7194 = EDGE_CURVE ( 'NONE', #6254, #579, #6973, .T. ) ;
#7195 = CARTESIAN_POINT ( 'NONE',  ( 0.000000000000000000, 0.000000000000000000, -7.949100000000000499 ) ) ;
#7196 = CARTESIAN_POINT ( 'NONE',  ( -30.54033267322048317, 35.95643332430391581, 11.80599999999999206 ) ) ;
#7197 = ORIENTED_EDGE ( 'NONE', *, *, #2158, .T. ) ;
#7198 = CARTESIAN_POINT ( 'NONE',  ( 15.91194210232336381, 11.83894576173440605, 3.174999999999999822 ) ) ;
#7199 = DIRECTION ( 'NONE',  ( -0.1509688510070652245, -0.9885385202538171656, 2.194996451829339418E-16 ) ) ;
#7200 = CARTESIAN_POINT ( 'NONE',  ( -3.814366790046049172, -10.53271460351526834, 13.39349904687932202 ) ) ;
#7201 = CARTESIAN_POINT ( 'NONE',  ( 6.426220926797029165, 26.62486273173800200, 11.80599999999999383 ) ) ;
#7202 = AXIS2_PLACEMENT_3D ( 'NONE', #5627, #6075, #1620 ) ;
#7203 = CARTESIAN_POINT ( 'NONE',  ( 14.71917428041942699, -15.17523840950907932, 14.98100000000000875 ) ) ;
#7204 = ORIENTED_EDGE ( 'NONE', *, *, #857, .F. ) ;
#7205 = EDGE_CURVE ( 'NONE', #5441, #6936, #1092, .T. ) ;
#7206 = CARTESIAN_POINT ( 'NONE',  ( 12.40831436921109265, -12.97953433749502850, 12.01416707750986745 ) ) ;
#7207 = VERTEX_POINT ( 'NONE', #244 ) ;
#7208 = CARTESIAN_POINT ( 'NONE',  ( -11.60894294004579130, 6.993843075523475505, -7.318099999999999383 ) ) ;
#7209 = EDGE_CURVE ( 'NONE', #1647, #7171, #3772, .T. ) ;
#7210 = VECTOR ( 'NONE', #3985, 1000.000000000000114 ) ;
#7211 =( BOUNDED_CURVE ( )  B_SPLINE_CURVE ( 3, ( #1400, #6962, #3022, #5299, #4680, #2461, #5266 ),
 .UNSPECIFIED., .F., .F. ) 
 B_SPLINE_CURVE_WITH_KNOTS ( ( 4, 3, 4 ),
 ( 0.2499999998016741720, 0.5000000000000000000, 0.7500000002359678009 ),
 .UNSPECIFIED. ) 
 CURVE ( )  GEOMETRIC_REPRESENTATION_ITEM ( )  RATIONAL_B_SPLINE_CURVE ( ( 0.5000000000000000000, 0.4999999997355656367, 0.6666666664022322664, 1.000000000000000000, 0.6666666663520429692, 0.4999999996853763395, 0.5000000000000000000 ) ) 
 REPRESENTATION_ITEM ( '' )  );
#7212 = ORIENTED_EDGE ( 'NONE', *, *, #1294, .F. ) ;
#7213 = VECTOR ( 'NONE', #3176, 1000.000000000000000 ) ;
#7214 = CARTESIAN_POINT ( 'NONE',  ( -10.41031883446054884, -15.48565035781322230, -7.318099999999999383 ) ) ;
#7215 = CARTESIAN_POINT ( 'NONE',  ( 0.000000000000000000, 0.000000000000000000, 3.005999999999991346 ) ) ;
#7216 = VERTEX_POINT ( 'NONE', #1972 ) ;
#7217 = CARTESIAN_POINT ( 'NONE',  ( 19.30136538586410566, 2.486910886431538348, 0.000000000000000000 ) ) ;
#7218 = VECTOR ( 'NONE', #6466, 1000.000000000000000 ) ;
#7219 = CARTESIAN_POINT ( 'NONE',  ( 9.538996994740129409, -14.02040265969880117, 11.05600000000000271 ) ) ;
#7220 = CARTESIAN_POINT ( 'NONE',  ( -20.13484170071160406, 36.03706295988247632, 11.80599999999999206 ) ) ;
#7221 = CARTESIAN_POINT ( 'NONE',  ( 20.92266734777798476, -0.7550195714615781650, -8.905600000000001515 ) ) ;
#7222 = CARTESIAN_POINT ( 'NONE',  ( 8.769207328789642375, 13.20410848911836332, 0.000000000000000000 ) ) ;
#7223 = AXIS2_PLACEMENT_3D ( 'NONE', #1056, #4850, #6654 ) ;
#7224 = ORIENTED_EDGE ( 'NONE', *, *, #1482, .T. ) ;
#7225 = CARTESIAN_POINT ( 'NONE',  ( 18.93088592425577943, -0.3957258402789241569, -5.730599999999999916 ) ) ;
#7226 = CARTESIAN_POINT ( 'NONE',  ( -1.868502313221983790, -15.39951910751302933, -14.44909999999999961 ) ) ;
#7227 = CARTESIAN_POINT ( 'NONE',  ( 19.50871581554208234, 16.82698967804242329, 8.630999999998611116 ) ) ;
#7228 = AXIS2_PLACEMENT_3D ( 'NONE', #1875, #5702, #2940 ) ;
#7229 = CARTESIAN_POINT ( 'NONE',  ( -4.229680485270201906, 3.331080792520063838, -8.392798589917475082E-26 ) ) ;
#7230 = CARTESIAN_POINT ( 'NONE',  ( 3.174999999999999822, 3.888253587292845095E-16, -10.69910000000001737 ) ) ;
#7231 = CARTESIAN_POINT ( 'NONE',  ( -13.38700112857751456, -13.68889505666523121, -7.318099999999996719 ) ) ;
#7232 = CARTESIAN_POINT ( 'NONE',  ( -8.265066667805676559, -17.81332059500207521, 3.174999999999999822 ) ) ;
#7233 = CARTESIAN_POINT ( 'NONE',  ( 5.571559769077778945, -14.65035004269344832, 11.80599999999961547 ) ) ;
#7234 = VECTOR ( 'NONE', #3862, 1000.000000000000114 ) ;
#7235 = CARTESIAN_POINT ( 'NONE',  ( -2.853721730829550385, 10.28847509130143401, -8.905599999999999739 ) ) ;
#7236 = CARTESIAN_POINT ( 'NONE',  ( -38.87205052441449737, 33.52680027512989369, 11.80599999999999206 ) ) ;
#7237 = VERTEX_POINT ( 'NONE', #5946 ) ;
#7238 = AXIS2_PLACEMENT_3D ( 'NONE', #2987, #5125, #4609 ) ;
#7239 = EDGE_CURVE ( 'NONE', #6068, #2687, #3070, .T. ) ;
#7240 = CARTESIAN_POINT ( 'NONE',  ( 14.81005248432374088, 11.52463471231441616, 3.174999999999999822 ) ) ;
#7241 = CARTESIAN_POINT ( 'NONE',  ( 0.9736327287355466265, 9.938051241704659589, 1.587500000000000133 ) ) ;
#7242 = CARTESIAN_POINT ( 'NONE',  ( 9.137644364998921631, -13.92718174467233183, 12.55600000000000271 ) ) ;
#7243 = CARTESIAN_POINT ( 'NONE',  ( -20.08259148370260405, 32.86196989895048404, 11.80599999999999206 ) ) ;
#7244 = DIRECTION ( 'NONE',  ( -1.000000000000000000, 0.000000000000000000, 0.000000000000000000 ) ) ;
#7245 = ORIENTED_EDGE ( 'NONE', *, *, #3211, .F. ) ;
#7246 = CARTESIAN_POINT ( 'NONE',  ( -1.852669853647206155, -12.20424927020291683, 1.550900000000002610 ) ) ;
#7247 = VERTEX_POINT ( 'NONE', #3145 ) ;
#7248 = LINE ( 'NONE', #2201, #6978 ) ;
#7249 = ORIENTED_EDGE ( 'NONE', *, *, #2331, .T. ) ;
#7250 = CARTESIAN_POINT ( 'NONE',  ( -10.21505875053764889, -15.68629689704059693, 0.000000000000000000 ) ) ;
#7251 = DIRECTION ( 'NONE',  ( 1.000000000000000000, 0.000000000000000000, 0.000000000000000000 ) ) ;
#7252 = ADVANCED_FACE ( 'NONE', ( #351 ), #6530, .T. ) ;
#7253 = VERTEX_POINT ( 'NONE', #6425 ) ;
#7254 = CARTESIAN_POINT ( 'NONE',  ( -9.686569714830211453, -9.023495132595190427, 10.21850029864089038 ) ) ;
#7255 = LINE ( 'NONE', #6558, #4054 ) ;
#7256 = CARTESIAN_POINT ( 'NONE',  ( -12.27556252960572714, -9.873853818606887600, 11.80600000000000271 ) ) ;
#7257 = CARTESIAN_POINT ( 'NONE',  ( 28.74950554974190808, -2.214734616449455906, 11.80600000000000094 ) ) ;
#7258 = EDGE_CURVE ( 'NONE', #3544, #4521, #1449, .T. ) ;
#7259 = CARTESIAN_POINT ( 'NONE',  ( 3.174999999999999822, 0.000000000000000000, 1.256000000000000671 ) ) ;
#7260 = CARTESIAN_POINT ( 'NONE',  ( -18.90414476090749574, 34.44591281815267791, 10.21850029855801623 ) ) ;
#7261 = ORIENTED_EDGE ( 'NONE', *, *, #6574, .F. ) ;
#7262 = SHAPE_DEFINITION_REPRESENTATION ( #4227, #6578 ) ;
#7263 = DIRECTION ( 'NONE',  ( 0.000000000000000000, 0.000000000000000000, -1.000000000000000000 ) ) ;
#7264 = DIRECTION ( 'NONE',  ( -0.000000000000000000, 0.000000000000000000, -1.000000000000000000 ) ) ;
#7265 = CARTESIAN_POINT ( 'NONE',  ( 8.110213314787003469, -12.05396096807256434, 8.631000000000000227 ) ) ;
#7266 = CARTESIAN_POINT ( 'NONE',  ( 12.16856079531247481, -14.54943197920268183, 13.39349999983421569 ) ) ;
#7267 = CARTESIAN_POINT ( 'NONE',  ( 16.82519645804170949, 2.649913603694718844, -8.905600000000001515 ) ) ;
#7268 = CARTESIAN_POINT ( 'NONE',  ( -4.395479652063559506, 10.72219085093778368, -8.905600000000001515 ) ) ;
#7269 = ORIENTED_EDGE ( 'NONE', *, *, #6787, .T. ) ;
#7270 = CARTESIAN_POINT ( 'NONE',  ( 0.000000000000000000, 0.000000000000000000, -8.949100000000001387 ) ) ;
#7271 = CARTESIAN_POINT ( 'NONE',  ( -1.501048752687703436, 33.03278635709281730, 11.80599999999999206 ) ) ;
#7272 = CARTESIAN_POINT ( 'NONE',  ( -9.901329246898143310, -8.960905363903089338, 14.18724952343966095 ) ) ;
#7273 = CARTESIAN_POINT ( 'NONE',  ( 19.74102292354263710, -15.78402317582674108, 14.98100000000000520 ) ) ;
ENDSEC;
END-ISO-10303-21;
