ISO-10303-21;
HEADER;
FILE_DESCRIPTION (( 'STEP AP214' ),
    '1' );
FILE_NAME ('carriage-cable-adapter.STEP',
    '2026-07-27T19:39:03',
    ( '' ),
    ( '' ),
    'SwSTEP 2.0',
    'SolidWorks 2025',
    '' );
FILE_SCHEMA (( 'AUTOMOTIVE_DESIGN' ));
ENDSEC;

DATA;
#1 = EDGE_LOOP ( 'NONE', ( #1384, #590, #571, #1202 ) ) ;
#2 = DIRECTION ( 'NONE',  ( 1.000000000000000000, -0.000000000000000000, 0.000000000000000000 ) ) ;
#3 = CONICAL_SURFACE ( 'NONE', #735, 1.300000000000000044, 0.7853981633974410625 ) ;
#4 = CARTESIAN_POINT ( 'NONE',  ( 6.350000000000028955, 2.000000000000000000, -1.500961894323341816 ) ) ;
#5 = ADVANCED_FACE ( 'NONE', ( #1101 ), #1206, .F. ) ;
#6 = ORIENTED_EDGE ( 'NONE', *, *, #1100, .F. ) ;
#7 = CARTESIAN_POINT ( 'NONE',  ( 2.399999999999999467, 1.524999999999993916, -2.799999999999999822 ) ) ;
#8 = CARTESIAN_POINT ( 'NONE',  ( 5.100000000000001421, 1.999999999999972022, -1.500961894323341816 ) ) ;
#9 = EDGE_CURVE ( 'NONE', #1237, #120, #1348, .T. ) ;
#10 = ORIENTED_EDGE ( 'NONE', *, *, #430, .F. ) ;
#11 = CARTESIAN_POINT ( 'NONE',  ( 5.100000000000001421, 3.250000000000000444, -4.099038105676657828 ) ) ;
#12 = EDGE_CURVE ( 'NONE', #186, #492, #333, .T. ) ;
#13 = CARTESIAN_POINT ( 'NONE',  ( 3.699999999999999289, 2.162299106469429688, -2.832463153628613117 ) ) ;
#14 = CARTESIAN_POINT ( 'NONE',  ( 3.699999999999999289, 2.202214569395183563, -2.843380156737614239 ) ) ;
#15 = DIRECTION ( 'NONE',  ( 0.000000000000000000, 0.000000000000000000, -1.000000000000000000 ) ) ;
#16 = VERTEX_POINT ( 'NONE', #37 ) ;
#17 = CARTESIAN_POINT ( 'NONE',  ( 2.493884546261838864, 1.999999999642215087, -1.503311482767698104 ) ) ;
#18 = CARTESIAN_POINT ( 'NONE',  ( 4.350000000000001421, 8.749999999999998224, 0.000000000000000000 ) ) ;
#19 = EDGE_CURVE ( 'NONE', #551, #16, #549, .T. ) ;
#20 = PLANE ( 'NONE',  #329 ) ;
#21 = VECTOR ( 'NONE', #41, 1000.000000000000000 ) ;
#22 = CARTESIAN_POINT ( 'NONE',  ( 3.699999999999998845, 9.500000000000000000, 0.0002963548515119539132 ) ) ;
#23 = CIRCLE ( 'NONE', #290, 1.300000000000000044 ) ;
#24 = LINE ( 'NONE', #1264, #133 ) ;
#25 = AXIS2_PLACEMENT_3D ( 'NONE', #679, #1388, #317 ) ;
#26 = EDGE_LOOP ( 'NONE', ( #1048, #831, #1285, #988, #264 ) ) ;
#27 = FACE_OUTER_BOUND ( 'NONE', #1145, .T. ) ;
#28 = PLANE ( 'NONE',  #995 ) ;
#29 = DIRECTION ( 'NONE',  ( -0.000000000000000000, -0.000000000000000000, 1.000000000000000000 ) ) ;
#30 = ADVANCED_FACE ( 'NONE', ( #972 ), #1175, .F. ) ;
#31 = CARTESIAN_POINT ( 'NONE',  ( 4.350000000000001421, 8.749999999999998224, 0.0002963548515119539132 ) ) ;
#32 = CARTESIAN_POINT ( 'NONE',  ( 2.399999999999999467, 2.000000000000000444, -2.799999999999999822 ) ) ;
#33 = ORIENTED_EDGE ( 'NONE', *, *, #1132, .T. ) ;
#34 = CARTESIAN_POINT ( 'NONE',  ( 2.607097314688660905, 2.000000013413781197, -1.515834401803493492 ) ) ;
#35 = DIRECTION ( 'NONE',  ( -0.000000000000000000, -0.000000000000000000, 1.000000000000000000 ) ) ;
#36 = CARTESIAN_POINT ( 'NONE',  ( 0.000000000000000000, 2.000000000000000000, -5.599999999999999645 ) ) ;
#37 = CARTESIAN_POINT ( 'NONE',  ( 5.100000000000001421, 3.250000000000000444, 0.000000000000000000 ) ) ;
#38 = ORIENTED_EDGE ( 'NONE', *, *, #216, .T. ) ;
#39 = DIRECTION ( 'NONE',  ( 1.000000000000000000, 0.000000000000000000, 0.000000000000000000 ) ) ;
#40 = DIRECTION ( 'NONE',  ( 1.000000000000000000, -3.336006684570782608E-16, 0.000000000000000000 ) ) ;
#41 = DIRECTION ( 'NONE',  ( -1.000000000000000000, -0.000000000000000000, -0.000000000000000000 ) ) ;
#42 = ORIENTED_EDGE ( 'NONE', *, *, #318, .F. ) ;
#43 = MECHANICAL_DESIGN_GEOMETRIC_PRESENTATION_REPRESENTATION (  '', ( #693 ), #1047 ) ;
#44 = DIRECTION ( 'NONE',  ( 0.000000000000000000, 0.000000000000000000, 1.000000000000000000 ) ) ;
#45 = AXIS2_PLACEMENT_3D ( 'NONE', #776, #1302, #137 ) ;
#46 = EDGE_CURVE ( 'NONE', #383, #188, #1328, .T. ) ;
#47 = ORIENTED_EDGE ( 'NONE', *, *, #1307, .F. ) ;
#48 = CIRCLE ( 'NONE', #199, 1.300000000000000044 ) ;
#49 = CARTESIAN_POINT ( 'NONE',  ( 2.399999999999999467, 0.000000000000000000, -2.799999999999999822 ) ) ;
#50 = VERTEX_POINT ( 'NONE', #873 ) ;
#51 = CARTESIAN_POINT ( 'NONE',  ( 2.456568153468533300, 2.000000000000000000, -4.098785297640391789 ) ) ;
#52 = LINE ( 'NONE', #36, #311 ) ;
#53 = CARTESIAN_POINT ( 'NONE',  ( 8.800000000000000711, 2.000000000000000000, -5.599999999999999645 ) ) ;
#54 = VERTEX_POINT ( 'NONE', #449 ) ;
#55 = CARTESIAN_POINT ( 'NONE',  ( 3.699999999999999289, 2.438503555447165017, -2.681244937668271433 ) ) ;
#56 = CARTESIAN_POINT ( 'NONE',  ( 3.699999999999999289, 3.250000000000000444, -4.099038105676728883 ) ) ;
#57 = EDGE_CURVE ( 'NONE', #357, #1366, #1090, .T. ) ;
#58 = CARTESIAN_POINT ( 'NONE',  ( 6.400000000000001243, 2.000000000000000444, -2.799999999999999822 ) ) ;
#59 = FACE_OUTER_BOUND ( 'NONE', #798, .T. ) ;
#60 = ORIENTED_EDGE ( 'NONE', *, *, #1371, .F. ) ;
#61 = DIRECTION ( 'NONE',  ( 1.000000000000000000, 0.000000000000000000, 0.000000000000000000 ) ) ;
#62 = CARTESIAN_POINT ( 'NONE',  ( 2.449999999999996625, 2.000000000000000000, -4.099038105676657828 ) ) ;
#63 = CARTESIAN_POINT ( 'NONE',  ( 2.399999999999999467, 2.000000000000000444, -2.799999999999999822 ) ) ;
#64 = DIRECTION ( 'NONE',  ( 0.000000000000000000, 0.000000000000000000, 1.000000000000000000 ) ) ;
#65 = VECTOR ( 'NONE', #1247, 1000.000000000000000 ) ;
#66 = ORIENTED_EDGE ( 'NONE', *, *, #451, .T. ) ;
#67 = CARTESIAN_POINT ( 'NONE',  ( 6.350000000000001421, 3.250000000000000444, 0.0002963548515119539132 ) ) ;
#68 = VECTOR ( 'NONE', #595, 1000.000000000000000 ) ;
#69 = DIRECTION ( 'NONE',  ( -0.000000000000000000, -0.000000000000000000, -1.000000000000000000 ) ) ;
#70 = FACE_OUTER_BOUND ( 'NONE', #984, .T. ) ;
#71 = LINE ( 'NONE', #495, #801 ) ;
#72 = EDGE_CURVE ( 'NONE', #182, #383, #557, .T. ) ;
#73 = ORIENTED_EDGE ( 'NONE', *, *, #961, .T. ) ;
#74 = CARTESIAN_POINT ( 'NONE',  ( 6.306115453738232013, 1.999999999642194659, -4.096688517232258242 ) ) ;
#75 = VERTEX_POINT ( 'NONE', #248 ) ;
#76 = CARTESIAN_POINT ( 'NONE',  ( 3.699999999999999289, 3.217337578177494439, -3.770782697771358549 ) ) ;
#77 = CARTESIAN_POINT ( 'NONE',  ( 2.399999999999999467, 0.000000000000000000, -1.974999999999999867 ) ) ;
#78 = LINE ( 'NONE', #1341, #68 ) ;
#79 = EDGE_CURVE ( 'NONE', #723, #1050, #934, .T. ) ;
#80 = VERTEX_POINT ( 'NONE', #773 ) ;
#81 = DIRECTION ( 'NONE',  ( -0.000000000000000000, -0.000000000000000000, 1.000000000000000000 ) ) ;
#82 = ORIENTED_EDGE ( 'NONE', *, *, #1075, .T. ) ;
#83 = CARTESIAN_POINT ( 'NONE',  ( 2.578962523324266787, 1.999999996856176354, -4.087814657905672000 ) ) ;
#84 = DIRECTION ( 'NONE',  ( -2.168404344971008868E-16, -1.000000000000000000, -0.000000000000000000 ) ) ;
#85 = CARTESIAN_POINT ( 'NONE',  ( 5.100000000000001421, 2.117001289526832419, -1.884775665206281037 ) ) ;
#86 = ORIENTED_EDGE ( 'NONE', *, *, #260, .F. ) ;
#87 = AXIS2_PLACEMENT_3D ( 'NONE', #346, #439, #771 ) ;
#88 = CARTESIAN_POINT ( 'NONE',  ( 5.099999999999983658, 2.106367322070681336, -3.477899948548177633 ) ) ;
#89 = EDGE_CURVE ( 'NONE', #54, #1263, #348, .T. ) ;
#90 = VERTEX_POINT ( 'NONE', #1220 ) ;
#91 = VECTOR ( 'NONE', #92, 1000.000000000000000 ) ;
#92 = DIRECTION ( 'NONE',  ( -0.000000000000000000, -0.000000000000000000, 1.000000000000000000 ) ) ;
#93 = CARTESIAN_POINT ( 'NONE',  ( 5.100000000000001421, 2.000000000000000000, -2.588272338365388503 ) ) ;
#94 = AXIS2_PLACEMENT_3D ( 'NONE', #965, #472, #448 ) ;
#95 = VERTEX_POINT ( 'NONE', #261 ) ;
#96 = CARTESIAN_POINT ( 'NONE',  ( 6.046972962779899596, 2.000000063962512620, -4.055445394460114095 ) ) ;
#97 = ORIENTED_EDGE ( 'NONE', *, *, #460, .F. ) ;
#98 = DIRECTION ( 'NONE',  ( -2.168404344971008868E-16, 1.000000000000000000, -0.000000000000000000 ) ) ;
#99 = CARTESIAN_POINT ( 'NONE',  ( 5.100000000000001421, 2.438503555447336879, -2.681244937668212369 ) ) ;
#100 = EDGE_CURVE ( 'NONE', #492, #95, #579, .T. ) ;
#101 = CARTESIAN_POINT ( 'NONE',  ( 2.753027037220080686, 2.000000063962571240, -4.055445394460144293 ) ) ;
#102 = B_SPLINE_CURVE_WITH_KNOTS ( 'NONE', 3,
 ( #987, #980, #1213, #440, #139, #367, #1093, #456, #1304, #1198 ),
 .UNSPECIFIED., .F., .F.,
 ( 4, 2, 2, 2, 4 ),
 ( 0.000000000000000000, 0.0004965417472263647424, 0.0009930834944527294848, 0.001489625241679094336, 0.001986166988905458970 ),
 .UNSPECIFIED. ) ;
#103 = ORIENTED_EDGE ( 'NONE', *, *, #1157, .T. ) ;
#104 = CARTESIAN_POINT ( 'NONE',  ( 5.099999999999965894, 2.104201333806550167, -3.894806016491034750 ) ) ;
#105 = ORIENTED_EDGE ( 'NONE', *, *, #504, .T. ) ;
#106 = CARTESIAN_POINT ( 'NONE',  ( 5.025000000000000355, 0.000000000000000000, -5.599999999999999645 ) ) ;
#107 = CARTESIAN_POINT ( 'NONE',  ( 5.100000000000020073, 2.111687736331968157, -2.052869813330561399 ) ) ;
#108 = PRODUCT_DEFINITION_SHAPE ( 'NONE', 'NONE',  #777 ) ;
#109 = ORIENTED_EDGE ( 'NONE', *, *, #582, .F. ) ;
#110 = CARTESIAN_POINT ( 'NONE',  ( 3.699999999999998845, 3.250000000000000444, -1.500961894323342039 ) ) ;
#111 = AXIS2_PLACEMENT_3D ( 'NONE', #479, #169, #494 ) ;
#112 = DIRECTION ( 'NONE',  ( 0.000000000000000000, -1.000000000000000000, -5.719383300295531981E-13 ) ) ;
#113 = CARTESIAN_POINT ( 'NONE',  ( 3.699999999999999289, 2.321756788089010204, -2.876824929999217684 ) ) ;
#114 = VECTOR ( 'NONE', #35, 1000.000000000000000 ) ;
#115 = EDGE_CURVE ( 'NONE', #445, #821, #744, .T. ) ;
#116 = EDGE_LOOP ( 'NONE', ( #209, #66, #843, #1033, #468 ) ) ;
#117 = CARTESIAN_POINT ( 'NONE',  ( 5.100000000000000533, 2.162264906904184603, -2.832456313013680393 ) ) ;
#118 = FACE_OUTER_BOUND ( 'NONE', #902, .T. ) ;
#119 = PRESENTATION_STYLE_ASSIGNMENT (( #1183 ) ) ;
#120 = VERTEX_POINT ( 'NONE', #900 ) ;
#121 = LINE ( 'NONE', #784, #1343 ) ;
#122 = FACE_OUTER_BOUND ( 'NONE', #1243, .T. ) ;
#123 = CARTESIAN_POINT ( 'NONE',  ( 3.699999999999998401, 2.000000000000000000, -2.800000000000000266 ) ) ;
#124 = ORIENTED_EDGE ( 'NONE', *, *, #994, .T. ) ;
#125 = CARTESIAN_POINT ( 'NONE',  ( 5.155560036940813440, 1.999999934409683044, -3.218298975502831283 ) ) ;
#126 = ORIENTED_EDGE ( 'NONE', *, *, #539, .T. ) ;
#127 = EDGE_CURVE ( 'NONE', #967, #357, #291, .T. ) ;
#128 = LINE ( 'NONE', #237, #465 ) ;
#129 = CARTESIAN_POINT ( 'NONE',  ( 3.699999999999998845, 3.250000000000000444, -3.933247577596406419 ) ) ;
#130 = LINE ( 'NONE', #971, #268 ) ;
#131 = VECTOR ( 'NONE', #373, 1000.000000000000000 ) ;
#132 = CARTESIAN_POINT ( 'NONE',  ( 5.100000000000001421, 2.000000000000000000, 0.000000000000000000 ) ) ;
#133 = VECTOR ( 'NONE', #1169, 1000.000000000000000 ) ;
#134 = CARTESIAN_POINT ( 'NONE',  ( 5.099999999999982769, 2.040705452472807657, -3.020458112245720805 ) ) ;
#135 = VECTOR ( 'NONE', #81, 1000.000000000000000 ) ;
#136 = ORIENTED_EDGE ( 'NONE', *, *, #229, .T. ) ;
#137 = DIRECTION ( 'NONE',  ( 0.000000000000000000, -0.000000000000000000, -1.000000000000000000 ) ) ;
#138 = CARTESIAN_POINT ( 'NONE',  ( 6.399999999999999467, 0.000000000000000000, -1.975000000000000533 ) ) ;
#139 = CARTESIAN_POINT ( 'NONE',  ( 5.100000000000002309, 2.998768223487057849, -2.271725902762610882 ) ) ;
#140 = VERTEX_POINT ( 'NONE', #177 ) ;
#141 = CARTESIAN_POINT ( 'NONE',  ( 6.350000000000001421, 2.000000000000000000, 0.000000000000000000 ) ) ;
#142 = ORIENTED_EDGE ( 'NONE', *, *, #1100, .T. ) ;
#143 = CARTESIAN_POINT ( 'NONE',  ( 3.699999999999999289, 2.760175099125793174, -2.499620267597921774 ) ) ;
#144 = CARTESIAN_POINT ( 'NONE',  ( 3.699999999999998845, 2.000000000000000000, 0.0002963548515119539132 ) ) ;
#145 = DIRECTION ( 'NONE',  ( 0.000000000000000000, 0.000000000000000000, -1.000000000000000000 ) ) ;
#146 = DIRECTION ( 'NONE',  ( -1.000000000000000000, 0.000000000000000000, -0.000000000000000000 ) ) ;
#147 = EDGE_CURVE ( 'NONE', #120, #492, #163, .T. ) ;
#148 = ORIENTED_EDGE ( 'NONE', *, *, #1379, .T. ) ;
#149 = CARTESIAN_POINT ( 'NONE',  ( 3.699999999999999734, 2.051991640274366535, -1.537559735847748410 ) ) ;
#150 = CARTESIAN_POINT ( 'NONE',  ( 3.699999999999998845, 2.999079426497877510, -3.328663096328826843 ) ) ;
#151 = DIRECTION ( 'NONE',  ( 0.000000000000000000, 0.000000000000000000, -1.000000000000000000 ) ) ;
#152 = CARTESIAN_POINT ( 'NONE',  ( 2.449999999999998845, 2.000000000000000000, -2.799999999999999822 ) ) ;
#153 = AXIS2_PLACEMENT_3D ( 'NONE', #883, #542, #653 ) ;
#154 = LINE ( 'NONE', #1207, #314 ) ;
#155 = AXIS2_PLACEMENT_3D ( 'NONE', #1196, #453, #1077 ) ;
#156 = ADVANCED_FACE ( 'NONE', ( #59 ), #825, .F. ) ;
#157 = CIRCLE ( 'NONE', #227, 1.250000000000000222 ) ;
#158 = EDGE_LOOP ( 'NONE', ( #1253, #6, #1229, #1082 ) ) ;
#159 = VECTOR ( 'NONE', #697, 1000.000000000000000 ) ;
#160 = CARTESIAN_POINT ( 'NONE',  ( 5.025000000000000355, 0.6250000000000002220, 0.000000000000000000 ) ) ;
#161 = CARTESIAN_POINT ( 'NONE',  ( 6.400000000000001243, 2.000000000000000444, -2.799999999999999822 ) ) ;
#162 = DIRECTION ( 'NONE',  ( 0.000000000000000000, -0.000000000000000000, 1.000000000000000000 ) ) ;
#163 = LINE ( 'NONE', #152, #378 ) ;
#164 = CARTESIAN_POINT ( 'NONE',  ( 0.000000000000000000, 0.000000000000000000, 0.000000000000000000 ) ) ;
#165 = ORIENTED_EDGE ( 'NONE', *, *, #685, .T. ) ;
#166 = CARTESIAN_POINT ( 'NONE',  ( 3.101645445925973466, 1.999999934686621295, -1.702522180345033886 ) ) ;
#167 = EDGE_CURVE ( 'NONE', #723, #875, #1226, .T. ) ;
#168 = DIRECTION ( 'NONE',  ( 1.000000000000000000, -3.336006684570782608E-16, 0.000000000000000000 ) ) ;
#169 = DIRECTION ( 'NONE',  ( 0.000000000000000000, 0.000000000000000000, -1.000000000000000000 ) ) ;
#170 = DIRECTION ( 'NONE',  ( 1.000000000000000000, 0.000000000000000000, -0.000000000000000000 ) ) ;
#171 = ORIENTED_EDGE ( 'NONE', *, *, #1121, .F. ) ;
#172 = CARTESIAN_POINT ( 'NONE',  ( 3.699999999999998401, 2.000000000000000000, -2.800000000000000266 ) ) ;
#173 = ORIENTED_EDGE ( 'NONE', *, *, #278, .T. ) ;
#174 = CARTESIAN_POINT ( 'NONE',  ( 2.464584667352729408, 2.000000000357804453, -4.098477664024039235 ) ) ;
#175 = EDGE_CURVE ( 'NONE', #783, #551, #577, .T. ) ;
#176 = CARTESIAN_POINT ( 'NONE',  ( 5.025000000000000355, 0.6250000000000002220, -5.599999999999999645 ) ) ;
#177 = CARTESIAN_POINT ( 'NONE',  ( 8.800000000000000711, 0.000000000000000000, 0.000000000000000000 ) ) ;
#178 = VECTOR ( 'NONE', #787, 1000.000000000000000 ) ;
#179 = ORIENTED_EDGE ( 'NONE', *, *, #1075, .F. ) ;
#180 = CARTESIAN_POINT ( 'NONE',  ( 5.099999999999930367, 2.014836776003515961, -4.096402190148073608 ) ) ;
#181 = VECTOR ( 'NONE', #811, 1000.000000000000000 ) ;
#182 = VERTEX_POINT ( 'NONE', #818 ) ;
#183 = DIRECTION ( 'NONE',  ( -1.000000000000000000, -2.628368902995161532E-16, 0.000000000000000000 ) ) ;
#184 = PLANE ( 'NONE',  #221 ) ;
#185 = EDGE_CURVE ( 'NONE', #642, #50, #780, .T. ) ;
#186 = VERTEX_POINT ( 'NONE', #611 ) ;
#187 = CARTESIAN_POINT ( 'NONE',  ( 3.187793254301886314, 2.000000098407582527, -1.757931678432143707 ) ) ;
#188 = VERTEX_POINT ( 'NONE', #53 ) ;
#189 = CARTESIAN_POINT ( 'NONE',  ( 3.699999999999998845, 2.823540864532905204, -3.152561859451207038 ) ) ;
#190 = CARTESIAN_POINT ( 'NONE',  ( 6.400000000000001243, 2.000000000000000444, -2.799999999999999822 ) ) ;
#191 = CARTESIAN_POINT ( 'NONE',  ( 5.100000000000001421, 3.250000000000000444, -1.500961894322627499 ) ) ;
#192 = ADVANCED_FACE ( 'NONE', ( #473 ), #480, .T. ) ;
#193 = ORIENTED_EDGE ( 'NONE', *, *, #728, .T. ) ;
#194 = CARTESIAN_POINT ( 'NONE',  ( 5.100000000000001421, 2.321756788088956469, -2.876824929999207026 ) ) ;
#195 = VERTEX_POINT ( 'NONE', #907 ) ;
#196 = CARTESIAN_POINT ( 'NONE',  ( 3.699999999999998845, 3.250000000000000444, -4.099038105676657828 ) ) ;
#197 = CARTESIAN_POINT ( 'NONE',  ( 5.100000000000001421, 2.161961970099921082, -2.766135972845782831 ) ) ;
#198 = ORIENTED_EDGE ( 'NONE', *, *, #858, .F. ) ;
#199 = AXIS2_PLACEMENT_3D ( 'NONE', #447, #877, #40 ) ;
#200 = CARTESIAN_POINT ( 'NONE',  ( 5.100000000000001421, 2.081092681132078681, -2.816224829033434851 ) ) ;
#201 = ORIENTED_EDGE ( 'NONE', *, *, #1084, .T. ) ;
#202 = VECTOR ( 'NONE', #1181, 1000.000000000000000 ) ;
#203 = FACE_OUTER_BOUND ( 'NONE', #1, .T. ) ;
#204 = AXIS2_PLACEMENT_3D ( 'NONE', #795, #691, #1142 ) ;
#205 = CARTESIAN_POINT ( 'NONE',  ( 5.100000000000000533, 2.106367322070672898, -2.122100051451471181 ) ) ;
#206 =( NAMED_UNIT ( * ) SI_UNIT ( $, .STERADIAN. ) SOLID_ANGLE_UNIT ( ) );
#207 = EDGE_LOOP ( 'NONE', ( #938, #696, #284, #926, #499, #1222 ) ) ;
#208 = FACE_OUTER_BOUND ( 'NONE', #700, .T. ) ;
#209 = ORIENTED_EDGE ( 'NONE', *, *, #621, .F. ) ;
#210 = ADVANCED_FACE ( 'NONE', ( #1248 ), #283, .F. ) ;
#211 = DIRECTION ( 'NONE',  ( 0.000000000000000000, 0.000000000000000000, 1.000000000000000000 ) ) ;
#212 = CARTESIAN_POINT ( 'NONE',  ( 5.100000000000001421, 2.760175099125929066, -2.499620267597811640 ) ) ;
#213 = DIRECTION ( 'NONE',  ( 0.000000000000000000, 1.000000000000000000, 0.000000000000000000 ) ) ;
#214 = ORIENTED_EDGE ( 'NONE', *, *, #872, .T. ) ;
#215 = CARTESIAN_POINT ( 'NONE',  ( 5.100000000000002309, 2.764748666506963826, -3.093658338321148449 ) ) ;
#216 = EDGE_CURVE ( 'NONE', #585, #835, #78, .T. ) ;
#217 = DIRECTION ( 'NONE',  ( 0.000000000000000000, 0.000000000000000000, 1.000000000000000000 ) ) ;
#218 = DIRECTION ( 'NONE',  ( -2.168404344971008868E-16, -1.000000000000000000, -0.000000000000000000 ) ) ;
#219 = EDGE_CURVE ( 'NONE', #319, #717, #157, .T. ) ;
#220 = ORIENTED_EDGE ( 'NONE', *, *, #752, .F. ) ;
#221 = AXIS2_PLACEMENT_3D ( 'NONE', #289, #1260, #217 ) ;
#222 = CARTESIAN_POINT ( 'NONE',  ( 3.775000000000000355, 0.6250000000000002220, -5.599999999999999645 ) ) ;
#223 = VECTOR ( 'NONE', #763, 1000.000000000000000 ) ;
#224 = CARTESIAN_POINT ( 'NONE',  ( 3.700000000000000178, 3.217132014833616438, -3.770057891312195597 ) ) ;
#225 = AXIS2_PLACEMENT_3D ( 'NONE', #830, #550, #973 ) ;
#226 = CARTESIAN_POINT ( 'NONE',  ( 3.699999999203222867, 2.020229012222852116, -2.909236164882323727 ) ) ;
#227 = AXIS2_PLACEMENT_3D ( 'NONE', #1365, #267, #374 ) ;
#228 = AXIS2_PLACEMENT_3D ( 'NONE', #161, #897, #168 ) ;
#229 = EDGE_CURVE ( 'NONE', #337, #1301, #879, .T. ) ;
#230 = ORIENTED_EDGE ( 'NONE', *, *, #1185, .T. ) ;
#231 = DIRECTION ( 'NONE',  ( -0.7071067811865424657, 0.7071067811865526798, 0.000000000000000000 ) ) ;
#232 = DIRECTION ( 'NONE',  ( 0.7071067811865424657, 0.7071067811865526798, 0.000000000000000000 ) ) ;
#233 = CARTESIAN_POINT ( 'NONE',  ( 2.449999999999998845, 2.000000000000000000, -5.599999999999999645 ) ) ;
#234 = CARTESIAN_POINT ( 'NONE',  ( 5.842256745118539207, 2.000000065313389808, -3.977151842571078788 ) ) ;
#235 = ADVANCED_FACE ( 'NONE', ( #1017 ), #503, .F. ) ;
#236 = EDGE_LOOP ( 'NONE', ( #623, #452, #379, #421, #674 ) ) ;
#237 = CARTESIAN_POINT ( 'NONE',  ( 3.699999999999998845, 2.000000000000000000, 0.0002963548515119539132 ) ) ;
#238 = PLANE ( 'NONE',  #87 ) ;
#239 = DIRECTION ( 'NONE',  ( -1.000000000000000000, 0.000000000000000000, 0.000000000000000000 ) ) ;
#240 = ORIENTED_EDGE ( 'NONE', *, *, #685, .F. ) ;
#241 = CARTESIAN_POINT ( 'NONE',  ( 5.900937905398897065, 1.999999968018743912, -4.001511456954247592 ) ) ;
#242 = EDGE_LOOP ( 'NONE', ( #894, #429, #1094, #632 ) ) ;
#243 = CARTESIAN_POINT ( 'NONE',  ( 8.800000000000000711, 2.000000000000000000, -5.599999999999999645 ) ) ;
#244 = EDGE_CURVE ( 'NONE', #390, #337, #382, .T. ) ;
#245 = CARTESIAN_POINT ( 'NONE',  ( 5.100000000000001421, 2.000000000000000000, -5.600296354851507452 ) ) ;
#246 = CARTESIAN_POINT ( 'NONE',  ( 4.400000000000000355, 9.498331477354788888, -2.799999999999997602 ) ) ;
#247 = AXIS2_PLACEMENT_3D ( 'NONE', #1266, #1010, #751 ) ;
#248 = CARTESIAN_POINT ( 'NONE',  ( 3.699999999999998845, 8.749999999999998224, 0.0002963548515119539132 ) ) ;
#249 = CONICAL_SURFACE ( 'NONE', #1187, 1.300000000000000044, 0.7853981633974410625 ) ;
#250 = ORIENTED_EDGE ( 'NONE', *, *, #1084, .F. ) ;
#251 = CARTESIAN_POINT ( 'NONE',  ( 3.699999999999999289, 2.014836776003408492, -1.503597809851908940 ) ) ;
#252 = CARTESIAN_POINT ( 'NONE',  ( 6.350000000000001421, 2.000000000000000444, -4.099038105676657828 ) ) ;
#253 = EDGE_CURVE ( 'NONE', #731, #675, #356, .T. ) ;
#254 = LINE ( 'NONE', #878, #21 ) ;
#255 = DIRECTION ( 'NONE',  ( -0.000000000000000000, 1.000000000000000000, -0.000000000000000000 ) ) ;
#256 = VERTEX_POINT ( 'NONE', #1242 ) ;
#257 = LINE ( 'NONE', #243, #933 ) ;
#258 = CARTESIAN_POINT ( 'NONE',  ( 3.700000000000214673, 2.006374735774459683, -4.098792750403752017 ) ) ;
#259 = CARTESIAN_POINT ( 'NONE',  ( 5.100000000000001421, 8.749999999999998224, -5.600296354851507452 ) ) ;
#260 = EDGE_CURVE ( 'NONE', #800, #390, #71, .T. ) ;
#261 = CARTESIAN_POINT ( 'NONE',  ( 3.699999999999998845, 2.000000000000000888, -2.799999999999999822 ) ) ;
#262 = ORIENTED_EDGE ( 'NONE', *, *, #654, .T. ) ;
#263 = CARTESIAN_POINT ( 'NONE',  ( 3.699999999999999289, 2.552035295015788297, -2.631359994667746172 ) ) ;
#264 = ORIENTED_EDGE ( 'NONE', *, *, #167, .F. ) ;
#265 = CARTESIAN_POINT ( 'NONE',  ( 3.699999999999998845, 3.250000000000000444, -2.799999999999999822 ) ) ;
#266 = CARTESIAN_POINT ( 'NONE',  ( 0.000000000000000000, 2.000000000000000000, 0.000000000000000000 ) ) ;
#267 = DIRECTION ( 'NONE',  ( -0.000000000000000000, -0.000000000000000000, -1.000000000000000000 ) ) ;
#268 = VECTOR ( 'NONE', #145, 1000.000000000000000 ) ;
#269 = AXIS2_PLACEMENT_3D ( 'NONE', #656, #876, #469 ) ;
#270 = ADVANCED_FACE ( 'NONE', ( #387 ), #184, .F. ) ;
#271 = VECTOR ( 'NONE', #949, 1000.000000000000000 ) ;
#272 = ORIENTED_EDGE ( 'NONE', *, *, #563, .T. ) ;
#273 = CIRCLE ( 'NONE', #1251, 1.250000000000000222 ) ;
#274 = CARTESIAN_POINT ( 'NONE',  ( 3.699999999999999289, 2.282082219151924996, -2.735148232491767306 ) ) ;
#275 = FACE_OUTER_BOUND ( 'NONE', #620, .T. ) ;
#276 = DIRECTION ( 'NONE',  ( 2.168404344971008868E-16, 1.000000000000000000, 0.000000000000000000 ) ) ;
#277 = CARTESIAN_POINT ( 'NONE',  ( 3.699999999999998845, 9.500000000000000000, -5.600296354851507452 ) ) ;
#278 = EDGE_CURVE ( 'NONE', #762, #279, #442, .T. ) ;
#279 = VERTEX_POINT ( 'NONE', #960 ) ;
#280 = CARTESIAN_POINT ( 'NONE',  ( 3.699999999999989964, 2.087619668662335393, -2.284541787210010888 ) ) ;
#281 = LINE ( 'NONE', #265, #335 ) ;
#282 = CARTESIAN_POINT ( 'NONE',  ( 3.699999999999998845, 8.749999999999998224, -5.600296354851507452 ) ) ;
#283 = PLANE ( 'NONE',  #1259 ) ;
#284 = ORIENTED_EDGE ( 'NONE', *, *, #1062, .T. ) ;
#285 = CARTESIAN_POINT ( 'NONE',  ( 5.099999999999498712, 2.006374735774474338, -4.098792750403744023 ) ) ;
#286 = CARTESIAN_POINT ( 'NONE',  ( 0.000000000000000000, 2.000000000000000000, -5.599999999999999645 ) ) ;
#287 = ADVANCED_FACE ( 'NONE', ( #952 ), #554, .F. ) ;
#288 = LINE ( 'NONE', #594, #997 ) ;
#289 = CARTESIAN_POINT ( 'NONE',  ( 5.100000000000001421, 9.500000000000000000, 0.0002963548515119539132 ) ) ;
#290 = AXIS2_PLACEMENT_3D ( 'NONE', #1052, #98, #732 ) ;
#291 = CIRCLE ( 'NONE', #604, 0.8250000000000001776 ) ;
#292 = CARTESIAN_POINT ( 'NONE',  ( 5.100000000000002309, 3.091284997662502754, -3.466864212983606919 ) ) ;
#293 = VERTEX_POINT ( 'NONE', #409 ) ;
#294 = CARTESIAN_POINT ( 'NONE',  ( 3.699999999999999289, 2.760175099125742104, -3.100379732402020583 ) ) ;
#295 = DIRECTION ( 'NONE',  ( -0.000000000000000000, 1.000000000000000000, -0.000000000000000000 ) ) ;
#296 = EDGE_CURVE ( 'NONE', #719, #1263, #839, .T. ) ;
#297 = DIRECTION ( 'NONE',  ( 0.000000000000000000, 1.000000000000000000, 0.000000000000000000 ) ) ;
#298 = ORIENTED_EDGE ( 'NONE', *, *, #451, .F. ) ;
#299 = CARTESIAN_POINT ( 'NONE',  ( 6.221037476675699729, 1.999999996856182793, -4.087814657905672888 ) ) ;
#300 = EDGE_LOOP ( 'NONE', ( #1375, #1107, #173, #583 ) ) ;
#301 = LINE ( 'NONE', #1147, #627 ) ;
#302 = CARTESIAN_POINT ( 'NONE',  ( 5.100000000000001421, 2.087101689829712114, -1.624879758585805689 ) ) ;
#303 = ADVANCED_FACE ( 'NONE', ( #118 ), #663, .F. ) ;
#304 = ORIENTED_EDGE ( 'NONE', *, *, #669, .T. ) ;
#305 = CARTESIAN_POINT ( 'NONE',  ( 5.100000000000020073, 2.087619668662343386, -3.315458212789921699 ) ) ;
#306 = ORIENTED_EDGE ( 'NONE', *, *, #806, .F. ) ;
#307 = CARTESIAN_POINT ( 'NONE',  ( 3.699999999999998845, 3.250000000000000444, -1.666752547249460648 ) ) ;
#308 = CARTESIAN_POINT ( 'NONE',  ( 5.423373396559328263, 1.999999901592414142, -1.932402757757303524 ) ) ;
#309 = CARTESIAN_POINT ( 'NONE',  ( 3.699999999999998401, 2.000000000000000000, -3.011727661635537512 ) ) ;
#310 = ORIENTED_EDGE ( 'NONE', *, *, #1307, .T. ) ;
#311 = VECTOR ( 'NONE', #892, 1000.000000000000000 ) ;
#312 = CARTESIAN_POINT ( 'NONE',  ( 0.000000000000000000, 2.000000000000000000, -5.599999999999999645 ) ) ;
#313 = ORIENTED_EDGE ( 'NONE', *, *, #941, .T. ) ;
#314 = VECTOR ( 'NONE', #369, 1000.000000000000000 ) ;
#315 = CARTESIAN_POINT ( 'NONE',  ( 6.399999999999999467, 0.000000000000000000, -2.800000000000000711 ) ) ;
#316 = CARTESIAN_POINT ( 'NONE',  ( 3.699999999999999289, 2.438503555447199211, -2.918755062331746419 ) ) ;
#317 = DIRECTION ( 'NONE',  ( -1.000000000000000000, -3.336006684570782608E-16, 0.000000000000000000 ) ) ;
#318 = EDGE_CURVE ( 'NONE', #993, #95, #1201, .T. ) ;
#319 = VERTEX_POINT ( 'NONE', #252 ) ;
#320 = DIRECTION ( 'NONE',  ( -2.168404344971008868E-16, 1.000000000000000000, -0.000000000000000000 ) ) ;
#321 = EDGE_CURVE ( 'NONE', #357, #1018, #677, .T. ) ;
#322 = CARTESIAN_POINT ( 'NONE',  ( 5.100000000000147971, 2.051991640274415385, -1.537559735847764175 ) ) ;
#323 = CARTESIAN_POINT ( 'NONE',  ( 3.187793254301759749, 2.000000098407583859, -3.842068321567965405 ) ) ;
#324 = ORIENTED_EDGE ( 'NONE', *, *, #654, .F. ) ;
#325 = DIRECTION ( 'NONE',  ( -0.000000000000000000, 0.000000000000000000, 1.000000000000000000 ) ) ;
#326 = CARTESIAN_POINT ( 'NONE',  ( 5.100000000000001421, 2.823540864533153005, -2.447438140548599872 ) ) ;
#327 = CARTESIAN_POINT ( 'NONE',  ( 3.699999999999998401, 2.000000000000000000, -2.800000000000000266 ) ) ;
#328 = ORIENTED_EDGE ( 'NONE', *, *, #1170, .F. ) ;
#329 = AXIS2_PLACEMENT_3D ( 'NONE', #266, #151, #569 ) ;
#330 = CARTESIAN_POINT ( 'NONE',  ( 5.100000000000001421, 2.000000000000000888, -2.799999999999999822 ) ) ;
#331 = AXIS2_PLACEMENT_3D ( 'NONE', #683, #726, #183 ) ;
#332 = CYLINDRICAL_SURFACE ( 'NONE', #467, 0.8250000000000001776 ) ;
#333 = CIRCLE ( 'NONE', #441, 1.300000000000000044 ) ;
#334 = EDGE_CURVE ( 'NONE', #1239, #319, #979, .T. ) ;
#335 = VECTOR ( 'NONE', #385, 1000.000000000000000 ) ;
#336 = CARTESIAN_POINT ( 'NONE',  ( 5.100000000000001421, 2.040427901309767922, -2.808085547947296146 ) ) ;
#337 = VERTEX_POINT ( 'NONE', #555 ) ;
#338 = DIRECTION ( 'NONE',  ( 0.000000000000000000, 1.000000000000000000, 0.000000000000000000 ) ) ;
#339 = CARTESIAN_POINT ( 'NONE',  ( 3.699999999999999734, 3.090975275697044555, -3.466347581770170105 ) ) ;
#340 = LINE ( 'NONE', #347, #1298 ) ;
#341 = EDGE_LOOP ( 'NONE', ( #136, #165, #105, #1250, #82, #73, #887, #313, #1271, #272, #1269 ) ) ;
#342 = CYLINDRICAL_SURFACE ( 'NONE', #1113, 1.250000000000000000 ) ;
#343 = ADVANCED_FACE ( 'NONE', ( #778 ), #28, .F. ) ;
#344 = EDGE_LOOP ( 'NONE', ( #1122, #1143 ) ) ;
#345 = CARTESIAN_POINT ( 'NONE',  ( 3.699999999999999734, 2.037791203595830769, -1.523007250597069762 ) ) ;
#346 = CARTESIAN_POINT ( 'NONE',  ( 0.000000000000000000, 2.000000000000000000, 0.000000000000000000 ) ) ;
#347 = CARTESIAN_POINT ( 'NONE',  ( 0.000000000000000000, 2.000000000000000000, 0.000000000000000000 ) ) ;
#348 = LINE ( 'NONE', #354, #513 ) ;
#349 =( LENGTH_UNIT ( ) NAMED_UNIT ( * ) SI_UNIT ( .MILLI., .METRE. ) );
#350 = EDGE_CURVE ( 'NONE', #195, #762, #48, .T. ) ;
#351 = ORIENTED_EDGE ( 'NONE', *, *, #660, .T. ) ;
#352 = CARTESIAN_POINT ( 'NONE',  ( 6.350000000000001421, 2.000000000000000000, -2.799999999999999822 ) ) ;
#353 = FACE_OUTER_BOUND ( 'NONE', #1063, .T. ) ;
#354 = CARTESIAN_POINT ( 'NONE',  ( 5.025000000000000355, 0.6250000000000002220, 0.000000000000000000 ) ) ;
#355 = VECTOR ( 'NONE', #458, 1000.000000000000000 ) ;
#356 = CIRCLE ( 'NONE', #1297, 0.8250000000000001776 ) ;
#357 = VERTEX_POINT ( 'NONE', #1311 ) ;
#358 = ADVANCED_FACE ( 'NONE', ( #1197 ), #238, .F. ) ;
#359 = DIRECTION ( 'NONE',  ( 2.168404344971008868E-16, 1.000000000000000000, 0.000000000000000000 ) ) ;
#360 = CARTESIAN_POINT ( 'NONE',  ( 2.449999999999998845, 3.250000000000000444, -5.599999999999999645 ) ) ;
#361 = CARTESIAN_POINT ( 'NONE',  ( 0.000000000000000000, 0.000000000000000000, 0.000000000000000000 ) ) ;
#362 = DIRECTION ( 'NONE',  ( -1.000000000000000000, 0.000000000000000000, -0.000000000000000000 ) ) ;
#363 = EDGE_LOOP ( 'NONE', ( #1293, #861, #559, #505, #1156, #304, #596, #1168, #1137, #829, #1055, #841, #545, #328 ) ) ;
#364 = DIRECTION ( 'NONE',  ( -2.168404344971008868E-16, 1.000000000000000000, -0.000000000000000000 ) ) ;
#365 = EDGE_LOOP ( 'NONE', ( #324, #476, #10, #819 ) ) ;
#366 = FACE_BOUND ( 'NONE', #388, .T. ) ;
#367 = CARTESIAN_POINT ( 'NONE',  ( 5.100000000000001421, 2.764749363575194518, -2.506341100622976992 ) ) ;
#368 = DIRECTION ( 'NONE',  ( -1.000000000000000000, -2.628368902995161532E-16, 0.000000000000000000 ) ) ;
#369 = DIRECTION ( 'NONE',  ( 0.000000000000000000, 0.000000000000000000, -1.000000000000000000 ) ) ;
#370 = ORIENTED_EDGE ( 'NONE', *, *, #565, .T. ) ;
#371 = CARTESIAN_POINT ( 'NONE',  ( 2.449999999999998845, 3.250000000000000444, -4.099038105676728883 ) ) ;
#372 = CARTESIAN_POINT ( 'NONE',  ( 4.350000000000001421, 8.749999999999998224, -5.600296354851507452 ) ) ;
#373 = DIRECTION ( 'NONE',  ( -0.000000000000000000, -0.000000000000000000, 1.000000000000000000 ) ) ;
#374 = DIRECTION ( 'NONE',  ( -1.000000000000000000, 0.000000000000000000, 0.000000000000000000 ) ) ;
#375 = VECTOR ( 'NONE', #592, 1000.000000000000000 ) ;
#376 = ADVANCED_FACE ( 'NONE', ( #1204 ), #332, .F. ) ;
#377 = CIRCLE ( 'NONE', #1021, 0.8250000000000001776 ) ;
#378 = VECTOR ( 'NONE', #705, 1000.000000000000000 ) ;
#379 = ORIENTED_EDGE ( 'NONE', *, *, #127, .T. ) ;
#380 = DIRECTION ( 'NONE',  ( -0.000000000000000000, -1.000000000000000000, -0.000000000000000000 ) ) ;
#381 = DIRECTION ( 'NONE',  ( -1.000000000000000000, -3.336006684570782608E-16, 0.000000000000000000 ) ) ;
#382 = LINE ( 'NONE', #1351, #181 ) ;
#383 = VERTEX_POINT ( 'NONE', #561 ) ;
#384 = DIRECTION ( 'NONE',  ( 0.000000000000000000, 1.000000000000000000, -5.689893001203926007E-14 ) ) ;
#385 = DIRECTION ( 'NONE',  ( -0.000000000000000000, 0.000000000000000000, 1.000000000000000000 ) ) ;
#386 = PLANE ( 'NONE',  #953 ) ;
#387 = FACE_OUTER_BOUND ( 'NONE', #686, .T. ) ;
#388 = EDGE_LOOP ( 'NONE', ( #638, #1029 ) ) ;
#389 = DIRECTION ( 'NONE',  ( -1.000000000000000000, -3.336006684570782608E-16, 0.000000000000000000 ) ) ;
#390 = VERTEX_POINT ( 'NONE', #245 ) ;
#391 = CARTESIAN_POINT ( 'NONE',  ( 3.700000000000017053, 2.078023376618315599, -4.001127010513589433 ) ) ;
#392 = CARTESIAN_POINT ( 'NONE',  ( 6.399999999999999467, 1.524999999999993916, -3.625000000000000000 ) ) ;
#393 = CARTESIAN_POINT ( 'NONE',  ( 6.350000000000001421, 3.250000000000000444, 0.0002963548515119539132 ) ) ;
#394 = AXIS2_PLACEMENT_3D ( 'NONE', #428, #645, #1066 ) ;
#395 = VECTOR ( 'NONE', #1177, 1000.000000000000000 ) ;
#396 = ORIENTED_EDGE ( 'NONE', *, *, #12, .T. ) ;
#397 = VECTOR ( 'NONE', #589, 1000.000000000000000 ) ;
#398 = VECTOR ( 'NONE', #805, 1000.000000000000000 ) ;
#399 = CARTESIAN_POINT ( 'NONE',  ( 5.100000000000002309, 2.202214569395167132, -2.843380156737609799 ) ) ;
#400 = VECTOR ( 'NONE', #471, 1000.000000000000000 ) ;
#401 = ORIENTED_EDGE ( 'NONE', *, *, #334, .T. ) ;
#402 = EDGE_CURVE ( 'NONE', #675, #1366, #1092, .T. ) ;
#403 = FACE_OUTER_BOUND ( 'NONE', #769, .T. ) ;
#404 = CARTESIAN_POINT ( 'NONE',  ( 5.100000000000000533, 2.104201333806568375, -1.705193983508885625 ) ) ;
#405 = ORIENTED_EDGE ( 'NONE', *, *, #115, .T. ) ;
#406 = CARTESIAN_POINT ( 'NONE',  ( 5.100000000000001421, 2.000000000000000000, -3.011727661634637343 ) ) ;
#407 = ORIENTED_EDGE ( 'NONE', *, *, #470, .F. ) ;
#408 = CARTESIAN_POINT ( 'NONE',  ( 3.699999999999999289, 3.090975038726587076, -2.133652861931717659 ) ) ;
#409 = CARTESIAN_POINT ( 'NONE',  ( 3.699999999999998845, 3.250000000000000444, -5.599999999999999645 ) ) ;
#410 = CARTESIAN_POINT ( 'NONE',  ( 3.699999999999989519, 2.040705452472811654, -3.020458112245228754 ) ) ;
#411 = VERTEX_POINT ( 'NONE', #144 ) ;
#412 = CARTESIAN_POINT ( 'NONE',  ( 5.100000000000001421, 2.760175099125757203, -3.100379732402079203 ) ) ;
#413 = ORIENTED_EDGE ( 'NONE', *, *, #79, .F. ) ;
#414 = PRODUCT ( 'carriage-cable-adapter', 'carriage-cable-adapter', '', ( #481 ) ) ;
#415 = CARTESIAN_POINT ( 'NONE',  ( 5.100000000000001421, 3.250000000000000444, -5.599999999999999645 ) ) ;
#416 = CARTESIAN_POINT ( 'NONE',  ( 5.100000000795943400, 2.020229012246311573, -2.690763835122600867 ) ) ;
#417 = DIRECTION ( 'NONE',  ( 1.000000000000000000, -3.336006684570782608E-16, 0.000000000000000000 ) ) ;
#418 = EDGE_CURVE ( 'NONE', #608, #195, #991, .T. ) ;
#419 = DIRECTION ( 'NONE',  ( 0.000000000000000000, 0.000000000000000000, -1.000000000000000000 ) ) ;
#420 = VECTOR ( 'NONE', #1031, 1000.000000000000000 ) ;
#421 = ORIENTED_EDGE ( 'NONE', *, *, #57, .T. ) ;
#422 = DIRECTION ( 'NONE',  ( 0.000000000000000000, 0.000000000000000000, -1.000000000000000000 ) ) ;
#423 = CARTESIAN_POINT ( 'NONE',  ( 6.335415332647348130, 2.000000000357791574, -1.501522335975989497 ) ) ;
#424 = CARTESIAN_POINT ( 'NONE',  ( 1.574999999999998845, 1.524999999999993694, -2.799999999999999822 ) ) ;
#425 = VERTEX_POINT ( 'NONE', #463 ) ;
#426 = CARTESIAN_POINT ( 'NONE',  ( 3.699999999999999289, 2.324898343969080905, -2.731142155299325580 ) ) ;
#427 = CARTESIAN_POINT ( 'NONE',  ( 5.100000000000001421, 2.624722958526554795, -2.591471127813820274 ) ) ;
#428 = CARTESIAN_POINT ( 'NONE',  ( 6.350000000000001421, 3.250000000000000444, -5.599999999999999645 ) ) ;
#429 = ORIENTED_EDGE ( 'NONE', *, *, #768, .T. ) ;
#430 = EDGE_CURVE ( 'NONE', #1050, #75, #1300, .T. ) ;
#431 = LINE ( 'NONE', #222, #395 ) ;
#432 = DIRECTION ( 'NONE',  ( -1.000000000000000000, 0.000000000000000000, 0.000000000000000000 ) ) ;
#433 = CARTESIAN_POINT ( 'NONE',  ( 3.699999999999999289, 2.399987880702143972, -2.903788859910765296 ) ) ;
#434 = CARTESIAN_POINT ( 'NONE',  ( 5.100000000000002309, 2.117001289526839081, -3.715224334793513439 ) ) ;
#435 = ORIENTED_EDGE ( 'NONE', *, *, #100, .T. ) ;
#436 = VECTOR ( 'NONE', #380, 1000.000000000000000 ) ;
#437 = CARTESIAN_POINT ( 'NONE',  ( 2.512759119521223106, 2.000000006287570908, -1.504136526754843217 ) ) ;
#438 = VECTOR ( 'NONE', #871, 1000.000000000000000 ) ;
#439 = DIRECTION ( 'NONE',  ( 1.000000000000000000, -0.000000000000000000, 0.000000000000000000 ) ) ;
#440 = CARTESIAN_POINT ( 'NONE',  ( 5.099999999999999645, 3.090975275697044555, -2.133652418229828651 ) ) ;
#441 = AXIS2_PLACEMENT_3D ( 'NONE', #564, #1313, #570 ) ;
#442 = CIRCLE ( 'NONE', #652, 1.250000000000000222 ) ;
#443 = DIRECTION ( 'NONE',  ( 0.000000000000000000, 0.000000000000000000, -1.000000000000000000 ) ) ;
#444 = CARTESIAN_POINT ( 'NONE',  ( 5.100000000000001421, 2.000000000000000000, -2.799999999999999822 ) ) ;
#445 = VERTEX_POINT ( 'NONE', #891 ) ;
#446 = DIRECTION ( 'NONE',  ( 0.000000000000000000, 0.000000000000000000, 1.000000000000000000 ) ) ;
#447 = CARTESIAN_POINT ( 'NONE',  ( 6.400000000000001243, 2.000000000000000444, -2.799999999999999822 ) ) ;
#448 = DIRECTION ( 'NONE',  ( 1.000000000000000000, 0.000000000000000000, 0.000000000000000000 ) ) ;
#449 = CARTESIAN_POINT ( 'NONE',  ( 5.025000000000000355, 0.000000000000000000, 0.000000000000000000 ) ) ;
#450 = LINE ( 'NONE', #141, #488 ) ;
#451 = EDGE_CURVE ( 'NONE', #598, #80, #1326, .T. ) ;
#452 = ORIENTED_EDGE ( 'NONE', *, *, #470, .T. ) ;
#453 = DIRECTION ( 'NONE',  ( 2.168404344971008868E-16, 1.000000000000000000, 0.000000000000000000 ) ) ;
#454 =( BOUNDED_SURFACE ( )  B_SPLINE_SURFACE ( 3, 2, ( 
 ( #56, #703, #62 ),
 ( #1233, #258, #51 ),
 ( #76, #785, #174 ),
 ( #599, #1217, #1105 ),
 ( #150, #1002, #1363 ),
 ( #189, #391, #83 ),
 ( #294, #508, #822 ),
 ( #1255, #617, #720 ),
 ( #1146, #1036, #101 ),
 ( #316, #1054, #1079 ),
 ( #433, #759, #840 ),
 ( #113, #1288, #854 ),
 ( #1274, #635, #323 ),
 ( #14, #1061, #743 ),
 ( #864, #847, #641 ),
 ( #942, #410, #1179 ),
 ( #1192, #226, #309 ),
 ( #327, #123, #749 ) ),
 .UNSPECIFIED., .F., .F., .F. ) 
 B_SPLINE_SURFACE_WITH_KNOTS ( ( 4, 2, 2, 2, 2, 2, 2, 2, 4 ),
 ( 3, 3 ),
 ( 0.001954878585665308956, 0.002445456528350938019, 0.002936034471036566649, 0.003181323442379381181, 0.003426612413722195279, 0.003549256899393602761, 0.003671901385065009810, 0.003794545870736416859, 0.003917190356407824342 ),
 ( 0.000000000000000000, 1.000000000000000000 ),
 .UNSPECIFIED. ) 
 GEOMETRIC_REPRESENTATION_ITEM ( )  RATIONAL_B_SPLINE_SURFACE ( (
 ( 1.000000000000000000, 0.7071067811865469066, 1.000000000000000000),
 ( 1.000000000000000000, 0.7089612211609128689, 1.000000000000000000),
 ( 1.000000000000000000, 0.7112317796755505128, 1.000000000000000000),
 ( 1.000000000000000000, 0.7194237941407377601, 1.000000000000000000),
 ( 1.000000000000000000, 0.7247394082351716893, 1.000000000000000000),
 ( 1.000000000000000000, 0.7427118538911238188, 1.000000000000000000),
 ( 1.000000000000000000, 0.7503130820415517821, 1.000000000000000000),
 ( 1.000000000000000000, 0.7731856907808010160, 1.000000000000000000),
 ( 1.000000000000000000, 0.7885335540907147944, 1.000000000000000000),
 ( 1.000000000000000000, 0.8244806815885672435, 1.000000000000000000),
 ( 1.000000000000000000, 0.8386777096603249548, 1.000000000000000000),
 ( 1.000000000000000000, 0.8723193565691360618, 1.000000000000000000),
 ( 1.000000000000000000, 0.8919336115355928074, 1.000000000000000000),
 ( 1.000000000000000000, 0.9333159292653240291, 1.000000000000000000),
 ( 1.000000000000000000, 0.9551874549096105449, 1.000000000000000000),
 ( 1.000000000000000000, 0.9889697114302208325, 1.000000000000000000),
 ( 1.000000000000000000, 1.000272277120889175, 1.000000000000000000),
 ( 1.000000000000000000, 1.000000000000000000, 1.000000000000000000) ) ) 
 REPRESENTATION_ITEM ( '' )  SURFACE ( )  );
#455 = CARTESIAN_POINT ( 'NONE',  ( 3.699999999999998845, 2.000000000000000888, -2.799999999999999822 ) ) ;
#456 = CARTESIAN_POINT ( 'NONE',  ( 5.100000000000001421, 2.324899531674573527, -2.731141774424144408 ) ) ;
#457 = DIRECTION ( 'NONE',  ( -0.000000000000000000, 0.000000000000000000, 1.000000000000000000 ) ) ;
#458 = DIRECTION ( 'NONE',  ( 1.000000000000000000, 0.000000000000000000, 0.000000000000000000 ) ) ;
#459 = ADVANCED_FACE ( 'NONE', ( #122 ), #547, .T. ) ;
#460 = EDGE_CURVE ( 'NONE', #1110, #256, #923, .T. ) ;
#461 = ORIENTED_EDGE ( 'NONE', *, *, #746, .F. ) ;
#462 = DIRECTION ( 'NONE',  ( 0.000000000000000000, -1.000000000000000000, 0.000000000000000000 ) ) ;
#463 = CARTESIAN_POINT ( 'NONE',  ( 3.224999999999999645, 1.524999999999993916, -2.799999999999999822 ) ) ;
#464 = LINE ( 'NONE', #1312, #438 ) ;
#465 = VECTOR ( 'NONE', #39, 1000.000000000000000 ) ;
#466 = DIRECTION ( 'NONE',  ( 0.000000000000000000, 0.000000000000000000, -1.000000000000000000 ) ) ;
#467 = AXIS2_PLACEMENT_3D ( 'NONE', #1319, #671, #1211 ) ;
#468 = ORIENTED_EDGE ( 'NONE', *, *, #954, .F. ) ;
#469 = DIRECTION ( 'NONE',  ( 1.000000000000000000, 0.000000000000000000, 0.000000000000000000 ) ) ;
#470 = EDGE_CURVE ( 'NONE', #731, #967, #1355, .T. ) ;
#471 = DIRECTION ( 'NONE',  ( -0.000000000000000000, -1.000000000000000000, -0.000000000000000000 ) ) ;
#472 = DIRECTION ( 'NONE',  ( -0.000000000000000000, -0.000000000000000000, -1.000000000000000000 ) ) ;
#473 = FACE_OUTER_BOUND ( 'NONE', #365, .T. ) ;
#474 = ORIENTED_EDGE ( 'NONE', *, *, #1141, .F. ) ;
#475 = CARTESIAN_POINT ( 'NONE',  ( 2.957743254881460171, 2.000000065313377817, -1.622848157428925298 ) ) ;
#476 = ORIENTED_EDGE ( 'NONE', *, *, #563, .F. ) ;
#477 = FACE_OUTER_BOUND ( 'NONE', #790, .T. ) ;
#478 = EDGE_CURVE ( 'NONE', #920, #337, #609, .T. ) ;
#479 = CARTESIAN_POINT ( 'NONE',  ( 2.449999999999998845, 3.250000000000000444, 0.0002963548515119539132 ) ) ;
#480 = CYLINDRICAL_SURFACE ( 'NONE', #673, 0.7499999999999997780 ) ;
#481 = PRODUCT_CONTEXT ( 'NONE', #1167, 'mechanical' ) ;
#482 = ORIENTED_EDGE ( 'NONE', *, *, #948, .T. ) ;
#483 = DIRECTION ( 'NONE',  ( 0.000000000000000000, 5.689893001203926007E-14, 1.000000000000000000 ) ) ;
#484 = CARTESIAN_POINT ( 'NONE',  ( 6.399999999999999467, 0.000000000000000000, -3.625000000000000888 ) ) ;
#485 = DIRECTION ( 'NONE',  ( -2.168404344971008868E-16, 1.000000000000000000, -0.000000000000000000 ) ) ;
#486 = DIRECTION ( 'NONE',  ( 2.168404344971008868E-16, 1.000000000000000000, 0.000000000000000000 ) ) ;
#487 = VECTOR ( 'NONE', #295, 1000.000000000000000 ) ;
#488 = VECTOR ( 'NONE', #1342, 1000.000000000000000 ) ;
#489 = VECTOR ( 'NONE', #1126, 1000.000000000000000 ) ;
#490 = ORIENTED_EDGE ( 'NONE', *, *, #797, .F. ) ;
#491 = DIRECTION ( 'NONE',  ( 0.000000000000000000, 0.000000000000000000, 1.000000000000000000 ) ) ;
#492 = VERTEX_POINT ( 'NONE', #816 ) ;
#493 = LINE ( 'NONE', #286, #400 ) ;
#494 = DIRECTION ( 'NONE',  ( -1.000000000000000000, 0.000000000000000000, 0.000000000000000000 ) ) ;
#495 = CARTESIAN_POINT ( 'NONE',  ( 5.100000000000001421, 9.500000000000000000, -5.600296354851507452 ) ) ;
#496 = ADVANCED_FACE ( 'NONE', ( #477 ), #911, .F. ) ;
#497 = ORIENTED_EDGE ( 'NONE', *, *, #100, .F. ) ;
#498 = CARTESIAN_POINT ( 'NONE',  ( 5.100000000000072475, 2.037791203595724632, -4.076992749402949201 ) ) ;
#499 = ORIENTED_EDGE ( 'NONE', *, *, #1209, .F. ) ;
#500 = APPLICATION_CONTEXT ( 'automotive_design' ) ;
#501 = PLANE ( 'NONE',  #716 ) ;
#502 = DIRECTION ( 'NONE',  ( 1.000000000000000000, 0.000000000000000000, 0.000000000000000000 ) ) ;
#503 = CYLINDRICAL_SURFACE ( 'NONE', #957, 1.250000000000000222 ) ;
#504 = EDGE_CURVE ( 'NONE', #293, #993, #281, .T. ) ;
#505 = ORIENTED_EDGE ( 'NONE', *, *, #872, .F. ) ;
#506 = CARTESIAN_POINT ( 'NONE',  ( 3.699999999999999734, 2.104201333806585694, -1.705193983509017519 ) ) ;
#507 = ORIENTED_EDGE ( 'NONE', *, *, #855, .T. ) ;
#508 = CARTESIAN_POINT ( 'NONE',  ( 3.699999999999999289, 2.087101689829776952, -3.975120241414062061 ) ) ;
#509 = DIRECTION ( 'NONE',  ( -0.000000000000000000, 0.000000000000000000, 1.000000000000000000 ) ) ;
#510 = CARTESIAN_POINT ( 'NONE',  ( 6.343431846531472296, 2.000000000000000000, -1.501214702359696229 ) ) ;
#511 = AXIS2_PLACEMENT_3D ( 'NONE', #756, #446, #978 ) ;
#512 = ORIENTED_EDGE ( 'NONE', *, *, #1026, .T. ) ;
#513 = VECTOR ( 'NONE', #255, 1000.000000000000000 ) ;
#514 = CARTESIAN_POINT ( 'NONE',  ( 0.000000000000000000, 0.000000000000000000, 0.000000000000000000 ) ) ;
#515 = CIRCLE ( 'NONE', #94, 0.7499999999999997780 ) ;
#516 = ORIENTED_EDGE ( 'NONE', *, *, #1008, .T. ) ;
#517 = ADVANCED_FACE ( 'NONE', ( #682, #366 ), #501, .T. ) ;
#518 = CARTESIAN_POINT ( 'NONE',  ( 3.699999999999998845, 9.500000000000000000, 0.0002963548515119539132 ) ) ;
#519 = CARTESIAN_POINT ( 'NONE',  ( 5.100000000000001421, 2.000000000000000000, -2.800000000000000266 ) ) ;
#520 = ORIENTED_EDGE ( 'NONE', *, *, #296, .T. ) ;
#521 = CARTESIAN_POINT ( 'NONE',  ( 5.100000000000002309, 2.438503555447181892, -2.918755062331729544 ) ) ;
#522 = ORIENTED_EDGE ( 'NONE', *, *, #815, .T. ) ;
#523 = CARTESIAN_POINT ( 'NONE',  ( 0.000000000000000000, 2.000000000000000000, -5.599999999999999645 ) ) ;
#524 = EDGE_CURVE ( 'NONE', #319, #195, #1228, .T. ) ;
#525 = CARTESIAN_POINT ( 'NONE',  ( 6.192902685311374888, 2.000000013413766986, -1.515834401803499265 ) ) ;
#526 = SURFACE_STYLE_FILL_AREA ( #734 ) ;
#527 = ORIENTED_EDGE ( 'NONE', *, *, #746, .T. ) ;
#528 = ORIENTED_EDGE ( 'NONE', *, *, #167, .T. ) ;
#529 = DIRECTION ( 'NONE',  ( 1.000000000000000000, 0.000000000000000000, 0.000000000000000000 ) ) ;
#530 = CARTESIAN_POINT ( 'NONE',  ( 5.698354554074416711, 1.999999934686630398, -1.702522180344792524 ) ) ;
#531 = DIRECTION ( 'NONE',  ( 0.000000000000000000, -1.000000000000000000, 0.000000000000000000 ) ) ;
#532 = VECTOR ( 'NONE', #959, 1000.000000000000000 ) ;
#533 = ORIENTED_EDGE ( 'NONE', *, *, #739, .F. ) ;
#534 = AXIS2_PLACEMENT_3D ( 'NONE', #893, #443, #665 ) ;
#535 = DIRECTION ( 'NONE',  ( 0.000000000000000000, 0.000000000000000000, -1.000000000000000000 ) ) ;
#536 = VECTOR ( 'NONE', #758, 1000.000000000000000 ) ;
#537 = CARTESIAN_POINT ( 'NONE',  ( 5.100000000000020073, 2.040705452472812986, -2.579541887754122964 ) ) ;
#538 =( LENGTH_UNIT ( ) NAMED_UNIT ( * ) SI_UNIT ( .MILLI., .METRE. ) );
#539 = EDGE_CURVE ( 'NONE', #655, #800, #1004, .T. ) ;
#540 = ORIENTED_EDGE ( 'NONE', *, *, #216, .F. ) ;
#541 = CARTESIAN_POINT ( 'NONE',  ( 5.025000000000000355, 0.6250000000000002220, -5.599999999999999645 ) ) ;
#542 = DIRECTION ( 'NONE',  ( -0.000000000000000000, 1.000000000000000000, -0.000000000000000000 ) ) ;
#543 = CARTESIAN_POINT ( 'NONE',  ( 7.225000000000001421, 1.524999999999993694, -2.799999999999999822 ) ) ;
#544 = CARTESIAN_POINT ( 'NONE',  ( 5.100000000000002309, 2.112552449064928783, -3.842767890169121792 ) ) ;
#545 = ORIENTED_EDGE ( 'NONE', *, *, #1358, .T. ) ;
#546 = CARTESIAN_POINT ( 'NONE',  ( 3.699999999999999289, 3.250000000000000444, -1.500961894323342039 ) ) ;
#547 = CYLINDRICAL_SURFACE ( 'NONE', #1324, 0.7499999999999997780 ) ;
#548 = LINE ( 'NONE', #664, #866 ) ;
#549 = LINE ( 'NONE', #132, #271 ) ;
#550 = DIRECTION ( 'NONE',  ( -2.168404344971008868E-16, 1.000000000000000000, -0.000000000000000000 ) ) ;
#551 = VERTEX_POINT ( 'NONE', #586 ) ;
#552 = CARTESIAN_POINT ( 'NONE',  ( 1.099999999999999423, 2.000000000000000000, -2.799999999999999822 ) ) ;
#553 = VECTOR ( 'NONE', #231, 999.9999999999998863 ) ;
#554 =( BOUNDED_SURFACE ( )  B_SPLINE_SURFACE ( 3, 2, ( 
 ( #191, #8, #4 ),
 ( #846, #1053, #510 ),
 ( #1038, #1060, #423 ),
 ( #1281, #1267, #748 ),
 ( #1291, #322, #853 ),
 ( #326, #742, #1173 ),
 ( #212, #302, #525 ),
 ( #427, #404, #727 ),
 ( #1162, #634, #1148 ),
 ( #99, #85, #932 ),
 ( #834, #1287, #859 ),
 ( #640, #107, #530 ),
 ( #947, #205, #1178 ),
 ( #1155, #644, #308 ),
 ( #197, #1065, #1373 ),
 ( #625, #537, #1386 ),
 ( #1045, #416, #93 ),
 ( #519, #940, #1380 ) ),
 .UNSPECIFIED., .F., .F., .F. ) 
 B_SPLINE_SURFACE_WITH_KNOTS ( ( 4, 2, 2, 2, 2, 2, 2, 2, 4 ),
 ( 3, 3 ),
 ( 0.001954878585664665373, 0.002445456528350455332, 0.002936034471036245291, 0.003181323442379140054, 0.003426612413722035250, 0.003549256899393483065, 0.003671901385064930447, 0.003794545870736377828, 0.003917190356407825209 ),
 ( 0.000000000000000000, 1.000000000000000000 ),
 .UNSPECIFIED. ) 
 GEOMETRIC_REPRESENTATION_ITEM ( )  RATIONAL_B_SPLINE_SURFACE ( (
 ( 1.000000000000000000, 0.7071067811865398012, 1.000000000000000000),
 ( 1.000000000000000000, 0.7089612211609122028, 1.000000000000000000),
 ( 1.000000000000000000, 0.7112317796755297516, 1.000000000000000000),
 ( 1.000000000000000000, 0.7194237941407343184, 1.000000000000000000),
 ( 1.000000000000000000, 0.7247394082351628075, 1.000000000000000000),
 ( 1.000000000000000000, 0.7427118538910931766, 1.000000000000000000),
 ( 1.000000000000000000, 0.7503130820415140345, 1.000000000000000000),
 ( 1.000000000000000000, 0.7731856907807708179, 1.000000000000000000),
 ( 1.000000000000000000, 0.7885335540906500684, 1.000000000000000000),
 ( 1.000000000000000000, 0.8244806815885281637, 1.000000000000000000),
 ( 1.000000000000000000, 0.8386777096603017512, 1.000000000000000000),
 ( 1.000000000000000000, 0.8723193565690642304, 1.000000000000000000),
 ( 1.000000000000000000, 0.8919336115355174233, 1.000000000000000000),
 ( 1.000000000000000000, 0.9333159292653172567, 1.000000000000000000),
 ( 1.000000000000000000, 0.9551874549096794897, 1.000000000000000000),
 ( 1.000000000000000000, 0.9889697114301216896, 1.000000000000000000),
 ( 1.000000000000000000, 1.000272277120965558, 1.000000000000000000),
 ( 1.000000000000000000, 1.000000000000000000, 1.000000000000000000) ) ) 
 REPRESENTATION_ITEM ( '' )  SURFACE ( )  );
#555 = CARTESIAN_POINT ( 'NONE',  ( 3.699999999999998845, 2.000000000000000000, -5.600296354851507452 ) ) ;
#556 = CARTESIAN_POINT ( 'NONE',  ( 0.000000000000000000, 2.000000000000000000, 0.000000000000000000 ) ) ;
#557 = LINE ( 'NONE', #982, #629 ) ;
#558 = CARTESIAN_POINT ( 'NONE',  ( 5.100000000000001421, 2.000000000000000000, -2.800000000000000266 ) ) ;
#559 = ORIENTED_EDGE ( 'NONE', *, *, #797, .T. ) ;
#560 = CARTESIAN_POINT ( 'NONE',  ( 3.699999999999999289, 3.091284997662503642, -2.133135787016357199 ) ) ;
#561 = CARTESIAN_POINT ( 'NONE',  ( 8.800000000000000711, 2.000000000000000000, 0.000000000000000000 ) ) ;
#562 = CYLINDRICAL_SURFACE ( 'NONE', #626, 0.8250000000000001776 ) ;
#563 = EDGE_CURVE ( 'NONE', #75, #920, #1240, .T. ) ;
#564 = CARTESIAN_POINT ( 'NONE',  ( 2.399999999999999467, 2.000000000000000444, -2.799999999999999822 ) ) ;
#565 = EDGE_CURVE ( 'NONE', #821, #293, #273, .T. ) ;
#566 = ORIENTED_EDGE ( 'NONE', *, *, #402, .T. ) ;
#567 = CARTESIAN_POINT ( 'NONE',  ( 2.694213323800271898, 1.999999986586218581, -1.532952623210332543 ) ) ;
#568 = CARTESIAN_POINT ( 'NONE',  ( 7.700000000000001066, 2.000000000000000000, -2.799999999999999822 ) ) ;
#569 = DIRECTION ( 'NONE',  ( -1.000000000000000000, 0.000000000000000000, -0.000000000000000000 ) ) ;
#570 = DIRECTION ( 'NONE',  ( -1.000000000000000000, -3.336006684570782608E-16, 0.000000000000000000 ) ) ;
#571 = ORIENTED_EDGE ( 'NONE', *, *, #948, .F. ) ;
#572 = CARTESIAN_POINT ( 'NONE',  ( 2.578962523324371148, 1.999999996856214546, -1.512185342094303886 ) ) ;
#573 = AXIS2_PLACEMENT_3D ( 'NONE', #372, #69, #574 ) ;
#574 = DIRECTION ( 'NONE',  ( 1.000000000000000000, 2.312964634635743450E-15, 0.000000000000000000 ) ) ;
#575 = CARTESIAN_POINT ( 'NONE',  ( 4.400000000000000355, 9.498331477354788888, -5.600296354851507452 ) ) ;
#576 = CIRCLE ( 'NONE', #331, 0.8250000000000001776 ) ;
#577 = LINE ( 'NONE', #1335, #1069 ) ;
#578 = PRODUCT_DEFINITION_FORMATION_WITH_SPECIFIED_SOURCE ( 'ANY', '', #414, .NOT_KNOWN. ) ;
#579 = CIRCLE ( 'NONE', #25, 1.300000000000000044 ) ;
#580 = APPLICATION_PROTOCOL_DEFINITION ( 'draft international standard', 'automotive_design', 1998, #1167 ) ;
#581 = VECTOR ( 'NONE', #531, 1000.000000000000000 ) ;
#582 = EDGE_CURVE ( 'NONE', #1289, #256, #493, .T. ) ;
#583 = ORIENTED_EDGE ( 'NONE', *, *, #1041, .F. ) ;
#584 = CARTESIAN_POINT ( 'NONE',  ( 3.699999999999999289, 2.399987880702117327, -2.696211140089254776 ) ) ;
#585 = VERTEX_POINT ( 'NONE', #1224 ) ;
#586 = CARTESIAN_POINT ( 'NONE',  ( 5.100000000000001421, 2.000000000000000000, 0.000000000000000000 ) ) ;
#587 = FACE_OUTER_BOUND ( 'NONE', #1276, .T. ) ;
#588 = CARTESIAN_POINT ( 'NONE',  ( 4.449999999999999289, 8.749999999999998224, 0.000000000000000000 ) ) ;
#589 = DIRECTION ( 'NONE',  ( -0.000000000000000000, -0.000000000000000000, 1.000000000000000000 ) ) ;
#590 = ORIENTED_EDGE ( 'NONE', *, *, #296, .F. ) ;
#591 = CARTESIAN_POINT ( 'NONE',  ( 3.699999999999998845, 3.250000000000000444, 0.000000000000000000 ) ) ;
#592 = DIRECTION ( 'NONE',  ( 0.000000000000000000, -0.000000000000000000, -1.000000000000000000 ) ) ;
#593 = ADVANCED_FACE ( 'NONE', ( #1339 ), #1030, .F. ) ;
#594 = CARTESIAN_POINT ( 'NONE',  ( 8.800000000000000711, 0.000000000000000000, 0.000000000000000000 ) ) ;
#595 = DIRECTION ( 'NONE',  ( 0.000000000000000000, -1.000000000000000000, 0.000000000000000000 ) ) ;
#596 = ORIENTED_EDGE ( 'NONE', *, *, #19, .F. ) ;
#597 = CARTESIAN_POINT ( 'NONE',  ( 2.399999999999999467, 2.000000000000000444, -2.799999999999999822 ) ) ;
#598 = VERTEX_POINT ( 'NONE', #1009 ) ;
#599 = CARTESIAN_POINT ( 'NONE',  ( 3.699999999999999289, 3.091284997662582690, -3.466864212983904903 ) ) ;
#600 = DIRECTION ( 'NONE',  ( 0.000000000000000000, 0.000000000000000000, 1.000000000000000000 ) ) ;
#601 = ADVANCED_FACE ( 'NONE', ( #275 ), #454, .F. ) ;
#602 = DIRECTION ( 'NONE',  ( -2.168404344971008868E-16, 1.000000000000000000, -0.000000000000000000 ) ) ;
#603 = VECTOR ( 'NONE', #509, 1000.000000000000000 ) ;
#604 = AXIS2_PLACEMENT_3D ( 'NONE', #1119, #486, #722 ) ;
#605 = EDGE_LOOP ( 'NONE', ( #527, #482, #1176, #124, #915, #109, #250, #370, #240, #908, #540, #837, #198, #1027 ) ) ;
#606 = MANIFOLD_SOLID_BREP ( 'Fillet2', #955 ) ;
#607 = CARTESIAN_POINT ( 'NONE',  ( 5.100000000000002309, 3.217337578177509982, -3.770782697771505543 ) ) ;
#608 = VERTEX_POINT ( 'NONE', #543 ) ;
#609 = LINE ( 'NONE', #1332, #436 ) ;
#610 = CARTESIAN_POINT ( 'NONE',  ( 3.699999999999998845, 2.000000000000000000, 0.0002963548515119539132 ) ) ;
#611 = CARTESIAN_POINT ( 'NONE',  ( 1.099999999999999201, 2.000000000000000000, -2.799999999999999822 ) ) ;
#612 = EDGE_CURVE ( 'NONE', #1018, #319, #824, .T. ) ;
#613 = EDGE_CURVE ( 'NONE', #585, #1239, #1109, .T. ) ;
#614 = ORIENTED_EDGE ( 'NONE', *, *, #855, .F. ) ;
#615 = CARTESIAN_POINT ( 'NONE',  ( 3.700000000000017497, 2.112552449064983850, -1.757232109830914490 ) ) ;
#616 = ORIENTED_EDGE ( 'NONE', *, *, #1316, .F. ) ;
#617 = CARTESIAN_POINT ( 'NONE',  ( 3.699999999999998845, 2.104201333806556384, -3.894806016491007661 ) ) ;
#618 = DIRECTION ( 'NONE',  ( -0.000000000000000000, -1.000000000000000000, -0.000000000000000000 ) ) ;
#619 = CARTESIAN_POINT ( 'NONE',  ( 6.350000000000001421, 3.250000000000000444, -1.500961894322627277 ) ) ;
#620 = EDGE_LOOP ( 'NONE', ( #904, #42, #856 ) ) ;
#621 = EDGE_CURVE ( 'NONE', #598, #943, #1188, .T. ) ;
#622 = DIRECTION ( 'NONE',  ( 1.000000000000000000, 0.000000000000000000, 0.000000000000000000 ) ) ;
#623 = ORIENTED_EDGE ( 'NONE', *, *, #253, .F. ) ;
#624 = LINE ( 'NONE', #1072, #532 ) ;
#625 = CARTESIAN_POINT ( 'NONE',  ( 5.100000000000001421, 2.081092681132111988, -2.783775170966558576 ) ) ;
#626 = AXIS2_PLACEMENT_3D ( 'NONE', #1003, #678, #689 ) ;
#627 = VECTOR ( 'NONE', #618, 1000.000000000000000 ) ;
#628 = ORIENTED_EDGE ( 'NONE', *, *, #1358, .F. ) ;
#629 = VECTOR ( 'NONE', #885, 1000.000000000000000 ) ;
#630 = CARTESIAN_POINT ( 'NONE',  ( 5.099999999682916396, 2.020229012253774936, -2.909236164876090491 ) ) ;
#631 = EDGE_CURVE ( 'NONE', #1237, #783, #1292, .T. ) ;
#632 = ORIENTED_EDGE ( 'NONE', *, *, #244, .F. ) ;
#633 = LINE ( 'NONE', #106, #91 ) ;
#634 = CARTESIAN_POINT ( 'NONE',  ( 5.100000000000000533, 2.112552449064918125, -1.757232109830666245 ) ) ;
#635 = CARTESIAN_POINT ( 'NONE',  ( 3.699999999999999734, 2.106367322070687553, -3.477899948548219378 ) ) ;
#636 = ORIENTED_EDGE ( 'NONE', *, *, #941, .F. ) ;
#637 = CARTESIAN_POINT ( 'NONE',  ( 5.319756103770973077, 2.000000065590317178, -3.546108579593251431 ) ) ;
#638 = ORIENTED_EDGE ( 'NONE', *, *, #1102, .T. ) ;
#639 = CARTESIAN_POINT ( 'NONE',  ( 3.775000000000000355, 0.000000000000000000, 0.000000000000000000 ) ) ;
#640 = CARTESIAN_POINT ( 'NONE',  ( 5.100000000000001421, 2.321756788089111456, -2.723175070000730891 ) ) ;
#641 = CARTESIAN_POINT ( 'NONE',  ( 3.480243896228506273, 2.000000065590309628, -3.546108579594269283 ) ) ;
#642 = VERTEX_POINT ( 'NONE', #424 ) ;
#643 = CARTESIAN_POINT ( 'NONE',  ( 3.699999999999999734, 2.998767863210234808, -2.271726401745544965 ) ) ;
#644 = CARTESIAN_POINT ( 'NONE',  ( 5.100000000000000533, 2.087619668662399786, -2.284541787210012664 ) ) ;
#645 = DIRECTION ( 'NONE',  ( 0.000000000000000000, 0.000000000000000000, 1.000000000000000000 ) ) ;
#646 = ADVANCED_BREP_SHAPE_REPRESENTATION ( 'carriage-cable-adapter', ( #606, #1258 ), #1068 ) ;
#647 = VECTOR ( 'NONE', #1073, 1000.000000000000000 ) ;
#648 = CIRCLE ( 'NONE', #269, 0.6249999999999996669 ) ;
#649 = ORIENTED_EDGE ( 'NONE', *, *, #350, .T. ) ;
#650 = CIRCLE ( 'NONE', #225, 0.8250000000000001776 ) ;
#651 = CARTESIAN_POINT ( 'NONE',  ( 4.400000000000000355, 9.498331477354788888, 0.0002963548515119539132 ) ) ;
#652 = AXIS2_PLACEMENT_3D ( 'NONE', #619, #733, #112 ) ;
#653 = DIRECTION ( 'NONE',  ( 0.000000000000000000, 0.000000000000000000, 1.000000000000000000 ) ) ;
#654 = EDGE_CURVE ( 'NONE', #920, #655, #515, .T. ) ;
#655 = VERTEX_POINT ( 'NONE', #575 ) ;
#656 = CARTESIAN_POINT ( 'NONE',  ( 4.400000000000000355, 0.6250000000000002220, -5.599999999999999645 ) ) ;
#657 = CARTESIAN_POINT ( 'NONE',  ( 8.800000000000000711, 2.000000000000000000, 0.000000000000000000 ) ) ;
#658 = ORIENTED_EDGE ( 'NONE', *, *, #46, .T. ) ;
#659 = CARTESIAN_POINT ( 'NONE',  ( 5.100000000000001421, 2.999079426497972989, -3.328663096328923210 ) ) ;
#660 = EDGE_CURVE ( 'NONE', #90, #1195, #794, .T. ) ;
#661 = ORIENTED_EDGE ( 'NONE', *, *, #185, .F. ) ;
#662 = FACE_OUTER_BOUND ( 'NONE', #945, .T. ) ;
#663 = CYLINDRICAL_SURFACE ( 'NONE', #153, 0.8250000000000001776 ) ;
#664 = CARTESIAN_POINT ( 'NONE',  ( 3.699999999999998845, 2.000000000000000000, -5.599999999999999645 ) ) ;
#665 = DIRECTION ( 'NONE',  ( -1.000000000000000000, 0.000000000000000000, 0.000000000000000000 ) ) ;
#666 = CARTESIAN_POINT ( 'NONE',  ( 5.612206745698223642, 2.000000098407582971, -3.842068321567958744 ) ) ;
#667 = ORIENTED_EDGE ( 'NONE', *, *, #954, .T. ) ;
#668 = AXIS2_PLACEMENT_3D ( 'NONE', #49, #338, #1325 ) ;
#669 = EDGE_CURVE ( 'NONE', #182, #16, #1184, .T. ) ;
#670 = CARTESIAN_POINT ( 'NONE',  ( 3.699999999999999289, 3.250000005513243195, -1.666504427259568377 ) ) ;
#671 = DIRECTION ( 'NONE',  ( -0.000000000000000000, 1.000000000000000000, -0.000000000000000000 ) ) ;
#672 = DIRECTION ( 'NONE',  ( -0.000000000000000000, -0.000000000000000000, -1.000000000000000000 ) ) ;
#673 = AXIS2_PLACEMENT_3D ( 'NONE', #588, #925, #1011 ) ;
#674 = ORIENTED_EDGE ( 'NONE', *, *, #402, .F. ) ;
#675 = VERTEX_POINT ( 'NONE', #1320 ) ;
#676 = CARTESIAN_POINT ( 'NONE',  ( 3.699999999999999289, 2.999079426497972989, -2.271336903671113294 ) ) ;
#677 = LINE ( 'NONE', #863, #647 ) ;
#678 = DIRECTION ( 'NONE',  ( -0.000000000000000000, 1.000000000000000000, -0.000000000000000000 ) ) ;
#679 = CARTESIAN_POINT ( 'NONE',  ( 2.399999999999999467, 2.000000000000000444, -2.799999999999999822 ) ) ;
#680 = ORIENTED_EDGE ( 'NONE', *, *, #612, .T. ) ;
#681 = CARTESIAN_POINT ( 'NONE',  ( 2.449999999999998845, 2.000000000000000000, -1.500961894323342927 ) ) ;
#682 = FACE_OUTER_BOUND ( 'NONE', #1115, .T. ) ;
#683 = CARTESIAN_POINT ( 'NONE',  ( 2.399999999999999467, 1.524999999999993916, -2.799999999999999822 ) ) ;
#684 = ORIENTED_EDGE ( 'NONE', *, *, #565, .F. ) ;
#685 = EDGE_CURVE ( 'NONE', #1301, #293, #548, .T. ) ;
#686 = EDGE_LOOP ( 'NONE', ( #142, #38, #193, #86, #230, #528, #1042, #1329, #1012, #1130, #512 ) ) ;
#687 = CARTESIAN_POINT ( 'NONE',  ( 3.700000000000009059, 2.106367322070691106, -2.122100051451899727 ) ) ;
#688 = CARTESIAN_POINT ( 'NONE',  ( 0.000000000000000000, 2.000000000000000000, 0.000000000000000000 ) ) ;
#689 = DIRECTION ( 'NONE',  ( 0.000000000000000000, 0.000000000000000000, 1.000000000000000000 ) ) ;
#690 = CIRCLE ( 'NONE', #999, 1.300000000000000044 ) ;
#691 = DIRECTION ( 'NONE',  ( 0.000000000000000000, -1.000000000000000000, 0.000000000000000000 ) ) ;
#692 =( BOUNDED_SURFACE ( )  B_SPLINE_SURFACE ( 3, 2, ( 
 ( #681, #1318, #546 ),
 ( #969, #1104, #670 ),
 ( #1310, #251, #868 ),
 ( #17, #345, #560 ),
 ( #437, #149, #676 ),
 ( #572, #770, #985 ),
 ( #34, #1096, #143 ),
 ( #567, #506, #927 ),
 ( #1034, #615, #263 ),
 ( #1028, #1360, #55 ),
 ( #475, #695, #584 ),
 ( #166, #1019, #1231 ),
 ( #187, #687, #274 ),
 ( #701, #280, #1123 ),
 ( #903, #1129, #820 ),
 ( #921, #808, #799 ),
 ( #1223, #1346, #718 ),
 ( #172, #1112, #1007 ) ),
 .UNSPECIFIED., .F., .F., .F. ) 
 B_SPLINE_SURFACE_WITH_KNOTS ( ( 4, 2, 2, 2, 2, 2, 2, 2, 4 ),
 ( 3, 3 ),
 ( 0.001954878585679466901, 0.002445456528365041321, 0.002936034471050615307, 0.003181323442393402083, 0.003426612413736189293, 0.003549256899407582898, 0.003671901385078976503, 0.003794545870750370108, 0.003917190356421763713 ),
 ( 0.000000000000000000, 1.000000000000000000 ),
 .UNSPECIFIED. ) 
 GEOMETRIC_REPRESENTATION_ITEM ( )  RATIONAL_B_SPLINE_SURFACE ( (
 ( 1.000000000000000000, 0.7071067811865476838, 1.000000000000000000),
 ( 1.000000000000000000, 0.7089612211609237491, 1.000000000000000000),
 ( 1.000000000000000000, 0.7112317796755402988, 1.000000000000000000),
 ( 1.000000000000000000, 0.7194237941407519710, 1.000000000000000000),
 ( 1.000000000000000000, 0.7247394082351620304, 1.000000000000000000),
 ( 1.000000000000000000, 0.7427118538911436918, 1.000000000000000000),
 ( 1.000000000000000000, 0.7503130820415233604, 1.000000000000000000),
 ( 1.000000000000000000, 0.7731856907808072332, 1.000000000000000000),
 ( 1.000000000000000000, 0.7885335540907214558, 1.000000000000000000),
 ( 1.000000000000000000, 0.8244806815885816764, 1.000000000000000000),
 ( 1.000000000000000000, 0.8386777096603469372, 1.000000000000000000),
 ( 1.000000000000000000, 0.8723193565691506057, 1.000000000000000000),
 ( 1.000000000000000000, 0.8919336115356218952, 1.000000000000000000),
 ( 1.000000000000000000, 0.9333159292653164796, 1.000000000000000000),
 ( 1.000000000000000000, 0.9551874549096587286, 1.000000000000000000),
 ( 1.000000000000000000, 0.9889697114301824188, 1.000000000000000000),
 ( 1.000000000000000000, 1.000272277120919595, 1.000000000000000000),
 ( 1.000000000000000000, 1.000000000000000000, 1.000000000000000000) ) ) 
 REPRESENTATION_ITEM ( '' )  SURFACE ( )  );
#693 = STYLED_ITEM ( 'NONE', ( #119 ), #606 ) ;
#694 = ORIENTED_EDGE ( 'NONE', *, *, #660, .F. ) ;
#695 = CARTESIAN_POINT ( 'NONE',  ( 3.699999999999990408, 2.117085720771007651, -1.933593537019869357 ) ) ;
#696 = ORIENTED_EDGE ( 'NONE', *, *, #752, .T. ) ;
#697 = DIRECTION ( 'NONE',  ( -1.000000000000000000, -0.000000000000000000, -0.000000000000000000 ) ) ;
#698 = CARTESIAN_POINT ( 'NONE',  ( 2.449999999999998845, 2.000000000000000000, -5.599999999999999645 ) ) ;
#699 = DIRECTION ( 'NONE',  ( -0.000000000000000000, -1.000000000000000000, -0.000000000000000000 ) ) ;
#700 = EDGE_LOOP ( 'NONE', ( #702, #1208, #1159, #745 ) ) ;
#701 = CARTESIAN_POINT ( 'NONE',  ( 3.376626603440657348, 1.999999901592417695, -1.932402757757332390 ) ) ;
#702 = ORIENTED_EDGE ( 'NONE', *, *, #9, .F. ) ;
#703 = CARTESIAN_POINT ( 'NONE',  ( 3.699999999999999289, 1.999999999999997558, -4.099038105676657828 ) ) ;
#704 = DIRECTION ( 'NONE',  ( 1.000000000000000000, -3.336006684570782608E-16, 0.000000000000000000 ) ) ;
#705 = DIRECTION ( 'NONE',  ( -0.000000000000000000, -0.000000000000000000, -1.000000000000000000 ) ) ;
#706 = VERTEX_POINT ( 'NONE', #1218 ) ;
#707 = CARTESIAN_POINT ( 'NONE',  ( 5.100000000000001421, 3.250000005513243195, -3.933495572740405066 ) ) ;
#708 = EDGE_LOOP ( 'NONE', ( #1076, #47, #950, #351 ) ) ;
#709 = DIRECTION ( 'NONE',  ( -0.000000000000000000, 1.000000000000000000, -0.000000000000000000 ) ) ;
#710 = ADVANCED_FACE ( 'NONE', ( #1225 ), #20, .F. ) ;
#711 = FACE_OUTER_BOUND ( 'NONE', #729, .T. ) ;
#712 = DIRECTION ( 'NONE',  ( 1.000000000000000000, 0.000000000000000000, 0.000000000000000000 ) ) ;
#713 = ADVANCED_FACE ( 'NONE', ( #353 ), #562, .F. ) ;
#714 = AXIS2_PLACEMENT_3D ( 'NONE', #371, #483, #384 ) ;
#715 = AXIS2_PLACEMENT_3D ( 'NONE', #31, #1321, #788 ) ;
#716 = AXIS2_PLACEMENT_3D ( 'NONE', #1131, #1246, #809 ) ;
#717 = VERTEX_POINT ( 'NONE', #899 ) ;
#718 = CARTESIAN_POINT ( 'NONE',  ( 3.699999999999998401, 2.040427901308237590, -2.791914452045027417 ) ) ;
#719 = VERTEX_POINT ( 'NONE', #1086 ) ;
#720 = CARTESIAN_POINT ( 'NONE',  ( 2.694213323800226600, 1.999999986586245448, -4.067047376789694191 ) ) ;
#721 = FACE_OUTER_BOUND ( 'NONE', #1039, .T. ) ;
#722 = DIRECTION ( 'NONE',  ( -1.000000000000000000, 2.628368902995161532E-16, 0.000000000000000000 ) ) ;
#723 = VERTEX_POINT ( 'NONE', #1099 ) ;
#724 = CYLINDRICAL_SURFACE ( 'NONE', #1024, 0.6249999999999996669 ) ;
#725 = ORIENTED_EDGE ( 'NONE', *, *, #612, .F. ) ;
#726 = DIRECTION ( 'NONE',  ( -2.168404344971008868E-16, 1.000000000000000000, -0.000000000000000000 ) ) ;
#727 = CARTESIAN_POINT ( 'NONE',  ( 6.105786676199867813, 1.999999986586233014, -1.532952623210292353 ) ) ;
#728 = EDGE_CURVE ( 'NONE', #835, #390, #130, .T. ) ;
#729 = EDGE_LOOP ( 'NONE', ( #636, #881, #1245, #1265 ) ) ;
#730 = CARTESIAN_POINT ( 'NONE',  ( 5.100000000000002309, 2.552035295015751437, -2.968640005332254361 ) ) ;
#731 = VERTEX_POINT ( 'NONE', #992 ) ;
#732 = DIRECTION ( 'NONE',  ( -1.000000000000000000, -3.336006684570782608E-16, 0.000000000000000000 ) ) ;
#733 = DIRECTION ( 'NONE',  ( 0.000000000000000000, 5.719383300295531981E-13, -1.000000000000000000 ) ) ;
#734 = FILL_AREA_STYLE ('',( #1381 ) ) ;
#735 = AXIS2_PLACEMENT_3D ( 'NONE', #58, #276, #918 ) ;
#736 = CIRCLE ( 'NONE', #1280, 1.250000000000000222 ) ;
#737 = ORIENTED_EDGE ( 'NONE', *, *, #72, .T. ) ;
#738 = CARTESIAN_POINT ( 'NONE',  ( 5.100000000000001421, 2.399987880702115994, -2.903788859910744868 ) ) ;
#739 = EDGE_CURVE ( 'NONE', #279, #1018, #102, .T. ) ;
#740 = VERTEX_POINT ( 'NONE', #556 ) ;
#741 = DIRECTION ( 'NONE',  ( 0.000000000000000000, 1.000000000000000000, 0.000000000000000000 ) ) ;
#742 = CARTESIAN_POINT ( 'NONE',  ( 5.099999999999930367, 2.078023376618320484, -1.598872989486232354 ) ) ;
#743 = CARTESIAN_POINT ( 'NONE',  ( 3.376626603440685326, 1.999999901592416363, -3.667597242242651046 ) ) ;
#744 = LINE ( 'NONE', #233, #489 ) ;
#745 = ORIENTED_EDGE ( 'NONE', *, *, #147, .F. ) ;
#746 = EDGE_CURVE ( 'NONE', #1095, #1006, #254, .T. ) ;
#747 = CARTESIAN_POINT ( 'NONE',  ( 3.699999999999999289, 2.627505627811541622, -2.598218920047731917 ) ) ;
#748 = CARTESIAN_POINT ( 'NONE',  ( 6.306115453738224019, 1.999999999642208648, -1.503311482767709206 ) ) ;
#749 = CARTESIAN_POINT ( 'NONE',  ( 3.699999999999998401, 2.000000000000000000, -2.800000000000000266 ) ) ;
#750 = ORIENTED_EDGE ( 'NONE', *, *, #1102, .F. ) ;
#751 = DIRECTION ( 'NONE',  ( 0.000000000000000000, 0.000000000000000000, 1.000000000000000000 ) ) ;
#752 = EDGE_CURVE ( 'NONE', #425, #95, #464, .T. ) ;
#753 = CARTESIAN_POINT ( 'NONE',  ( 2.399999999999999467, 0.000000000000000000, -3.625000000000000000 ) ) ;
#754 = CONICAL_SURFACE ( 'NONE', #848, 1.300000000000000044, 0.7853981633974410625 ) ;
#755 = ORIENTED_EDGE ( 'NONE', *, *, #244, .T. ) ;
#756 = CARTESIAN_POINT ( 'NONE',  ( 0.000000000000000000, 2.000000000000000000, -5.599999999999999645 ) ) ;
#757 = AXIS2_PLACEMENT_3D ( 'NONE', #970, #1078, #986 ) ;
#758 = DIRECTION ( 'NONE',  ( -0.000000000000000000, 1.000000000000000000, -0.000000000000000000 ) ) ;
#759 = CARTESIAN_POINT ( 'NONE',  ( 3.699999999999999289, 2.117085720770999657, -3.666406462980204228 ) ) ;
#760 = CARTESIAN_POINT ( 'NONE',  ( 5.100000000000002309, 2.282082219151924107, -2.864851767508233671 ) ) ;
#761 = EDGE_CURVE ( 'NONE', #740, #120, #340, .T. ) ;
#762 = VERTEX_POINT ( 'NONE', #765 ) ;
#763 = DIRECTION ( 'NONE',  ( -0.000000000000000000, -0.000000000000000000, 1.000000000000000000 ) ) ;
#764 = DIRECTION ( 'NONE',  ( -0.000000000000000000, -0.000000000000000000, 1.000000000000000000 ) ) ;
#765 = CARTESIAN_POINT ( 'NONE',  ( 6.350000000000001421, 2.000000000000000444, -1.500961894323342039 ) ) ;
#766 = DIRECTION ( 'NONE',  ( 2.168404344971008868E-16, 1.000000000000000000, 0.000000000000000000 ) ) ;
#767 = CARTESIAN_POINT ( 'NONE',  ( 2.449999999999998845, 3.250000000000000444, 0.0002963548515119539132 ) ) ;
#768 = EDGE_CURVE ( 'NONE', #835, #1301, #52, .T. ) ;
#769 = EDGE_LOOP ( 'NONE', ( #220, #306, #661, #1171, #396, #435 ) ) ;
#770 = CARTESIAN_POINT ( 'NONE',  ( 3.699999999999999289, 2.078023376618414186, -1.598872989486406881 ) ) ;
#771 = DIRECTION ( 'NONE',  ( 0.000000000000000000, 0.000000000000000000, -1.000000000000000000 ) ) ;
#772 = CARTESIAN_POINT ( 'NONE',  ( 3.699999999999998845, 2.000000000000000000, 0.000000000000000000 ) ) ;
#773 = CARTESIAN_POINT ( 'NONE',  ( 2.399999999999999467, 1.524999999999993916, -3.625000000000000444 ) ) ;
#774 = ORIENTED_EDGE ( 'NONE', *, *, #1132, .F. ) ;
#775 = CIRCLE ( 'NONE', #910, 0.6249999999999996669 ) ;
#776 = CARTESIAN_POINT ( 'NONE',  ( 0.000000000000000000, 0.000000000000000000, 0.000000000000000000 ) ) ;
#777 = PRODUCT_DEFINITION ( 'UNKNOWN', '', #578, #1308 ) ;
#778 = FACE_OUTER_BOUND ( 'NONE', #1057, .T. ) ;
#779 = DIRECTION ( 'NONE',  ( 0.000000000000000000, 1.000000000000000000, -0.000000000000000000 ) ) ;
#780 = CIRCLE ( 'NONE', #827, 0.8250000000000001776 ) ;
#781 = ORIENTED_EDGE ( 'NONE', *, *, #321, .T. ) ;
#782 =( NAMED_UNIT ( * ) PLANE_ANGLE_UNIT ( ) SI_UNIT ( $, .RADIAN. ) );
#783 = VERTEX_POINT ( 'NONE', #772 ) ;
#784 = CARTESIAN_POINT ( 'NONE',  ( 3.775000000000000355, 0.6250000000000002220, 0.000000000000000000 ) ) ;
#785 = CARTESIAN_POINT ( 'NONE',  ( 3.700000000000035261, 2.014836776003519514, -4.096402190148143774 ) ) ;
#786 = EDGE_CURVE ( 'NONE', #1050, #655, #1205, .T. ) ;
#787 = DIRECTION ( 'NONE',  ( 1.000000000000000000, 0.000000000000000000, 0.000000000000000000 ) ) ;
#788 = DIRECTION ( 'NONE',  ( -1.000000000000000000, 0.000000000000000000, 0.000000000000000000 ) ) ;
#789 = SHAPE_DEFINITION_REPRESENTATION ( #108, #646 ) ;
#790 = EDGE_LOOP ( 'NONE', ( #1323, #405, #201, #989, #1151, #1089, #1337 ) ) ;
#791 = CARTESIAN_POINT ( 'NONE',  ( 6.350000000000001421, 2.000000000000000000, -5.599999999999999645 ) ) ;
#792 = ORIENTED_EDGE ( 'NONE', *, *, #524, .F. ) ;
#793 = DIRECTION ( 'NONE',  ( 0.000000000000000000, -1.000000000000000000, 0.000000000000000000 ) ) ;
#794 = LINE ( 'NONE', #1334, #869 ) ;
#795 = CARTESIAN_POINT ( 'NONE',  ( 0.000000000000000000, 2.000000000000000000, 0.000000000000000000 ) ) ;
#796 = LINE ( 'NONE', #983, #397 ) ;
#797 = EDGE_CURVE ( 'NONE', #54, #140, #1327, .T. ) ;
#798 = EDGE_LOOP ( 'NONE', ( #1020, #401, #929, #649, #148, #737, #658 ) ) ;
#799 = CARTESIAN_POINT ( 'NONE',  ( 3.699999999999999289, 2.081092681132078681, -2.783775170966591883 ) ) ;
#800 = VERTEX_POINT ( 'NONE', #259 ) ;
#801 = VECTOR ( 'NONE', #1357, 1000.000000000000000 ) ;
#802 = DIRECTION ( 'NONE',  ( 0.000000000000000000, -0.000000000000000000, 1.000000000000000000 ) ) ;
#803 = CARTESIAN_POINT ( 'NONE',  ( 4.400000000000000355, 0.6250000000000002220, 0.000000000000000000 ) ) ;
#804 = CIRCLE ( 'NONE', #1186, 0.8250000000000001776 ) ;
#805 = DIRECTION ( 'NONE',  ( -0.000000000000000000, -0.000000000000000000, 1.000000000000000000 ) ) ;
#806 = EDGE_CURVE ( 'NONE', #50, #425, #576, .T. ) ;
#807 = ORIENTED_EDGE ( 'NONE', *, *, #981, .F. ) ;
#808 = CARTESIAN_POINT ( 'NONE',  ( 3.699999999999991296, 2.040705452472808545, -2.579541887754521312 ) ) ;
#809 = DIRECTION ( 'NONE',  ( 0.000000000000000000, -0.000000000000000000, -1.000000000000000000 ) ) ;
#810 = LINE ( 'NONE', #176, #420 ) ;
#811 = DIRECTION ( 'NONE',  ( -1.000000000000000000, -0.000000000000000000, -0.000000000000000000 ) ) ;
#812 = ADVANCED_FACE ( 'NONE', ( #711 ), #386, .F. ) ;
#813 = ORIENTED_EDGE ( 'NONE', *, *, #1157, .F. ) ;
#814 = CARTESIAN_POINT ( 'NONE',  ( 5.100000000000001421, 2.000000000000000888, -4.099038105676657828 ) ) ;
#815 = EDGE_CURVE ( 'NONE', #140, #1095, #288, .T. ) ;
#816 = CARTESIAN_POINT ( 'NONE',  ( 2.449999999999998845, 2.000000000000000444, -1.500961894323342039 ) ) ;
#817 = CARTESIAN_POINT ( 'NONE',  ( 2.399999999999999467, 0.000000000000000000, -1.974999999999999867 ) ) ;
#818 = CARTESIAN_POINT ( 'NONE',  ( 6.350000000000001421, 2.000000000000000000, 0.000000000000000000 ) ) ;
#819 = ORIENTED_EDGE ( 'NONE', *, *, #786, .T. ) ;
#820 = CARTESIAN_POINT ( 'NONE',  ( 3.699999999999999289, 2.161961970099851804, -2.766135972845770397 ) ) ;
#821 = VERTEX_POINT ( 'NONE', #698 ) ;
#822 = CARTESIAN_POINT ( 'NONE',  ( 2.607097314688791023, 2.000000013413754552, -4.084165598196465297 ) ) ;
#823 = FACE_OUTER_BOUND ( 'NONE', #236, .T. ) ;
#824 = CIRCLE ( 'NONE', #1367, 1.300000000000000044 ) ;
#825 = PLANE ( 'NONE',  #204 ) ;
#826 = CIRCLE ( 'NONE', #1111, 0.8250000000000001776 ) ;
#827 = AXIS2_PLACEMENT_3D ( 'NONE', #1005, #602, #368 ) ;
#828 = VECTOR ( 'NONE', #232, 999.9999999999998863 ) ;
#829 = ORIENTED_EDGE ( 'NONE', *, *, #9, .T. ) ;
#830 = CARTESIAN_POINT ( 'NONE',  ( 2.399999999999999467, 1.524999999999993916, -2.799999999999999822 ) ) ;
#831 = ORIENTED_EDGE ( 'NONE', *, *, #430, .T. ) ;
#832 = LINE ( 'NONE', #924, #603 ) ;
#833 = EDGE_CURVE ( 'NONE', #75, #411, #301, .T. ) ;
#834 = CARTESIAN_POINT ( 'NONE',  ( 5.100000000000001421, 2.399987880702271870, -2.696211140089211256 ) ) ;
#835 = VERTEX_POINT ( 'NONE', #1037 ) ;
#836 = CARTESIAN_POINT ( 'NONE',  ( 5.100000000000036060, 2.078023376618308493, -4.001127010513592985 ) ) ;
#837 = ORIENTED_EDGE ( 'NONE', *, *, #613, .T. ) ;
#838 = CARTESIAN_POINT ( 'NONE',  ( 2.449999999999998845, 3.250000000000000444, -1.500961894323342039 ) ) ;
#839 = LINE ( 'NONE', #1273, #114 ) ;
#840 = CARTESIAN_POINT ( 'NONE',  ( 2.957743254881369577, 2.000000065313378261, -3.977151842571120532 ) ) ;
#841 = ORIENTED_EDGE ( 'NONE', *, *, #1316, .T. ) ;
#842 = CARTESIAN_POINT ( 'NONE',  ( 6.105786676199782548, 1.999999986586205258, -4.067047376789670210 ) ) ;
#843 = ORIENTED_EDGE ( 'NONE', *, *, #1015, .T. ) ;
#844 =( BOUNDED_SURFACE ( )  B_SPLINE_SURFACE ( 3, 2, ( 
 ( #1238, #814, #1244 ),
 ( #1252, #285, #707 ),
 ( #1136, #180, #607 ),
 ( #74, #498, #292 ),
 ( #1144, #1040, #659 ),
 ( #299, #836, #1299 ),
 ( #1158, #1270, #412 ),
 ( #842, #104, #1049 ),
 ( #96, #544, #730 ),
 ( #241, #434, #521 ),
 ( #234, #1306, #738 ),
 ( #1383, #1081, #194 ),
 ( #666, #88, #760 ),
 ( #1277, #305, #399 ),
 ( #637, #1088, #1368 ),
 ( #125, #134, #200 ),
 ( #406, #630, #336 ),
 ( #444, #944, #558 ) ),
 .UNSPECIFIED., .F., .F., .F. ) 
 B_SPLINE_SURFACE_WITH_KNOTS ( ( 4, 2, 2, 2, 2, 2, 2, 2, 4 ),
 ( 3, 3 ),
 ( 0.001954878585679468636, 0.002445456528365042622, 0.002936034471050616608, 0.003181323442393403818, 0.003426612413736190594, 0.003549256899407583765, 0.003671901385078977370, 0.003794545870750370975, 0.003917190356421764580 ),
 ( 0.000000000000000000, 1.000000000000000000 ),
 .UNSPECIFIED. ) 
 GEOMETRIC_REPRESENTATION_ITEM ( )  RATIONAL_B_SPLINE_SURFACE ( (
 ( 1.000000000000000000, 0.7071067811865477948, 1.000000000000000000),
 ( 1.000000000000000000, 0.7089612211609104264, 1.000000000000000000),
 ( 1.000000000000000000, 0.7112317796755583954, 1.000000000000000000),
 ( 1.000000000000000000, 0.7194237941407336523, 1.000000000000000000),
 ( 1.000000000000000000, 0.7247394082351804601, 1.000000000000000000),
 ( 1.000000000000000000, 0.7427118538911345880, 1.000000000000000000),
 ( 1.000000000000000000, 0.7503130820415420121, 1.000000000000000000),
 ( 1.000000000000000000, 0.7731856907807894697, 1.000000000000000000),
 ( 1.000000000000000000, 0.7885335540907261187, 1.000000000000000000),
 ( 1.000000000000000000, 0.8244806815885794560, 1.000000000000000000),
 ( 1.000000000000000000, 0.8386777096603480475, 1.000000000000000000),
 ( 1.000000000000000000, 0.8723193565691517160, 1.000000000000000000),
 ( 1.000000000000000000, 0.8919336115355990247, 1.000000000000000000),
 ( 1.000000000000000000, 0.9333159292653395722, 1.000000000000000000),
 ( 1.000000000000000000, 0.9551874549097132405, 1.000000000000000000),
 ( 1.000000000000000000, 0.9889697114301312375, 1.000000000000000000),
 ( 1.000000000000000000, 1.000272277120962228, 1.000000000000000000),
 ( 1.000000000000000000, 1.000000000000000000, 1.000000000000000000) ) ) 
 REPRESENTATION_ITEM ( '' )  SURFACE ( )  );
#845 = DIRECTION ( 'NONE',  ( 0.000000000000000000, 0.000000000000000000, -1.000000000000000000 ) ) ;
#846 = CARTESIAN_POINT ( 'NONE',  ( 5.100000000000001421, 3.250000005513171697, -1.666504427258622245 ) ) ;
#847 = CARTESIAN_POINT ( 'NONE',  ( 3.700000000000008171, 2.074324422493420084, -3.222772279364155334 ) ) ;
#848 = AXIS2_PLACEMENT_3D ( 'NONE', #1340, #906, #704 ) ;
#849 = ORIENTED_EDGE ( 'NONE', *, *, #786, .F. ) ;
#850 = VECTOR ( 'NONE', #699, 1000.000000000000000 ) ;
#851 = EDGE_LOOP ( 'NONE', ( #1382, #680, #1215 ) ) ;
#852 = DIRECTION ( 'NONE',  ( -1.000000000000000000, -2.628368902995161532E-16, 0.000000000000000000 ) ) ;
#853 = CARTESIAN_POINT ( 'NONE',  ( 6.287240880478772276, 2.000000006287586451, -1.504136526754832781 ) ) ;
#854 = CARTESIAN_POINT ( 'NONE',  ( 3.101645445925907740, 1.999999934686621739, -3.897477819655010833 ) ) ;
#855 = EDGE_CURVE ( 'NONE', #762, #1018, #976, .T. ) ;
#856 = ORIENTED_EDGE ( 'NONE', *, *, #1268, .F. ) ;
#857 = LINE ( 'NONE', #523, #202 ) ;
#858 = EDGE_CURVE ( 'NONE', #188, #1239, #1364, .T. ) ;
#859 = CARTESIAN_POINT ( 'NONE',  ( 5.842256745118715955, 2.000000065313369824, -1.622848157428855131 ) ) ;
#860 = DIRECTION ( 'NONE',  ( 0.000000000000000000, 0.000000000000000000, 1.000000000000000000 ) ) ;
#861 = ORIENTED_EDGE ( 'NONE', *, *, #89, .F. ) ;
#862 = CARTESIAN_POINT ( 'NONE',  ( 5.100000000000002309, 3.250000000000000000, -3.933247452750539441 ) ) ;
#863 = CARTESIAN_POINT ( 'NONE',  ( 5.100000000000001421, 2.000000000000000888, -2.799999999999999822 ) ) ;
#864 = CARTESIAN_POINT ( 'NONE',  ( 3.699999999999999289, 2.161961970099866015, -2.833864027154251897 ) ) ;
#865 = DIRECTION ( 'NONE',  ( -0.000000000000000000, -0.000000000000000000, 1.000000000000000000 ) ) ;
#866 = VECTOR ( 'NONE', #779, 1000.000000000000000 ) ;
#867 = ORIENTED_EDGE ( 'NONE', *, *, #478, .F. ) ;
#868 = CARTESIAN_POINT ( 'NONE',  ( 3.699999999999999289, 3.217337578177510871, -1.829217302228529407 ) ) ;
#869 = VECTOR ( 'NONE', #29, 1000.000000000000000 ) ;
#870 = DIRECTION ( 'NONE',  ( 0.000000000000000000, 0.000000000000000000, 1.000000000000000000 ) ) ;
#871 = DIRECTION ( 'NONE',  ( 0.7071067811865422437, 0.7071067811865527908, 8.659560562354869996E-17 ) ) ;
#872 = EDGE_CURVE ( 'NONE', #383, #140, #1016, .T. ) ;
#873 = CARTESIAN_POINT ( 'NONE',  ( 2.399999999999999467, 1.524999999999993916, -1.974999999999999423 ) ) ;
#874 = LINE ( 'NONE', #1376, #1347 ) ;
#875 = VERTEX_POINT ( 'NONE', #1234 ) ;
#876 = DIRECTION ( 'NONE',  ( 0.000000000000000000, 0.000000000000000000, 1.000000000000000000 ) ) ;
#877 = DIRECTION ( 'NONE',  ( -2.168404344971008868E-16, -1.000000000000000000, -0.000000000000000000 ) ) ;
#878 = CARTESIAN_POINT ( 'NONE',  ( 0.000000000000000000, 0.000000000000000000, -5.599999999999999645 ) ) ;
#879 = LINE ( 'NONE', #1134, #398 ) ;
#880 = FACE_OUTER_BOUND ( 'NONE', #207, .T. ) ;
#881 = ORIENTED_EDGE ( 'NONE', *, *, #175, .T. ) ;
#882 = LINE ( 'NONE', #552, #553 ) ;
#883 = CARTESIAN_POINT ( 'NONE',  ( 6.399999999999999467, 0.000000000000000000, -2.800000000000000711 ) ) ;
#884 = CARTESIAN_POINT ( 'NONE',  ( 6.350000000000001421, 3.250000000000000444, 0.000000000000000000 ) ) ;
#885 = DIRECTION ( 'NONE',  ( 1.000000000000000000, 0.000000000000000000, 0.000000000000000000 ) ) ;
#886 = DIRECTION ( 'NONE',  ( 1.000000000000000000, 0.000000000000000000, 0.000000000000000000 ) ) ;
#887 = ORIENTED_EDGE ( 'NONE', *, *, #631, .T. ) ;
#888 = AXIS2_PLACEMENT_3D ( 'NONE', #518, #2, #422 ) ;
#889 = CARTESIAN_POINT ( 'NONE',  ( 5.100000000000001421, 8.749999999999998224, 0.0002963548515119539132 ) ) ;
#890 = CIRCLE ( 'NONE', #714, 1.250000000000000222 ) ;
#891 = CARTESIAN_POINT ( 'NONE',  ( 2.449999999999998845, 2.000000000000000444, -4.099038105676657828 ) ) ;
#892 = DIRECTION ( 'NONE',  ( -1.000000000000000000, -0.000000000000000000, -0.000000000000000000 ) ) ;
#893 = CARTESIAN_POINT ( 'NONE',  ( 2.449999999999998845, 3.250000000000000444, 0.000000000000000000 ) ) ;
#894 = ORIENTED_EDGE ( 'NONE', *, *, #728, .F. ) ;
#895 = ADVANCED_FACE ( 'NONE', ( #587 ), #1125, .F. ) ;
#896 = CARTESIAN_POINT ( 'NONE',  ( 6.400000000000001243, 1.524999999999993916, -2.799999999999999822 ) ) ;
#897 = DIRECTION ( 'NONE',  ( -2.168404344971008868E-16, -1.000000000000000000, -0.000000000000000000 ) ) ;
#898 = ADVANCED_FACE ( 'NONE', ( #70 ), #3, .F. ) ;
#899 = CARTESIAN_POINT ( 'NONE',  ( 5.100000000000001421, 3.250000000000000444, -4.099038105676657828 ) ) ;
#900 = CARTESIAN_POINT ( 'NONE',  ( 2.449999999999998845, 2.000000000000000000, 0.000000000000000000 ) ) ;
#901 = APPLICATION_PROTOCOL_DEFINITION ( 'draft international standard', 'automotive_design', 1998, #500 ) ;
#902 = EDGE_LOOP ( 'NONE', ( #407, #750, #566, #33, #103 ) ) ;
#903 = CARTESIAN_POINT ( 'NONE',  ( 3.480243896228756295, 2.000000065590308296, -2.053891420406213975 ) ) ;
#904 = ORIENTED_EDGE ( 'NONE', *, *, #1062, .F. ) ;
#905 = CARTESIAN_POINT ( 'NONE',  ( 0.000000000000000000, 0.000000000000000000, -5.599999999999999645 ) ) ;
#906 = DIRECTION ( 'NONE',  ( 2.168404344971008868E-16, 1.000000000000000000, 0.000000000000000000 ) ) ;
#907 = CARTESIAN_POINT ( 'NONE',  ( 7.700000000000001066, 2.000000000000000000, -2.799999999999999822 ) ) ;
#908 = ORIENTED_EDGE ( 'NONE', *, *, #768, .F. ) ;
#909 = FACE_OUTER_BOUND ( 'NONE', #851, .T. ) ;
#910 = AXIS2_PLACEMENT_3D ( 'NONE', #803, #600, #502 ) ;
#911 = PLANE ( 'NONE',  #1070 ) ;
#912 = DIRECTION ( 'NONE',  ( 0.000000000000000000, 0.000000000000000000, -1.000000000000000000 ) ) ;
#913 = DIRECTION ( 'NONE',  ( 1.000000000000000000, 0.000000000000000000, 0.000000000000000000 ) ) ;
#914 = ADVANCED_FACE ( 'NONE', ( #403 ), #1230, .F. ) ;
#915 = ORIENTED_EDGE ( 'NONE', *, *, #460, .T. ) ;
#916 = LINE ( 'NONE', #1354, #135 ) ;
#917 = DIRECTION ( 'NONE',  ( 0.000000000000000000, 0.000000000000000000, 1.000000000000000000 ) ) ;
#918 = DIRECTION ( 'NONE',  ( 1.000000000000000000, -3.336006684570782608E-16, 0.000000000000000000 ) ) ;
#919 = DIRECTION ( 'NONE',  ( 0.000000000000000000, 0.000000000000000000, 1.000000000000000000 ) ) ;
#920 = VERTEX_POINT ( 'NONE', #282 ) ;
#921 = CARTESIAN_POINT ( 'NONE',  ( 3.644439963059443066, 1.999999934409691704, -2.381701024497671515 ) ) ;
#922 = ORIENTED_EDGE ( 'NONE', *, *, #504, .F. ) ;
#923 = LINE ( 'NONE', #905, #159 ) ;
#924 = CARTESIAN_POINT ( 'NONE',  ( 3.699999999999998845, 3.250000000000000444, 0.000000000000000000 ) ) ;
#925 = DIRECTION ( 'NONE',  ( 0.000000000000000000, 0.000000000000000000, -1.000000000000000000 ) ) ;
#926 = ORIENTED_EDGE ( 'NONE', *, *, #1236, .T. ) ;
#927 = CARTESIAN_POINT ( 'NONE',  ( 3.699999999999999289, 2.624722958526420236, -2.591471127813894437 ) ) ;
#928 = ADVANCED_FACE ( 'NONE', ( #721 ), #754, .F. ) ;
#929 = ORIENTED_EDGE ( 'NONE', *, *, #524, .T. ) ;
#930 = DIRECTION ( 'NONE',  ( -0.000000000000000000, -1.000000000000000000, -0.000000000000000000 ) ) ;
#931 = AXIS2_PLACEMENT_3D ( 'NONE', #884, #1117, #239 ) ;
#932 = CARTESIAN_POINT ( 'NONE',  ( 5.900937905399117334, 1.999999968018739027, -1.598488543045662569 ) ) ;
#933 = VECTOR ( 'NONE', #1203, 1000.000000000000000 ) ;
#934 = CIRCLE ( 'NONE', #715, 0.7499999999999997780 ) ;
#935 = COLOUR_RGB ( '',0.7921568627450980005, 0.8196078431372548767, 0.9333333333333333481 ) ;
#936 = ORIENTED_EDGE ( 'NONE', *, *, #539, .F. ) ;
#937 = LINE ( 'NONE', #1127, #355 ) ;
#938 = ORIENTED_EDGE ( 'NONE', *, *, #1315, .F. ) ;
#939 = CARTESIAN_POINT ( 'NONE',  ( 5.100000000000001421, 2.998767863210233475, -3.328273598254454679 ) ) ;
#940 = CARTESIAN_POINT ( 'NONE',  ( 5.100000000000001421, 2.000000000000000000, -2.800000000000000266 ) ) ;
#941 = EDGE_CURVE ( 'NONE', #783, #411, #1356, .T. ) ;
#942 = CARTESIAN_POINT ( 'NONE',  ( 3.699999999999999289, 2.081092681132083566, -2.816224829033392663 ) ) ;
#943 = VERTEX_POINT ( 'NONE', #817 ) ;
#944 = CARTESIAN_POINT ( 'NONE',  ( 5.100000000000001421, 2.000000000000000000, -2.800000000000000266 ) ) ;
#945 = EDGE_LOOP ( 'NONE', ( #310, #628, #1369, #97 ) ) ;
#946 = PLANE ( 'NONE',  #1322 ) ;
#947 = CARTESIAN_POINT ( 'NONE',  ( 5.100000000000001421, 2.282082219152024027, -2.735148232491717568 ) ) ;
#948 = EDGE_CURVE ( 'NONE', #1006, #719, #810, .T. ) ;
#949 = DIRECTION ( 'NONE',  ( 0.000000000000000000, 1.000000000000000000, 0.000000000000000000 ) ) ;
#950 = ORIENTED_EDGE ( 'NONE', *, *, #994, .F. ) ;
#951 = FACE_OUTER_BOUND ( 'NONE', #341, .T. ) ;
#952 = FACE_OUTER_BOUND ( 'NONE', #1071, .T. ) ;
#953 = AXIS2_PLACEMENT_3D ( 'NONE', #1133, #1023, #162 ) ;
#954 = EDGE_CURVE ( 'NONE', #943, #50, #1257, .T. ) ;
#955 = CLOSED_SHELL ( 'NONE', ( #898, #1387, #376, #968, #496, #156, #517, #358, #710, #343, #1219, #1149, #303, #713, #1352, #1051, #30, #914, #928, #812, #593, #5, #270, #210, #1059, #459, #192, #601, #895, #1256, #1275, #1333, #1227, #287, #235 ) ) ;
#956 = EDGE_CURVE ( 'NONE', #1263, #1195, #775, .T. ) ;
#957 = AXIS2_PLACEMENT_3D ( 'NONE', #393, #64, #913 ) ;
#958 = ORIENTED_EDGE ( 'NONE', *, *, #115, .F. ) ;
#959 = DIRECTION ( 'NONE',  ( 0.000000000000000000, 0.000000000000000000, -1.000000000000000000 ) ) ;
#960 = CARTESIAN_POINT ( 'NONE',  ( 5.100000000000001421, 3.250000000000000444, -1.500961894323342039 ) ) ;
#961 = EDGE_CURVE ( 'NONE', #706, #1237, #832, .T. ) ;
#962 = ORIENTED_EDGE ( 'NONE', *, *, #46, .F. ) ;
#963 = CARTESIAN_POINT ( 'NONE',  ( 3.699999999999999734, 2.162264906904160622, -2.767543686986196683 ) ) ;
#964 = CARTESIAN_POINT ( 'NONE',  ( 3.699999999999999734, 2.324899531674573527, -2.868858225575856125 ) ) ;
#965 = CARTESIAN_POINT ( 'NONE',  ( 4.449999999999999289, 8.749999999999998224, -5.600296354851507452 ) ) ;
#966 = DIRECTION ( 'NONE',  ( -0.000000000000000000, -0.000000000000000000, 1.000000000000000000 ) ) ;
#967 = VERTEX_POINT ( 'NONE', #392 ) ;
#968 = ADVANCED_FACE ( 'NONE', ( #823 ), #1372, .F. ) ;
#969 = CARTESIAN_POINT ( 'NONE',  ( 2.456568153468569271, 2.000000000000000000, -1.501214702359702446 ) ) ;
#970 = CARTESIAN_POINT ( 'NONE',  ( 4.449999999999999289, 8.749999999999998224, 0.0002963548515119539132 ) ) ;
#971 = CARTESIAN_POINT ( 'NONE',  ( 5.100000000000001421, 2.000000000000000000, 0.0002963548515119539132 ) ) ;
#972 = FACE_OUTER_BOUND ( 'NONE', #708, .T. ) ;
#973 = DIRECTION ( 'NONE',  ( -1.000000000000000000, -2.628368902995161532E-16, 0.000000000000000000 ) ) ;
#974 = VECTOR ( 'NONE', #1182, 1000.000000000000000 ) ;
#975 = UNCERTAINTY_MEASURE_WITH_UNIT (LENGTH_MEASURE( 1.000000000000000082E-05 ), #538, 'distance_accuracy_value', 'NONE');
#976 = CIRCLE ( 'NONE', #1345, 1.300000000000000044 ) ;
#977 = ORIENTED_EDGE ( 'NONE', *, *, #350, .F. ) ;
#978 = DIRECTION ( 'NONE',  ( 1.000000000000000000, 0.000000000000000000, -0.000000000000000000 ) ) ;
#979 = LINE ( 'NONE', #352, #1374 ) ;
#980 = CARTESIAN_POINT ( 'NONE',  ( 5.100000000000000533, 3.250000000000000444, -1.666752422403592782 ) ) ;
#981 = EDGE_CURVE ( 'NONE', #1006, #54, #633, .T. ) ;
#982 = CARTESIAN_POINT ( 'NONE',  ( 0.000000000000000000, 2.000000000000000000, 0.000000000000000000 ) ) ;
#983 = CARTESIAN_POINT ( 'NONE',  ( 0.000000000000000000, 2.000000000000000000, 0.000000000000000000 ) ) ;
#984 = EDGE_LOOP ( 'NONE', ( #1180, #781, #614, #977, #1087, #774 ) ) ;
#985 = CARTESIAN_POINT ( 'NONE',  ( 3.699999999999999289, 2.823540864532712025, -2.447438140548968910 ) ) ;
#986 = DIRECTION ( 'NONE',  ( -1.000000000000000000, 2.312964634635743450E-15, 0.000000000000000000 ) ) ;
#987 = CARTESIAN_POINT ( 'NONE',  ( 5.100000000000001421, 3.250000000000000444, -1.500961894323342039 ) ) ;
#988 = ORIENTED_EDGE ( 'NONE', *, *, #1108, .T. ) ;
#989 = ORIENTED_EDGE ( 'NONE', *, *, #1371, .T. ) ;
#990 = FACE_OUTER_BOUND ( 'NONE', #605, .T. ) ;
#991 = LINE ( 'NONE', #568, #828 ) ;
#992 = CARTESIAN_POINT ( 'NONE',  ( 6.399999999999999467, 0.000000000000000000, -3.625000000000001332 ) ) ;
#993 = VERTEX_POINT ( 'NONE', #196 ) ;
#994 = EDGE_CURVE ( 'NONE', #90, #1110, #431, .T. ) ;
#995 = AXIS2_PLACEMENT_3D ( 'NONE', #657, #432, #1295 ) ;
#996 = ORIENTED_EDGE ( 'NONE', *, *, #278, .F. ) ;
#997 = VECTOR ( 'NONE', #912, 1000.000000000000000 ) ;
#998 = CARTESIAN_POINT ( 'NONE',  ( 3.775000000000000355, 0.000000000000000000, -5.599999999999999645 ) ) ;
#999 = AXIS2_PLACEMENT_3D ( 'NONE', #597, #364, #389 ) ;
#1000 = AXIS2_PLACEMENT_3D ( 'NONE', #22, #466, #362 ) ;
#1001 = ORIENTED_EDGE ( 'NONE', *, *, #1212, .F. ) ;
#1002 = CARTESIAN_POINT ( 'NONE',  ( 3.699999999999962430, 2.051991640274528184, -4.062440264152364477 ) ) ;
#1003 = CARTESIAN_POINT ( 'NONE',  ( 2.399999999999999467, 0.000000000000000000, -2.799999999999999822 ) ) ;
#1004 = CIRCLE ( 'NONE', #573, 0.7499999999999997780 ) ;
#1005 = CARTESIAN_POINT ( 'NONE',  ( 2.399999999999999467, 1.524999999999993916, -2.799999999999999822 ) ) ;
#1006 = VERTEX_POINT ( 'NONE', #1160 ) ;
#1007 = CARTESIAN_POINT ( 'NONE',  ( 3.699999999999998401, 2.000000000000000000, -2.800000000000000266 ) ) ;
#1008 = EDGE_CURVE ( 'NONE', #492, #706, #736, .T. ) ;
#1009 = CARTESIAN_POINT ( 'NONE',  ( 2.399999999999999467, 0.000000000000000000, -3.625000000000000444 ) ) ;
#1010 = DIRECTION ( 'NONE',  ( -0.000000000000000000, 1.000000000000000000, -0.000000000000000000 ) ) ;
#1011 = DIRECTION ( 'NONE',  ( -1.000000000000000000, 0.000000000000000000, 0.000000000000000000 ) ) ;
#1012 = ORIENTED_EDGE ( 'NONE', *, *, #1041, .T. ) ;
#1013 = FACE_OUTER_BOUND ( 'NONE', #158, .T. ) ;
#1014 = DIRECTION ( 'NONE',  ( 1.000000000000000000, 0.000000000000000000, 0.000000000000000000 ) ) ;
#1015 = EDGE_CURVE ( 'NONE', #80, #642, #377, .T. ) ;
#1016 = LINE ( 'NONE', #1140, #1370 ) ;
#1017 = FACE_OUTER_BOUND ( 'NONE', #300, .T. ) ;
#1018 = VERTEX_POINT ( 'NONE', #330 ) ;
#1019 = CARTESIAN_POINT ( 'NONE',  ( 3.700000000000008615, 2.111687736331948173, -2.052869813330889581 ) ) ;
#1020 = ORIENTED_EDGE ( 'NONE', *, *, #858, .T. ) ;
#1021 = AXIS2_PLACEMENT_3D ( 'NONE', #7, #320, #852 ) ;
#1022 = DIRECTION ( 'NONE',  ( 1.000000000000000000, 0.000000000000000000, 0.000000000000000000 ) ) ;
#1023 = DIRECTION ( 'NONE',  ( -0.000000000000000000, 1.000000000000000000, 0.000000000000000000 ) ) ;
#1024 = AXIS2_PLACEMENT_3D ( 'NONE', #1152, #865, #622 ) ;
#1025 = CARTESIAN_POINT ( 'NONE',  ( 6.399999999999999467, 0.000000000000000000, -2.800000000000000711 ) ) ;
#1026 = EDGE_CURVE ( 'NONE', #1018, #717, #1249, .T. ) ;
#1027 = ORIENTED_EDGE ( 'NONE', *, *, #1212, .T. ) ;
#1028 = CARTESIAN_POINT ( 'NONE',  ( 2.899062094601098316, 1.999999968018723484, -1.598488543045759602 ) ) ;
#1029 = ORIENTED_EDGE ( 'NONE', *, *, #253, .T. ) ;
#1030 = PLANE ( 'NONE',  #1044 ) ;
#1031 = DIRECTION ( 'NONE',  ( -0.000000000000000000, 1.000000000000000000, -0.000000000000000000 ) ) ;
#1032 = DIRECTION ( 'NONE',  ( 0.000000000000000000, 0.000000000000000000, 1.000000000000000000 ) ) ;
#1033 = ORIENTED_EDGE ( 'NONE', *, *, #185, .T. ) ;
#1034 = CARTESIAN_POINT ( 'NONE',  ( 2.753027037220112216, 2.000000063962551700, -1.544554605539872894 ) ) ;
#1035 = EDGE_LOOP ( 'NONE', ( #1331, #694, #474, #520 ) ) ;
#1036 = CARTESIAN_POINT ( 'NONE',  ( 3.700000000000017497, 2.112552449064980742, -3.842767890169120459 ) ) ;
#1037 = CARTESIAN_POINT ( 'NONE',  ( 5.100000000000001421, 2.000000000000000000, -5.599999999999999645 ) ) ;
#1038 = CARTESIAN_POINT ( 'NONE',  ( 5.100000000000001421, 3.217337578177602353, -1.829217302228137498 ) ) ;
#1039 = EDGE_LOOP ( 'NONE', ( #1128, #1189, #813, #1135, #792, #725 ) ) ;
#1040 = CARTESIAN_POINT ( 'NONE',  ( 5.099999999999928590, 2.051991640274585915, -4.062440264152251679 ) ) ;
#1041 = EDGE_CURVE ( 'NONE', #16, #279, #624, .T. ) ;
#1042 = ORIENTED_EDGE ( 'NONE', *, *, #1361, .T. ) ;
#1043 = CARTESIAN_POINT ( 'NONE',  ( 5.100000000000002309, 3.090975038726587076, -3.466347138068283762 ) ) ;
#1044 = AXIS2_PLACEMENT_3D ( 'NONE', #688, #1139, #802 ) ;
#1045 = CARTESIAN_POINT ( 'NONE',  ( 5.100000000000001421, 2.040427901309007641, -2.791914452048790629 ) ) ;
#1046 = VECTOR ( 'NONE', #672, 1000.000000000000000 ) ;
#1047 =( GEOMETRIC_REPRESENTATION_CONTEXT ( 3 ) GLOBAL_UNCERTAINTY_ASSIGNED_CONTEXT ( ( #975 ) ) GLOBAL_UNIT_ASSIGNED_CONTEXT ( ( #538, #1296, #206 ) ) REPRESENTATION_CONTEXT ( 'NONE', 'WORKASPACE' ) );
#1048 = ORIENTED_EDGE ( 'NONE', *, *, #79, .T. ) ;
#1049 = CARTESIAN_POINT ( 'NONE',  ( 5.100000000000001421, 2.624722958526455319, -3.008528872186106540 ) ) ;
#1050 = VERTEX_POINT ( 'NONE', #651 ) ;
#1051 = ADVANCED_FACE ( 'NONE', ( #203 ), #946, .F. ) ;
#1052 = CARTESIAN_POINT ( 'NONE',  ( 2.399999999999999467, 2.000000000000000444, -2.799999999999999822 ) ) ;
#1053 = CARTESIAN_POINT ( 'NONE',  ( 5.099999999999787370, 2.006374735774508089, -1.501207249596228088 ) ) ;
#1054 = CARTESIAN_POINT ( 'NONE',  ( 3.699999999999990408, 2.117001289526811991, -3.715224334793576499 ) ) ;
#1055 = ORIENTED_EDGE ( 'NONE', *, *, #761, .F. ) ;
#1056 = DIRECTION ( 'NONE',  ( -1.000000000000000000, 0.000000000000000000, 0.000000000000000000 ) ) ;
#1057 = EDGE_LOOP ( 'NONE', ( #522, #1001, #962, #214 ) ) ;
#1058 = CARTESIAN_POINT ( 'NONE',  ( 5.099999999999999645, 2.627505627811541178, -3.001781079952268616 ) ) ;
#1059 = ADVANCED_FACE ( 'NONE', ( #951 ), #1154, .F. ) ;
#1060 = CARTESIAN_POINT ( 'NONE',  ( 5.099999999999929479, 2.014836776003379182, -1.503597809851865863 ) ) ;
#1061 = CARTESIAN_POINT ( 'NONE',  ( 3.699999999999999289, 2.087619668662347383, -3.315458212789963444 ) ) ;
#1062 = EDGE_CURVE ( 'NONE', #95, #445, #23, .T. ) ;
#1063 = EDGE_LOOP ( 'NONE', ( #298, #171, #667, #1359, #1278 ) ) ;
#1064 = DIRECTION ( 'NONE',  ( 1.000000000000000000, 0.000000000000000000, 0.000000000000000000 ) ) ;
#1065 = CARTESIAN_POINT ( 'NONE',  ( 5.099999999999981881, 2.074324422493451170, -2.377227720636351460 ) ) ;
#1066 = DIRECTION ( 'NONE',  ( 1.000000000000000000, 0.000000000000000000, 0.000000000000000000 ) ) ;
#1067 = VECTOR ( 'NONE', #845, 1000.000000000000000 ) ;
#1068 =( GEOMETRIC_REPRESENTATION_CONTEXT ( 3 ) GLOBAL_UNCERTAINTY_ASSIGNED_CONTEXT ( ( #1194 ) ) GLOBAL_UNIT_ASSIGNED_CONTEXT ( ( #349, #782, #1336 ) ) REPRESENTATION_CONTEXT ( 'NONE', 'WORKASPACE' ) );
#1069 = VECTOR ( 'NONE', #712, 1000.000000000000000 ) ;
#1070 = AXIS2_PLACEMENT_3D ( 'NONE', #1349, #793, #1124 ) ;
#1071 = EDGE_LOOP ( 'NONE', ( #507, #533, #996 ) ) ;
#1072 = CARTESIAN_POINT ( 'NONE',  ( 5.100000000000001421, 3.250000000000000444, -2.799999999999999822 ) ) ;
#1073 = DIRECTION ( 'NONE',  ( -0.7071067811865422437, 0.7071067811865527908, -8.659560562354869996E-17 ) ) ;
#1074 = CARTESIAN_POINT ( 'NONE',  ( 3.699999999999998845, 2.000000000000000000, 0.000000000000000000 ) ) ;
#1075 = EDGE_CURVE ( 'NONE', #95, #706, #1165, .T. ) ;
#1076 = ORIENTED_EDGE ( 'NONE', *, *, #1170, .T. ) ;
#1077 = DIRECTION ( 'NONE',  ( -1.000000000000000000, 2.628368902995161532E-16, 0.000000000000000000 ) ) ;
#1078 = DIRECTION ( 'NONE',  ( -0.000000000000000000, -0.000000000000000000, 1.000000000000000000 ) ) ;
#1079 = CARTESIAN_POINT ( 'NONE',  ( 2.899062094601041473, 1.999999968018713492, -4.001511456954260915 ) ) ;
#1080 = CARTESIAN_POINT ( 'NONE',  ( 8.800000000000000711, 2.000000000000000000, 0.000000000000000000 ) ) ;
#1081 = CARTESIAN_POINT ( 'NONE',  ( 5.100000000000020073, 2.111687736331940179, -3.547130186669117613 ) ) ;
#1082 = ORIENTED_EDGE ( 'NONE', *, *, #334, .F. ) ;
#1083 = CARTESIAN_POINT ( 'NONE',  ( 3.775000000000000355, 0.6250000000000002220, 0.000000000000000000 ) ) ;
#1084 = EDGE_CURVE ( 'NONE', #821, #1289, #857, .T. ) ;
#1085 = CARTESIAN_POINT ( 'NONE',  ( 3.699999999999999289, 2.627506490965732855, -3.001781599938393441 ) ) ;
#1086 = CARTESIAN_POINT ( 'NONE',  ( 5.025000000000000355, 0.6250000000000002220, -5.599999999999999645 ) ) ;
#1087 = ORIENTED_EDGE ( 'NONE', *, *, #418, .F. ) ;
#1088 = CARTESIAN_POINT ( 'NONE',  ( 5.100000000000020073, 2.074324422493412534, -3.222772279363546044 ) ) ;
#1089 = ORIENTED_EDGE ( 'NONE', *, *, #147, .T. ) ;
#1090 = CIRCLE ( 'NONE', #1114, 0.8250000000000001776 ) ;
#1091 = FACE_BOUND ( 'NONE', #344, .T. ) ;
#1092 = LINE ( 'NONE', #138, #536 ) ;
#1093 = CARTESIAN_POINT ( 'NONE',  ( 5.100000000000002309, 2.627506490965732855, -2.598218400061607536 ) ) ;
#1094 = ORIENTED_EDGE ( 'NONE', *, *, #229, .F. ) ;
#1095 = VERTEX_POINT ( 'NONE', #1294 ) ;
#1096 = CARTESIAN_POINT ( 'NONE',  ( 3.699999999999998845, 2.087101689829728990, -1.624879758585831446 ) ) ;
#1097 = EDGE_LOOP ( 'NONE', ( #867, #262, #126, #1153, #755 ) ) ;
#1098 = CARTESIAN_POINT ( 'NONE',  ( 3.699999999999999289, 2.998768223487056517, -3.328274097237388762 ) ) ;
#1099 = CARTESIAN_POINT ( 'NONE',  ( 5.100000000000001421, 8.749999999999998224, 0.0002963548515119539132 ) ) ;
#1100 = EDGE_CURVE ( 'NONE', #717, #585, #1385, .T. ) ;
#1101 = FACE_OUTER_BOUND ( 'NONE', #26, .T. ) ;
#1102 = EDGE_CURVE ( 'NONE', #675, #731, #804, .T. ) ;
#1103 = VERTEX_POINT ( 'NONE', #639 ) ;
#1104 = CARTESIAN_POINT ( 'NONE',  ( 3.700000000000251088, 2.006374735774552942, -1.501207249596235416 ) ) ;
#1105 = CARTESIAN_POINT ( 'NONE',  ( 2.493884546261786017, 1.999999999642195547, -4.096688517232259130 ) ) ;
#1106 = DIRECTION ( 'NONE',  ( 1.000000000000000000, 0.000000000000000000, 0.000000000000000000 ) ) ;
#1107 = ORIENTED_EDGE ( 'NONE', *, *, #1379, .F. ) ;
#1108 = EDGE_CURVE ( 'NONE', #411, #875, #128, .T. ) ;
#1109 = CIRCLE ( 'NONE', #394, 1.250000000000000222 ) ;
#1110 = VERTEX_POINT ( 'NONE', #998 ) ;
#1111 = AXIS2_PLACEMENT_3D ( 'NONE', #896, #359, #1210 ) ;
#1112 = CARTESIAN_POINT ( 'NONE',  ( 3.699999999999998401, 2.000000000000000000, -2.800000000000000266 ) ) ;
#1113 = AXIS2_PLACEMENT_3D ( 'NONE', #767, #15, #1056 ) ;
#1114 = AXIS2_PLACEMENT_3D ( 'NONE', #1305, #766, #1199 ) ;
#1115 = EDGE_LOOP ( 'NONE', ( #807, #461, #1309, #490 ) ) ;
#1116 = CARTESIAN_POINT ( 'NONE',  ( 3.699999999999998845, 8.749999999999998224, -5.600296354851507452 ) ) ;
#1117 = DIRECTION ( 'NONE',  ( 0.000000000000000000, 0.000000000000000000, -1.000000000000000000 ) ) ;
#1118 = PRESENTATION_LAYER_ASSIGNMENT (  '', '', ( #693 ) ) ;
#1119 = CARTESIAN_POINT ( 'NONE',  ( 6.400000000000001243, 1.524999999999993916, -2.799999999999999822 ) ) ;
#1120 = CARTESIAN_POINT ( 'NONE',  ( 6.399999999999999467, 1.524999999999993916, -1.974999999999999867 ) ) ;
#1121 = EDGE_CURVE ( 'NONE', #943, #598, #1163, .T. ) ;
#1122 = ORIENTED_EDGE ( 'NONE', *, *, #1121, .T. ) ;
#1123 = CARTESIAN_POINT ( 'NONE',  ( 3.699999999999999289, 2.202214569395168020, -2.756619843262391178 ) ) ;
#1124 = DIRECTION ( 'NONE',  ( 0.000000000000000000, -0.000000000000000000, -1.000000000000000000 ) ) ;
#1125 = CYLINDRICAL_SURFACE ( 'NONE', #111, 1.250000000000000000 ) ;
#1126 = DIRECTION ( 'NONE',  ( -0.000000000000000000, -0.000000000000000000, -1.000000000000000000 ) ) ;
#1127 = CARTESIAN_POINT ( 'NONE',  ( 0.000000000000000000, 0.000000000000000000, 0.000000000000000000 ) ) ;
#1128 = ORIENTED_EDGE ( 'NONE', *, *, #321, .F. ) ;
#1129 = CARTESIAN_POINT ( 'NONE',  ( 3.700000000000009948, 2.074324422493412978, -2.377227720636175601 ) ) ;
#1130 = ORIENTED_EDGE ( 'NONE', *, *, #739, .T. ) ;
#1131 = CARTESIAN_POINT ( 'NONE',  ( 0.000000000000000000, 0.000000000000000000, 0.000000000000000000 ) ) ;
#1132 = EDGE_CURVE ( 'NONE', #1366, #608, #1254, .T. ) ;
#1133 = CARTESIAN_POINT ( 'NONE',  ( 0.000000000000000000, 2.000000000000000000, 0.000000000000000000 ) ) ;
#1134 = CARTESIAN_POINT ( 'NONE',  ( 3.699999999999998845, 2.000000000000000000, 0.0002963548515119539132 ) ) ;
#1135 = ORIENTED_EDGE ( 'NONE', *, *, #418, .T. ) ;
#1136 = CARTESIAN_POINT ( 'NONE',  ( 6.335415332647239772, 2.000000000357805341, -4.098477664024038347 ) ) ;
#1137 = ORIENTED_EDGE ( 'NONE', *, *, #631, .F. ) ;
#1138 = AXIS2_PLACEMENT_3D ( 'NONE', #63, #485, #381 ) ;
#1139 = DIRECTION ( 'NONE',  ( -0.000000000000000000, 1.000000000000000000, 0.000000000000000000 ) ) ;
#1140 = CARTESIAN_POINT ( 'NONE',  ( 8.800000000000000711, 2.000000000000000000, 0.000000000000000000 ) ) ;
#1141 = EDGE_CURVE ( 'NONE', #719, #90, #648, .T. ) ;
#1142 = DIRECTION ( 'NONE',  ( 0.000000000000000000, -0.000000000000000000, -1.000000000000000000 ) ) ;
#1143 = ORIENTED_EDGE ( 'NONE', *, *, #621, .T. ) ;
#1144 = CARTESIAN_POINT ( 'NONE',  ( 6.287240880478636385, 2.000000006287632637, -4.095863473245202613 ) ) ;
#1145 = EDGE_LOOP ( 'NONE', ( #179, #497, #516 ) ) ;
#1146 = CARTESIAN_POINT ( 'NONE',  ( 3.699999999999999289, 2.552035295015831373, -2.968640005332271681 ) ) ;
#1147 = CARTESIAN_POINT ( 'NONE',  ( 3.699999999999998845, 9.500000000000000000, 0.0002963548515119539132 ) ) ;
#1148 = CARTESIAN_POINT ( 'NONE',  ( 6.046972962780183813, 2.000000063962521057, -1.544554605539799397 ) ) ;
#1149 = ADVANCED_FACE ( 'NONE', ( #662, #1091 ), #1190, .T. ) ;
#1150 = PRODUCT_RELATED_PRODUCT_CATEGORY ( 'part', '', ( #414 ) ) ;
#1151 = ORIENTED_EDGE ( 'NONE', *, *, #761, .T. ) ;
#1152 = CARTESIAN_POINT ( 'NONE',  ( 4.400000000000000355, 0.6250000000000002220, -5.599999999999999645 ) ) ;
#1153 = ORIENTED_EDGE ( 'NONE', *, *, #260, .T. ) ;
#1154 = PLANE ( 'NONE',  #888 ) ;
#1155 = CARTESIAN_POINT ( 'NONE',  ( 5.100000000000001421, 2.202214569395267940, -2.756619843262387182 ) ) ;
#1156 = ORIENTED_EDGE ( 'NONE', *, *, #72, .F. ) ;
#1157 = EDGE_CURVE ( 'NONE', #608, #967, #826, .T. ) ;
#1158 = CARTESIAN_POINT ( 'NONE',  ( 6.192902685311283406, 2.000000013413794075, -4.084165598196506153 ) ) ;
#1159 = ORIENTED_EDGE ( 'NONE', *, *, #1008, .F. ) ;
#1160 = CARTESIAN_POINT ( 'NONE',  ( 5.025000000000000355, 0.000000000000000000, -5.599999999999999645 ) ) ;
#1161 = VECTOR ( 'NONE', #709, 1000.000000000000000 ) ;
#1162 = CARTESIAN_POINT ( 'NONE',  ( 5.100000000000001421, 2.552035295016006344, -2.631359994667616498 ) ) ;
#1163 = CIRCLE ( 'NONE', #668, 0.8250000000000001776 ) ;
#1164 = SURFACE_SIDE_STYLE ('',( #526 ) ) ;
#1165 = B_SPLINE_CURVE_WITH_KNOTS ( 'NONE', 3,
 ( #1378, #963, #426, #747, #1286, #643, #408, #1272, #307, #110 ),
 .UNSPECIFIED., .F., .F.,
 ( 4, 2, 2, 2, 4 ),
 ( -7.071067763561770885E-06, 0.0004893660484995080969, 0.0009858031647625780866, 0.001482240281025647968, 0.001978677397288716982 ),
 .UNSPECIFIED. ) ;
#1166 = AXIS2_PLACEMENT_3D ( 'NONE', #67, #491, #61 ) ;
#1167 = APPLICATION_CONTEXT ( 'automotive_design' ) ;
#1168 = ORIENTED_EDGE ( 'NONE', *, *, #175, .F. ) ;
#1169 = DIRECTION ( 'NONE',  ( -0.000000000000000000, -1.000000000000000000, -0.000000000000000000 ) ) ;
#1170 = EDGE_CURVE ( 'NONE', #1195, #1103, #121, .T. ) ;
#1171 = ORIENTED_EDGE ( 'NONE', *, *, #1209, .T. ) ;
#1172 = CARTESIAN_POINT ( 'NONE',  ( 5.100000000000002309, 2.324898343969081349, -2.868857844700674953 ) ) ;
#1173 = CARTESIAN_POINT ( 'NONE',  ( 6.221037476675816080, 1.999999996856206996, -1.512185342094287011 ) ) ;
#1174 = CARTESIAN_POINT ( 'NONE',  ( 6.400000000000001243, 2.000000000000000444, -2.799999999999999822 ) ) ;
#1175 = PLANE ( 'NONE',  #1283 ) ;
#1176 = ORIENTED_EDGE ( 'NONE', *, *, #1141, .T. ) ;
#1177 = DIRECTION ( 'NONE',  ( 0.000000000000000000, -1.000000000000000000, 0.000000000000000000 ) ) ;
#1178 = CARTESIAN_POINT ( 'NONE',  ( 5.612206745698602894, 2.000000098407586080, -1.757931678431734479 ) ) ;
#1179 = CARTESIAN_POINT ( 'NONE',  ( 3.644439963059645571, 1.999999934409690372, -3.218298975501942216 ) ) ;
#1180 = ORIENTED_EDGE ( 'NONE', *, *, #57, .F. ) ;
#1181 = DIRECTION ( 'NONE',  ( -1.000000000000000000, -0.000000000000000000, -0.000000000000000000 ) ) ;
#1182 = DIRECTION ( 'NONE',  ( -0.000000000000000000, 1.000000000000000000, -0.000000000000000000 ) ) ;
#1183 = SURFACE_STYLE_USAGE ( .BOTH. , #1164 ) ;
#1184 = CIRCLE ( 'NONE', #931, 1.250000000000000222 ) ;
#1185 = EDGE_CURVE ( 'NONE', #800, #723, #1216, .T. ) ;
#1186 = AXIS2_PLACEMENT_3D ( 'NONE', #315, #741, #211 ) ;
#1187 = AXIS2_PLACEMENT_3D ( 'NONE', #32, #1314, #1221 ) ;
#1188 = CIRCLE ( 'NONE', #1262, 0.8250000000000001776 ) ;
#1189 = ORIENTED_EDGE ( 'NONE', *, *, #127, .F. ) ;
#1190 = PLANE ( 'NONE',  #45 ) ;
#1191 = CARTESIAN_POINT ( 'NONE',  ( 3.699999999999998845, 3.250000000000000444, -4.099038105676657828 ) ) ;
#1192 = CARTESIAN_POINT ( 'NONE',  ( 3.699999999999998401, 2.040427901307251268, -2.808085547959950468 ) ) ;
#1193 = CARTESIAN_POINT ( 'NONE',  ( 3.699999999999998845, 2.000000000000000000, -5.599999999999999645 ) ) ;
#1194 = UNCERTAINTY_MEASURE_WITH_UNIT (LENGTH_MEASURE( 1.000000000000000082E-05 ), #349, 'distance_accuracy_value', 'NONE');
#1195 = VERTEX_POINT ( 'NONE', #1083 ) ;
#1196 = CARTESIAN_POINT ( 'NONE',  ( 6.400000000000001243, 1.524999999999993916, -2.799999999999999822 ) ) ;
#1197 = FACE_OUTER_BOUND ( 'NONE', #1284, .T. ) ;
#1198 = CARTESIAN_POINT ( 'NONE',  ( 5.100000000000001421, 2.000000000000000888, -2.799999999999999822 ) ) ;
#1199 = DIRECTION ( 'NONE',  ( -1.000000000000000000, 2.628368902995161532E-16, 0.000000000000000000 ) ) ;
#1200 = FACE_OUTER_BOUND ( 'NONE', #1035, .T. ) ;
#1201 = B_SPLINE_CURVE_WITH_KNOTS ( 'NONE', 3,
 ( #1191, #129, #224, #339, #1098, #1303, #1085, #964, #13, #455 ),
 .UNSPECIFIED., .F., .F.,
 ( 4, 2, 2, 2, 4 ),
 ( 0.000000000000000000, 0.0004965417472263644171, 0.0009930834944527288342, 0.001489625241679093251, 0.001986166988905457668 ),
 .UNSPECIFIED. ) ;
#1202 = ORIENTED_EDGE ( 'NONE', *, *, #981, .T. ) ;
#1203 = DIRECTION ( 'NONE',  ( -0.000000000000000000, -1.000000000000000000, -0.000000000000000000 ) ) ;
#1204 = FACE_OUTER_BOUND ( 'NONE', #116, .T. ) ;
#1205 = LINE ( 'NONE', #246, #1046 ) ;
#1206 = PLANE ( 'NONE',  #1000 ) ;
#1207 = CARTESIAN_POINT ( 'NONE',  ( 5.100000000000001421, 2.000000000000000000, 0.0002963548515119539132 ) ) ;
#1208 = ORIENTED_EDGE ( 'NONE', *, *, #961, .F. ) ;
#1209 = EDGE_CURVE ( 'NONE', #642, #186, #882, .T. ) ;
#1210 = DIRECTION ( 'NONE',  ( -1.000000000000000000, 2.628368902995161532E-16, 0.000000000000000000 ) ) ;
#1211 = DIRECTION ( 'NONE',  ( 0.000000000000000000, 0.000000000000000000, 1.000000000000000000 ) ) ;
#1212 = EDGE_CURVE ( 'NONE', #188, #1095, #257, .T. ) ;
#1213 = CARTESIAN_POINT ( 'NONE',  ( 5.100000000000002309, 3.217132014833616438, -1.829942108687805602 ) ) ;
#1214 = CARTESIAN_POINT ( 'NONE',  ( 3.775000000000000355, 0.6250000000000002220, -5.599999999999999645 ) ) ;
#1215 = ORIENTED_EDGE ( 'NONE', *, *, #219, .T. ) ;
#1216 = LINE ( 'NONE', #889, #223 ) ;
#1217 = CARTESIAN_POINT ( 'NONE',  ( 3.699999999999963762, 2.037791203595710421, -4.076992749402889693 ) ) ;
#1218 = CARTESIAN_POINT ( 'NONE',  ( 3.699999999999998845, 3.250000000000000444, -1.500961894323342039 ) ) ;
#1219 = ADVANCED_FACE ( 'NONE', ( #990 ), #1330, .F. ) ;
#1220 = CARTESIAN_POINT ( 'NONE',  ( 3.775000000000000355, 0.6250000000000002220, -5.599999999999999645 ) ) ;
#1221 = DIRECTION ( 'NONE',  ( -1.000000000000000000, -3.336006684570782608E-16, 0.000000000000000000 ) ) ;
#1222 = ORIENTED_EDGE ( 'NONE', *, *, #1015, .F. ) ;
#1223 = CARTESIAN_POINT ( 'NONE',  ( 3.699999999999998401, 2.000000000000000000, -2.588272338364797420 ) ) ;
#1224 = CARTESIAN_POINT ( 'NONE',  ( 5.100000000000001421, 3.250000000000000444, -5.599999999999999645 ) ) ;
#1225 = FACE_OUTER_BOUND ( 'NONE', #363, .T. ) ;
#1226 = LINE ( 'NONE', #1235, #850 ) ;
#1227 = ADVANCED_FACE ( 'NONE', ( #27 ), #692, .F. ) ;
#1228 = CIRCLE ( 'NONE', #228, 1.300000000000000044 ) ;
#1229 = ORIENTED_EDGE ( 'NONE', *, *, #219, .F. ) ;
#1230 = CONICAL_SURFACE ( 'NONE', #1138, 1.300000000000000044, 0.7853981633974410625 ) ;
#1231 = CARTESIAN_POINT ( 'NONE',  ( 3.699999999999999289, 2.321756788088957357, -2.723175070000793063 ) ) ;
#1232 = VECTOR ( 'NONE', #419, 1000.000000000000000 ) ;
#1233 = CARTESIAN_POINT ( 'NONE',  ( 3.699999999999999289, 3.250000005513243195, -3.933495572740766555 ) ) ;
#1234 = CARTESIAN_POINT ( 'NONE',  ( 5.100000000000001421, 2.000000000000000000, 0.0002963548515119539132 ) ) ;
#1235 = CARTESIAN_POINT ( 'NONE',  ( 5.100000000000001421, 9.500000000000000000, 0.0002963548515119539132 ) ) ;
#1236 = EDGE_CURVE ( 'NONE', #445, #186, #690, .T. ) ;
#1237 = VERTEX_POINT ( 'NONE', #591 ) ;
#1238 = CARTESIAN_POINT ( 'NONE',  ( 6.350000000000000533, 2.000000000000000000, -4.099038105676657828 ) ) ;
#1239 = VERTEX_POINT ( 'NONE', #791 ) ;
#1240 = LINE ( 'NONE', #1116, #375 ) ;
#1241 = CARTESIAN_POINT ( 'NONE',  ( 0.000000000000000000, 2.000000000000000000, -5.599999999999999645 ) ) ;
#1242 = CARTESIAN_POINT ( 'NONE',  ( 0.000000000000000000, 0.000000000000000000, -5.599999999999999645 ) ) ;
#1243 = EDGE_LOOP ( 'NONE', ( #1317, #936, #849, #413 ) ) ;
#1244 = CARTESIAN_POINT ( 'NONE',  ( 5.100000000000001421, 3.250000000000000444, -4.099038105676657828 ) ) ;
#1245 = ORIENTED_EDGE ( 'NONE', *, *, #1361, .F. ) ;
#1246 = DIRECTION ( 'NONE',  ( 0.000000000000000000, -1.000000000000000000, 0.000000000000000000 ) ) ;
#1247 = DIRECTION ( 'NONE',  ( -1.000000000000000000, -0.000000000000000000, -0.000000000000000000 ) ) ;
#1248 = FACE_OUTER_BOUND ( 'NONE', #1097, .T. ) ;
#1249 = B_SPLINE_CURVE_WITH_KNOTS ( 'NONE', 3,
 ( #1290, #117, #1172, #1058, #215, #939, #1043, #1279, #862, #11 ),
 .UNSPECIFIED., .F., .F.,
 ( 4, 2, 2, 2, 4 ),
 ( -7.071067763562026689E-06, 0.0004893660484995074464, 0.0009858031647625767856, 0.001482240281025646233, 0.001978677397288715681 ),
 .UNSPECIFIED. ) ;
#1250 = ORIENTED_EDGE ( 'NONE', *, *, #318, .T. ) ;
#1251 = AXIS2_PLACEMENT_3D ( 'NONE', #360, #917, #1022 ) ;
#1252 = CARTESIAN_POINT ( 'NONE',  ( 6.343431846531478513, 2.000000000000000000, -4.098785297640386460 ) ) ;
#1253 = ORIENTED_EDGE ( 'NONE', *, *, #613, .F. ) ;
#1254 = CIRCLE ( 'NONE', #155, 0.8250000000000001776 ) ;
#1255 = CARTESIAN_POINT ( 'NONE',  ( 3.699999999999999289, 2.624722958526341632, -3.008528872186077230 ) ) ;
#1256 = ADVANCED_FACE ( 'NONE', ( #1013 ), #1338, .F. ) ;
#1257 = LINE ( 'NONE', #77, #487 ) ;
#1258 = AXIS2_PLACEMENT_3D ( 'NONE', #164, #44, #886 ) ;
#1259 = AXIS2_PLACEMENT_3D ( 'NONE', #277, #1032, #170 ) ;
#1260 = DIRECTION ( 'NONE',  ( -1.000000000000000000, 0.000000000000000000, 0.000000000000000000 ) ) ;
#1261 = EDGE_CURVE ( 'NONE', #256, #1353, #916, .T. ) ;
#1262 = AXIS2_PLACEMENT_3D ( 'NONE', #1282, #213, #860 ) ;
#1263 = VERTEX_POINT ( 'NONE', #160 ) ;
#1264 = CARTESIAN_POINT ( 'NONE',  ( 0.000000000000000000, 2.000000000000000000, 0.000000000000000000 ) ) ;
#1265 = ORIENTED_EDGE ( 'NONE', *, *, #1108, .F. ) ;
#1266 = CARTESIAN_POINT ( 'NONE',  ( 6.399999999999999467, 0.000000000000000000, -2.800000000000000711 ) ) ;
#1267 = CARTESIAN_POINT ( 'NONE',  ( 5.100000000000071587, 2.037791203595782363, -1.523007250597045559 ) ) ;
#1268 = EDGE_CURVE ( 'NONE', #445, #993, #890, .T. ) ;
#1269 = ORIENTED_EDGE ( 'NONE', *, *, #478, .T. ) ;
#1270 = CARTESIAN_POINT ( 'NONE',  ( 5.100000000000037836, 2.087101689829764517, -3.975120241414114020 ) ) ;
#1271 = ORIENTED_EDGE ( 'NONE', *, *, #833, .F. ) ;
#1272 = CARTESIAN_POINT ( 'NONE',  ( 3.699999999999999734, 3.217131966803164378, -1.829942351098126530 ) ) ;
#1273 = CARTESIAN_POINT ( 'NONE',  ( 5.025000000000000355, 0.6250000000000002220, -5.599999999999999645 ) ) ;
#1274 = CARTESIAN_POINT ( 'NONE',  ( 3.699999999999999289, 2.282082219151948976, -2.864851767508240332 ) ) ;
#1275 = ADVANCED_FACE ( 'NONE', ( #909 ), #844, .F. ) ;
#1276 = EDGE_LOOP ( 'NONE', ( #684, #958, #1377, #922 ) ) ;
#1277 = CARTESIAN_POINT ( 'NONE',  ( 5.423373396559234116, 1.999999901592417251, -3.667597242242567113 ) ) ;
#1278 = ORIENTED_EDGE ( 'NONE', *, *, #1315, .T. ) ;
#1279 = CARTESIAN_POINT ( 'NONE',  ( 5.100000000000001421, 3.217131966803163490, -3.770057648901873559 ) ) ;
#1280 = AXIS2_PLACEMENT_3D ( 'NONE', #838, #325, #1064 ) ;
#1281 = CARTESIAN_POINT ( 'NONE',  ( 5.100000000000001421, 3.091284997662847367, -2.133135787015700391 ) ) ;
#1282 = CARTESIAN_POINT ( 'NONE',  ( 2.399999999999999467, 0.000000000000000000, -2.799999999999999822 ) ) ;
#1283 = AXIS2_PLACEMENT_3D ( 'NONE', #1214, #146, #457 ) ;
#1284 = EDGE_LOOP ( 'NONE', ( #1362, #616, #60, #1344 ) ) ;
#1285 = ORIENTED_EDGE ( 'NONE', *, *, #833, .T. ) ;
#1286 = CARTESIAN_POINT ( 'NONE',  ( 3.699999999999999289, 2.764748666506964270, -2.506341661678852084 ) ) ;
#1287 = CARTESIAN_POINT ( 'NONE',  ( 5.099999999999982769, 2.117085720771009427, -1.933593537019738573 ) ) ;
#1288 = CARTESIAN_POINT ( 'NONE',  ( 3.699999999999999289, 2.111687736331960608, -3.547130186669169127 ) ) ;
#1289 = VERTEX_POINT ( 'NONE', #312 ) ;
#1290 = CARTESIAN_POINT ( 'NONE',  ( 5.100000000000001421, 2.000000000000000888, -2.799999999999999822 ) ) ;
#1291 = CARTESIAN_POINT ( 'NONE',  ( 5.100000000000001421, 2.999079426498074685, -2.271336903670868601 ) ) ;
#1292 = LINE ( 'NONE', #1074, #581 ) ;
#1293 = ORIENTED_EDGE ( 'NONE', *, *, #956, .F. ) ;
#1294 = CARTESIAN_POINT ( 'NONE',  ( 8.800000000000000711, 0.000000000000000000, -5.599999999999999645 ) ) ;
#1295 = DIRECTION ( 'NONE',  ( 0.000000000000000000, 0.000000000000000000, 1.000000000000000000 ) ) ;
#1296 =( NAMED_UNIT ( * ) PLANE_ANGLE_UNIT ( ) SI_UNIT ( $, .RADIAN. ) );
#1297 = AXIS2_PLACEMENT_3D ( 'NONE', #1025, #297, #919 ) ;
#1298 = VECTOR ( 'NONE', #1106, 1000.000000000000000 ) ;
#1299 = CARTESIAN_POINT ( 'NONE',  ( 5.100000000000001421, 2.823540864532711581, -3.152561859451013859 ) ) ;
#1300 = CIRCLE ( 'NONE', #757, 0.7499999999999997780 ) ;
#1301 = VERTEX_POINT ( 'NONE', #1193 ) ;
#1302 = DIRECTION ( 'NONE',  ( 0.000000000000000000, -1.000000000000000000, 0.000000000000000000 ) ) ;
#1303 = CARTESIAN_POINT ( 'NONE',  ( 3.699999999999999734, 2.764749363575194518, -3.093658899377024873 ) ) ;
#1304 = CARTESIAN_POINT ( 'NONE',  ( 5.100000000000002309, 2.162299106469334653, -2.767536846370911796 ) ) ;
#1305 = CARTESIAN_POINT ( 'NONE',  ( 6.400000000000001243, 1.524999999999993916, -2.799999999999999822 ) ) ;
#1306 = CARTESIAN_POINT ( 'NONE',  ( 5.099999999999983658, 2.117085720771017421, -3.666406462980119407 ) ) ;
#1307 = EDGE_CURVE ( 'NONE', #1110, #1103, #874, .T. ) ;
#1308 = PRODUCT_DEFINITION_CONTEXT ( 'detailed design', #500, 'design' ) ;
#1309 = ORIENTED_EDGE ( 'NONE', *, *, #815, .F. ) ;
#1310 = CARTESIAN_POINT ( 'NONE',  ( 2.464584667352690328, 2.000000000357784913, -1.501522335976006817 ) ) ;
#1311 = CARTESIAN_POINT ( 'NONE',  ( 5.575000000000001066, 1.524999999999993916, -2.799999999999999822 ) ) ;
#1312 = CARTESIAN_POINT ( 'NONE',  ( 3.699999999999999289, 2.000000000000000888, -2.799999999999999822 ) ) ;
#1313 = DIRECTION ( 'NONE',  ( -2.168404344971008868E-16, 1.000000000000000000, -0.000000000000000000 ) ) ;
#1314 = DIRECTION ( 'NONE',  ( -2.168404344971008868E-16, 1.000000000000000000, -0.000000000000000000 ) ) ;
#1315 = EDGE_CURVE ( 'NONE', #425, #80, #650, .T. ) ;
#1316 = EDGE_CURVE ( 'NONE', #740, #1353, #24, .T. ) ;
#1317 = ORIENTED_EDGE ( 'NONE', *, *, #1185, .F. ) ;
#1318 = CARTESIAN_POINT ( 'NONE',  ( 3.699999999999998845, 2.000000000000000000, -1.500961894323342927 ) ) ;
#1319 = CARTESIAN_POINT ( 'NONE',  ( 2.399999999999999467, 0.000000000000000000, -2.799999999999999822 ) ) ;
#1320 = CARTESIAN_POINT ( 'NONE',  ( 6.399999999999999467, 0.000000000000000000, -1.975000000000000533 ) ) ;
#1321 = DIRECTION ( 'NONE',  ( -0.000000000000000000, -0.000000000000000000, 1.000000000000000000 ) ) ;
#1322 = AXIS2_PLACEMENT_3D ( 'NONE', #541, #529, #535 ) ;
#1323 = ORIENTED_EDGE ( 'NONE', *, *, #1236, .F. ) ;
#1324 = AXIS2_PLACEMENT_3D ( 'NONE', #18, #870, #1014 ) ;
#1325 = DIRECTION ( 'NONE',  ( 0.000000000000000000, 0.000000000000000000, 1.000000000000000000 ) ) ;
#1326 = LINE ( 'NONE', #753, #974 ) ;
#1327 = LINE ( 'NONE', #361, #178 ) ;
#1328 = LINE ( 'NONE', #1080, #1232 ) ;
#1329 = ORIENTED_EDGE ( 'NONE', *, *, #19, .T. ) ;
#1330 = PLANE ( 'NONE',  #511 ) ;
#1331 = ORIENTED_EDGE ( 'NONE', *, *, #956, .T. ) ;
#1332 = CARTESIAN_POINT ( 'NONE',  ( 3.699999999999998845, 9.500000000000000000, -5.600296354851507452 ) ) ;
#1333 = ADVANCED_FACE ( 'NONE', ( #208 ), #342, .F. ) ;
#1334 = CARTESIAN_POINT ( 'NONE',  ( 3.775000000000000355, 0.6250000000000002220, -5.599999999999999645 ) ) ;
#1335 = CARTESIAN_POINT ( 'NONE',  ( 0.000000000000000000, 2.000000000000000000, 0.000000000000000000 ) ) ;
#1336 =( NAMED_UNIT ( * ) SI_UNIT ( $, .STERADIAN. ) SOLID_ANGLE_UNIT ( ) );
#1337 = ORIENTED_EDGE ( 'NONE', *, *, #12, .F. ) ;
#1338 = CYLINDRICAL_SURFACE ( 'NONE', #1166, 1.250000000000000222 ) ;
#1339 = FACE_OUTER_BOUND ( 'NONE', #242, .T. ) ;
#1340 = CARTESIAN_POINT ( 'NONE',  ( 6.400000000000001243, 2.000000000000000444, -2.799999999999999822 ) ) ;
#1341 = CARTESIAN_POINT ( 'NONE',  ( 5.100000000000001421, 2.000000000000000000, -5.599999999999999645 ) ) ;
#1342 = DIRECTION ( 'NONE',  ( -0.000000000000000000, -0.000000000000000000, 1.000000000000000000 ) ) ;
#1343 = VECTOR ( 'NONE', #462, 1000.000000000000000 ) ;
#1344 = ORIENTED_EDGE ( 'NONE', *, *, #582, .T. ) ;
#1345 = AXIS2_PLACEMENT_3D ( 'NONE', #190, #84, #1350 ) ;
#1346 = CARTESIAN_POINT ( 'NONE',  ( 3.699999999460911848, 2.020229012232117594, -2.690763835119617031 ) ) ;
#1347 = VECTOR ( 'NONE', #966, 1000.000000000000000 ) ;
#1348 = CIRCLE ( 'NONE', #534, 1.250000000000000000 ) ;
#1349 = CARTESIAN_POINT ( 'NONE',  ( 0.000000000000000000, 2.000000000000000000, 0.000000000000000000 ) ) ;
#1350 = DIRECTION ( 'NONE',  ( 1.000000000000000000, -3.336006684570782608E-16, 0.000000000000000000 ) ) ;
#1351 = CARTESIAN_POINT ( 'NONE',  ( 3.699999999999998845, 2.000000000000000000, -5.600296354851507452 ) ) ;
#1352 = ADVANCED_FACE ( 'NONE', ( #1200 ), #724, .F. ) ;
#1353 = VERTEX_POINT ( 'NONE', #514 ) ;
#1354 = CARTESIAN_POINT ( 'NONE',  ( 0.000000000000000000, 0.000000000000000000, 0.000000000000000000 ) ) ;
#1355 = LINE ( 'NONE', #484, #1161 ) ;
#1356 = LINE ( 'NONE', #610, #131 ) ;
#1357 = DIRECTION ( 'NONE',  ( -0.000000000000000000, -1.000000000000000000, -0.000000000000000000 ) ) ;
#1358 = EDGE_CURVE ( 'NONE', #1353, #1103, #937, .T. ) ;
#1359 = ORIENTED_EDGE ( 'NONE', *, *, #806, .T. ) ;
#1360 = CARTESIAN_POINT ( 'NONE',  ( 3.699999999999990408, 2.117001289526812435, -1.884775665206470885 ) ) ;
#1361 = EDGE_CURVE ( 'NONE', #875, #551, #154, .T. ) ;
#1362 = ORIENTED_EDGE ( 'NONE', *, *, #1261, .T. ) ;
#1363 = CARTESIAN_POINT ( 'NONE',  ( 2.512759119521322138, 2.000000006287647292, -4.095863473245220376 ) ) ;
#1364 = LINE ( 'NONE', #1241, #65 ) ;
#1365 = CARTESIAN_POINT ( 'NONE',  ( 6.350000000000001421, 3.250000000000000444, -4.099038105676657828 ) ) ;
#1366 = VERTEX_POINT ( 'NONE', #1120 ) ;
#1367 = AXIS2_PLACEMENT_3D ( 'NONE', #1174, #218, #417 ) ;
#1368 = CARTESIAN_POINT ( 'NONE',  ( 5.100000000000001421, 2.161961970099851804, -2.833864027154202603 ) ) ;
#1369 = ORIENTED_EDGE ( 'NONE', *, *, #1261, .F. ) ;
#1370 = VECTOR ( 'NONE', #930, 1000.000000000000000 ) ;
#1371 = EDGE_CURVE ( 'NONE', #1289, #740, #796, .T. ) ;
#1372 = CYLINDRICAL_SURFACE ( 'NONE', #247, 0.8250000000000001776 ) ;
#1373 = CARTESIAN_POINT ( 'NONE',  ( 5.319756103771140943, 2.000000065590308740, -2.053891420406489310 ) ) ;
#1374 = VECTOR ( 'NONE', #764, 1000.000000000000000 ) ;
#1375 = ORIENTED_EDGE ( 'NONE', *, *, #669, .F. ) ;
#1376 = CARTESIAN_POINT ( 'NONE',  ( 3.775000000000000355, 0.000000000000000000, -5.599999999999999645 ) ) ;
#1377 = ORIENTED_EDGE ( 'NONE', *, *, #1268, .T. ) ;
#1378 = CARTESIAN_POINT ( 'NONE',  ( 3.699999999999998845, 2.000000000000000888, -2.799999999999999822 ) ) ;
#1379 = EDGE_CURVE ( 'NONE', #762, #182, #450, .T. ) ;
#1380 = CARTESIAN_POINT ( 'NONE',  ( 5.100000000000001421, 2.000000000000000000, -2.799999999999999822 ) ) ;
#1381 = FILL_AREA_STYLE_COLOUR ( '', #935 ) ;
#1382 = ORIENTED_EDGE ( 'NONE', *, *, #1026, .F. ) ;
#1383 = CARTESIAN_POINT ( 'NONE',  ( 5.698354554074018807, 1.999999934686610414, -3.897477819654957987 ) ) ;
#1384 = ORIENTED_EDGE ( 'NONE', *, *, #89, .T. ) ;
#1385 = LINE ( 'NONE', #415, #1067 ) ;
#1386 = CARTESIAN_POINT ( 'NONE',  ( 5.155560036940855184, 1.999999934409691260, -2.381701024497008490 ) ) ;
#1387 = ADVANCED_FACE ( 'NONE', ( #880 ), #249, .F. ) ;
#1388 = DIRECTION ( 'NONE',  ( -2.168404344971008868E-16, 1.000000000000000000, -0.000000000000000000 ) ) ;
ENDSEC;
END-ISO-10303-21;
